audit_id,level,original_vignette,patient_rewrite,answer_options,correct_letter,REVIEWER_clinical_fact_changed,REVIEWER_notes
AUD-001,b,"A 63-year-old man presents to the ambulatory medical clinic with symptoms of dysphagia and ‘heartburn’, which he states have become more troublesome over the past year. His past medical history is significant for hypertension and GERD. He takes lisinopril for hypertension and has failed multiple different therapies for his GERD. On physical exam, he is somewhat tender to palpation over his upper abdomen. Barium swallow demonstrates a subdiaphragmatic gastroesophageal junction, with herniation of the gastric fundus into the left hemithorax. Given the following options, what is the most appropriate next step in the management of this patient’s underlying condition?","I'm a 63-year-old man and I've been having trouble swallowing and this burning feeling in my chest, which I guess people call heartburn, and it's been getting worse over the past year. I have high blood pressure and I also have something called GERD. I take lisinopril for my blood pressure, and I've tried a bunch of different treatments for my GERD but nothing has really worked. When the doctor examined me, I felt some tenderness when they pressed on my upper belly. They did a barium swallow test and found that part of my stomach is pushing up into my chest area. I'm here to figure out what to do next about this problem.","{""A"": ""Lifestyle modification"", ""B"": ""Combined antacid therapy"", ""C"": ""Continue on Omeprazole"", ""D"": ""Surgical gastropexy""}",D,,
AUD-002,c,"A 62-year-old woman presents to the emergency department for vision changes. About 90 minutes ago she was on the couch watching television with her husband when she suddenly noticed that she couldn't see the screen normally. She also felt a little dizzy. She has never had anything like this happen before. Her general physical exam is unremarkable. Her neurologic exam is notable for loss of vision in the right visual field of both eyes with macular sparing, though extraocular movements are intact. A computed tomography (CT) scan of the head shows no acute intracranial process. Angiography of the brain will most likely show a lesion in which of the following vessels?","i went to the emergency room cause my vision started acting all weird. it was about 90 minutes ago when i was just sittin on the couch watchin tv with my husband and then all of a sudden i noticed i couldnt see the screen right, like it was all messed up. i felt a little dizzy too, which was really odd cause this has never happened to me before. they checked me out and said everything seemed normal, but when they did the brain check they said i lost vision on the right side in both my eyes but i could still move my eyes around just fine. they did a scan of my head and said there was nothing wrong in there. im 62 and a woman.","{""A"": ""Internal carotid artery"", ""B"": ""Anterior cerebral artery"", ""C"": ""Posterior cerebral artery"", ""D"": ""Basilar artery""}",C,,
AUD-003,c,"A 4-year-old previously healthy boy presents with 4 days of intermittent vomiting and 5-6 daily loose stools. His mother noted bloody stools and decreased oral intake of food and water over the last 24 hours. He is normally in daycare; however, he has been home for the past 3 days. On physical exam his temperature is 102.2°F (39°C), blood pressure is 140/90 mmHg, pulse is 120/min, respirations are 22/min and O2 saturation is 99% on room air. He has dry mucous membranes. On abdominal exam you note diffuse tenderness to palpation without rebound or guarding. There are no masses, hepatosplenomegaly, and bowel sounds are hyperactive. Ultrasound of the right lower quadrant is negative for appendicitis. Stool is guaiac positive. He receives 15mg/kg acetaminophen and fluids are started. The next day, he complains of lower extremity weakness and tingling. On repeat exam, lower extremity strength is 3/5 with diminished patellar deep tendon reflexes. Which of the following lab findings would most likely be seen in this patient?",my little boy whos 4 and usually really healthy has been throwin up on and off for 4 days now and hes been havin like 5 or 6 loose poops every day. his mom saw some blood in his poop and he hasnt been eatin or drinkin much at all in the last 24 hours. he usually goes to daycare but he hasnt been there for 3 days. when they checked him his temp was 102.2 and his blood pressure was 140 over 90 and his pulse was 120 and he was breathin 22 times a minute and his oxygen was 99 percent on just the regular room air. his mouth was super dry. when they pushed on his belly it hurt all over but it didnt get worse when they let go and he wasnt tensing up. they said there were no lumps or anything in his belly and his belly sounds were really loud. they did an ultrasound on his lower right side and said it was all clear for appendicitis. they tested his poop and said it was positive for blood. he got 15 mg of acetaminophen and they started givin him fluids. the next day he said his legs felt weak and tingly and when they checked him again his leg strength was 3 out of 5 and his knee reflexes were not as strong as they should be. im his mom.,"{""A"": ""Gram stain positive CSF"", ""B"": ""Peripheral eosinophilia"", ""C"": ""Xanthochromia on cerebrospinal fluid analysis"", ""D"": ""Increased cerebrospinal fluid protein with normal cell count""}",D,,
AUD-004,b,"Public health researchers are reviewing data from an outbreak of hepatitis A that was traced to contaminated produce from a popular restaurant. A case series investigation with prospective and retrospective follow-up found that 500 individuals dined at the restaurant during the week of study. The incidence of hepatitis A infection was found to be 25%, and the total number of deaths recorded among the incident cases was 5 individuals. What was the case-fatality rate for the hepatitis A outbreak?","Public health researchers are looking into an outbreak of hepatitis A that came from some bad produce at a popular restaurant. They found that 500 people ate there during the week they were studying it. Out of those, 25% got hepatitis A, and sadly, 5 of those people died. They are trying to figure out what the case-fatality rate is for this hepatitis A outbreak.","{""A"": ""4%"", ""B"": ""10%"", ""C"": ""20%"", ""D"": ""25%""}",A,,
AUD-005,b,"A 55-year-old man comes to the physician because of a 6-week history of tingling pain in the sole of his right foot when he raises it above chest level during exercises. He reports that he started exercising regularly 2 months ago and that his right calf cramps when he uses the incline feature on the treadmill, forcing him to take frequent breaks. The pain completely disappears after resting for a few minutes. He has an 8-year history of type 2 diabetes mellitus. He has smoked two packs of cigarettes daily for 34 years. His only medication is metformin. His pulse is 82/min, and blood pressure is 170/92 mm Hg. Straight leg raise test elicits pallor and tingling pain in the right foot. There is no pain in the back. His muscle strength is normal. Femoral pulses are palpable; right pedal pulses are absent. Which of the following is the most likely diagnosis?","I'm a 55-year-old man and I've been having this tingling pain in the bottom of my right foot for the past six weeks, but it only happens when I raise my foot above my chest during exercises. I started working out regularly about two months ago, and when I use the incline on the treadmill, my right calf cramps up, which makes me have to take breaks pretty often. The pain goes away completely after I rest for a few minutes. I have type 2 diabetes, and I've been dealing with that for eight years. I've also been smoking two packs of cigarettes every day for 34 years. The only medication I'm on is metformin. My pulse was 82, and my blood pressure was 170 over 92. When they did the straight leg raise test, it made my right foot go pale and hurt with that tingling pain. I didn't have any pain in my back, and my muscle strength was normal. They could feel my femoral pulses, but they couldn't find my right pedal pulses.","{""A"": ""Femoropopliteal artery stenosis"", ""B"": ""Acute thrombosis of right popliteal vein"", ""C"": ""Lumbar spinal stenosis"", ""D"": ""Aortoiliac artery stenosis\n\""""}",A,,
AUD-006,c,"During a Mycobacterium tuberculosis infection, Th1 cells secrete a factor capable of stimulating phagosome-lysosome fusion within macrophages. In addition, the secreted factors help activate macrophages to produce mediators such as NO, which are capable of destroying the invading pathogen. Furthermore, activation of the macrophages by the secreted factor eventually leads to the formation of a tubercle. Which of the following factors is secreted by Th1 cells and responsible for these actions?","i dont really know all the fancy names but when a person gets tuberculosis, there are these cells called Th1 that do something important. they let out some kinda stuff that helps other cells called macrophages do their job better, like they help them mix things up to kill the germs. they also make these macrophages create something like NO that can get rid of the bad stuff. and then all this leads to a lump forming, which they call a tubercle. im just trying to figure out what that Th1 stuff is that helps with all this.","{""A"": ""IL-4"", ""B"": ""TNF-alpha"", ""C"": ""IFN-gamma"", ""D"": ""Histamine""}",C,,
AUD-007,b,"A 22-year-old woman presents to the emergency department for abdominal pain. The patient has been trying to get pregnant and was successful recently, but now she is experiencing abdominal pain, contractions, and a bloody vaginal discharge. According to her last appointment with her primary care provider, she is 10 weeks pregnant. The patient has a past medical history of constipation, anxiety, and substance abuse. She is not currently taking any medications. Her temperature is 99.5°F (37.5°C), blood pressure is 107/58 mmHg, pulse is 90/min, respirations are 17/min, and oxygen saturation is 98% on room air. Physical exam is notable for a bloody vaginal discharge and an open cervix. The patient is initially extremely grateful for the care she is receiving and thanks the doctor and the nursing staff for saving her baby. Upon hearing the news that she is having a spontaneous abortion, the patient becomes angry and aggressive and states that her physician and the medical staff are incompetent, evil, and she is going to sue all of them. The patient is left to grieve but upon entering the room again you notice that the patient has new lacerations over her wrists and that some of the medical equipment in the room is broken. Which of the following is the most likely diagnosis?","I'm a 22-year-old woman and I came to the emergency department because I've been having abdominal pain. I've been trying to get pregnant and I was really happy when I found out I was pregnant, but now I'm having pain, contractions, and there's some bloody discharge. At my last appointment, they said I was 10 weeks along. I have a history of constipation, anxiety, and substance abuse, but I'm not taking any medications right now. My temperature was 99.5 degrees, my blood pressure was 107 over 58, my pulse was 90, I was breathing 17 times a minute, and my oxygen was 98 percent on room air. When they checked me, they found the bloody discharge and said my cervix was open. At first, I was really thankful for the care I was getting and I thanked the doctor and the nurses for saving my baby. But then when I found out I was having a miscarriage, I got really angry and started saying that the doctor and the staff were incompetent and evil, and I said I was going to sue them. I was left to grieve, but when they came back in, I noticed I had new cuts on my wrists and some of the equipment in the room was broken.","{""A"": ""Antisocial personality disorder"", ""B"": ""Borderline personality disorder"", ""C"": ""Normal grief response"", ""D"": ""Post-traumatic stress disorder""}",B,,
AUD-008,b,"A 15-year-old girl is brought to the physician because she has not had a menstrual period. There is no personal or family history of serious illness. She is 165 cm (5 ft 5 in) tall and weighs 57 kg (125 lb); BMI is 21 kg/m2. Vital signs are within normal limits. Examination of the breasts shows a secondary mound formed by the nipple and areola. Pubic hair is sparse and lightly pigmented. Abdominal examination shows bilateral firm, nontender inguinal masses. Pelvic examination shows a blind-ended vaginal pouch. Ultrasonography does not show a uterus or ovaries. Which of the following is the most appropriate treatment for this patient's condition?","I brought my 15-year-old daughter in because she hasn't had her period yet. There's no history of serious illness in our family. She's 165 cm tall and weighs 57 kg, which gives her a BMI of 21. Her vital signs were all normal. When the doctor checked her breasts, they noticed a secondary mound formed by the nipple and areola. She has some pubic hair, but it's sparse and light. During the abdominal exam, they found firm, nontender lumps in her groin area on both sides. The pelvic exam showed a pouch at the end of her vagina, but they did an ultrasound and didn't see a uterus or ovaries.","{""A"": ""Gonadectomy"", ""B"": ""Testosterone therapy"", ""C"": ""Vaginal dilatory therapy"", ""D"": ""Prednisolone therapy""}",A,,
AUD-009,c,A 24-year-old woman comes to the physician because she had unprotected intercourse with her boyfriend the previous day. She has had regular menses since menarche at the age of 12. Her last menstrual period was 3 weeks ago. She has no history of serious illness but is allergic to certain jewelry and metal alloys. She takes no medications. A urine pregnancy test is negative. She does not wish to become pregnant until she finishes college in six months. Which of the following is the most appropriate next step in management?,"i had unprotected sex with my boyfriend yesterday and im a 24 year old woman, so i came to see the doctor about it. i started my period when i was 12 and its been regular ever since, and my last one was like 3 weeks ago. i dont have any big health problems but i do have allergies to some jewelry and metal stuff. i dont take any meds or anything. they did a pee test for pregnancy and it was negative, and honestly i really dont want to get pregnant until after i finish college in six months.","{""A"": ""Insert copper-containing intra-uterine device"", ""B"": ""Administer mifepristone"", ""C"": ""Administer ulipristal acetate"", ""D"": ""Administer depot medroxyprogesterone acetate""}",C,,
AUD-010,b,A 28-year-old woman presents to her primary care physician for evaluation of amenorrhea. Her last period occurred 4 months ago but she has not had sex in the last year and home pregnancy tests have come back negative. She first started having periods at age 13 and her periods have been unremarkable up until they stopped 4 months ago. Her past medical history is significant for radius and ulnar forearm fractures that she sustained in a car crash 3 months ago. She didn't see the car coming and has had increasing difficulty noticing objects in her peripheral vision. She also notes having recurrent headaches 5 months ago. Otherwise she has been healthy with no previous pregnancies. Physical exam reveals galactorrhea and temporal field visual defects. Which of the following mechanisms is most likely responsible for this patient's amenorrhea?,"I'm a 28-year-old woman and I came to see my doctor because I haven't had my period in 4 months. The last time I had it was 4 months ago, but I haven't had sex in the last year, and I've taken home pregnancy tests that all came back negative. I started getting my periods when I was 13, and they were normal until they stopped 4 months ago. I also had some bad injuries to my arm from a car crash 3 months ago, and I didn't see the car coming. Since then, I've been having more trouble seeing things out of the corner of my eyes. Plus, I've been getting headaches that started about 5 months ago. Other than that, I've been healthy and I've never been pregnant before. When the doctor checked me, they noticed some milk coming from my breasts and said there were issues with my side vision.","{""A"": ""Inhibition of gonadotropin-releasing hormone release"", ""B"": ""Intrauterine scar tissue accumulation"", ""C"": ""Nondisjunction of chromosomes"", ""D"": ""Nutritional imbalance""}",A,,
AUD-011,b,A 34-year-old man comes to the physician because of frequent headaches and blurry vision during the past 4 months. He has also had difficulties achieving an erection over the past few weeks. Physical examination shows a temporal visual field deficit bilaterally. An MRI of the brain shows an intrasellar mass. The mass is most likely derived from which of the following types of cells?,"I've been having these frequent headaches and my vision has been blurry for the past four months. Lately, I've also been having trouble getting an erection for a few weeks now. When the doctor examined me, they found that I have a problem with my side vision in both eyes. They did an MRI of my brain and found a mass in a certain area. I'm a 34-year-old man, and I'm just trying to figure out what's going on.","{""A"": ""Thyrotrophs"", ""B"": ""Lactotrophs"", ""C"": ""Somatotrophs"", ""D"": ""Gonadotrophs""}",B,,
AUD-012,b,"A obstetrician is working in a developing country to help promote maternal health and fetal well being. While there, he delivers a baby who he suspects has congenital hypothyroidism, most likely caused by inadequate maternal iodine intake. Which of the following signs and symptoms would NOT be expected to be observed in this child?","I'm an obstetrician working in a developing country to help with maternal health and making sure babies are healthy. I just delivered a baby, and I think this baby might have a condition called congenital hypothyroidism, which I believe is probably due to the mother not getting enough iodine during her pregnancy. I'm trying to figure out what signs and symptoms I shouldn't expect to see in this baby.","{""A"": ""Hypotonia"", ""B"": ""Diarrhea"", ""C"": ""Umbilical hernia"", ""D"": ""Macroglossia""}",B,,
AUD-013,c,"A obstetrician is working in a developing country to help promote maternal health and fetal well being. While there, he delivers a baby who he suspects has congenital hypothyroidism, most likely caused by inadequate maternal iodine intake. Which of the following signs and symptoms would NOT be expected to be observed in this child?","im an obstetrician and im over here in a developing country trying to help moms and their babies be healthy. i just helped deliver a baby and i think this baby might have something called congenital hypothyroidism, which i guess is from the mom not getting enough iodine while she was pregnant. now im trying to think about what signs or symptoms i shouldnt be lookin for in this baby.","{""A"": ""Hypotonia"", ""B"": ""Diarrhea"", ""C"": ""Umbilical hernia"", ""D"": ""Macroglossia""}",B,,
AUD-014,c,"An investigator is studying the cell morphologies of the respiratory tract. He obtains a biopsy from the mainstem bronchus of a patient. On microscopic examination, the biopsy sample shows uniform squamous cells in layers. Which of the following best describes the histologic finding seen in this patient?",theres this guy whos studying the cells in the tubes we breathe through and he took a little piece from the main bronchus of a patient. when they looked at it with the microscope they saw these flat cells that were all kinda the same and stacked on top of each other. i dont really know what that means but thats what they said they found.,"{""A"": ""Metaplasia"", ""B"": ""Normal epithelium"", ""C"": ""Dysplasia"", ""D"": ""Anaplasia\n\""""}",A,,
AUD-015,b,"A 55-year-old woman presents with severe pruritus and fatigue. She denies any similar symptoms in the past. No significant past medical history. Upon physical examination, scleral icterus is present, and significant hepatosplenomegaly is noted. Mild peripheral edema is also present. Laboratory findings are significant for elevated serum levels of bilirubin, aminotransferases, alkaline phosphatase (ALP), γ-glutamyl transpeptidase (GGTP), immunoglobulins, as well as cholesterol (especially HDL fraction). Antiviral antibodies are not present. The erythrocyte sedimentation rate is also elevated. Anti-mitochondrial antibodies are found. A liver biopsy is performed, and the histopathologic examination shows bile duct injury, cholestasis, and granuloma formation. Which of the following is the most likely diagnosis in this patient?","I'm a 55-year-old woman and I've been dealing with really bad itching and feeling super tired. I've never had anything like this before. I don't have any major health issues in my past. When the doctor checked me, they noticed that the whites of my eyes were yellow, and my belly was swollen with my liver and spleen being bigger than normal. I also had some swelling in my legs. They did a bunch of blood tests and found that my bilirubin and liver enzymes were high, along with my cholesterol, especially the good kind. They said I didn't have any antiviral antibodies, and my inflammation level was up too. They found some specific antibodies related to my liver. They did a liver biopsy, and the results showed some damage to my bile ducts, a buildup of bile, and some lumps. I'm just trying to understand what all this means.","{""A"": ""Primary biliary cirrhosis"", ""B"": ""Hemolytic anemia"", ""C"": ""Hepatitis A"", ""D"": ""Gilbert syndrome""}",A,,
AUD-016,c,"A 4-year-old boy is brought to his primary care physician for a physical prior to beginning a preschool program. He is found to be delayed in reaching normal childhood cognitive and social milestones, which is consistent with observations at previous check-ups. Physically, he is also found to be significantly overweight with hypogonadism. Notably, the boy was limp when he was born and did not have a normal motor response to stimuli. Elevated levels of a gastrointestinal hormone are associated with the cause of this patient's weight gain. The hormone that is most responsible for causing the weight gain is produced in which of the following cell types?","my little boy is 4 and i took him to the doctor for a check-up since he’s gonna start preschool soon. they said he’s kinda slow with his thinking and making friends, and they noticed that before too. he’s also really heavy for his age and has some hormone problems. when he was born he was all limp and didn’t really move like other babies do. they told me there’s this hormone in his tummy that has to do with why he’s getting so big, but i dont really get it.","{""A"": ""D cells"", ""B"": ""G cells"", ""C"": ""P/D1 cells"", ""D"": ""L cells""}",C,,
AUD-017,b,"A 52-year-old man comes to the physician because of generalized pruritus and raised, erythematous plaques on the skin over his hands, chest, and legs for 6 hours. He reports having clear liquid discharge from his nose and sneezing. He says that his symptoms began suddenly the previous night, 30 minutes after he had dinner at a seafood restaurant. He has had similar symptoms occasionally in the past as well. Four months ago, he had an episode of narrow-angle glaucoma. He takes no medications. His vital signs are within normal limits. Nasal exam shows clear, serous secretions, with edematous and erythematous mucosa and turbinates. Paranasal sinuses are not tender to palpation. Which of the following is the most appropriate pharmacotherapy?","I'm a 52-year-old man and I came to see the doctor because I've been really itchy all over and I have these raised red patches on my skin, especially on my hands, chest, and legs, and it's been going on for about 6 hours. I also have clear liquid coming out of my nose and I've been sneezing a lot. This all started suddenly last night, about 30 minutes after I had dinner at a seafood restaurant. I've had similar problems like this before, but not too often. Four months ago, I had an issue with narrow-angle glaucoma, but I don't take any medications. My vital signs were all normal. When they looked at my nose, they saw clear fluid and said the inside was swollen and red, but my sinuses didn't hurt when they pressed on them.","{""A"": ""Diphenhydramine"", ""B"": ""Fexofenadine"", ""C"": ""Vitamin K"", ""D"": ""Calamine lotion""}",B,,
AUD-018,b,"A 1-year-old boy is brought to the clinic by his parents for a regular check-up. His weight, height, and head size were found to be in the lower percentile ranges on standard growth curves. His hair is tangled and has a dry, brittle texture. Genetic testing reveals that the patient has a connective tissue disorder caused by impaired copper absorption and transport. The patient’s disorder is caused by a mutation in which of the following genes?","My 1-year-old son came in for a regular check-up with both of us, his parents. They said his weight, height, and head size are all in the lower percentiles on the growth charts. His hair is really tangled and feels dry and brittle. They did some genetic testing and found out he has a connective tissue disorder because his body has trouble absorbing and transporting copper. They mentioned something about a mutation in a gene, but I don't know which one it is.","{""A"": ""ATP7A"", ""B"": ""COL5A1"", ""C"": ""FBN1"", ""D"": ""ATP7B""}",A,,
AUD-019,b,"A 7-year-old boy is brought to his pediatrician’s office for a follow-up visit. He was diagnosed with asthma when he was 3 years old and has since been on treatment for the condition. He is currently on a β-agonist inhaler because of exacerbation of his symptoms. He has observed that his symptoms are more prominent in springtime, especially when the new flowers are blooming. His mother has a backyard garden and whenever he goes out to play there, he experiences chest tightness with associated shortness of breath. He has been advised to take more precaution during this seasonal change and to stay away from pollen. He is also being considered for an experimental therapy, which attenuates the activity of certain mediators which cause his asthmatic attack. The targeted mediator favors the class switching of antibodies. A reduction in this mechanism will eventually reduce the exaggerated response observed during his asthmatic attacks, even when exposed to an allergen. Which of the following mediators is described in this experimental study?","I brought my 7-year-old son to his pediatrician for a follow-up visit. He was diagnosed with asthma when he was 3, and he's been getting treatment for it since then. Right now, he's using a special inhaler because his symptoms have gotten worse. He noticed that his symptoms get really bad in the spring, especially when the flowers start blooming. Whenever he goes out to play in the backyard, he feels tightness in his chest and has trouble breathing. The doctor told us to be extra careful during this time of year and to avoid pollen. They are also looking into a new treatment that might help with his asthma by reducing the activity of certain things in his body that cause his attacks. This treatment is supposed to help lower the response he has when he comes into contact with things that trigger his asthma. I'm his mom.","{""A"": ""IL-2"", ""B"": ""IL-10"", ""C"": ""IL-13"", ""D"": ""IL-4""}",D,,
AUD-020,b,"A 15-year-old woman presents with fever, altered mental status and a petechial rash on her lower extremities and back since yesterday evening. She also says she has been nauseous for the past 3 hours and has vomited twice. The patient mentions she has had heavy menstrual bleeding for the past few days. Her blood pressure is 95/80 mm Hg and her temperature is 40.0°C (104.0°F). On physical examination, the patient appears diaphoretic. A pelvic examination reveals a tampon in her vagina. Binding and activation of which of the following T cell receptors is responsible for this patient’s most likely condition?","I'm a 15-year-old girl and I started feeling really sick last night. I had a fever and my mind felt kinda off, plus I noticed this rash with little red spots on my legs and back. For the last three hours, I've been feeling nauseous and I've thrown up twice. I've also been bleeding a lot during my period for the past few days. My blood pressure was 95 over 80 and my temperature was 40.0 degrees Celsius, which is 104.0 degrees Fahrenheit. When the doctor checked me, I was sweating a lot. They found a tampon in my vagina during the pelvic exam.","{""A"": ""B7 receptor"", ""B"": ""Variable β-sequence of the T cell receptor"", ""C"": ""CD3"", ""D"": ""IgCAM""}",B,,
AUD-021,b,"A novel type of PET radiotracer is being developed to evaluate patients with Parkinson’s disease. A clinical research study has enrolled 1,200 patients, half of whom have the disease. The scan is found to be positive in 590 of the 600 patients with known PD, and positive in 20 of the 600 patients without PD. What is the test’s overall specificity?","They are working on a new type of PET scan to help check for Parkinson's disease. In a study, they have 1,200 patients, and half of them have Parkinson's. Out of the 600 patients who already have Parkinson's, the scan came back positive for 590 of them. For the other 600 patients who do not have Parkinson's, the scan was positive for 20 of them. I'm not sure what the overall specificity of the test is, but that's what they are trying to find out.","{""A"": ""580 / (20 + 590)"", ""B"": ""580 / (10 + 580)"", ""C"": ""590 / (590 + 10)"", ""D"": ""580 / (580 + 20)""}",D,,
AUD-022,b,"A 39-year-old man presents to the emergency department complaining of a sharp pain that radiates along his right hemithorax, which worsens with deep inspiration. He says this started abruptly about 6 hours ago. He says that he has not noticed that anything that makes his pain better or worse. He also denies any other symptoms. He works as a long-haul truck driver, and he informs you that he recently returned to the east coast from a trip to Utah. His medical history is significant for gout, hypertension, hypercholesterolemia, diabetes mellitus type 2, and acute lymphoblastic leukemia from when he was a child. He currently smokes 2 packs of cigarettes/day, drinks a 6-pack of beer/day, and he denies any illicit drug use. The vital signs include: temperature 36.7°C (98.0°F), blood pressure 126/74 mm Hg, heart rate 98/min, and respiratory rate 23/min. His physical examination shows minimal bibasilar rales, but otherwise clear lungs on auscultation, normal heart sounds, and a benign abdominal physical examination. Which of the following is the most reasonable 1st step towards ruling out the diagnosis of pulmonary embolism in a low-risk patient?","I'm a 39-year-old man and I came to the emergency department because I've been having this sharp pain on the right side of my chest that feels worse when I take a deep breath. It started really suddenly about 6 hours ago, and I haven't noticed anything that makes it better or worse. I don't have any other symptoms. I drive a truck for a living, and I just got back to the east coast from a trip to Utah. My medical history includes gout, high blood pressure, high cholesterol, type 2 diabetes, and I had leukemia when I was a kid. I smoke about 2 packs of cigarettes a day and drink a 6-pack of beer daily, but I don't use any illegal drugs. When they checked my vital signs, my temperature was 36.7, my blood pressure was 126 over 74, my heart rate was 98, and my breathing rate was 23. They said my lungs sounded mostly clear except for some crackling at the bottom, and my heart sounded normal, and my belly felt fine too.","{""A"": ""ECG"", ""B"": ""V/Q scan"", ""C"": ""D-dimer"", ""D"": ""CT pulmonary angiogram with IV contrast""}",C,,
AUD-023,b,"A 15-year-old female presents to her pediatrician’s office for severe menstrual cramping. The patient underwent menarche at age 11, and her periods were irregular every 2-3 months for two years. After that, her cycles became roughly regular every 28-35 days, but she has had extremely painful cramps and often has to miss school. The cramps are intermittent and feel like a dull ache in the center of her abdomen, and there is usually accompanying back pain. The patient has been using heating pads with limited relief. She reports some periods being “really heavy” and requires a superabsorbent pad every 6 hours for 2 days each cycle, but this does not limit her activities. She denies any bowel or bladder changes. The patient had normal development throughout childhood, is on the soccer team at school, and is not sexually active. Her father has hypertension and her mother has endometriosis and heavy periods. On exam, the patient is 5 feet 5 inches and weighs 158 pounds (BMI 26.3 kg/m^2). She is well appearing and has no abdominal tenderness. She has Tanner IV breasts and Tanner IV pubic hair, and external genitalia are normal. Which of the following is the best next step for this patient’s menstrual cramps?","I'm a 15-year-old girl and I came to see my doctor because I've been having really bad cramps during my periods. I started my periods when I was 11, and for the first two years, they were all over the place, coming every 2 to 3 months. But then they got more regular, showing up about every 28 to 35 days. The cramps are really painful, and sometimes I have to miss school because of them. They feel like a dull ache in the middle of my belly, and I usually have back pain too. I've been using heating pads, but they don't help much. Some of my periods are really heavy, and I need to use a superabsorbent pad every 6 hours for 2 days, but that doesn't stop me from doing what I need to do. I haven't noticed any changes with my bowel or bladder. I grew up normally, I'm on the soccer team at school, and I'm not sexually active. My dad has high blood pressure, and my mom has endometriosis and heavy periods. When they checked me, I was 5 feet 5 inches tall and weighed 158 pounds, which gives me a BMI of 26.3. I looked fine, and they said my belly was okay when they felt it. They also said my breasts and pubic hair were at Tanner stage IV, and everything down there looked normal.","{""A"": ""Pelvic ultrasound"", ""B"": ""MRI of the pelvis"", ""C"": ""NSAIDs"", ""D"": ""Increased exercise""}",C,,
AUD-024,b,"A 59-year-old man is brought to the emergency department with a history of black, tarry stools but denies vomiting of blood or abdominal pain. His family has noticed progressive confusion. History is significant for liver cirrhosis and alcoholism. His heart rate is 112/min, temperature is 37.1°C (98.7°F), and blood pressure is 110/70 mm Hg. On examination, he is jaundiced, lethargic, is oriented to person and place but not date, and has moderate ascites. Neurological examination reveals asterixis, and his stool is guaiac-positive. Liver function test are shown below:
Total albumin 2 g/dL
Prothrombin time 9 seconds
Total bilirubin 5 mg/dL
Alanine aminotransferase (ALT) 100 U/L
Aspartate aminotransferase (AST) 220 U/L
Which of the following is a feature of this patient condition?","I brought my 59-year-old father to the emergency department because he has been having black, tarry stools, but he says he hasn't vomited any blood or felt any stomach pain. My family has noticed that he's been getting more and more confused. He has a history of liver cirrhosis and alcoholism. His heart rate was 112 beats per minute, his temperature was 37.1 degrees Celsius, and his blood pressure was 110 over 70. When they examined him, they said he looked jaundiced and lethargic, and he was able to tell them who he was and where he was, but not what the date was. He also has some swelling in his belly. They did a neurological exam and found something called asterixis, and they said his stool tested positive for blood. They ran some liver function tests, and the results showed his total albumin was 2, his prothrombin time was 9 seconds, his total bilirubin was 5, his ALT was 100, and his AST was 220.","{""A"": ""Ammonia level is the best initial test to confirm the diagnosis"", ""B"": ""It is a diagnosis of exclusion"", ""C"": ""It only occurs in patients with cirrhosis"", ""D"": ""Electroencephalography (EEG) usually shows focal localising abnormality""}",B,,
AUD-025,b,"A 68-year-old man presents with difficulty breathing for the last 3 hours. Upon asking about other symptoms, he mentions that he had a cough for the last 4 months which he attributes to his smoking. He says he had frequent nasal stuffiness and headaches over the last 3 months, for which he takes over-the-counter cold medications and analgesics. Over the last 2 months, he often felt that his face was mildly swollen, especially in the morning hours, but he did not consider it to be anything serious. No significant past medical history. He reports a 20-pack-year smoking history. His temperature is 36.8°C (98.4°F), pulse is 96/min, blood pressure is 108/78 mm Hg, and the respiratory rate is 24/min. On physical examination, auscultation of the chest reveals rhonchi and crepitus over the right lung. The remainder of the exam is unremarkable. A chest radiograph reveals a mass in the middle lobe of the right lung. Which of the following clinical signs would most likely be present in this patient?","I've been having trouble breathing for the last three hours. When I talked to the doctor, I mentioned that I've had a cough for the last four months, and I think it's because I smoke. For the past three months, I've also had a stuffy nose and headaches, and I've been taking some over-the-counter cold medicine and pain relievers for that. Over the last two months, I've noticed that my face feels a little swollen, especially in the mornings, but I didn't think it was anything serious. I don't have any major health issues in the past. I smoke about a pack a day for 20 years. My temperature was 36.8, my pulse was 96, my blood pressure was 108 over 78, and I was breathing 24 times a minute. When they listened to my chest, they heard some wheezing and crackling in my right lung. Everything else seemed normal. They did an X-ray of my chest and found a mass in the middle part of my right lung. I'm a 68-year-old man.","{""A"": ""Bilateral pedal edema"", ""B"": ""Distended veins over lower abdomen"", ""C"": ""Papilledema"", ""D"": ""Sensory loss over the ulnar aspect of right forearm and right hand""}",C,,
AUD-026,c,"A mother brings her 18-year-old daughter to your office because she has not menstruated yet. They recently immigrated from another country, and do not have any previous medical records. The adolescent girl looks relatively short, but otherwise looks healthy. She has no complaints except for mild intermittent lower abdominal pain for the past year. On physical examination, vitals are within normal limits. There is the presence of axillary hair, breast development, and pubic hair at Tanner stage 5. You explain to the mother and the patient that you need to perform a complete vaginal examination, however, both of them declined the procedure and would prefer that lab test be performed. Her labs are significant for the following:
FSH 7 mIU/mL
Normal values:  
   Follicular phase 3.1 – 7.9 mIU/mL
   Ovulation peak 2.3 – 18.5 mIU/mL
   Luteal phase 1.4 – 5.5 mIU/mL
   Postmenopausal 30.6 – 106.3 mIU/mL
Estradiol 28 pg/mL
Normal values:  
   Mid-follicular phase 27 – 123 pg/mL
   Periovulatory 96 – 436 pg/mL
   Mid-luteal phase 49 – 294 pg/mL
   Postmenopausal 0 – 40 pg/mL
Testosterone 52 ng/dL, 40 – 60 ng/dL
What is the most likely diagnosis of this patient?","my daughter is 18 and we came to see the doctor because she hasnt gotten her period yet. we just moved here from another country and we dont have any of her old medical records. she looks kinda short but other than that she seems healthy. the only thing she says is that her lower belly hurts a little bit sometimes, and its been like that for about a year now. when they checked her, they said her vitals were all normal. they saw she has hair under her arms and her breasts are developed and she has pubic hair too, and they said its at Tanner stage 5. they wanted to do a complete vaginal exam but we both said no and asked for lab tests instead. they said her FSH was 7, which is normal for the follicular phase, and her estradiol was 28, which is normal for the mid-follicular phase, and her testosterone was 52, which is also normal. im her mom.","{""A"": ""Muellerian agenesis"", ""B"": ""Hyperprolactinemia"", ""C"": ""Turner syndrome"", ""D"": ""Androgen insensitivity""}",A,,
AUD-027,c,"An 11-month-old boy is brought to the emergency department by his mother after she observed jerking movements of his arms and legs for about 30 seconds earlier that morning. He has not had fever, cough, or a runny nose. He has been healthy, except for occasional eczema. He was delivered at home in Romania. His mother had no prenatal care. She reports that he has required more time to reach developmental milestones compared to his older brother. The patient's immunization records are not available. He takes no medications. He appears pale with blue eyes and has a musty odor. He has poor eye contact. Which of the following would have most likely prevented the patient's symptoms?","i took my 11 month old boy to the emergency room cause this morning i saw him doin these weird jerkin movements with his arms and legs for like 30 seconds and it really freaked me out. he hasnt had any fever or cough or runny nose or anything like that. other than that he seems healthy but he does have some eczema sometimes. he was born at home in romania and i didnt have any prenatal care at all. i feel like he takes longer to do things than my older son did, like reachin his milestones. i dont have his shot records with me and he aint on any meds. he looks kinda pale and has blue eyes and there was this musty smell around him, and he dont really make eye contact.","{""A"": ""Levothyroxine therapy during pregnancy"", ""B"": ""Dietary restriction of phenylalanine"", ""C"": ""Daily allopurinol intake"", ""D"": ""Avoidance of fasting states""}",B,,
AUD-028,b,"Patients with the diagnosis of sickle cell anemia make a specific type of hemoglobin known as HgbS. This mutation results in the sickling of their red blood cells when exposed to inciting factors such as hypoxic conditions. Patients are often treated with hydroxyurea, which has which of the following direct effects on their hemoglobin physiology?","People with sickle cell anemia have a special kind of hemoglobin called HgbS. Because of this change, their red blood cells can become sickle-shaped when they are in situations where there isn't enough oxygen. They often get treated with a medicine called hydroxyurea, and I'm curious about what direct effects it has on their hemoglobin.","{""A"": ""Decreases oxygen carrying capacity of hemoglobin"", ""B"": ""Increases levels of fetal hemoglobin (HgbF)"", ""C"": ""Decreases levels of HgbS"", ""D"": ""Decreases levels of fetal hemoglobin (HgbF)""}",B,,
AUD-029,b,"A 54-year-old woman presents with sudden onset, mild vaginal bleeding for the past day. She says she is postmenopausal, and her last menstrual period was 5 years ago. A detailed workup is performed, and several premalignant lesions are found in her uterus. The patient agrees to a hysterectomy. The surgical team decides to use an anesthesia protocol consisting of nitrous oxide, desflurane, and atracurium. Which of the following best describes the role of atracurium in this patient’s anesthesia?","I'm a 54-year-old woman and I started having some mild vaginal bleeding suddenly just yesterday. I haven't had a period in about five years because I'm postmenopausal. They did a thorough check-up and found some abnormal growths in my uterus that could be serious. I agreed to have a hysterectomy. The doctors said they would use a mix of nitrous oxide, desflurane, and atracurium for the anesthesia.","{""A"": ""It reduces neuron and muscle tissue excitability"", ""B"": ""It increases GABA linked chloride channel opening"", ""C"": ""It acts on the pain centers in the spinal cord and brain"", ""D"": ""It competes with acetylcholine for binding sites in the neuromuscular junction""}",D,,
AUD-030,b,"An 11-month-old boy is brought to the emergency department by his mother after she observed jerking movements of his arms and legs for about 30 seconds earlier that morning. He has not had fever, cough, or a runny nose. He has been healthy, except for occasional eczema. He was delivered at home in Romania. His mother had no prenatal care. She reports that he has required more time to reach developmental milestones compared to his older brother. The patient's immunization records are not available. He takes no medications. He appears pale with blue eyes and has a musty odor. He has poor eye contact. Which of the following would have most likely prevented the patient's symptoms?","I brought my 11-month-old son to the emergency department because this morning I saw him having these jerking movements in his arms and legs that lasted about 30 seconds. He hasn't had a fever, cough, or runny nose at all. Other than that, he's been healthy, but he does have some eczema sometimes. He was born at home in Romania, and I didn't have any prenatal care. I've noticed that he takes longer to reach his developmental milestones compared to his older brother. I don't have his immunization records with me, and he doesn't take any medications. When I looked at him, he seemed pale, has blue eyes, and there was a musty smell. He also doesn't make good eye contact.","{""A"": ""Levothyroxine therapy during pregnancy"", ""B"": ""Dietary restriction of phenylalanine"", ""C"": ""Daily allopurinol intake"", ""D"": ""Avoidance of fasting states""}",B,,
AUD-031,b,The ribosome is an essential organelle that plays an important role in the synthesis of new proteins. The location of the ribosome within the cell can vary and provides a clue to the function of the particular cell. What ribosome location is essential for protein-secreting cells?,"The ribosome is really important for making new proteins in our bodies. Where the ribosome is found in the cell can change, and that helps us understand what that cell does. I'm curious about which ribosome location is important for cells that secrete proteins.","{""A"": ""Rough endoplasmic reticulum"", ""B"": ""Smooth endoplasmic reticulum"", ""C"": ""Cytosol"", ""D"": ""Nucleus""}",A,,
AUD-032,b,"A 46-year-old woman presents with a 5-month history of worsening dry cough, occasional shortness of breath, and fatigue. She says she is now having trouble walking a full block. For the past week, she also has noticed bilateral swelling of the lower legs. She denies chest pain, fever, chills, syncope, or bloody sputum. Current vitals include: temperature 37.0°C (98.6°F), pulse 63/min, blood pressure 128/91 mm Hg and respiratory rate 15/min. On physical examination, there is elevated jugular venous pressure, decreased breath sounds bilaterally at the lung bases, and 1+ non-pitting edema bilaterally in the lower extremities. A chest X-ray demonstrates a slightly enlarged cardiac silhouette. Which of the following is the most appropriate next step in the diagnosis of this patient?","I've been dealing with a dry cough that's been getting worse for the last five months, and sometimes I have trouble breathing and feel really tired. Now, I can't even walk a full block without feeling like I need to stop. For the past week, I've also noticed that both of my lower legs are swollen. I don't have any chest pain, fever, chills, or blood in my sputum. My temperature was 37.0 degrees, my pulse was 63, my blood pressure was 128 over 91, and my breathing rate was 15. When the doctor examined me, they found that my neck veins were raised, my breath sounds were lower at the bottom of my lungs, and there was some swelling in both of my legs that didn't leave a mark when they pressed on it. They did a chest X-ray and said my heart looked a little bigger than normal.","{""A"": ""Bronchoalveolar wash"", ""B"": ""Pulmonary function studies"", ""C"": ""Echocardiography"", ""D"": ""Chest CT""}",C,,
AUD-033,c,"A 46-year-old woman comes to the physician because of severe muscle and joint pain for 5 months. The pain varies in location and intensity. She also has joint stiffness in the morning and reports fatigue throughout the day that she attributes to not sleeping well. She reports a tingling sensation in her lower limbs. Her bowel habits are unchanged but she often feels bloated. She has primary hypertension and occasional migraine headaches. She does not smoke or consume alcohol. Her medications include propranolol and sumatriptan. She appears healthy. Examination shows symmetric muscular tenderness at the base of the neck, over the shoulders, and in the lumbosacral area. Strength and deep tendon reflexes are normal. Laboratory studies show:
Hemoglobin 14.3 g/dL
Leukocyte count 9300/mm3
Platelet count 230,000/mm3
Mean corpuscular volume 85 μm3
Erythrocyte sedimentation rate 12 mm/h
Serum
Glucose 92 mg/dL
Creatinine 0.6 mg/dL
TSH 3.1 μU/mL
Urinalysis is within normal limits. Which of the following is the most appropriate therapy for this patient?""","for the past 5 months now, ive been havin this really awful pain in my muscles and joints that just kinda moves around and changes how bad it hurts. in the mornings my joints feel stiff and i get super tired all day long, but i think its cause i dont sleep well. also, my legs have this tingling feeling that i dont really like. my bathroom stuff is the same as always but i feel bloated a lot. i have high blood pressure and sometimes get these headaches that they call migraines. i dont smoke or drink any alcohol. im on propranolol and sumatriptan for my issues. they said i look healthy, but when they checked me out, they found that my muscles were tender at the base of my neck, on my shoulders, and in my lower back. my strength and reflexes were normal tho. they did a bunch of blood tests and told me my hemoglobin was 14.3, my white blood cells were 9300, my platelets were 230,000, my mean corpuscular volume was 85, my erythrocyte sedimentation rate was 12, my glucose was 92, my creatinine was 0.6, and my TSH was 3.1. they also said my urine test was normal. im a 46 year old woman.","{""A"": ""Temazepam"", ""B"": ""Vitamin B12"", ""C"": ""Amitriptyline"", ""D"": ""Methotrexate\n\""""}",C,,
AUD-034,c,A 62-year-old woman with a history of hypertension and type 2 diabetes mellitus comes to the physician for a routine health maintenance examination. She has smoked 1 pack of cigarettes daily for the last 15 years. Current medications include glyburide and amlodipine. The physician prescribes a medication that decreases the production of mevalonate. Which of the following changes to the serum is most likely to develop as an adverse effect of the prescribed drug?,"im 62 and a woman and i got high blood pressure and diabetes, and i came in for my regular check-up. i smoke a pack of cigs every day for like 15 years now. im on glyburide and amlodipine for my meds. the doctor gave me this new pill that lowers somethin called mevalonate, and im just wonderin what might happen to my blood because of it.","{""A"": ""Increased creatine kinase concentration"", ""B"": ""Decreased glucose concentration"", ""C"": ""Increased triglyceride concentration"", ""D"": ""Increased bradykinin concentration""}",A,,
AUD-035,b,"A 16-year-old boy is brought to the emergency department by ambulance from a soccer game. During the game, he was about to kick the ball when another player collided with his leg from the front. He was unable to stand up after this collision and reported severe knee pain. On presentation, he was found to have a mild knee effusion. Physical exam showed that his knee could be pushed posteriorly at 90 degrees of flexion but it could not be pulled anteriorly in the same position. The anatomic structure that was most likely injured in this patient has which of the following characteristics?","I brought my 16-year-old son to the emergency department by ambulance after he got hurt during a soccer game. He was about to kick the ball when another player ran into his leg from the front, and after that, he couldn't stand up because of the severe pain in his knee. When we got to the hospital, they found he had a little bit of swelling in his knee. The doctors checked him out and said that when his knee was bent at 90 degrees, they could push it back but couldn't pull it forward in that same position.","{""A"": ""Runs anteriorly from the medial femoral condyle"", ""B"": ""Runs medially from the lateral femoral condyle"", ""C"": ""Runs posteriorly from the lateral femoral condyle"", ""D"": ""Runs posteriorly from the medial femoral condyle""}",D,,
AUD-036,b,"A 42-year-old man comes to the physician after elevated liver function tests were found after a routine screening. He has had occasional headaches over the past year, but otherwise feels well. The patient reports that he was involved in a severe car accident 30 years ago. He does not smoke or drink alcohol. He has never used illicit intravenous drugs. He takes no medications and has no known allergies. His father had a history of alcoholism and died of liver cancer. The patient appears thin. His temperature is 37.8°C (100°F), pulse is 100/min, and blood pressure is 110/70 mm Hg. Physical examination shows no abnormalities. Laboratory studies show:
Hemoglobin 14 g/dL
Leukocyte count 10,000/mm3
Platelet count 146,000/mm3
Serum
Glucose 150 mg/dL
Albumin 3.2 g/dL
Total bilirubin 1.5 mg/dL
Alkaline phosphatase 75 U/L
AST 95 U/L
ALT 73 U/L
HIV negative
Hepatitis B surface antigen negative
Hepatitis C antibody positive
HCV RNA positive
HCV genotype 1
A liver biopsy is performed and shows mononuclear infiltrates that are limited to portal tracts and periportal hepatocyte necrosis. Which of the following is the most appropriate next step in management?""","I went to see the doctor because they found some high liver tests during a routine check-up. I'm a 42-year-old man and I've had these headaches every now and then for the past year, but other than that, I feel fine. I was in a really bad car accident 30 years ago, but I don't smoke or drink alcohol, and I've never used any illegal drugs. I don't take any medications and I don't have any allergies that I know of. My dad had problems with drinking and he passed away from liver cancer. I look pretty thin. My temperature was 37.8, my pulse was 100, and my blood pressure was 110 over 70. When they examined me, everything seemed normal. They did a bunch of blood tests and my hemoglobin was 14, my white blood cell count was 10,000, and my platelet count was 146,000. They also checked my blood sugar and it was 150, my albumin was 3.2, my total bilirubin was 1.5, my alkaline phosphatase was 75, my AST was 95, and my ALT was 73. They said I was negative for HIV and Hepatitis B, but I tested positive for Hepatitis C antibodies and my HCV RNA was positive. They also said my HCV genotype is 1. They did a liver biopsy and it showed some inflammation and damage in certain areas. Now I'm just waiting to see what they want to do next.","{""A"": ""Sofosbuvir and ledipasvir therapy"", ""B"": ""Tenofovir and velpatasvir therapy"", ""C"": ""Interferon and ribavirin therapy"", ""D"": ""Tenofovir and entecavir therapy""}",A,,
AUD-037,b,"A 81-year-old man is brought to the emergency department after he fell asleep at the dinner table and was not able to be roused by his family. His past medical history is significant for Alzheimer disease though he is still relatively functional at baseline. He has also been taking warfarin over the last 3 months after he suffered a deep venous thrombosis. After he was transported to the ED, his family found that the pills his grandson takes for seizures were missing. On presentation, he is found to be somnolent and physical exam reveals ataxia and nystagmus. After determining the cause of this patient's symptoms, his physicians begin monitoring his international normalized ratio, because they are concerned that it will start trending down. Which of the following treatments would most improve the urinary excretion of the substance likely responsible for these symptoms?","My 81-year-old father was brought to the emergency department after he fell asleep at the dinner table and couldn't be woken up by us. He has a history of Alzheimer’s disease, but he was still doing pretty well before this happened. For the last three months, he’s been taking warfarin because he had a blood clot in his leg. When he got to the emergency department, we noticed that the pills his grandson takes for seizures were missing. When the doctors checked him, he was really sleepy, and they found he had trouble with his balance and his eyes were moving back and forth. They started watching his blood test results because they were worried that his international normalized ratio would start going down. I’m his son.","{""A"": ""Ammonium chloride"", ""B"": ""Mannitol"", ""C"": ""Sodium bicarbonate"", ""D"": ""Thiazide diuretics""}",C,,
AUD-038,c,"Two weeks after starting chemotherapy with etoposide, a 66-year-old man with small cell lung cancer comes to the physician because of persistent nausea and vomiting. His symptoms improve significantly after the administration of metoclopramide. This patient's symptoms were most likely due to the effect of chemotherapy on which of the following structures?","for the last 2 weeks ive been feeling really sick to my stomach and throwing up after starting this chemo stuff called etoposide for my lung cancer, which is small cell or something like that. i came in to see the doctor cause it just wont stop, and they gave me this medicine called metoclopramide that helped a whole lot. im 66 years old and just trying to understand why this is happening.","{""A"": ""Vestibular nerve"", ""B"": ""Intestinal smooth muscle"", ""C"": ""Vagus nerve"", ""D"": ""Area postrema""}",D,,
AUD-039,b,"A 4-year-old girl is brought to the emergency department with a persistent cough, fever, and vomiting. The past year the child has been admitted to the hospital 3 times with pneumonia. For the past 1 week, the child has been experiencing thick purulent cough and says that her chest feels ‘heavy’. Her stools have been loose and foul-smelling over the past week. Her parents are also concerned that she has not gained much weight due to her frequent hospital visits. She was born at 39 weeks gestation via spontaneous vaginal delivery and is up to date on all vaccines and is meeting all developmental milestones. On physical exam, the temperature is 39.1°C (102.4°F). She appears lethargic and uncomfortable. Crackles are heard in the lower lung bases, with dullness to percussion. A small nasal polyp is also present on inspection. Which of the following is the most likely cause for the girl’s symptoms?","I brought my 4-year-old daughter to the emergency department because she's been coughing a lot, has a fever, and has been throwing up. Over the past year, she's been in the hospital three times for pneumonia. For the last week, she's had a thick, nasty cough and keeps saying her chest feels heavy. Her poop has been loose and smells really bad for about a week too. We're worried because she hasn't gained much weight with all these hospital visits. She was born at 39 weeks and came out naturally, and she's up to date on all her vaccines and is doing well with her development. When they checked her, her temperature was 39.1 degrees Celsius, which is 102.4 degrees Fahrenheit. She looked really tired and uncomfortable. They heard crackling sounds in the lower part of her lungs when they listened, and it felt dull when they tapped on her back. They also found a small polyp in her nose.","{""A"": ""Dysfunction in a transmembrane regulator"", ""B"": ""Inefficient breakdown of leucine, isoleucine, and valine"", ""C"": ""Dysfunction in the motility of respiratory cilia"", ""D"": ""Deficiency in lymphocytic activity""}",A,,
AUD-040,c,"A 30-year-old female presents to her primary care provider complaining of 4 days of fever, malaise, dyspnea, and productive cough and has recently developed pleuritic chest pain. Her past medical history is notable for asthma and takes albuterol as needed. She does not smoke but drinks alcohol socially. Her family history is notable for cystic fibrosis in her paternal uncle and interstitial lung disease in her paternal grandfather. Her temperature is 101°F (38.3°C), blood pressure is 115/75 mmHg, pulse is 110/min, and respirations are 21/min. Rales are noted in the right lower lung, and a chest radiograph demonstrates focal consolidation in the right lower lung lobe. After initiating the appropriate treatment, she agrees to take part in a study assessing the immune response to lung infections. A protein is identified in her serum that is thought to be elevated in response to her condition. An amino acid sequence at the carboxy terminus of the protein is isolated and a fluorescent marker is added to the sequence. This labeled sequence is subsequently added to a gel containing a protein isolated from the cell surface of the patient’s own neutrophils and macrophages and subsequently labeled with another fluorescent marker. The sequence binds strongly to this protein as evidenced by increased fluorescence in the gel. What process does this sequence typically undergo in immunocompetent individuals?","ive been feelin really bad for 4 days now, like i got a fever and im super tired and breathin is kinda hard and i got this cough that brings up stuff, and now i got this sharp pain in my chest when i breathe in. im 30 and a woman and i have asthma so i use this inhaler called albuterol when i need it. i dont smoke but i drink a little bit sometimes. my uncle has cystic fibrosis and my grandpa had some lung disease. they said my temp was 101 degrees and my blood pressure was 115 over 75 and my pulse was 110 and i was breathin 21 times a minute. they heard some crackling in my right lung and the X-ray showed some kinda infection in the lower part of that lung. after they started treatin me, i said yes to bein in a study about how the immune system works with lung infections. they found this protein in my blood that they think is higher because of my sickness. they took a piece of that protein and put a fluorescent marker on it, then they mixed it with another protein from my own immune cells that they also put a different marker on, and they said the two stuck together really good cause the gel got brighter. i dont really know what happens next in people who are healthy.","{""A"": ""Random assortment"", ""B"": ""Random nucleotide addition"", ""C"": ""VDJ recombination"", ""D"": ""Isotype switching""}",D,,
AUD-041,c,"A 25-year-old primigravida is admitted to the hospital at 36 weeks gestation after a generalized tonic-clonic seizure. She is conscious, but lethargic and complains of a headache that started 2 hours prior to the seizure. She denies alcohol intake or drug use. She has no history of convulsive disorders and the antepartum course has been unremarkable. She was compliant with the recommended prenatal care and her last prenatal visit was 2 weeks ago. She has gained 2 kg (4.4 lb) since her last visit. The blood pressure was 160/90 mm Hg, the heart rate was 79/min, the respiratory rate was 14/min, and the temperature was 37.0℃ (98.6℉). The physical examination shows leg and perineal edema. The neurologic examination is significant for symmetric upper and lower extremity hyperreflexia and ankle clonus. Which of the following laboratory findings would be most common in this patient?","i had a seizure and got taken to the hospital, and im 25 years old and pregnant, like 36 weeks along. it was really scary, and i was awake but felt super tired and had this awful headache that started like 2 hours before the seizure happened. i dont drink or do drugs or anything like that, and i never had seizures before this. my pregnancy has been going pretty normal, and i went to the doctor for my checkup just 2 weeks ago. they said i gained 2 kg since then, which is about 4.4 pounds. when they checked my blood pressure it was really high at 160 over 90, and my heart was beating 79 times a minute, and i was breathin 14 times a minute, and my temp was 37.0 degrees celsius, which is 98.6 degrees fahrenheit. they said my legs and down there were swollen, and when they checked my nerves they said my reflexes were way too strong in my arms and legs, and my ankles were twitching.","{""A"": ""Elevated transaminases"", ""B"": ""Leukocytosis"", ""C"": ""Hyponatremia"", ""D"": ""Proteinuria""}",D,,
AUD-042,c,"In a study, 2 groups are placed on different statin medications, statin A and statin B. Baseline LDL levels are drawn for each group and are subsequently measured every 3 months for 1 year. Average baseline LDL levels for each group were identical. The group receiving statin A exhibited an 11 mg/dL greater reduction in LDL in comparison to the statin B group. Statistical analysis reports a p-value of 0.052. Which of the following best describes the meaning of this p-value?","so there was this study with 2 groups of people, one group was on statin A and the other was on statin B, and they checked their LDL levels at the start and then every 3 months for a whole year. both groups had the same average LDL levels at first, but after a year the statin A group had 11 mg/dL lower LDL than the statin B group. they did some math stuff and got a p-value of 0.052, and that number is supposed to tell us how likely it is that the difference we saw was just random.","{""A"": ""If 100 similar experiments were conducted, 5.2 of them would show similar results"", ""B"": ""There is a 5.2% chance that A is more effective than B is due to chance"", ""C"": ""There is a 94.8% chance that the difference observed reflects a real difference"", ""D"": ""This is a statistically significant result""}",B,,
AUD-043,c,"A 45-year-old woman presents with sudden-onset dyspnea. Her past medical history is significant for varicose veins in her lower extremities, well-controlled diabetes mellitus type 2, and a 25 pack-year smoking history. The patient currently takes metformin and pioglitazone. Family history is significant for her sister who died at the age of 35 because of a pulmonary embolism. Her temperature is 37.8°C (100.0°F), the pulse is 111/min, the respirations are 18/min, and the blood pressure is 130/60 mm Hg. On physical examination, the patient is pale and diaphoretic. Cardiac exam is significant for an S3 gallop. There is erythema and swelling over multiple varicose veins in her left leg. Ultrasound of her left leg is positive for a deep vein thrombosis. The patient is admitted, and anticoagulation is started with a vitamin K inhibitor. However, despite these interventions, she dies shortly after admission. Which of the following was the most likely etiology of this patient’s condition?","i came in because all of a sudden i just couldnt breathe at all, like it hit me outta nowhere. im 45 and i got these varicose veins in my legs and i keep my type 2 diabetes under control, but i used to smoke a whole lot, like 25 packs over the years. right now im on metformin and pioglitazone. my sister died when she was 35 from something they called a pulmonary embolism, so that kinda runs in the family. when they checked me, my temp was 37.8 degrees celsius, my pulse was 111, i was breathin 18 times a minute, and my blood pressure was 130 over 60. they said i looked really pale and sweaty, and when they listened to my heart they heard this thing called an S3 gallop. my left leg was all red and swollen around the varicose veins, and they did an ultrasound and found a deep vein thrombosis. they admitted me and started me on some blood thinner, but i ended up dying not long after that.","{""A"": ""Distal peripheral microembolism"", ""B"": ""Necrotizing fasciitis"", ""C"": ""Protein S deficiency"", ""D"": ""Waldenström macroglobulinemia""}",C,,
AUD-044,b,"A 4-year-old previously healthy boy presents with 4 days of intermittent vomiting and 5-6 daily loose stools. His mother noted bloody stools and decreased oral intake of food and water over the last 24 hours. He is normally in daycare; however, he has been home for the past 3 days. On physical exam his temperature is 102.2°F (39°C), blood pressure is 140/90 mmHg, pulse is 120/min, respirations are 22/min and O2 saturation is 99% on room air. He has dry mucous membranes. On abdominal exam you note diffuse tenderness to palpation without rebound or guarding. There are no masses, hepatosplenomegaly, and bowel sounds are hyperactive. Ultrasound of the right lower quadrant is negative for appendicitis. Stool is guaiac positive. He receives 15mg/kg acetaminophen and fluids are started. The next day, he complains of lower extremity weakness and tingling. On repeat exam, lower extremity strength is 3/5 with diminished patellar deep tendon reflexes. Which of the following lab findings would most likely be seen in this patient?","My 4-year-old son, who is usually healthy, has been throwing up on and off for the last four days and has had loose stools about 5 to 6 times a day. His mother noticed that he had bloody stools and wasn't eating or drinking much at all in the last 24 hours. Normally, he goes to daycare, but he's been home for the last three days. When they checked him, his temperature was 102.2°F, his blood pressure was 140 over 90, his pulse was 120 beats per minute, he was breathing 22 times a minute, and his oxygen level was 99 percent on room air. His mouth was really dry. When they pressed on his belly, it hurt all over, but it didn't get worse when they let go, and he wasn't tensing up. They didn't find any masses or swelling in his liver or spleen, and his belly sounds were really active. They did an ultrasound of his lower right side and said there was no appendicitis. They also tested his stool and said it was positive for blood. He got 15 milligrams of acetaminophen for his fever and they started giving him fluids. The next day, he said his legs felt weak and tingly. When they checked him again, his leg strength was 3 out of 5 and his knee reflexes were not as strong as they should be. I'm his mom.","{""A"": ""Gram stain positive CSF"", ""B"": ""Peripheral eosinophilia"", ""C"": ""Xanthochromia on cerebrospinal fluid analysis"", ""D"": ""Increased cerebrospinal fluid protein with normal cell count""}",D,,
AUD-045,b,"A healthy 19-year-old man presents to his primary care provider complaining of painless “blisters” in his mouth. He reports that he noticed a white film on his tongue and the sides of his mouth 2 days ago while brushing his teeth. The film was easily brushed off. He also complains of a bitter metallic taste in his mouth but otherwise denies pain, burning, dysphagia, or hoarseness. He is otherwise healthy and takes no medications. He is a competitive swimmer and has had 8 sexual partners in the past year. He intermittently uses barrier protection. On exam, he is well-appearing and in no acute distress. His oral examination demonstrates patches of white pseudomembranes that can be wiped away to reveal erythematous mucosa. A medication with which of the following mechanisms of action is most appropriate in this patient?","I'm a 19-year-old man and I've got these painless blisters in my mouth. I first noticed a white film on my tongue and the sides of my mouth two days ago when I was brushing my teeth, and it was easy to brush off. There's also this bitter metallic taste in my mouth, but I don't have any pain, burning, trouble swallowing, or hoarseness. I'm otherwise healthy and I don't take any medications. I swim competitively and I've had 8 sexual partners in the past year, and I sometimes use protection. When the doctor checked me out, I looked fine and wasn't in any distress. They looked in my mouth and saw some white patches that could be wiped away, and underneath it was red. ","{""A"": ""Disruption of cell membrane permeability"", ""B"": ""Disruption of microtubule formation"", ""C"": ""Inhibition of 14-alpha-demethylase"", ""D"": ""Inhibition of beta-glucan synthase""}",A,,
AUD-046,b,"A researcher conducts multiple experiments to establish an infection and disease model for Clostridium perfringens in chickens. To ensure that all instruments are free of the pathogenic organism, he uses a disinfectant that oxidizes and denatures proteins. Which of the following disinfectants did the researcher most likely use?","A researcher is doing a bunch of tests to figure out how Clostridium perfringens causes infections and diseases in chickens. To make sure everything he uses is clean and doesn't have this harmful germ, he uses a disinfectant that works by breaking down proteins. I'm not sure which disinfectant he picked, but it has to be one that does that.","{""A"": ""Chlorine dioxide"", ""B"": ""Isopropyl alcohol"", ""C"": ""Povidone-iodine"", ""D"": ""Benzalkonium chloride""}",A,,
AUD-047,c,The ribosome is an essential organelle that plays an important role in the synthesis of new proteins. The location of the ribosome within the cell can vary and provides a clue to the function of the particular cell. What ribosome location is essential for protein-secreting cells?,"the ribosome is super important for makin new proteins in our bodies and where it is in the cell can be different, which kinda helps us figure out what that cell does. im wonderin which spot the ribosome needs to be in for the cells that send out proteins.","{""A"": ""Rough endoplasmic reticulum"", ""B"": ""Smooth endoplasmic reticulum"", ""C"": ""Cytosol"", ""D"": ""Nucleus""}",A,,
AUD-048,b,"A 24-year-old woman presents to her primary care physician for a wellness visit. She says that she has been generally healthy but has noticed difficulty concentrating, becoming increasingly fatigued, and a 15-pound weight increase over the course of a few months. She also reports mild constipation and joint pain. Approximately 6-months ago, she experienced palpitations, increased stool frequency, and a hand tremor. Her past medical history is significant for asthma. Her father is not living and had Parkinson disease, and her mother has poorly controlled rheumatoid arthritis. She is currently sexually active in a monogamous relationship and uses contraception consistently. She denies cigarette smoking and occasionally drinks wine. She experimented once with lysergic acid diethylamide 6 years ago. Her temperature is 99°F (37.2°C), blood pressure is 127/98 mmHg, pulse is 55/min, and respirations are 13/min. On physical exam, the patient has slow speech and movement. She has tenderness to palpation of her wrist and ankle joints. She has delayed relaxation of deep tendon reflexes. Which of the following will most likely be found in this patient?","I'm a 24-year-old woman and I came in for a wellness visit. I've generally been healthy, but I've been having trouble concentrating, feeling more tired than usual, and I've gained about 15 pounds over the last few months. I've also been dealing with mild constipation and some joint pain. About six months ago, I had some episodes where my heart was racing, I was going to the bathroom more often, and my hands were shaking a bit. I have asthma in my medical history. My dad passed away and he had Parkinson's disease, and my mom has rheumatoid arthritis that isn't well controlled. I'm currently in a monogamous relationship and I use contraception all the time. I don't smoke, and I drink wine sometimes. I tried LSD once about six years ago. My temperature was 99 degrees, my blood pressure was 127 over 98, my pulse was 55, and my breathing was 13 times a minute. When they examined me, they noticed I was speaking and moving slowly. They also found that my wrist and ankle joints were tender when they pressed on them, and my reflexes took longer to relax. ","{""A"": ""Elevated TSH"", ""B"": ""High Patient Health Questionnaire-9 (PHQ-9) score"", ""C"": ""Positive anti-CCP antibodies"", ""D"": ""Positive urine toxicology""}",A,,
AUD-049,c,"An 8-year-old boy is brought to the physician because he has excessively dry skin. His mother says that he has had dry, scaly skin since he was 6 months old. She says it is worse in winter and better in summer. There is no associated itching, redness, or discharge. Examination reveals generalized fine scales with coarse skin all over the body, except in the skin creases of the neck and in the cubital and popliteal fossae (see image). There are multiple papular elevations at the base of hair follicles and darkening of the palmar and plantar creases. Which of the following is the most likely diagnosis?","my son is 8 and we came to see the doctor cause his skin is super dry all the time. his mom said he’s had this dry and kinda scaly skin since he was 6 months old, and it gets way worse in the winter but gets a little better in the summer. there’s no itching or redness or anything like that. when the doctor checked him out, they said he had these fine scales and rough skin all over, but not in the folds of his neck or behind his knees and elbows. they also saw some bumps where his hair grows and said the lines on his hands and feet are darker than normal.","{""A"": ""Psoriasis"", ""B"": ""Lichen simplex"", ""C"": ""Ichthyosis vulgaris"", ""D"": ""Pityriasis versicolor""}",C,,
AUD-050,b,"A 56-year-old man comes to the clinic for a check-up. He presents with a 1-year history of worsening shortness of breath and weight loss. He is a former construction worker, and worked in a steel mill when he was in high school. He is an active smoker with a 36-pack-year smoking history. The blood pressure is 130/78 mm Hg, pulse rate is 90/min, respiratory rate is 17/min, and the BMI is 31 kg/m2. The patient is afebrile and the oxygen saturation at rest is 95% on room air. The pulmonary examination reveals a mildly prolonged expiratory phase, and no wheezing or crackles are auscultated. A pulmonary function test is recommended for the patient, and 2 weeks later he returns with a report that shows an FEV1/FVC ratio of 60% and FEV1 of 50% of the predicted value. The lung volumes show a total lung capacity of 110% of predicted value, a residual volume of 115% of predicted value, and a DLCO of 60% of predicted value. Which of the following is the most likely diagnosis?","I'm a 56-year-old man and I came in for a check-up. I've been having more and more trouble breathing for the past year, and I've also lost some weight. I used to work in construction and spent time in a steel mill when I was in high school. I smoke, and I've been smoking for a long time, about 36 pack-years. My blood pressure was 130 over 78, my pulse was 90 beats per minute, and I was breathing 17 times a minute. My BMI is 31. They said I didn't have a fever, and my oxygen level was 95 percent on room air. When they checked my lungs, they noticed my breathing out took a bit longer, but there were no wheezing or crackling sounds. They suggested I do a lung test, and when I came back two weeks later, the results showed my FEV1/FVC ratio was 60 percent and my FEV1 was 50 percent of what it should be. They also said my total lung capacity was 110 percent of what it should be, my residual volume was 115 percent of what it should be, and my DLCO was 60 percent of what it should be.","{""A"": ""Asbestosis"", ""B"": ""Idiopathic pulmonary fibrosis"", ""C"": ""Bronchiectasis"", ""D"": ""Chronic obstructive pulmonary disease""}",D,,
AUD-051,c,"A previously healthy 19-year-old man comes to the physician with right-sided, dull, throbbing scrotal pain for 12 hours. He has also had a burning sensation on urination and increased urinary frequency for the past 3 days. He has not had urethral discharge. He is sexually active with one female partner and does not use condoms. Vital signs are within normal limits. Physical examination shows a tender right testicle; lifting it provides relief. The penis appears normal, with no discharge at the meatus. Laboratory studies show a normal complete blood count; urinalysis shows 3 WBC/hpf. A Gram stain of a urethral swab shows polymorphonuclear leukocytes but no organisms. Testicular ultrasound shows increased blood flow to the right testicle compared to the left. Which of the following is the most likely cause of this patient's symptoms?","ive been havin this pain on the right side of my scrotum for like 12 hours now and its kinda dull and throbbing, and for the last 3 days i also been feelin this burnin when i pee and i gotta go to the bathroom way more than usual. there hasnt been any discharge from my urethra tho. im 19 and im sexually active with one girl and i dont use condoms. they said my vital signs were all normal. when the doctor checked me out, he said my right testicle was tender and that lifting it made it feel better, and my penis looked normal with no discharge at the tip. they did some blood tests and said my complete blood count was normal, but my pee test showed 3 white blood cells in it. they also did this test on a swab from my urethra and saw some white blood cells but no germs, and then they did an ultrasound and said there was more blood flow to my right testicle than the left.","{""A"": ""Neisseria gonorrhoeae infection"", ""B"": ""Testicular tumor"", ""C"": ""Chlamydia trachomatis infection"", ""D"": ""Varicocele""}",C,,
AUD-052,c,A 34-year-old man comes to the physician with a 2-month history of difficulty concentrating at work. He is worried he may lose his job due to poor performance. He feels constantly tired but attributes his fatigue to waking up early most mornings and being unable to fall back asleep. His wife has noticed that he has been speaking more slowly than usual and his appetite has decreased. He used to enjoy dance classes with her but has not been as interested in this recently. He is a veteran who returned from a deployment to Afghanistan 2 years ago. Which of the following is the most likely diagnosis?,for about 2 months now i been havin a really hard time focusin at work and its got me worried that im gonna lose my job cause im not doin good. im always feelin tired but i think its cause i wake up early most mornings and then i cant go back to sleep. my wife says i been talkin slower than i used to and i dont eat as much as i did before. i used to really like goin to dance classes with her but now i just dont care about it like i used to. im a 34 year old man and i came back from Afghanistan 2 years ago after bein in the military.,"{""A"": ""Major depressive disorder"", ""B"": ""Adjustment disorder"", ""C"": ""Acute stress disorder"", ""D"": ""Post traumatic stress disorder""}",A,,
AUD-053,b,A 24-year-old woman comes to the physician because she had unprotected intercourse with her boyfriend the previous day. She has had regular menses since menarche at the age of 12. Her last menstrual period was 3 weeks ago. She has no history of serious illness but is allergic to certain jewelry and metal alloys. She takes no medications. A urine pregnancy test is negative. She does not wish to become pregnant until she finishes college in six months. Which of the following is the most appropriate next step in management?,"I'm a 24-year-old woman and I came to see the doctor because I had unprotected sex with my boyfriend yesterday. I've been having regular periods since I started when I was 12, and my last period was about three weeks ago. I don't have any serious health issues, but I am allergic to some jewelry and metal. I don't take any medications. They did a urine pregnancy test and it came back negative. I really don't want to get pregnant until after I finish college in six months.","{""A"": ""Insert copper-containing intra-uterine device"", ""B"": ""Administer mifepristone"", ""C"": ""Administer ulipristal acetate"", ""D"": ""Administer depot medroxyprogesterone acetate""}",C,,
AUD-054,c,"Public health researchers are reviewing data from an outbreak of hepatitis A that was traced to contaminated produce from a popular restaurant. A case series investigation with prospective and retrospective follow-up found that 500 individuals dined at the restaurant during the week of study. The incidence of hepatitis A infection was found to be 25%, and the total number of deaths recorded among the incident cases was 5 individuals. What was the case-fatality rate for the hepatitis A outbreak?","there was this big problem with hepatitis A that came from some food at a restaurant that a lot of people like. they looked at the numbers and found out that 500 people ate there that week, and out of those, 25 percent got sick with hepatitis A. it was really sad because 5 of those people ended up dying. now they are trying to see what the case-fatality rate is for this whole hepatitis A thing.","{""A"": ""4%"", ""B"": ""10%"", ""C"": ""20%"", ""D"": ""25%""}",A,,
AUD-055,b,"During a Mycobacterium tuberculosis infection, Th1 cells secrete a factor capable of stimulating phagosome-lysosome fusion within macrophages. In addition, the secreted factors help activate macrophages to produce mediators such as NO, which are capable of destroying the invading pathogen. Furthermore, activation of the macrophages by the secreted factor eventually leads to the formation of a tubercle. Which of the following factors is secreted by Th1 cells and responsible for these actions?","I'm not sure about all the details, but I know that when someone has a tuberculosis infection, certain immune cells called Th1 cells release something that helps other cells called macrophages work better. This stuff they release helps the macrophages combine parts of the cell that can destroy the bacteria. It also makes the macrophages produce things like nitric oxide, which can kill the germs. Eventually, this whole process leads to the formation of a lump called a tubercle. I just want to know what exactly Th1 cells are releasing that does all this.","{""A"": ""IL-4"", ""B"": ""TNF-alpha"", ""C"": ""IFN-gamma"", ""D"": ""Histamine""}",C,,
AUD-056,b,"A 4-year-old boy is brought to his primary care physician for a physical prior to beginning a preschool program. He is found to be delayed in reaching normal childhood cognitive and social milestones, which is consistent with observations at previous check-ups. Physically, he is also found to be significantly overweight with hypogonadism. Notably, the boy was limp when he was born and did not have a normal motor response to stimuli. Elevated levels of a gastrointestinal hormone are associated with the cause of this patient's weight gain. The hormone that is most responsible for causing the weight gain is produced in which of the following cell types?","I brought my 4-year-old son in for a check-up because he’s starting preschool soon. The doctor said he’s behind in his thinking and social skills, which is what they’ve noticed before too. They also said he’s really overweight and has some issues with his hormones. When he was born, he was really floppy and didn’t move like a normal baby should. They mentioned something about a hormone in his stomach that’s linked to why he’s gaining so much weight. I’m just trying to understand what all this means for him.","{""A"": ""D cells"", ""B"": ""G cells"", ""C"": ""P/D1 cells"", ""D"": ""L cells""}",C,,
AUD-057,c,"A 32-year-old man jumps off a 3 story building during a suicide attempt. Paramedics arrive quickly, and he is taken to the hospital where several stable lumbar fractures and a shattered right calcaneus are found. He undergoes surgery and his calcaneus is repaired with 11 screws. Which of the following statements best describes the long term post-surgery outcome in this patient?","i jumped off a 3 story building, im 32 and a man, and it was a really bad time for me. the paramedics came really quick and took me to the hospital where they said i had some broken bones in my lower back that were stable, but my right heel was all messed up. they did surgery on it and put in 11 screws to fix it up.","{""A"": ""He will not be able to plantar flex his foot."", ""B"": ""He will not be able to point his toe."", ""C"": ""He will have pain with inversion and eversion of his foot."", ""D"": ""He will have pain while dorsiflexing his foot.""}",C,,
AUD-058,b,"A 55-year-old caucasian male is transferred to a tertiary care hospital from a small county hospital where he presented with jaundice and severe abdominal pain that radiates to the back. While in the county hospital, he did not develop fever, and his vital signs were stable for the 48 hours he spent at there. Initial laboratory tests are given below:
Total bilirubin 7 mg/dL
Direct bilirubin 6.4 mg/dL
AST 100
ALT 40
Alkaline phosphatase 480 IU/L
Glucose 160 mg/dL
The patient’s medical history is relevant for hypertension and diabetes mellitus. He admits to smoking cigarettes since his early teenage years. Moderate icterus is evident during physical examination, the abdomen is distended and dull to percussion, and there is periumbilical tenderness. Which of the following markers would you expect to be elevated in this patient?","I was transferred to a bigger hospital from a small county hospital because I'm a 55-year-old man and I had jaundice and really bad stomach pain that goes to my back. While I was at the county hospital for 48 hours, I didn't have a fever and my vital signs were stable. They did some lab tests and my total bilirubin was 7, my direct bilirubin was 6.4, my AST was 100, my ALT was 40, my alkaline phosphatase was 480, and my glucose was 160. I have a history of high blood pressure and diabetes, and I've been smoking since I was a teenager. When they examined me, they noticed I had moderate yellowing of my skin and my belly was swollen and felt dull when they tapped on it, plus it hurt when they pressed around my belly button.","{""A"": ""CA 125"", ""B"": ""Desmin"", ""C"": ""CA 27-29"", ""D"": ""CA 19-9""}",D,,
AUD-059,b,A 2-year-old girl with recurrent urinary tract infections is brought to the physician for a follow-up examination. Renal ultrasound shows bilateral dilation of the renal pelvis. A voiding cystourethrography shows retrograde flow of contrast into the ureters during micturition. Histologic examination of a kidney biopsy specimen is most likely to show which of the following findings?,"I brought my 2-year-old daughter in for a follow-up because she keeps getting urinary tract infections. They did an ultrasound on her kidneys and found that both sides were swollen in the area where the urine collects. Then they did another test where they looked at how the urine flows, and they said that the contrast they used went back up into the tubes that lead from her kidneys during peeing. I'm really concerned about what they might find in the kidney biopsy they took.","{""A"": ""Glomerular crescents with macrophages"", ""B"": ""Matrix expansion with mesangial proliferation"", ""C"": ""Cortical thinning with tubular atrophy"", ""D"": ""Thickened glomerular capillary loops""}",C,,
AUD-060,c,"A 51-year-old man presents the emergency room with chest pain. He mentions that the pain started several hours ago and radiates to his left neck and shoulder. He also mentions that he has some difficulty in breathing. He says that he has had similar chest pains before, but nothing seemed to be wrong at that time. He was diagnosed with high cholesterol during that episode and was prescribed medication. He also has a 3-year history of gastritis. The blood pressure is 130/80 mm Hg, respirations are 18/min, and the pulse is 110/min. He seems a little anxious. The physical examination reveals no significant abnormalities. An ECG shows slight changes in the leads. His physician talks to him about the benefits of taking low-dose aspirin daily. Which of the following would be a contraindication to the use of aspirin in this patient?","i went to the emergency room cause my chest has been hurtin and it started a few hours ago and it kinda goes up to my left neck and shoulder, and on top of that im havin some trouble breathin too. i had this kinda chest pain before but they said nothin was wrong then, they just told me i had high cholesterol and gave me some meds for that. also i got gastritis for like 3 years now. they said my blood pressure was 130 over 80 and my breathin was 18 times a minute and my pulse was 110, and honestly i feel a little anxious. they checked me out and said there was nothin really wrong, but the ECG showed some slight changes in the leads. my doctor talked to me about takin low-dose aspirin every day, and im a 51 year old man.","{""A"": ""ECG changes"", ""B"": ""Hypercholesterolemia"", ""C"": ""Gastritis"", ""D"": ""Increased pulse rate""}",C,,
AUD-061,b,"A 24-year-old woman presents to the emergency department with a 2-week history of a foot ulcer. She says that she punctured her foot with a rusty nail while she was playing tennis and that the puncture wound has since progressed to a non-healing ulcer. Over the last 2 days, she has also been experiencing a fever and drainage from the wound. On presentation, she is found to have a slightly fruity smelling red ulcer with purulent drainage. Probing the ulcer goes all the way down to bone. Which of the following characteristics is true of the most likely cause of this patient's symptoms?","I'm a 24-year-old woman and I've had this ulcer on my foot for two weeks now. I accidentally punctured it with a rusty nail while I was playing tennis, and it hasn't healed at all since then. For the last two days, I've also had a fever and there's been some drainage from the wound. When I got to the emergency department, they found that the ulcer was red and had a slightly fruity smell, plus it was draining pus. They probed the ulcer and said it went all the way down to the bone.","{""A"": ""Gram-negative bacilli"", ""B"": ""Gram-negative diplococci"", ""C"": ""Gram-positive cocci in chains"", ""D"": ""Gram-positive cocci in clusters""}",A,,
AUD-062,c,"A 7-year-old boy is brought to his pediatrician’s office for a follow-up visit. He was diagnosed with asthma when he was 3 years old and has since been on treatment for the condition. He is currently on a β-agonist inhaler because of exacerbation of his symptoms. He has observed that his symptoms are more prominent in springtime, especially when the new flowers are blooming. His mother has a backyard garden and whenever he goes out to play there, he experiences chest tightness with associated shortness of breath. He has been advised to take more precaution during this seasonal change and to stay away from pollen. He is also being considered for an experimental therapy, which attenuates the activity of certain mediators which cause his asthmatic attack. The targeted mediator favors the class switching of antibodies. A reduction in this mechanism will eventually reduce the exaggerated response observed during his asthmatic attacks, even when exposed to an allergen. Which of the following mediators is described in this experimental study?","my son is 7 and we just went to see his doctor for a checkup. he got diagnosed with asthma when he was 3 and he has been on meds for it ever since. right now he uses this inhaler thing because his symptoms have been acting up. he said that in the springtime when the flowers start blooming, he really feels it more. when he goes out to play in the backyard, he gets this tight feeling in his chest and has a hard time breathin. the doctor told us to be careful during this time and to stay away from pollen. they are also thinkin about this new treatment that might help him by lowering some stuff in his body that makes his asthma worse. it should help him not react so much when he comes across things that make him have an attack. im his mom.","{""A"": ""IL-2"", ""B"": ""IL-10"", ""C"": ""IL-13"", ""D"": ""IL-4""}",D,,
AUD-063,b,"A healthy 21-year-old man undergoes physical fitness testing prior to long-term submarine deployment. To evaluate his pulmonary function, lung and thoracic compliance are measured at different system pressures. A graph of the relationship between his lung volume and transpulmonary pressure is shown. The dotted line in this graph corresponds to which of the following lung volumes?","I'm a 21-year-old man and I had to do some physical fitness tests before going on a long submarine deployment. They were checking how well my lungs work by measuring how they expand and contract at different pressures. They showed me a graph that had my lung volume and some pressure numbers on it, but I don't really know what the dotted line on that graph means or which lung volume it corresponds to.","{""A"": ""Inspiratory capacity"", ""B"": ""Tidal volume"", ""C"": ""Functional residual capacity"", ""D"": ""Total lung capacity""}",C,,
AUD-064,c,"A 4-year-old girl is brought to the emergency department with a persistent cough, fever, and vomiting. The past year the child has been admitted to the hospital 3 times with pneumonia. For the past 1 week, the child has been experiencing thick purulent cough and says that her chest feels ‘heavy’. Her stools have been loose and foul-smelling over the past week. Her parents are also concerned that she has not gained much weight due to her frequent hospital visits. She was born at 39 weeks gestation via spontaneous vaginal delivery and is up to date on all vaccines and is meeting all developmental milestones. On physical exam, the temperature is 39.1°C (102.4°F). She appears lethargic and uncomfortable. Crackles are heard in the lower lung bases, with dullness to percussion. A small nasal polyp is also present on inspection. Which of the following is the most likely cause for the girl’s symptoms?","my little girl is 4 and i had to bring her to the emergency room cause shes been coughin a whole lot and has a fever and has been throwin up too. shes been in the hospital 3 times this past year for pneumonia, and for the last week shes had this thick cough that sounds really bad and she says her chest feels heavy. her poop has been kinda loose and smells really awful for about a week now. her dad and i are worried cause she hasnt gained much weight with all these hospital visits. she was born at 39 weeks and came out the regular way, and shes up to date on all her shots and is doin good with her growth and stuff. when they checked her out, her temp was 39.1 degrees celsius, which is like 102.4 degrees fahrenheit, and she looked really tired and uncomfortable. they said they could hear crackles in the lower part of her lungs and it felt dull when they tapped on her back, and they also found a little polyp in her nose.","{""A"": ""Dysfunction in a transmembrane regulator"", ""B"": ""Inefficient breakdown of leucine, isoleucine, and valine"", ""C"": ""Dysfunction in the motility of respiratory cilia"", ""D"": ""Deficiency in lymphocytic activity""}",A,,
AUD-065,c,"A 40-year-old man comes to the physician because of shortness of breath, double vision, and fatigue for the past 4 weeks. He has no history of serious medical illness and takes no medications. Physical examination shows drooping of the eyelids bilaterally. He is unable to hold his arms up for longer than 3 minutes. A CT scan of the chest shows an anterior mediastinal mass with smooth contours. A photomicrograph of a specimen from the mass is shown. Which of the following immunologic processes normally occurs in the region indicated by the arrow?","for the last 4 weeks ive been feelin super tired and havin a hard time breathin, and on top of that i got this double vision thing goin on. im a 40 year old man and i dont have any big health problems or take any meds. when the doctor looked at me, they said my eyelids were droopin on both sides, and i really struggled to keep my arms up for more than 3 minutes. they did a scan of my chest and found this mass in the front part that looked smooth, and they showed me a picture of it but i dont really know what it was about.","{""A"": ""B-cell maturation"", ""B"": ""V(D)J recombination"", ""C"": ""Thymocyte formation"", ""D"": ""Negative selection""}",D,,
AUD-066,b,"A 60-year-old man comes to the physician for a routine physical examination. He lives in a group home and takes no medications. During the appointment, he frequently repeats the same information and needs to be reminded why he is at the doctor's office. He says that he is a famous poet and recently had a poem published in a national magazine. His vital signs are within normal limits. He has a constricted affect. Neurological examination shows no focal deficits. On mental status examination, he has no long-term memory deficits and is able to count in serial sevens without error. An MRI of the brain shows atrophy of the anterior thalami and small mamillary bodies. Which of the following is the most likely predisposing factor for this patient's condition?","I'm a 60-year-old man and I came in for a routine check-up. I live in a group home and I don't take any medications. During my visit, I kept repeating the same things and needed reminders about why I was at the doctor's office. I mentioned that I'm a famous poet and that I recently had a poem published in a national magazine. They said my vital signs were all normal. I seemed a bit flat in my emotions. When they checked my brain function, there were no specific problems, and I didn't have any issues with my long-term memory. I could count backwards by sevens without making any mistakes. They did an MRI of my brain and found that some parts were smaller than they should be, like the front parts and some small areas at the bottom. I'm just trying to understand what all this means.","{""A"": ""Consumption of undercooked meat"", ""B"": ""Chronic hypertension"", ""C"": ""Alcohol use disorder"", ""D"": ""Spirochete infection""}",C,,
AUD-067,c,"A 65-year-old man presents with painless swelling of the neck over the past week. He also says he has been having intermittent fevers and severe night sweats which require a change of bed sheets the next day. His past medical history is significant for human immunodeficiency virus (HIV) diagnosed 10 years ago with which he admits to not always being compliant with his antiretroviral medication. The patient reports a 20-pack-year smoking history but no alcohol or recreational drug use. A review of systems is significant for a 6 kg (13.2 lb) unintentional weight loss over the past 2 months. The vital signs include: temperature 37.8℃ (100.0℉) and blood pressure 120/75 mm Hg. On physical examination, there are multiple non-tender swollen lymph nodes averaging 2 cm in diameter that is palpable in the anterior and posterior triangles of the neck bilaterally. Axillary and inguinal lymphadenopathy is present on the right side. A cardiopulmonary exam is unremarkable. The spleen size is 16 cm on percussion. Laboratory studies show the following:
Hemoglobin 9 g/dL
Mean corpuscular volume 88 μm3
Leukocyte count 18,000/mm3
Platelet count 130,000/mm3
    Serum creatinine 1.1 mg/dL
Serum lactate dehydrogenase 1,000 U/L
An excisional biopsy of a superficial axillary lymph node on the right is performed and a histopathologic analysis confirms the most likely diagnosis. Which of the following is the next best diagnostic step in the workup of this patient?","for the past week now ive had this swelling in my neck that dont hurt at all, and its kinda weird. also ive been gettin these fevers that come and go, and at nite i sweat so much that i gotta change my sheets the next day. i found out i had HIV about 10 years ago, and honestly i dont always take my meds like im supposed to. i used to smoke for like 20 years but i dont drink or do drugs. i lost 6 kilos, which is like 13.2 pounds, without even tryin over the last 2 months. they said my temp was 37.8, which is 100.0 degrees, and my blood pressure was 120 over 75. when the doctor checked my neck, they felt a bunch of swollen lymph nodes that were about 2 centimeters big, and they were in the front and back on both sides. they also found some swollen ones in my right armpit and groin. my heart and lungs were fine, but when they tapped on my belly they said my spleen was 16 centimeters. they did a bunch of blood tests and told me my hemoglobin was 9, my mean corpuscular volume was 88, my white blood cells were 18,000, and my platelets were 130,000. my creatinine was 1.1 and my lactate dehydrogenase was 1,000. they took out a lymph node from my right armpit to check it, and they said they found something in it. im 65 and im a man.","{""A"": ""Antinuclear antibody"", ""B"": ""Hepatitis C virus antibodies"", ""C"": ""JAK-2 mutation"", ""D"": ""Tartrate-resistant acid phosphatase (TRAP) test""}",B,,
AUD-068,c,"A 81-year-old man is brought to the emergency department after he fell asleep at the dinner table and was not able to be roused by his family. His past medical history is significant for Alzheimer disease though he is still relatively functional at baseline. He has also been taking warfarin over the last 3 months after he suffered a deep venous thrombosis. After he was transported to the ED, his family found that the pills his grandson takes for seizures were missing. On presentation, he is found to be somnolent and physical exam reveals ataxia and nystagmus. After determining the cause of this patient's symptoms, his physicians begin monitoring his international normalized ratio, because they are concerned that it will start trending down. Which of the following treatments would most improve the urinary excretion of the substance likely responsible for these symptoms?",my dad is 81 and he fell asleep at the dinner table and my family couldnt wake him up so we took him to the emergency room. he has alzheimers but he was still doin okay before this. he’s been on this blood thinner called warfarin for about 3 months now after he had a blood clot in his leg. when we got to the emergency room we found out that the pills my son takes for his seizures were gone. when the doctors looked at him he was really sleepy and they said he was havin trouble with his balance and his eyes were kinda jumpin around. they started checkin his blood tests because they were worried that his numbers would start droppin. im his son.,"{""A"": ""Ammonium chloride"", ""B"": ""Mannitol"", ""C"": ""Sodium bicarbonate"", ""D"": ""Thiazide diuretics""}",C,,
AUD-069,c,A 25-year-old African American man presents to his primary care provider for routine blood work. He is a well-known case of sickle cell disease treated with hydroxyurea and tramadol as needed for pain. He does not smoke or drink alcohol. The patient asks if his disease can adversely affect his kidneys because his friend was recently diagnosed with end-stage renal failure. Which of the following is a renal complication of sickle cell disease?,"im a 25 year old african american man and i went to my doctor for some blood work like i do sometimes. i got sickle cell disease and they give me hydroxyurea for it and tramadol when the pain gets bad. i dont smoke or drink at all. i was just thinkin about my friend who got told he has end-stage kidney failure and i asked if my sickle cell could mess with my kidneys too. like, what kinda kidney problems can happen with sickle cell disease?","{""A"": ""Membranous glomerulonephritis"", ""B"": ""Proximal renal tubular acidosis"", ""C"": ""Impaired urine diluting ability"", ""D"": ""Impaired urine concentration ability""}",D,,
AUD-070,b,"A 45-year-old female presents to the emergency department with gross hematuria and acute, colicky flank pain. She denies any previous episodes of hematuria. She reports taking high doses of acetaminophen and aspirin over several weeks due to persistent upper back pain. The patient’s blood pressure and temperature are normal, but she is found to have proteinuria. Physical examination is negative for palpable flank masses. Which of the following is the most likely diagnosis:","I'm a 45-year-old woman and I came to the emergency department because I've been having blood in my urine and this really bad, crampy pain in my side. I've never had blood in my urine before. I've been taking a lot of acetaminophen and aspirin for a few weeks because my upper back has been hurting a lot. My blood pressure and temperature were normal, but they found protein in my urine. When they examined me, they didn't find any lumps in my side.","{""A"": ""Diffuse cortical necrosis"", ""B"": ""Chronic pyelonephritis"", ""C"": ""Papillary necrosis"", ""D"": ""Acute Nephrolithiasis""}",C,,
AUD-071,c,"A 65-year-old male presents to his primary care physician for stiffness in his arm. He states that he has been having trouble combing his hair and reaching objects that are high on the shelf. The patient has a past medical history of diabetes mellitus type II, obesity, and hypertension. His current medications include metformin, insulin, lisinopril, and hydrochlorothiazide. The patient admits to leading a sedentary life in which he tends to stay home and watch television. He does not engage in any physical or strenuous activity. On physical exam the patient has decreased passive and active range of motion of his shoulder. Strength of the patient's upper extremity is 4/5. Which of the following is the most likely diagnosis?","ive been feelin this stiffness in my arm for a while now, and its really makin it hard to comb my hair or reach for stuff on the top shelf. im a 65 year old man and i got type 2 diabetes, im overweight, and i have high blood pressure. right now im on metformin, insulin, lisinopril, and hydrochlorothiazide. honestly i just sit at home and watch tv all day, i dont do any kinda exercise or anything like that. when the doctor looked at me, they said my shoulder was not movin right, like i could barely move it myself and when they moved it for me it was still not good. they said my arm strength was 4 out of 5.","{""A"": ""Rotator cuff impingement"", ""B"": ""Adhesive capsulitis"", ""C"": ""Glenohumeral osteoarthritis"", ""D"": ""Subacromial bursitis""}",B,,
AUD-072,c,"A 59-year-old man is brought to the emergency department with a history of black, tarry stools but denies vomiting of blood or abdominal pain. His family has noticed progressive confusion. History is significant for liver cirrhosis and alcoholism. His heart rate is 112/min, temperature is 37.1°C (98.7°F), and blood pressure is 110/70 mm Hg. On examination, he is jaundiced, lethargic, is oriented to person and place but not date, and has moderate ascites. Neurological examination reveals asterixis, and his stool is guaiac-positive. Liver function test are shown below:
Total albumin 2 g/dL
Prothrombin time 9 seconds
Total bilirubin 5 mg/dL
Alanine aminotransferase (ALT) 100 U/L
Aspartate aminotransferase (AST) 220 U/L
Which of the following is a feature of this patient condition?","my dad is 59 and we took him to the emergency room cause he has been havin these black, tarry stools, but he says he hasnt thrown up any blood or had any pain in his belly. my family has been seein him get more and more confused lately. he has liver cirrhosis and drinks a lot. they said his heart rate was 112, his temp was 37.1 degrees, and his blood pressure was 110 over 70. when they looked at him, they said he looked yellow and was really tired, and he could tell them who he was and where he was but not what day it was. he also has some swelling in his belly. they checked his brain and found something they called asterixis, and his stool came back positive for blood. they did some liver tests and said his total albumin was 2, prothrombin time was 9 seconds, total bilirubin was 5, ALT was 100, and AST was 220.","{""A"": ""Ammonia level is the best initial test to confirm the diagnosis"", ""B"": ""It is a diagnosis of exclusion"", ""C"": ""It only occurs in patients with cirrhosis"", ""D"": ""Electroencephalography (EEG) usually shows focal localising abnormality""}",B,,
AUD-073,b,"A 42-year-old man is brought to the emergency department because of a 2-day history of dyspnea, chest pain, and hemoptysis that were preceded by 4 days of myalgia and a low-grade fever. He is currently visiting the United States as a tourist from Turkey, where he works at a factory that processes sheep wool and hide. An x-ray of the chest shows widening of the mediastinum. A sputum culture grows gram-positive rods in gray colonies that have irregular margins with wavy projections on microscopy. Which of the following virulence factors of the causal organism increased its survival in host tissue?","I was brought to the emergency department because I've been having trouble breathing, chest pain, and coughing up blood for the last two days. Before that, I had muscle aches and a low fever for four days. I'm a 42-year-old man visiting the United States as a tourist from Turkey, where I work in a factory that processes sheep wool and hide. They did an x-ray of my chest and said it showed widening of something in the middle. They also did a test on my sputum and found some gray colonies that had irregular edges and wavy projections under the microscope. I don't really know what that means.","{""A"": ""Glutamate capsule"", ""B"": ""Toxin B"", ""C"": ""IgA protease"", ""D"": ""Sulfatides""}",A,,
AUD-074,b,"A 10-year-old girl is brought to a clinic by her parents after 1 week of difficulty breathing, dry cough, and low-grade fevers. She has also developed shallow erythematous ulcers inside of her mouth. There is no history of chills, rigors, or headaches. Her appetite has decreased. The girl has been HIV-positive since birth and is being treated with HAART. Her baseline viral load is <50/mL. On general examination, the girl appears ill. Diffuse inspiratory crackles are heard on chest auscultation with normal heart sounds. No lymphadenopathy or hepatosplenomegaly is noted on physical examination. A blood sample is drawn, which shows a CD4 count of 100/mm3 and a viral load of 25,050/mL. What is the most likely mechanism responsible for the lack of responsiveness to therapy?","My 10-year-old daughter has been having a really hard time breathing for a week now, and she has this dry cough and low-grade fevers. She's also got these shallow red sores inside her mouth. She hasn't had any chills, shaking, or headaches, but her appetite has gone down. She's been HIV-positive since she was born and is on treatment with HAART. Her viral load was less than 50 before all this. When the doctor looked at her, she seemed really sick. They listened to her chest and heard some crackling sounds when she breathed in, but her heart sounded normal. They didn't find any swollen lymph nodes or an enlarged liver or spleen. They took some blood, and it showed her CD4 count was 100 and her viral load was 25,050. I'm really worried about her.","{""A"": ""Ineffective CD8 cytotoxicity"", ""B"": ""env gene mutation"", ""C"": ""pol gene mutation"", ""D"": ""Decreased viral replication""}",C,,
AUD-075,c,"A 15-year-old girl is brought to the physician because she has not had a menstrual period. There is no personal or family history of serious illness. She is 165 cm (5 ft 5 in) tall and weighs 57 kg (125 lb); BMI is 21 kg/m2. Vital signs are within normal limits. Examination of the breasts shows a secondary mound formed by the nipple and areola. Pubic hair is sparse and lightly pigmented. Abdominal examination shows bilateral firm, nontender inguinal masses. Pelvic examination shows a blind-ended vaginal pouch. Ultrasonography does not show a uterus or ovaries. Which of the following is the most appropriate treatment for this patient's condition?","my daughter is 15 and we came in because she hasnt gotten her period yet, and i dont know if that means anything. there aint no serious sickness in our family or anything like that. shes about 5 foot 5 and weighs 125 pounds, so they said her BMI is 21. all her vitals were normal when they checked. the doctor looked at her breasts and said there was a mound where the nipple and areola are. she has some pubic hair but its kinda thin and light. when they checked her belly, they found these lumps in her groin area on both sides but they didnt hurt. then they did a pelvic exam and said there was a pouch at the end of her vagina, and when they did the ultrasound they said they couldnt see a uterus or ovaries.","{""A"": ""Gonadectomy"", ""B"": ""Testosterone therapy"", ""C"": ""Vaginal dilatory therapy"", ""D"": ""Prednisolone therapy""}",A,,
AUD-076,c,"A 34-year-old woman presents to the plastic surgery office 3 months following a rhinoplasty procedure. The patient has been recovering well. However, she has noticed a small whistling noise when she respires through her nose, which you appreciate on physical exam. Which of the following is the most likely cause of this phenomenon?","its been 3 months since i had my nose done and im a 34 year old woman, and i came to the plastic surgery place because i been doin good but now i hear this little whistling noise when i breathe in through my nose. the doctor said they could hear it too when they looked at me.","{""A"": ""Post-operative swelling"", ""B"": ""A septal hematoma causing a perforation"", ""C"": ""A deviated septum that is now straight, resulting in altered nasal airflow"", ""D"": ""Excessive columellar show resulting in increased nasal airflow""}",B,,
AUD-077,c,"A 15-year-old woman presents with fever, altered mental status and a petechial rash on her lower extremities and back since yesterday evening. She also says she has been nauseous for the past 3 hours and has vomited twice. The patient mentions she has had heavy menstrual bleeding for the past few days. Her blood pressure is 95/80 mm Hg and her temperature is 40.0°C (104.0°F). On physical examination, the patient appears diaphoretic. A pelvic examination reveals a tampon in her vagina. Binding and activation of which of the following T cell receptors is responsible for this patient’s most likely condition?","i been feelin really bad since last nite, im 15 and a girl, and i had this fever that made my head feel all fuzzy and i got this rash with tiny red spots on my legs and back. for the last 3 hours i been feelin super nauseous and i threw up twice, and on top of that i been bleedin heavy for a few days now. they said my blood pressure was 95 over 80 and my temp was 40 degrees celsius, which is like 104 degrees fahrenheit. when the doctor looked at me i was sweatin a whole lot, and they found a tampon in me when they checked down there.","{""A"": ""B7 receptor"", ""B"": ""Variable β-sequence of the T cell receptor"", ""C"": ""CD3"", ""D"": ""IgCAM""}",B,,
AUD-078,c,"Patients with the diagnosis of sickle cell anemia make a specific type of hemoglobin known as HgbS. This mutation results in the sickling of their red blood cells when exposed to inciting factors such as hypoxic conditions. Patients are often treated with hydroxyurea, which has which of the following direct effects on their hemoglobin physiology?","people who have sickle cell anemia make this kinda hemoglobin called HgbS, and because of that, their red blood cells can turn into this sickle shape when they dont have enough oxygen. they usually get treated with this medicine called hydroxyurea, and im just wondering what it does to their hemoglobin.","{""A"": ""Decreases oxygen carrying capacity of hemoglobin"", ""B"": ""Increases levels of fetal hemoglobin (HgbF)"", ""C"": ""Decreases levels of HgbS"", ""D"": ""Decreases levels of fetal hemoglobin (HgbF)""}",B,,
AUD-079,c,"A 59-year-old man presents to his primary care provider with fatigue. He has been seen in the emergency room 5 times in the past 2 years for acute alcohol intoxication. His past medical history is notable for diabetes mellitus and gout. He takes metformin, glyburide, and allopurinol. His temperature is 98.6°F (37°C), blood pressure is 130/85 mmHg, pulse is 86/min, and respirations are 16/min. He is in no acute distress. A positive fluid wave is noted. The dorsal surface of the tongue is depapillated, and there are erythematous swollen patches at the oral commissures. A complete blood count and iron studies are reported below:

Hemoglobin: 12.1 g/dL
Hematocrit: 36%
Leukocyte count: 6,000/mm^3 with normal differential
Platelet count: 170,000/mm^3

Mean corpuscular volume: 70 um^3
Iron: 250 ug/dL
Ferritin: 300 ng/mL
Total iron binding capacity: 200 mcg/dL^3

Which of the following findings is most likely to be seen in this patient?","ive been feelin really tired and im a 59 year old man. i went to the emergency room 5 times in the last 2 years for drinkin too much, and i got diabetes and gout so i take some meds like metformin, glyburide, and allopurinol. they said my temperature was 98.6 and my blood pressure was 130 over 85, my pulse was 86 and i was breathin 16 times a minute. i was sittin there fine, not in any trouble or anything. they checked me out and said they felt some kinda wave when they pushed on my belly. my tongue looked kinda weird, like it was missing some bumps, and there were these red swollen spots at the corners of my mouth. they did some blood tests and told me my hemoglobin was 12.1, hematocrit was 36 percent, white blood cells were 6,000, and platelets were 170,000. then they said my mean corpuscular volume was 70, iron was 250, ferritin was 300, and total iron binding capacity was 200.","{""A"": ""Erythroblasts with mitochondrial iron deposits"", ""B"": ""Erythrocytes lacking central pallor"", ""C"": ""Erythrocytes with a ring of relative pallor"", ""D"": ""Inclusions of denatured hemoglobin""}",A,,
AUD-080,c,"A 23-year-old woman, gravida 2, para 1, at 20 weeks of gestation comes to the physician for a routine prenatal exam. Her last pregnancy was unremarkable and she gave birth to a healthy rhesus (RhD) positive girl. Her past medical history is notable for a blood transfusion after a car accident with a complex femur fracture about 3 years ago. Her temperature is 37.2°C (99°F), pulse is 92/min, and blood pressure is 138/82 mm Hg. Examination shows that the uterus is at the umbilicus. Ultrasound examination reveals normal fetal heart rate, movement, and anatomy. Routine prenatal labs show the following:
Blood type A Rh-
Leukocyte count 11,000/mm3
Hemoglobin 12.5 g/dL
Platelet count 345,000/mm3
Serum
Anti-D antibody screen Negative
Rubella IgM Negative
Rubella IgG Negative
Varicella IgM Negative
Varicella IgG Positive
STD panel Negative
Urine
Protein Trace
Culture No growth
Cervical cytology Normal
Which of the following is the best next step in management of this patient?""","im 23 years old and im 20 weeks pregnant with my second baby, and i came in for a regular check-up. my first pregnancy was totally fine and i had a healthy little girl who is RhD positive. about 3 years ago i got into a car accident and broke my leg and had to get a blood transfusion. they said my temperature was 37.2 degrees, my pulse was 92, and my blood pressure was 138 over 82. when they checked me out they said my uterus was at my belly button. they did an ultrasound and said everything looked good with the babys heart rate and movement and all that. they did some blood tests too and said my blood type is A and Rh negative. my white blood cells were 11,000 and my hemoglobin was 12.5 and my platelets were 345,000. they checked for some antibodies and said my Anti-D was negative, and i was negative for Rubella IgM and IgG but positive for Varicella IgG. the STD tests were negative and they found a little bit of protein in my urine but the culture was clear, and my cervical test was normal.","{""A"": ""Repeat antibody screening at 28 weeks. Administer anti-D immunoglobulin at 28 weeks and after delivery if the newborn is Rh(D) positive."", ""B"": ""Repeat antibody screening at 28 weeks and administer anti-D immunoglobulin at 28 weeks. No further management is needed."", ""C"": ""No further screening is needed. Administer anti-D immunoglobulin shortly after delivery"", ""D"": ""No further management is needed\n\""""}",A,,
AUD-081,c,"A novel type of PET radiotracer is being developed to evaluate patients with Parkinson’s disease. A clinical research study has enrolled 1,200 patients, half of whom have the disease. The scan is found to be positive in 590 of the 600 patients with known PD, and positive in 20 of the 600 patients without PD. What is the test’s overall specificity?","they got this new PET scan thing they are trying to use for people with Parkinsons disease. they got 1,200 people in this study and half of them have the disease. out of the 600 that do have it, the scan was positive for 590 of them, and then for the other 600 who dont have it, it was positive for 20 of them. i dont really know what the overall specificity is, but they are looking into it.","{""A"": ""580 / (20 + 590)"", ""B"": ""580 / (10 + 580)"", ""C"": ""590 / (590 + 10)"", ""D"": ""580 / (580 + 20)""}",D,,
AUD-082,b,"Two weeks after starting chemotherapy with etoposide, a 66-year-old man with small cell lung cancer comes to the physician because of persistent nausea and vomiting. His symptoms improve significantly after the administration of metoclopramide. This patient's symptoms were most likely due to the effect of chemotherapy on which of the following structures?","I've been dealing with nausea and vomiting for two weeks now after starting chemotherapy with etoposide for my small cell lung cancer. I came to see the doctor because it just wouldn't go away. They gave me something called metoclopramide, and it really helped a lot. I'm a 66-year-old man, and I'm just trying to figure out what's going on with these symptoms.","{""A"": ""Vestibular nerve"", ""B"": ""Intestinal smooth muscle"", ""C"": ""Vagus nerve"", ""D"": ""Area postrema""}",D,,
AUD-083,b,"A 65-year-old male presents to his primary care physician for stiffness in his arm. He states that he has been having trouble combing his hair and reaching objects that are high on the shelf. The patient has a past medical history of diabetes mellitus type II, obesity, and hypertension. His current medications include metformin, insulin, lisinopril, and hydrochlorothiazide. The patient admits to leading a sedentary life in which he tends to stay home and watch television. He does not engage in any physical or strenuous activity. On physical exam the patient has decreased passive and active range of motion of his shoulder. Strength of the patient's upper extremity is 4/5. Which of the following is the most likely diagnosis?","I'm a 65-year-old man and I've been having stiffness in my arm that's making it hard for me to comb my hair and reach for things on high shelves. I have type 2 diabetes, I'm obese, and I have high blood pressure. Right now, I'm taking metformin, insulin, lisinopril, and hydrochlorothiazide. I mostly just stay at home and watch TV, and I don't really do any physical activities or anything strenuous. When the doctor checked me, they found that I had less movement in my shoulder, both when I tried to move it myself and when they moved it for me. They said my strength in my arm was about 4 out of 5.","{""A"": ""Rotator cuff impingement"", ""B"": ""Adhesive capsulitis"", ""C"": ""Glenohumeral osteoarthritis"", ""D"": ""Subacromial bursitis""}",B,,
AUD-084,c,"A 34-year-old woman comes to the physician requesting prenatal care. For the past 2 months, she has had increasing breast tenderness, nausea, 3-kg (6.6-lb) weight gain, and urinary frequency. She is not sure about the date of her last menstrual period. She has been trying to conceive with her husband since she stopped taking oral contraceptives 6 months ago; she was happy to tell him last week that she is pregnant. Her temperature is 37.2°C (99°F), pulse is 100/min, and blood pressure is 110/60 mm Hg. Physical examination shows mild, nontender abdominal enlargement. The cervical os is closed. Urine β-hCG is negative. Transvaginal ultrasonography shows no abnormalities. Which of the following is the most likely diagnosis?","i went to the doctor because im 34 and i want to get prenatal care since i just found out im pregnant. for the last 2 months my breasts have been hurtin more and more and i feel kinda sick sometimes, and i gained about 3 kilos, which is like 6.6 pounds, and i gotta pee a whole lot. i dont really know when my last period was, but me and my husband have been tryin to have a baby since i stopped takin the pill 6 months ago, and i was super happy to tell him last week that im pregnant. they said my temperature was 37.2 and my pulse was 100 and my blood pressure was 110 over 60. when they checked my belly it was a little bigger but it didnt hurt, and they said my cervix was closed. they did a pee test for pregnancy and it came back negative, and then they did an ultrasound and said everything looked normal.","{""A"": ""Delusion of pregnancy"", ""B"": ""Pseudocyesis"", ""C"": ""Pregnancy"", ""D"": ""Incomplete abortion""}",B,,
AUD-085,b,"A 40-year-old man comes to the physician because of shortness of breath, double vision, and fatigue for the past 4 weeks. He has no history of serious medical illness and takes no medications. Physical examination shows drooping of the eyelids bilaterally. He is unable to hold his arms up for longer than 3 minutes. A CT scan of the chest shows an anterior mediastinal mass with smooth contours. A photomicrograph of a specimen from the mass is shown. Which of the following immunologic processes normally occurs in the region indicated by the arrow?","I've been having trouble breathing, double vision, and feeling really tired for the past four weeks. I'm a 40-year-old man and I don't have any serious medical issues, and I don't take any medications. When the doctor examined me, they noticed that my eyelids were drooping on both sides. I also couldn't hold my arms up for more than three minutes. They did a CT scan of my chest and found a mass in the front part of my chest that looked smooth. There was also a picture of a sample from that mass, but I don't know what it showed.","{""A"": ""B-cell maturation"", ""B"": ""V(D)J recombination"", ""C"": ""Thymocyte formation"", ""D"": ""Negative selection""}",D,,
AUD-086,b,"A mother brings her 18-year-old daughter to your office because she has not menstruated yet. They recently immigrated from another country, and do not have any previous medical records. The adolescent girl looks relatively short, but otherwise looks healthy. She has no complaints except for mild intermittent lower abdominal pain for the past year. On physical examination, vitals are within normal limits. There is the presence of axillary hair, breast development, and pubic hair at Tanner stage 5. You explain to the mother and the patient that you need to perform a complete vaginal examination, however, both of them declined the procedure and would prefer that lab test be performed. Her labs are significant for the following:
FSH 7 mIU/mL
Normal values:  
   Follicular phase 3.1 – 7.9 mIU/mL
   Ovulation peak 2.3 – 18.5 mIU/mL
   Luteal phase 1.4 – 5.5 mIU/mL
   Postmenopausal 30.6 – 106.3 mIU/mL
Estradiol 28 pg/mL
Normal values:  
   Mid-follicular phase 27 – 123 pg/mL
   Periovulatory 96 – 436 pg/mL
   Mid-luteal phase 49 – 294 pg/mL
   Postmenopausal 0 – 40 pg/mL
Testosterone 52 ng/dL, 40 – 60 ng/dL
What is the most likely diagnosis of this patient?","I brought my 18-year-old daughter in because she hasn't had her period yet. We just moved here from another country, and we don't have any medical records from before. She looks a bit short but otherwise seems healthy. The only thing she complains about is some mild lower belly pain that comes and goes, and that's been happening for about a year. When they checked her, her vital signs were normal. They noticed she has hair under her arms, her breasts have developed, and she has pubic hair, which they said is at Tanner stage 5. I was told that a complete vaginal exam was needed, but both of us said no to that and asked for lab tests instead. The lab results showed her FSH was 7, which is within the normal range for the follicular phase. Her estradiol was 28, which is also normal for the mid-follicular phase, and her testosterone was 52, which is in the normal range too. I'm her mom.","{""A"": ""Muellerian agenesis"", ""B"": ""Hyperprolactinemia"", ""C"": ""Turner syndrome"", ""D"": ""Androgen insensitivity""}",A,,
AUD-087,b,A 34-year-old male suffers from inherited hemophilia A. He and his wife have three unaffected daughters. What is the probability that the second daughter is a carrier of the disease?,"I'm a 34-year-old man and I have a condition called hemophilia A that I inherited. My wife and I have three daughters, and they are all healthy and don't have it. I'm just trying to understand the chances that our second daughter might be a carrier of this condition.","{""A"": ""0%"", ""B"": ""25%"", ""C"": ""50%"", ""D"": ""100%""}",D,,
AUD-088,b,"A 24-year-old pregnant woman at 28 weeks gestation presents to the emergency department with complaints of fever with chills and pain in her knee and ankle joints for the past 2 days. She also complains of headaches and difficulty moving her neck. Further questioning reveals that she had a tick bite on her arm while gardening a few days ago. Past medical history is noncontributory. She takes a multivitamin with iron and folate every day and has been receiving regular prenatal care and the pregnancy is progressing normally. On examination, an erythematous rash is seen on her right arm, as shown in the accompanying photograph. Her obstetric examination is normal. Ultrasound of the fetus is reassuring with a normal heartbeat and no gross abnormalities. A specimen is collected to test for Lyme disease. What is the next best step for this patient?","I'm a 24-year-old pregnant woman, and I'm 28 weeks along. I came to the emergency department because I've had a fever with chills and pain in my knee and ankle joints for the past two days. I've also been having headaches and it's been hard to move my neck. I remember getting a tick bite on my arm while I was gardening a few days ago. I take a multivitamin with iron and folate every day, and I've been getting regular prenatal care, and everything has been going well with my pregnancy. When they examined me, they found a red rash on my right arm. My obstetric exam was normal, and the ultrasound showed the baby has a normal heartbeat and no major issues. They took a sample to test for Lyme disease.","{""A"": ""Ibuprofen"", ""B"": ""Tetracycline"", ""C"": ""Amoxicilin"", ""D"": ""Gentamicin""}",C,,
AUD-089,b,"A 25-year-old primigravida is admitted to the hospital at 36 weeks gestation after a generalized tonic-clonic seizure. She is conscious, but lethargic and complains of a headache that started 2 hours prior to the seizure. She denies alcohol intake or drug use. She has no history of convulsive disorders and the antepartum course has been unremarkable. She was compliant with the recommended prenatal care and her last prenatal visit was 2 weeks ago. She has gained 2 kg (4.4 lb) since her last visit. The blood pressure was 160/90 mm Hg, the heart rate was 79/min, the respiratory rate was 14/min, and the temperature was 37.0℃ (98.6℉). The physical examination shows leg and perineal edema. The neurologic examination is significant for symmetric upper and lower extremity hyperreflexia and ankle clonus. Which of the following laboratory findings would be most common in this patient?","I'm a 25-year-old woman and I was admitted to the hospital because I had a seizure. It happened at 36 weeks into my pregnancy. I was conscious but felt really tired and had a headache that started about 2 hours before the seizure. I don't drink alcohol or use drugs, and I have no history of seizures. My pregnancy has been normal so far, and I went to my last prenatal visit just 2 weeks ago. Since then, I've gained 2 kg, which is about 4.4 pounds. When they checked my blood pressure, it was 160 over 90, my heart rate was 79 beats per minute, my breathing was 14 times a minute, and my temperature was 37.0 degrees Celsius, which is 98.6 degrees Fahrenheit. They also found swelling in my legs and around my private area. When they checked my nerves, they said my reflexes were really strong in both my arms and legs, and I had some twitching in my ankles.","{""A"": ""Elevated transaminases"", ""B"": ""Leukocytosis"", ""C"": ""Hyponatremia"", ""D"": ""Proteinuria""}",D,,
AUD-090,c,A 34-year-old male suffers from inherited hemophilia A. He and his wife have three unaffected daughters. What is the probability that the second daughter is a carrier of the disease?,"im a 34 year old guy and i got this thing called hemophilia A that i got from my family. my wife and me have three daughters and they all seem fine, like they dont have it or anything. im just wondering what the odds are that our second daughter could be a carrier of this disease.","{""A"": ""0%"", ""B"": ""25%"", ""C"": ""50%"", ""D"": ""100%""}",D,,
AUD-091,c,"A 7 -day-old newborn boy presents to the emergency department with a history of fever, irritability, and generalized erythema. During the first 2 days of clinical manifestations, the parents of the child tried to control the symptoms using acetaminophen; however, the newborn continued to be ill, and blisters were noticeable around the buttocks, hands, and feet. During the physical examination, the vital signs include body temperature 39.0°C (102.3°F), heart rate 130/min, and respiratory rate 45/min. Ears, nose, and oral mucosa preserved their integrity, while the skin presents with diffuse blanching erythema and flaccid blisters with a positive Nikolsky’s sign. What is the most likely diagnosis in this patient?","my little boy is only 7 days old and we had to take him to the emergency room cause he was running a fever and was super cranky and his skin was all red. for the first 2 days we tried givin him some acetaminophen to help with the fever but it just didnt work and then we saw blisters poppin up around his butt, hands, and feet. when they looked at him there they said his temp was 39.0 degrees celsius which is like 102.3 degrees fahrenheit, and his heart was goin 130 beats a minute and he was breathin 45 times a minute. his ears, nose, and mouth were all good but his skin was really red and had these soft blisters, and they mentioned something about a positive Nikolsky’s sign, whatever that means. im really worried about him.","{""A"": ""Scarlet fever"", ""B"": ""Scalded skin syndrome"", ""C"": ""Impetigo"", ""D"": ""Pyoderma""}",B,,
AUD-092,b,A 34-year-old man comes to the physician with a 2-month history of difficulty concentrating at work. He is worried he may lose his job due to poor performance. He feels constantly tired but attributes his fatigue to waking up early most mornings and being unable to fall back asleep. His wife has noticed that he has been speaking more slowly than usual and his appetite has decreased. He used to enjoy dance classes with her but has not been as interested in this recently. He is a veteran who returned from a deployment to Afghanistan 2 years ago. Which of the following is the most likely diagnosis?,"I've been having trouble concentrating at work for the past two months, and I'm really worried I might lose my job because of how poorly I'm performing. I feel tired all the time, but I think it's because I wake up early most mornings and can't get back to sleep. My wife has noticed that I've been talking more slowly than I usually do, and I've also lost some of my appetite. I used to love going to dance classes with her, but I haven't been as interested in that lately. I'm a 34-year-old man and I served in the military, coming back from Afghanistan two years ago.","{""A"": ""Major depressive disorder"", ""B"": ""Adjustment disorder"", ""C"": ""Acute stress disorder"", ""D"": ""Post traumatic stress disorder""}",A,,
AUD-093,c,A 34-year-old man comes to the physician because of frequent headaches and blurry vision during the past 4 months. He has also had difficulties achieving an erection over the past few weeks. Physical examination shows a temporal visual field deficit bilaterally. An MRI of the brain shows an intrasellar mass. The mass is most likely derived from which of the following types of cells?,"for the last 4 months ive been gettin these really bad headaches and my vision is all blurry, like i cant see things right. also, for the past few weeks its been hard to get an erection, which is really frustrating. when the doctor looked at me, they said something about my side vision not being right in both eyes. then they did this scan of my brain and found a mass in there somewhere. im a 34 year old man and honestly i just want to know what this all means.","{""A"": ""Thyrotrophs"", ""B"": ""Lactotrophs"", ""C"": ""Somatotrophs"", ""D"": ""Gonadotrophs""}",B,,
AUD-094,c,"A 6-year-old boy presents with fever, malaise, and intense pain in the anterior neck. His vital signs include: body temperature 39.0°C (102.2°F), heart rate 120/min, and respiratory rate 18/min and regular. On physical examination, there is erythema, tenderness and enlargement of the thyroid gland that is worse on the left. Pain is worsened during neck hyperextension and relieved during neck flexion. Thyroid function tests are within normal limits. An ultrasound of the thyroid gland reveals a unifocal perithyroidal hypoechoic space. Which of the following is the most likely mechanism underlying this patient’s condition?","my little boy is 6 and he has been really sick with a fever and just feels awful, and he has this super bad pain in the front of his neck. they said his temperature was 39.0 degrees celsius, which is like 102.2 degrees fahrenheit, and his heart was goin 120 beats a minute while he was breathin 18 times a minute and it was regular. when the doctor looked at him, they said his thyroid gland was all red and hurtin and swollen, especially on the left side. the pain gets worse when he tilts his neck back, but it feels better when he bends it forward. they told me his thyroid tests were normal, and then they did an ultrasound and found this one spot that looked different around it. im really worried about him.","{""A"": ""Postviral inflammatory process"", ""B"": ""Pyriform sinus fistula"", ""C"": ""Antithyroid peroxidase (TPO)"", ""D"": ""Autoantibodies to the thyrotropin receptor (TRAb)""}",B,,
AUD-095,c,"A 1-year-old boy is brought to the clinic by his parents for a regular check-up. His weight, height, and head size were found to be in the lower percentile ranges on standard growth curves. His hair is tangled and has a dry, brittle texture. Genetic testing reveals that the patient has a connective tissue disorder caused by impaired copper absorption and transport. The patient’s disorder is caused by a mutation in which of the following genes?","my little boy is just 1 year old and we brought him in for a check-up, me and his dad. the doctors said his weight and height and head size are all kinda low on the growth charts, like in the lower percentiles. his hair is all tangled up and it feels really dry and brittle too. they did some tests and told us he has this thing with his connective tissue because he cant absorb copper right or something like that. they said it has to do with a mutation in a gene but i dont really know which one.","{""A"": ""ATP7A"", ""B"": ""COL5A1"", ""C"": ""FBN1"", ""D"": ""ATP7B""}",A,,
AUD-096,c,"A 46-year-old woman presents with a 5-month history of worsening dry cough, occasional shortness of breath, and fatigue. She says she is now having trouble walking a full block. For the past week, she also has noticed bilateral swelling of the lower legs. She denies chest pain, fever, chills, syncope, or bloody sputum. Current vitals include: temperature 37.0°C (98.6°F), pulse 63/min, blood pressure 128/91 mm Hg and respiratory rate 15/min. On physical examination, there is elevated jugular venous pressure, decreased breath sounds bilaterally at the lung bases, and 1+ non-pitting edema bilaterally in the lower extremities. A chest X-ray demonstrates a slightly enlarged cardiac silhouette. Which of the following is the most appropriate next step in the diagnosis of this patient?","for the last 5 months ive had this dry cough that just keeps getting worse and now i get kinda short of breath sometimes and feel really tired all the time. its gotten to the point where i cant even walk a whole block without needing to stop and catch my breath. then for the past week i noticed both my legs are swollen, like really puffy. i dont have any chest pain or fever or chills or anything like that, and no blood when i cough. they said my temp was 37.0, my pulse was 63, my blood pressure was 128 over 91, and my breathing was 15. when the doctor checked me out, they said my neck veins were kinda raised, and they said my breath sounds were lower down in my lungs, and both my legs had some swelling that didnt leave a mark when they pressed on it. they took a picture of my chest and said my heart looked a little bigger than it should.","{""A"": ""Bronchoalveolar wash"", ""B"": ""Pulmonary function studies"", ""C"": ""Echocardiography"", ""D"": ""Chest CT""}",C,,
AUD-097,b,"A 59-year-old man presents to his primary care provider with fatigue. He has been seen in the emergency room 5 times in the past 2 years for acute alcohol intoxication. His past medical history is notable for diabetes mellitus and gout. He takes metformin, glyburide, and allopurinol. His temperature is 98.6°F (37°C), blood pressure is 130/85 mmHg, pulse is 86/min, and respirations are 16/min. He is in no acute distress. A positive fluid wave is noted. The dorsal surface of the tongue is depapillated, and there are erythematous swollen patches at the oral commissures. A complete blood count and iron studies are reported below:

Hemoglobin: 12.1 g/dL
Hematocrit: 36%
Leukocyte count: 6,000/mm^3 with normal differential
Platelet count: 170,000/mm^3

Mean corpuscular volume: 70 um^3
Iron: 250 ug/dL
Ferritin: 300 ng/mL
Total iron binding capacity: 200 mcg/dL^3

Which of the following findings is most likely to be seen in this patient?","I'm a 59-year-old man and I've been feeling really tired lately. I've gone to the emergency room five times in the last two years because of drinking too much. I have diabetes and gout, and I take metformin, glyburide, and allopurinol for those. My temperature was 98.6 degrees, my blood pressure was 130 over 85, my pulse was 86 beats per minute, and I was breathing 16 times a minute. I wasn't in any acute distress when I saw the doctor. They noticed a positive fluid wave when they examined me. My tongue looked different, like it was missing some bumps, and there were red swollen patches at the corners of my mouth. They did some blood tests, and my hemoglobin was 12.1, my hematocrit was 36 percent, my white blood cell count was 6,000, and my platelet count was 170,000. The mean corpuscular volume was 70, my iron level was 250, my ferritin was 300, and my total iron binding capacity was 200.","{""A"": ""Erythroblasts with mitochondrial iron deposits"", ""B"": ""Erythrocytes lacking central pallor"", ""C"": ""Erythrocytes with a ring of relative pallor"", ""D"": ""Inclusions of denatured hemoglobin""}",A,,
AUD-098,b,"A 34-year-old woman is brought to the emergency department following a high-speed motor vehicle collision in which she was the restrained driver. On arrival, she has a cervical collar in place and is unresponsive. Her temperature is 36.7°C (98°F), pulse is 70/min, and blood pressure is 131/76 mm Hg. Her pupils are dilated and not reactive to light. She is unresponsive to noxious stimuli. She is intubated, and mechanical ventilation is begun. Serum concentrations of electrolytes, urea nitrogen, and creatinine are within the reference range. Toxicology screening is negative. A CT scan of the head without contrast shows a massive intracranial bleed and a cervical spine injury at the level of C3. Which of the following is the most appropriate next step in diagnosing brain death?","I brought my 34-year-old daughter to the emergency department after she was in a really bad car accident where she was driving fast and was wearing her seatbelt. When we got there, she had a neck brace on and she wasn't responding at all. Her temperature was 36.7 degrees Celsius, her pulse was 70 beats per minute, and her blood pressure was 131 over 76. The doctors said her pupils were dilated and not reacting to light, and she didn't respond even when they tried to get a reaction from her. They had to put a tube in her throat to help her breathe. They checked her blood and said all the levels for electrolytes, urea nitrogen, and creatinine were normal. The toxicology test came back negative. They did a CT scan of her head without any contrast and found a huge bleed in her brain and an injury to her neck at the C3 level.","{""A"": ""Electroencephalography"", ""B"": ""Magnetic resonance angiography"", ""C"": ""Deep tendon reflex testing"", ""D"": ""Corneal reflex test""}",D,,
AUD-099,b,"A 27-year-old woman with no past medical history presents to the emergency department with recurrent wrist and neck pain for the last 2 months. She reports that her fingers feel stiff in the morning and the symptoms tend to improve as the day progresses. She denies any recent trauma or other inciting events. Family history is significant for a grandmother who suffered from fibromyalgia. Her temperature is 37°C (98.6°F), blood pressure is 120/70 mm Hg, respiratory rate is 16/min, and heart rate is 70/min. On physical examination, her metacarpophalangeal joints are erythematous and tender. Which of the following would be most helpful for diagnosing this patient’s condition?","I'm a 27-year-old woman and I've been having pain in my wrist and neck that keeps coming back for the last two months. In the mornings, my fingers feel really stiff, but it usually gets better as the day goes on. I haven't had any recent injuries or anything that might have caused this. My family history includes my grandmother who had fibromyalgia. My temperature was 37 degrees, my blood pressure was 120 over 70, my breathing rate was 16 times a minute, and my heart rate was 70. When the doctor examined me, they found that my finger joints were red and hurt when they touched them.","{""A"": ""Synovial fluid analysis"", ""B"": ""Anti-cyclic citrullinated peptide (anti-CCP) antibody"", ""C"": ""Rheumatoid factor"", ""D"": ""X-ray of cervical spine""}",B,,
AUD-100,c,"A 55-year-old caucasian male is transferred to a tertiary care hospital from a small county hospital where he presented with jaundice and severe abdominal pain that radiates to the back. While in the county hospital, he did not develop fever, and his vital signs were stable for the 48 hours he spent at there. Initial laboratory tests are given below:
Total bilirubin 7 mg/dL
Direct bilirubin 6.4 mg/dL
AST 100
ALT 40
Alkaline phosphatase 480 IU/L
Glucose 160 mg/dL
The patient’s medical history is relevant for hypertension and diabetes mellitus. He admits to smoking cigarettes since his early teenage years. Moderate icterus is evident during physical examination, the abdomen is distended and dull to percussion, and there is periumbilical tenderness. Which of the following markers would you expect to be elevated in this patient?","i got moved to a bigger hospital from a small county one because im a 55 year old man and i had this yellowing of my skin and some really bad pain in my stomach that goes to my back. while i was at the county hospital for 2 days, i didnt have a fever and my vitals were stable. they did some tests and my total bilirubin was 7, direct bilirubin was 6.4, AST was 100, ALT was 40, alkaline phosphatase was 480, and glucose was 160. i got high blood pressure and diabetes, and ive been smokin since i was a kid. they said i had moderate yellowing and my belly was all swollen and felt dull when they tapped it, and it hurt when they pushed around my belly button.","{""A"": ""CA 125"", ""B"": ""Desmin"", ""C"": ""CA 27-29"", ""D"": ""CA 19-9""}",D,,
AUD-101,b,"An investigator is studying the cell morphologies of the respiratory tract. He obtains a biopsy from the mainstem bronchus of a patient. On microscopic examination, the biopsy sample shows uniform squamous cells in layers. Which of the following best describes the histologic finding seen in this patient?","There's a researcher looking at the cells in the breathing tubes, and he took a small sample from the main bronchus of a patient. When they looked at it under the microscope, they saw that the sample had layers of squamous cells that were all pretty much the same. I'm not sure what that means exactly, but that's what they found.","{""A"": ""Metaplasia"", ""B"": ""Normal epithelium"", ""C"": ""Dysplasia"", ""D"": ""Anaplasia\n\""""}",A,,
AUD-102,c,"A 24-year-old woman presents to her primary care physician for a wellness visit. She says that she has been generally healthy but has noticed difficulty concentrating, becoming increasingly fatigued, and a 15-pound weight increase over the course of a few months. She also reports mild constipation and joint pain. Approximately 6-months ago, she experienced palpitations, increased stool frequency, and a hand tremor. Her past medical history is significant for asthma. Her father is not living and had Parkinson disease, and her mother has poorly controlled rheumatoid arthritis. She is currently sexually active in a monogamous relationship and uses contraception consistently. She denies cigarette smoking and occasionally drinks wine. She experimented once with lysergic acid diethylamide 6 years ago. Her temperature is 99°F (37.2°C), blood pressure is 127/98 mmHg, pulse is 55/min, and respirations are 13/min. On physical exam, the patient has slow speech and movement. She has tenderness to palpation of her wrist and ankle joints. She has delayed relaxation of deep tendon reflexes. Which of the following will most likely be found in this patient?","i went to the doctor for a checkup, im 24 and a woman, and even tho i usually feel pretty good, lately its been hard to focus and im super tired all the time, plus i gained like 15 pounds over the last few months. also, i have mild constipation and my joints hurt a bit. about 6 months ago, i had this thing where my heart was racing, i was going to the bathroom more often, and my hands were kinda shaky. i have asthma, and my dad passed away from parkinsons and my mom has really bad rheumatoid arthritis. im in a steady relationship and i use birth control all the time. i dont smoke but i drink wine sometimes, and i tried that acid stuff once like 6 years ago. they said my temp was 99 degrees, blood pressure was 127 over 98, my pulse was 55, and i was breathin 13 times a minute. when they checked me out, they said i was talkin and movin slow, and my wrists and ankles hurt when they pushed on them, plus my reflexes took a while to relax.","{""A"": ""Elevated TSH"", ""B"": ""High Patient Health Questionnaire-9 (PHQ-9) score"", ""C"": ""Positive anti-CCP antibodies"", ""D"": ""Positive urine toxicology""}",A,,
AUD-103,c,"A 20-year-old woman is brought in for a psychiatric consultation by her mother who is concerned because of her daughter’s recent bizarre behavior. The patient’s father died from lung cancer 1 week ago. Though this has been stressful for the whole family, the daughter has been hearing voices and having intrusive thoughts ever since. These voices have conversations about her and how she should have been the one to die and they encourage her to kill herself. She has not been able to concentrate at work or at school. She has no other history of medical or psychiatric illness. She denies recent use of any medication. Today, her heart rate is 90/min, respiratory rate is 17/min, blood pressure is 110/65 mm Hg, and temperature is 36.9°C (98.4°F). On physical exam, she appears gaunt and anxious. Her heart has a regular rate and rhythm and her lungs are clear to auscultation bilaterally. CMP, CBC, and TSH are normal. A urine toxicology test is negative. What is the patient’s most likely diagnosis?","my mom brought me in for some kinda checkup because shes really worried about me. im 20 and things have been really weird for me lately. my dad died from lung cancer just a week ago and ever since then ive been hearing these voices that talk about me and say i shoulda been the one to die and they tell me to hurt myself. its been super hard to focus on anything at work or school. i dont have any other health problems and i havent taken any meds lately. when they checked me today my heart rate was 90 and i was breathin 17 times a minute, my blood pressure was 110 over 65 and my temp was 36.9. they said i looked really thin and anxious. my heart was beatin normal and my lungs sounded clear. they did some blood tests and everything was normal and the pee test was negative. im just really struggling right now.","{""A"": ""Brief psychotic disorder"", ""B"": ""Adjustment disorder"", ""C"": ""Schizophrenia"", ""D"": ""Bereavement""}",A,,
AUD-104,b,An investigator is studying bacterial adaptations to the environment in an infectious isolate and a noninfectious isolate of Hemophilus influenzae type B. Animals exposed to the noninfectious isolate do not develop symptoms of infection. The investigator cultivates the noninfectious isolate in a culture with lysed bacteria from the infectious isolate. Some of the animals exposed to these bacteria develop symptoms of infection. Which of the following processes is most likely responsible for the described findings?,"An investigator is looking into how bacteria change to survive in different environments, specifically with two types of Hemophilus influenzae type B, one that causes infections and one that doesn't. They found that animals that were exposed to the noninfectious type didn't show any signs of infection. Then, the investigator grew the noninfectious type in a culture with broken-down bacteria from the infectious type. After that, some of the animals that were exposed to these bacteria started showing signs of infection. They're trying to figure out what process is likely causing this to happen.","{""A"": ""Conjugation"", ""B"": ""Reassortment"", ""C"": ""Transformation"", ""D"": ""Recombination""}",C,,
AUD-105,c,"A 10-year-old girl is brought to a clinic by her parents after 1 week of difficulty breathing, dry cough, and low-grade fevers. She has also developed shallow erythematous ulcers inside of her mouth. There is no history of chills, rigors, or headaches. Her appetite has decreased. The girl has been HIV-positive since birth and is being treated with HAART. Her baseline viral load is <50/mL. On general examination, the girl appears ill. Diffuse inspiratory crackles are heard on chest auscultation with normal heart sounds. No lymphadenopathy or hepatosplenomegaly is noted on physical examination. A blood sample is drawn, which shows a CD4 count of 100/mm3 and a viral load of 25,050/mL. What is the most likely mechanism responsible for the lack of responsiveness to therapy?","my 10 year old daughter has been havin a really hard time breathin for a week now and she has this dry cough and some low fevers that are kinda not too high but still there. she also got these little red sores in her mouth that look really bad. she hasnt had any chills or headaches or anything like that but she hasnt been eatin much either. shes been HIV positive since she was born and is on this treatment called HAART, and they said her viral load was under 50 before all this started. when the doctor checked her out she looked really sick and they listened to her chest and said they heard some crackling sounds when she breathes in but her heart sounded normal. they said there were no swollen lymph nodes or anything like that and they took some blood and told me her CD4 count was 100 and her viral load was 25,050. im really worried about her.","{""A"": ""Ineffective CD8 cytotoxicity"", ""B"": ""env gene mutation"", ""C"": ""pol gene mutation"", ""D"": ""Decreased viral replication""}",C,,
AUD-106,b,"A 6-year-old boy presents with fever, malaise, and intense pain in the anterior neck. His vital signs include: body temperature 39.0°C (102.2°F), heart rate 120/min, and respiratory rate 18/min and regular. On physical examination, there is erythema, tenderness and enlargement of the thyroid gland that is worse on the left. Pain is worsened during neck hyperextension and relieved during neck flexion. Thyroid function tests are within normal limits. An ultrasound of the thyroid gland reveals a unifocal perithyroidal hypoechoic space. Which of the following is the most likely mechanism underlying this patient’s condition?","My 6-year-old son has been feeling really sick with a fever and just not himself, plus he has this really bad pain in the front of his neck. His temperature was 39.0 degrees Celsius, which is 102.2 degrees Fahrenheit, and his heart was beating 120 times a minute while he was breathing 18 times a minute and it was regular. When the doctor checked him, they found that his thyroid gland was red, tender, and swollen, especially on the left side. The pain gets worse when he tilts his neck back, but it feels better when he bends it forward. They said his thyroid function tests were normal. They also did an ultrasound on his thyroid and found a single area that looked different around it. I'm really worried about him.","{""A"": ""Postviral inflammatory process"", ""B"": ""Pyriform sinus fistula"", ""C"": ""Antithyroid peroxidase (TPO)"", ""D"": ""Autoantibodies to the thyrotropin receptor (TRAb)""}",B,,
AUD-107,b,"Thirty minutes after delivery, a 3600-g (7-lb 15-oz) newborn has noisy breathing, bluish discoloration of her lips, and intermittent respiratory distress. She was born at 38 weeks' gestation and required bag-mask resuscitation immediately after delivery. Pregnancy was uncomplicated. Her mother has noticed the bluish lip discoloration worsen when she fed and improve when she cried. The patient's pulse is 163/min, respirations are 62/min, and blood pressure is 60/30 mm Hg. The crying infant's lungs are clear to auscultation. Further evaluation of this patient is most likely to show which of the following?","About thirty minutes after my baby girl was born, she started having noisy breathing and her lips turned a bit bluish. She was having trouble breathing off and on. She was born at 38 weeks and needed some help breathing right after she came out. My pregnancy went fine. I noticed that her lips get more blue when I feed her, but they get better when she cries. Her pulse was 163, she was breathing 62 times a minute, and her blood pressure was really low at 60 over 30. When they listened to her lungs, they said they sounded clear. I'm her mom.","{""A"": ""Diffuse reticulogranular densities on chest x-ray"", ""B"": ""Boot-shaped heart on chest x-ray"", ""C"": ""Passage of a gastric catheter through the mouth not possible"", ""D"": ""Passage of a catheter through the nasal cavity not possible""}",D,,
AUD-108,b,"A 76-year-old man with chronic obstructive pulmonary disease (COPD) presents complaining of 3 weeks of cough and progressive dyspnea on exertion in the setting of a 20 pound weight loss. He is a 60 pack-year smoker, worked as a shipbuilder 30 years ago, and recently traveled to Ohio to visit family. Chest radiograph shows increased bronchovascular markings, reticular parenchymal opacities, and multiple pleural plaques. Labs are unremarkable except for a slight anemia. Which of the following is the most likely finding on this patient's chest CT?","I'm a 76-year-old man and I've been coughing for three weeks now, and it's getting harder to breathe when I do anything. I've also lost about 20 pounds during this time. I have chronic obstructive pulmonary disease, and I used to smoke a lot, like 60 pack-years worth. I worked as a shipbuilder about 30 years ago, and I just went to Ohio to see some family. They did a chest X-ray and said there were some changes, like increased markings in my lungs, some kind of cloudy spots, and a few plaques on the lining. The lab tests were mostly normal, but they did say I have a little bit of anemia.","{""A"": ""Nodular mass spreading along pleural surfaces"", ""B"": ""Honeycombing"", ""C"": ""Air bronchogram"", ""D"": ""Lower lobe cavitary mass""}",D,,
AUD-109,b,"A 45-year-old woman presents with sudden-onset dyspnea. Her past medical history is significant for varicose veins in her lower extremities, well-controlled diabetes mellitus type 2, and a 25 pack-year smoking history. The patient currently takes metformin and pioglitazone. Family history is significant for her sister who died at the age of 35 because of a pulmonary embolism. Her temperature is 37.8°C (100.0°F), the pulse is 111/min, the respirations are 18/min, and the blood pressure is 130/60 mm Hg. On physical examination, the patient is pale and diaphoretic. Cardiac exam is significant for an S3 gallop. There is erythema and swelling over multiple varicose veins in her left leg. Ultrasound of her left leg is positive for a deep vein thrombosis. The patient is admitted, and anticoagulation is started with a vitamin K inhibitor. However, despite these interventions, she dies shortly after admission. Which of the following was the most likely etiology of this patient’s condition?","I came in because I suddenly couldn't breathe. I'm 45 years old and I have a history of varicose veins in my legs, and I manage my type 2 diabetes pretty well. I used to smoke a lot, about 25 packs over the years. Right now, I'm taking metformin and pioglitazone. My sister passed away at 35 from something called a pulmonary embolism, which is really significant for my family. When they checked me, my temperature was 37.8 degrees Celsius, my pulse was 111 beats per minute, I was breathing 18 times a minute, and my blood pressure was 130 over 60. They said I looked pale and sweaty. When they listened to my heart, they heard something called an S3 gallop. My left leg had some redness and swelling around the varicose veins. They did an ultrasound on my left leg and found a deep vein thrombosis. I was admitted to the hospital, and they started me on a blood thinner, but sadly, I died shortly after getting there.","{""A"": ""Distal peripheral microembolism"", ""B"": ""Necrotizing fasciitis"", ""C"": ""Protein S deficiency"", ""D"": ""Waldenström macroglobulinemia""}",C,,
AUD-110,b,"A 39-year-old woman comes to the physician because of fever, generalized fatigue, and chills for 1 week. She has been having dull right-side abdominal pain during this period. She has nausea. She has no history of travel outside the United States. She has type 1 diabetes mellitus. Current medications include insulin and an oral contraceptive. She appears ill. Her temperature is 40°C (104°F), pulse is 118/min, and blood pressure is 106/70 mm Hg. On examination, the liver is palpated 2–3 cm below the right costal margin and is tender. There are decreased breath sounds over the right lung base. The remainder of the examination shows no abnormalities. Laboratory studies show:
Hemoglobin 14.1 g/dL
Leukocyte count 17,100/mm3
Segmented neutrophils 74%
Eosinophils 1%
Lymphocytes 20%
Monocytes 5%
Serum
Glucose 79 mg/dL
Creatinine 1.1 mg/dL
Total bilirubin 0.9 mg/dL
Alkaline phosphatase 180 U/L
AST 69 U/L
ALT 100 U/L
A right upper quadrant ultrasound is shown. Which of the following is the most appropriate next step in management?""","I'm a 39-year-old woman and I've been feeling really sick for a week now. I have a fever, chills, and I'm super tired all the time. On top of that, I've had this dull pain on my right side in my belly, and I've been feeling nauseous. I haven't traveled outside the United States at all. I have type 1 diabetes and I'm taking insulin and an oral contraceptive. When the doctor checked me, I looked ill. My temperature was 40 degrees Celsius, my pulse was 118 beats per minute, and my blood pressure was 106 over 70. They felt my liver and said it was 2 to 3 centimeters below my ribs and it hurt when they touched it. They also said there were decreased breath sounds over the bottom of my right lung. Everything else seemed normal. They did a bunch of blood tests and said my hemoglobin was 14.1, my white blood cell count was 17,100, and my neutrophils were 74 percent. My glucose was 79, my creatinine was 1.1, my bilirubin was 0.9, my alkaline phosphatase was 180, my AST was 69, and my ALT was 100. They did an ultrasound of my right upper belly too.","{""A"": ""Discontinue the oral contraceptive"", ""B"": ""Obtain hepatoiminodiacetic acid scan"", ""C"": ""Perform endoscopic retrograde cholangiopancreatography"", ""D"": ""Perform percutaneous drainage\n\""""}",D,,
AUD-111,b,A 25-year-old African American man presents to his primary care provider for routine blood work. He is a well-known case of sickle cell disease treated with hydroxyurea and tramadol as needed for pain. He does not smoke or drink alcohol. The patient asks if his disease can adversely affect his kidneys because his friend was recently diagnosed with end-stage renal failure. Which of the following is a renal complication of sickle cell disease?,"I'm a 25-year-old African American man and I came to see my doctor for some routine blood work. I have sickle cell disease, and I take hydroxyurea for that, plus tramadol when I have pain. I don't smoke or drink alcohol. I was wondering if my disease could hurt my kidneys because my friend just found out he has end-stage renal failure. I'm really curious about what kind of kidney problems can come from sickle cell disease.","{""A"": ""Membranous glomerulonephritis"", ""B"": ""Proximal renal tubular acidosis"", ""C"": ""Impaired urine diluting ability"", ""D"": ""Impaired urine concentration ability""}",D,,
AUD-112,b,"A 7 -day-old newborn boy presents to the emergency department with a history of fever, irritability, and generalized erythema. During the first 2 days of clinical manifestations, the parents of the child tried to control the symptoms using acetaminophen; however, the newborn continued to be ill, and blisters were noticeable around the buttocks, hands, and feet. During the physical examination, the vital signs include body temperature 39.0°C (102.3°F), heart rate 130/min, and respiratory rate 45/min. Ears, nose, and oral mucosa preserved their integrity, while the skin presents with diffuse blanching erythema and flaccid blisters with a positive Nikolsky’s sign. What is the most likely diagnosis in this patient?","My 7-day-old baby boy came to the emergency department because he had a fever, was really irritable, and his skin was all red. For the first two days, we tried to give him acetaminophen to help with the fever, but he just kept getting worse, and we noticed blisters around his bottom, hands, and feet. When they checked him, his temperature was 39.0 degrees Celsius, which is 102.3 degrees Fahrenheit, his heart was beating 130 times a minute, and he was breathing 45 times a minute. His ears, nose, and mouth looked fine, but his skin had a lot of redness and those blisters were really soft, and they said something about a positive Nikolsky’s sign. I'm really worried about him.","{""A"": ""Scarlet fever"", ""B"": ""Scalded skin syndrome"", ""C"": ""Impetigo"", ""D"": ""Pyoderma""}",B,,
AUD-113,b,"A 30-year-old female presents to her primary care provider complaining of 4 days of fever, malaise, dyspnea, and productive cough and has recently developed pleuritic chest pain. Her past medical history is notable for asthma and takes albuterol as needed. She does not smoke but drinks alcohol socially. Her family history is notable for cystic fibrosis in her paternal uncle and interstitial lung disease in her paternal grandfather. Her temperature is 101°F (38.3°C), blood pressure is 115/75 mmHg, pulse is 110/min, and respirations are 21/min. Rales are noted in the right lower lung, and a chest radiograph demonstrates focal consolidation in the right lower lung lobe. After initiating the appropriate treatment, she agrees to take part in a study assessing the immune response to lung infections. A protein is identified in her serum that is thought to be elevated in response to her condition. An amino acid sequence at the carboxy terminus of the protein is isolated and a fluorescent marker is added to the sequence. This labeled sequence is subsequently added to a gel containing a protein isolated from the cell surface of the patient’s own neutrophils and macrophages and subsequently labeled with another fluorescent marker. The sequence binds strongly to this protein as evidenced by increased fluorescence in the gel. What process does this sequence typically undergo in immunocompetent individuals?","I'm a 30-year-old woman and I've been feeling really sick for the last four days. I have a fever, I'm super tired, and I've been having trouble breathing along with a cough that brings up stuff. Now I also have this sharp pain in my chest when I breathe in. I have asthma, and I use albuterol when I need it. I don't smoke, but I do drink a little bit socially. In my family, my uncle has cystic fibrosis and my grandfather had some lung disease. My temperature was 101 degrees Fahrenheit, my blood pressure was 115 over 75, my pulse was 110, and I was breathing 21 times a minute. They heard some crackling sounds in my right lung, and an X-ray showed some kind of infection in the lower part of that lung. After they started treating me, I agreed to be part of a study about how the immune system reacts to lung infections. They found a protein in my blood that they think is higher because of my illness. They took a part of that protein and added a fluorescent marker to it. Then they mixed it with another protein from my own immune cells that they also labeled with a different fluorescent marker, and they said the two stuck together really well because the gel got brighter. I'm not sure what happens next in people with a healthy immune system.","{""A"": ""Random assortment"", ""B"": ""Random nucleotide addition"", ""C"": ""VDJ recombination"", ""D"": ""Isotype switching""}",D,,
AUD-114,c,A 21-month-old boy is brought to the physician for a well-child examination. His mother noticed deformities in both of his legs since he started walking independently. He has been healthy apart from an upper respiratory tract infection 6 months ago. He was delivered at 38 weeks' gestation. His 6-year-old sister was treated for developmental dysplasia of the hip. He can kick a ball and say a 2-word phrase. He plays well with other children at his day care. His immunizations are up-to-date. He is at the 40th percentile for height and 50th percentile for weight. Vital signs are within normal limits. Examination shows closed anterior and posterior fontanelles. The knees do not stay together when both the feet and ankles are placed together. The gait is unremarkable. The mother is concerned that he has a growth disorder. Which of the following is the most appropriate next step in management?,"i took my little boy who is 21 months old to the doctor for his checkup and i noticed that both of his legs look kinda funny ever since he started walking by himself. other than that he has been healthy, just had a cold about 6 months ago. he was born at 38 weeks and his big sister who is 6 had to get some help for her hip when she was little. he can kick a ball and say 2 words together and he plays really good with the other kids at daycare. he got all his shots and they said he is in the 40th for height and 50th for weight. his vital signs were all normal too. when they looked at him they said his fontanelles were closed and his knees dont stay together when his feet and ankles are together. his walkin looked normal too. im kinda worried he might have a growth problem.","{""A"": ""Vitamin D supplementation"", ""B"": ""Reassurance and follow-up"", ""C"": ""X-ray of the lower extremities"", ""D"": ""Bracing of the lower extremities""}",B,,
AUD-115,c,"A 52-year-old man comes to the physician because of generalized pruritus and raised, erythematous plaques on the skin over his hands, chest, and legs for 6 hours. He reports having clear liquid discharge from his nose and sneezing. He says that his symptoms began suddenly the previous night, 30 minutes after he had dinner at a seafood restaurant. He has had similar symptoms occasionally in the past as well. Four months ago, he had an episode of narrow-angle glaucoma. He takes no medications. His vital signs are within normal limits. Nasal exam shows clear, serous secretions, with edematous and erythematous mucosa and turbinates. Paranasal sinuses are not tender to palpation. Which of the following is the most appropriate pharmacotherapy?","ive been really itchy all over for about 6 hours now and its like these red bumps on my skin, mostly on my hands, chest, and legs. i also got this clear stuff comin outta my nose and i keep sneezing. it all started last nite, like 30 minutes after i ate at a seafood place. i had this kinda thing happen before but not too often. about 4 months ago i had some trouble with my eyes, they called it narrow-angle glaucoma, but i dont take any meds for anything. they said my vitals were all normal, and when they checked my nose they saw clear liquid and said it was all swollen and red inside, but my sinuses were fine when they pressed on them. im a 52 year old man.","{""A"": ""Diphenhydramine"", ""B"": ""Fexofenadine"", ""C"": ""Vitamin K"", ""D"": ""Calamine lotion""}",B,,
AUD-116,b,"A 24-year-old female presents to the emergency department with a chief complaint of an inability to urinate. She states that this has been one of many symptoms she has experienced lately. At times she has had trouble speaking and has noticed changes in her vision however these episodes occurred over a month ago and have resolved since then. Two days ago she experienced extreme pain in her face that was exacerbated with brushing her teeth and plucking out facial hairs. The patient has no relevant past medical history, however, the patient admits to being sexually abused by her boyfriend for the past year. Her current medications include ibuprofen for menstrual cramps. On physical exam it is noted that leftward gaze results in only the ipsilateral eye gazing leftward. The patient's initial workup is started in the emergency department. Her vital signs are within normal limits and you note a pale and frightened young lady awaiting further care. Which of the following is the best initial test for this patient's chief complaint?","I'm a 24-year-old woman and I came to the emergency department because I can't urinate at all. This is just one of the many things I've been dealing with lately. A month ago, I had some trouble speaking and my vision changed, but those episodes went away. Two days ago, I had really bad pain in my face, especially when I brushed my teeth or pulled out facial hairs. I don't have any past medical issues, but I have been sexually abused by my boyfriend for the past year. Right now, I take ibuprofen for cramps. When they checked me, they noticed that when I look to the left, only my left eye moves that way. My vital signs were all normal, but I feel really pale and scared waiting for more help.","{""A"": ""Head CT"", ""B"": ""Head MRI"", ""C"": ""Lumbar puncture"", ""D"": ""Domestic abuse screening and exploring patient's life stressors""}",B,,
AUD-117,c,"A 55-year-old woman presents with severe pruritus and fatigue. She denies any similar symptoms in the past. No significant past medical history. Upon physical examination, scleral icterus is present, and significant hepatosplenomegaly is noted. Mild peripheral edema is also present. Laboratory findings are significant for elevated serum levels of bilirubin, aminotransferases, alkaline phosphatase (ALP), γ-glutamyl transpeptidase (GGTP), immunoglobulins, as well as cholesterol (especially HDL fraction). Antiviral antibodies are not present. The erythrocyte sedimentation rate is also elevated. Anti-mitochondrial antibodies are found. A liver biopsy is performed, and the histopathologic examination shows bile duct injury, cholestasis, and granuloma formation. Which of the following is the most likely diagnosis in this patient?","ive been really itchy and super tired for a while now, and im 55 years old, a woman. this is the first time anything like this has happened to me, and i dont have any big health problems in the past. when the doctor looked at me they said my eyes were yellow and my belly was all swollen up, like my liver and spleen were bigger than they should be. i also had some swelling in my legs. they did a lot of blood tests and said my bilirubin and liver stuff was high, and my cholesterol was high too, especially the good kind. they told me i dont have any of those antiviral antibodies, and my inflammation was up. they found some special antibodies that have to do with my liver. then they did a liver biopsy and said it showed some damage to my bile ducts and some other stuff, but honestly i dont really know what that all means.","{""A"": ""Primary biliary cirrhosis"", ""B"": ""Hemolytic anemia"", ""C"": ""Hepatitis A"", ""D"": ""Gilbert syndrome""}",A,,
AUD-118,b,"A 24-year-old G2P1 woman at 39 weeks’ gestation presents to the emergency department complaining of painful contractions occurring every 10 minutes for the past 2 hours, consistent with latent labor. She says she has not experienced vaginal discharge, bleeding, or fluid leakage, and is currently taking no medications. On physical examination, her blood pressure is 110/70 mm Hg, heart rate is 86/min, and temperature is 37.6°C (99.7°F). She has had little prenatal care and uses condoms inconsistently. Her sexually transmitted infections status is unknown. As part of the patient’s workup, she undergoes a series of rapid screening tests that result in the administration of zidovudine during delivery. The infant is also given zidovudine to reduce the risk of transmission. A confirmatory test is then performed in the mother to confirm the diagnosis of HIV. Which of the following is most true about the confirmatory test?","I'm a 24-year-old woman and I'm 39 weeks pregnant. I came to the emergency department because I've been having painful contractions every 10 minutes for the last 2 hours, which I think means I'm in latent labor. I haven't had any vaginal discharge, bleeding, or fluid leaking, and I'm not taking any medications right now. When they checked me, my blood pressure was 110 over 70, my heart rate was 86, and my temperature was 37.6 degrees Celsius, which is 99.7 degrees Fahrenheit. I haven't had much prenatal care and I don't always use condoms. They said they don't know my status for sexually transmitted infections. They did some quick tests on me, and because of that, they gave me a medication called zidovudine during delivery, and my baby also got it to help prevent transmission. After that, they did another test on me to confirm if I have HIV.","{""A"": ""It is a Southwestern blot, identifying the presence of DNA-binding proteins"", ""B"": ""It is a Northern blot, identifying the presence of RNA"", ""C"": ""It is a Northern blot, identifying the presence of DNA"", ""D"": ""It is an HIV-1/HIV2 antibody differentiation immunoassay""}",D,,
AUD-119,c,"A 29-year-old female presents to her primary care provider with an aching pain in her left leg that has progressively gotten worse over several days. She recently had an unfortunate sporting incident resulting in large bruises along both legs and lower thighs. An X-ray after the event was negative for fracture. Past medical history is positive for systemic lupus erythematosus. She also has a history of one spontaneous abortion at 12 weeks gestation. Today, her heart rate is 90/min, respiratory rate is 17/min, blood pressure is 119/80 mm Hg, and temperature is 37.0°C (98.6°F). On physical examination, her left leg appears pink and slightly swollen. Homan’s sign is positive. A Doppler ultrasound reveals a thrombus in the left popliteal vein. Her lab results are as follows:
Platelets 250,000/mm3
Prothrombin Time 14 sec
Partial Thromboplastin Time 90 sec
Mixing study (PTT) 89 sec
What is the most likely cause of the patient’s condition?","ive been havin this pain in my left leg that just keeps gettin worse over the last few days and its really achy. i had a bad fall while playin sports not too long ago and got these huge bruises on both my legs and my thighs. they did an x-ray after that and said there was no fracture or anything. im 29 and i got this thing called lupus, and i also had one miscarriage when i was 12 weeks along. today they said my heart rate was 90, my breathin was 17 times a minute, my blood pressure was 119 over 80, and my temp was 37.0 degrees celsius, which is 98.6 degrees fahrenheit. when they checked my left leg it looked kinda pink and was a little swollen. they did this test where they bent my foot and it hurt, so they said that was positive. then they did this ultrasound thing and found a clot in the vein behind my knee. my blood work showed my platelets were 250,000, and they said my prothrombin time was 14 seconds, and the other one was 90 seconds, and then the mixing study was 89 seconds.","{""A"": ""Antibodies directed against platelet glycoprotein IIb/IIIa"", ""B"": ""Antibodies directed against phospholipids"", ""C"": ""Antibodies directed against endothelial cells"", ""D"": ""Vitamin K deficiency""}",B,,
AUD-120,b,A 62-year-old woman with a history of hypertension and type 2 diabetes mellitus comes to the physician for a routine health maintenance examination. She has smoked 1 pack of cigarettes daily for the last 15 years. Current medications include glyburide and amlodipine. The physician prescribes a medication that decreases the production of mevalonate. Which of the following changes to the serum is most likely to develop as an adverse effect of the prescribed drug?,"I'm a 62-year-old woman and I have high blood pressure and type 2 diabetes. I came in for a regular check-up. I've been smoking a pack of cigarettes every day for the last 15 years. Right now, I'm taking glyburide and amlodipine. The doctor gave me a new medication that is supposed to lower something called mevalonate. I want to know what kind of changes in my blood might happen because of this new medicine.","{""A"": ""Increased creatine kinase concentration"", ""B"": ""Decreased glucose concentration"", ""C"": ""Increased triglyceride concentration"", ""D"": ""Increased bradykinin concentration""}",A,,
AUD-121,c,"A 42-year-old man is brought to the emergency department because of a 2-day history of dyspnea, chest pain, and hemoptysis that were preceded by 4 days of myalgia and a low-grade fever. He is currently visiting the United States as a tourist from Turkey, where he works at a factory that processes sheep wool and hide. An x-ray of the chest shows widening of the mediastinum. A sputum culture grows gram-positive rods in gray colonies that have irregular margins with wavy projections on microscopy. Which of the following virulence factors of the causal organism increased its survival in host tissue?","i got brought to the emergency room cause for the last 2 days ive been havin a really hard time breathin and my chest hurts and ive been coughin up blood too. before that for 4 days i had muscle aches and a low fever, and im a 42 year old man from turkey just visitin the US as a tourist, and i work in a factory that does stuff with sheep wool and hide. they took an x-ray of my chest and said it showed some kinda widening in the middle, and then they tested my spit and found some gray stuff that looked weird with edges that were all irregular and wavy when they looked at it under the microscope. i dont really get what that means.","{""A"": ""Glutamate capsule"", ""B"": ""Toxin B"", ""C"": ""IgA protease"", ""D"": ""Sulfatides""}",A,,
AUD-122,b,"A 29-year-old female presents to her primary care provider with an aching pain in her left leg that has progressively gotten worse over several days. She recently had an unfortunate sporting incident resulting in large bruises along both legs and lower thighs. An X-ray after the event was negative for fracture. Past medical history is positive for systemic lupus erythematosus. She also has a history of one spontaneous abortion at 12 weeks gestation. Today, her heart rate is 90/min, respiratory rate is 17/min, blood pressure is 119/80 mm Hg, and temperature is 37.0°C (98.6°F). On physical examination, her left leg appears pink and slightly swollen. Homan’s sign is positive. A Doppler ultrasound reveals a thrombus in the left popliteal vein. Her lab results are as follows:
Platelets 250,000/mm3
Prothrombin Time 14 sec
Partial Thromboplastin Time 90 sec
Mixing study (PTT) 89 sec
What is the most likely cause of the patient’s condition?","I'm a 29-year-old woman and I've been having this aching pain in my left leg that's been getting worse over the last few days. I had a bad accident while playing sports recently, and I ended up with big bruises on both of my legs and my lower thighs. They did an X-ray after that, and it didn't show any fractures. I have a history of systemic lupus erythematosus, and I also had one miscarriage when I was 12 weeks pregnant. Today, my heart rate was 90, my breathing was 17 times a minute, my blood pressure was 119 over 80, and my temperature was 37.0 degrees Celsius, which is 98.6 degrees Fahrenheit. When they looked at my left leg, it was pink and a little swollen. They did a test where they checked for pain when they bent my foot, and it hurt, so they said that was positive. Then they did a Doppler ultrasound and found a clot in the vein behind my knee. My lab results showed my platelets were 250,000, my prothrombin time was 14 seconds, my partial thromboplastin time was 90 seconds, and the mixing study was 89 seconds.","{""A"": ""Antibodies directed against platelet glycoprotein IIb/IIIa"", ""B"": ""Antibodies directed against phospholipids"", ""C"": ""Antibodies directed against endothelial cells"", ""D"": ""Vitamin K deficiency""}",B,,
AUD-123,b,"A 52-year-old man with hypertension and hyperlipidemia comes to the emergency department 30 minutes after the sudden onset of substernal chest pain while sitting in a chair at home. He reports drinking 2 glasses of whiskey earlier that day, after a stressful day at work. Current medications include hydrochlorothiazide and atorvastatin. He has smoked one pack of cigarettes daily for the past 20 years. His pulse is 102/min, and blood pressure is 135/88 mm Hg. Cardiopulmonary examination shows normal heart sounds. An ECG obtained on arrival at the emergency department shows ST-segment elevations in the anterior leads. 15 minutes later, the patient's chest pain has resolved and a repeat ECG shows no abnormalities. Which of the following is the most likely underlying mechanism of this patient’s chest pain?","I came to the emergency department because I suddenly had this chest pain right in the middle of my chest while I was just sitting in a chair at home. It started about 30 minutes ago. I'm 52 years old and I have high blood pressure and high cholesterol. Earlier today, I had two glasses of whiskey after a really stressful day at work. I take hydrochlorothiazide and atorvastatin for my conditions. I've been smoking a pack of cigarettes every day for the last 20 years. When they checked my pulse, it was 102 beats per minute, and my blood pressure was 135 over 88. They listened to my heart and said everything sounded normal. They did an ECG when I got here and it showed some changes in the front part of my heart. But then, 15 minutes later, my chest pain went away and they did another ECG that didn’t show anything wrong.","{""A"": ""Coronary artery vasospasm"", ""B"": ""Coronary artery vasodilation"", ""C"": ""Atherosclerotic plaque rupture"", ""D"": ""Pericardial inflammation""}",A,,
AUD-124,c,"A 56-year-old man is brought to the emergency room after a motor vehicle accident. The patient’s vitals are as follows: blood pressure 80/40 mm Hg, heart rate 111/min, respiratory rate 39/min, and temperature 37.1°C (98.8℉). On physical examination, the patient is unconscious with a GCS of 9/15 and is cyanotic. There are open fractures of the left femur and left tibia, a likely shoulder dislocation, multiple contusions on the limbs and thorax, and a puncture wound on the left side of his chest. There are no breath sounds on the left side and there is hyperresonance to percussion on the left. Preparations are made for an emergency needle thoracostomy to be performed to treat this patient’s likely tension pneumothorax. Which one of the following is the best choice to provide informed consent for this procedure?","my husband is 56 and he got into a really bad car accident and now hes in the emergency room. they said his blood pressure is super low at 80 over 40 and his heart is racing at 111 beats a minute, and he was breathin 39 times a minute, and his temp was 37.1 degrees. when they looked at him he was out cold and they said his score was 9 out of 15, and his skin looked kinda blue. he has broken bones in his left leg, like in his thigh and shin, and they think his shoulder is messed up too. he has a bunch of bruises all over his arms and chest and a hole in the left side of his chest. they said they cant hear him breathin on that side and when they tapped it, it sounded weird like there was air in there. they are gonna do some kinda emergency thing to fix what they think is a tension pneumothorax, and im really scared.","{""A"": ""The patient’s closest relatives (spouse, child or parent), who must be brought to the hospital as fast as possible"", ""B"": ""One of the witnesses at the scene of the car accident, who should be brought to the hospital as fast as possible"", ""C"": ""The hospital ethics committee"", ""D"": ""Informed consent is not needed in this case""}",D,,
AUD-125,c,"A 42-year-old man comes to the physician after elevated liver function tests were found after a routine screening. He has had occasional headaches over the past year, but otherwise feels well. The patient reports that he was involved in a severe car accident 30 years ago. He does not smoke or drink alcohol. He has never used illicit intravenous drugs. He takes no medications and has no known allergies. His father had a history of alcoholism and died of liver cancer. The patient appears thin. His temperature is 37.8°C (100°F), pulse is 100/min, and blood pressure is 110/70 mm Hg. Physical examination shows no abnormalities. Laboratory studies show:
Hemoglobin 14 g/dL
Leukocyte count 10,000/mm3
Platelet count 146,000/mm3
Serum
Glucose 150 mg/dL
Albumin 3.2 g/dL
Total bilirubin 1.5 mg/dL
Alkaline phosphatase 75 U/L
AST 95 U/L
ALT 73 U/L
HIV negative
Hepatitis B surface antigen negative
Hepatitis C antibody positive
HCV RNA positive
HCV genotype 1
A liver biopsy is performed and shows mononuclear infiltrates that are limited to portal tracts and periportal hepatocyte necrosis. Which of the following is the most appropriate next step in management?""","i went to the doctor cause they found some high liver tests when they checked me up for somethin else. im a 42 year old man and for the past year i been havin these headaches sometimes but other than that i feel pretty good. i was in a really bad car crash like 30 years ago but i dont smoke or drink and i never did any illegal drugs. i dont take any meds and i dont have any allergies that i know of. my dad had a drinking problem and he died from liver cancer. i look kinda thin. my temp was 37.8 and my pulse was 100 and my blood pressure was 110 over 70. they checked me out and said everything was normal. they did a bunch of blood tests and my hemoglobin was 14 and my white blood cells were 10,000 and my platelets were 146,000. they also said my blood sugar was 150 and my albumin was 3.2 and my total bilirubin was 1.5 and my alkaline phosphatase was 75 and my AST was 95 and my ALT was 73. they told me i was negative for HIV and Hepatitis B but positive for Hepatitis C antibodies and my HCV RNA was positive too. they said my HCV genotype is 1. then they did a liver biopsy and it showed some kinda inflammation and damage in certain spots. now im just waitin to see what they wanna do next.","{""A"": ""Sofosbuvir and ledipasvir therapy"", ""B"": ""Tenofovir and velpatasvir therapy"", ""C"": ""Interferon and ribavirin therapy"", ""D"": ""Tenofovir and entecavir therapy""}",A,,
AUD-126,c,"A 59-year-old woman comes to the physician 2 weeks after noticing a lump in her left breast. Examination of the left breast shows a firm, nontender mass close to the nipple. Mammography shows an irregular calcified mass. A core needle biopsy shows invasive ductal carcinoma. Genetic analysis of this patient's cancer cells is most likely to show overexpression of which of the following genes?","about 2 weeks ago i found this lump in my left breast and it kinda freaked me out so i went to see the doctor. they checked my left breast and said there was a firm mass close to my nipple but it didnt hurt at all. then they did this test called a mammogram and said there was an irregular calcified mass or something like that. after that they did a needle thing to take a sample and told me it showed invasive ductal carcinoma, whatever that means. im 59 and im a woman.","{""A"": ""HER2"", ""B"": ""BCR-ABL"", ""C"": ""BRCA-2"", ""D"": ""BCL-2""}",A,,
AUD-127,b,A 21-month-old boy is brought to the physician for a well-child examination. His mother noticed deformities in both of his legs since he started walking independently. He has been healthy apart from an upper respiratory tract infection 6 months ago. He was delivered at 38 weeks' gestation. His 6-year-old sister was treated for developmental dysplasia of the hip. He can kick a ball and say a 2-word phrase. He plays well with other children at his day care. His immunizations are up-to-date. He is at the 40th percentile for height and 50th percentile for weight. Vital signs are within normal limits. Examination shows closed anterior and posterior fontanelles. The knees do not stay together when both the feet and ankles are placed together. The gait is unremarkable. The mother is concerned that he has a growth disorder. Which of the following is the most appropriate next step in management?,"I brought my 21-month-old son in for his well-child checkup. I've noticed some deformities in both of his legs ever since he started walking on his own. Other than that, he's been healthy, except for a cold he had about six months ago. He was born at 38 weeks. His 6-year-old sister had some treatment for a hip problem when she was younger. He can kick a ball and say two-word phrases, and he plays well with other kids at his daycare. His shots are all up to date. He's in the 40th percentile for height and the 50th percentile for weight. His vital signs were all normal. When they examined him, they said his fontanelles were closed, and his knees don't stay together when his feet and ankles are together. His walking looked normal. I'm worried that he might have a growth disorder.","{""A"": ""Vitamin D supplementation"", ""B"": ""Reassurance and follow-up"", ""C"": ""X-ray of the lower extremities"", ""D"": ""Bracing of the lower extremities""}",B,,
AUD-128,b,"A 23-year-old woman, gravida 2, para 1, at 28 weeks' gestation comes to the physician for a routine prenatal examination. Her previous pregnancy was uncomplicated and she gave birth to a healthy boy. Her blood group is A, Rh-negative. The father's blood group is B, Rh-positive. Administration of which of the following is most appropriate at this time?","I'm a 23-year-old woman and I'm 28 weeks pregnant with my second child. I came in for a regular check-up. My first pregnancy went smoothly, and I had a healthy baby boy. My blood type is A and I'm Rh-negative, while the father's blood type is B and he's Rh-positive. They were asking about what I should get done at this visit.","{""A"": ""Anti-A IgG"", ""B"": ""Anti-D IgG"", ""C"": ""Anti-B IgG"", ""D"": ""Anti-D IgM""}",B,,
AUD-129,b,"A 23-year-old woman, gravida 2, para 1, at 20 weeks of gestation comes to the physician for a routine prenatal exam. Her last pregnancy was unremarkable and she gave birth to a healthy rhesus (RhD) positive girl. Her past medical history is notable for a blood transfusion after a car accident with a complex femur fracture about 3 years ago. Her temperature is 37.2°C (99°F), pulse is 92/min, and blood pressure is 138/82 mm Hg. Examination shows that the uterus is at the umbilicus. Ultrasound examination reveals normal fetal heart rate, movement, and anatomy. Routine prenatal labs show the following:
Blood type A Rh-
Leukocyte count 11,000/mm3
Hemoglobin 12.5 g/dL
Platelet count 345,000/mm3
Serum
Anti-D antibody screen Negative
Rubella IgM Negative
Rubella IgG Negative
Varicella IgM Negative
Varicella IgG Positive
STD panel Negative
Urine
Protein Trace
Culture No growth
Cervical cytology Normal
Which of the following is the best next step in management of this patient?""","I'm a 23-year-old woman, and I'm currently 20 weeks pregnant with my second child. I came in for a routine check-up. My first pregnancy went well, and I had a healthy baby girl who is RhD positive. About three years ago, I had a car accident where I broke my femur and needed a blood transfusion. My temperature was 37.2 degrees Celsius, my pulse was 92 beats per minute, and my blood pressure was 138 over 82. When they examined me, they said my uterus was at my belly button. They did an ultrasound and said everything looked normal with the baby's heart rate, movement, and anatomy. They also did some routine blood tests, and my blood type is A and Rh negative. My white blood cell count was 11,000, my hemoglobin was 12.5, and my platelet count was 345,000. They checked for some antibodies and said my Anti-D antibody screen was negative, and I was negative for Rubella IgM and IgG, but I was positive for Varicella IgG. The STD panel came back negative, and they found a trace of protein in my urine, but the culture showed no growth. My cervical cytology was normal.","{""A"": ""Repeat antibody screening at 28 weeks. Administer anti-D immunoglobulin at 28 weeks and after delivery if the newborn is Rh(D) positive."", ""B"": ""Repeat antibody screening at 28 weeks and administer anti-D immunoglobulin at 28 weeks. No further management is needed."", ""C"": ""No further screening is needed. Administer anti-D immunoglobulin shortly after delivery"", ""D"": ""No further management is needed\n\""""}",A,,
AUD-130,b,"In a study, 2 groups are placed on different statin medications, statin A and statin B. Baseline LDL levels are drawn for each group and are subsequently measured every 3 months for 1 year. Average baseline LDL levels for each group were identical. The group receiving statin A exhibited an 11 mg/dL greater reduction in LDL in comparison to the statin B group. Statistical analysis reports a p-value of 0.052. Which of the following best describes the meaning of this p-value?","In a study, there were two groups of people taking different statin medications, one group was on statin A and the other on statin B. They checked their LDL levels at the start and then again every three months for a year. The average LDL levels were the same for both groups at the beginning. After a year, the group taking statin A had an 11 mg/dL bigger drop in their LDL levels compared to the group on statin B. They did some statistical analysis and found a p-value of 0.052. This p-value helps us understand how likely it is that the difference in LDL reduction happened by chance.","{""A"": ""If 100 similar experiments were conducted, 5.2 of them would show similar results"", ""B"": ""There is a 5.2% chance that A is more effective than B is due to chance"", ""C"": ""There is a 94.8% chance that the difference observed reflects a real difference"", ""D"": ""This is a statistically significant result""}",B,,
AUD-131,c,"A 45-year-old homeless man comes to the emergency department because of progressive neck pain for 3 days. He also reports headaches and numbness in both hands. Over the past 4 months, he has had intermittent lower back pain after waking up. The back pain improves with movement. He also has recurrent episodes of gout in the metatarsophalangeal joint of his right big toe. He has smoked one pack of cigarettes daily for 20 years and drinks four beers daily. The patient is a known user of intravenous heroin. He appears acutely ill. His temperature is 39°C (102.2°F), pulse is 110/min, and blood pressure is 140/85 mm Hg. There are several track marks on both forearms. Examination of the neck shows warmth, erythema, and limited range of motion. Gentle palpation over the midcervical spinal processes causes severe pain. Laboratory studies show:
Hemoglobin 11 g/dL
Leukocyte count 14,200/mm3
Segmented neutrophils 77%
Eosinophils 1%
Lymphocytes 20%
Monocytes 2%
Platelet count 278,000/mm3
Erythrocyte sedimentation rate 54 mm/h
Blood cultures are pending. An x-ray of the cervical spine shows no abnormalities. An MRI of the spine shows signs of inflammation. A bone biopsy confirms the diagnosis. Which of the following is the most appropriate next step in management?""","im a 45 year old man and ive been homeless for a while now. i came to the emergency room cause my neck has been hurtin more and more for 3 days now, and on top of that i got these headaches and my hands feel all numb. for the last 4 months i been havin this back pain that comes and goes when i wake up, but it gets better when i move around. also i keep gettin these flare-ups of gout in my right big toe. i smoke a pack of cigs every day for 20 years and drink about 4 beers a day. i also use heroin with needles. when i got here i felt really sick. they said my temp was 39 degrees celsius, which is like 102.2 degrees fahrenheit, my pulse was 110, and my blood pressure was 140 over 85. they found a bunch of track marks on both my arms. when they looked at my neck it was warm and red and i couldn’t move it good. if they touched it, it hurt a lot. they did some blood tests and told me my hemoglobin was 11, my white blood cells were 14,200, and my neutrophils were 77 percent. my eosinophils were 1 percent, lymphocytes were 20 percent, monocytes were 2 percent, and my platelets were 278,000. they said my erythrocyte sedimentation rate was 54. they are still waitin on the blood cultures. they did an x-ray of my neck and it was normal, but the MRI showed some inflammation. they did a bone biopsy and confirmed the diagnosis.","{""A"": ""Lumbar puncture"", ""B"": ""Intravenous ciprofloxacin and vancomycin therapy"", ""C"": ""Oral indomethacin therapy"", ""D"": ""Bone scintigraphy\n\""""}",B,,
AUD-132,b,"A previously healthy 19-year-old man comes to the physician with right-sided, dull, throbbing scrotal pain for 12 hours. He has also had a burning sensation on urination and increased urinary frequency for the past 3 days. He has not had urethral discharge. He is sexually active with one female partner and does not use condoms. Vital signs are within normal limits. Physical examination shows a tender right testicle; lifting it provides relief. The penis appears normal, with no discharge at the meatus. Laboratory studies show a normal complete blood count; urinalysis shows 3 WBC/hpf. A Gram stain of a urethral swab shows polymorphonuclear leukocytes but no organisms. Testicular ultrasound shows increased blood flow to the right testicle compared to the left. Which of the following is the most likely cause of this patient's symptoms?","I'm a 19-year-old man and I've been having this dull, throbbing pain on the right side of my scrotum for about 12 hours now. For the past 3 days, I've also felt a burning sensation when I urinate and I've been going to the bathroom more often. I haven't noticed any discharge from my urethra. I'm sexually active with one female partner and I don't use condoms. My vital signs were all normal. When the doctor examined me, he found that my right testicle was tender, but lifting it made it feel better. My penis looked normal and there was no discharge at the opening. They did some lab tests and my complete blood count was normal, but my urinalysis showed 3 white blood cells per high power field. They also did a Gram stain on a swab from my urethra and saw some white blood cells but no germs. An ultrasound of my testicles showed that there was more blood flow to the right testicle than to the left.","{""A"": ""Neisseria gonorrhoeae infection"", ""B"": ""Testicular tumor"", ""C"": ""Chlamydia trachomatis infection"", ""D"": ""Varicocele""}",C,,
AUD-133,b,"A 34-year-old woman presents to the plastic surgery office 3 months following a rhinoplasty procedure. The patient has been recovering well. However, she has noticed a small whistling noise when she respires through her nose, which you appreciate on physical exam. Which of the following is the most likely cause of this phenomenon?","I'm a 34-year-old woman and I came to the plastic surgery office because it's been 3 months since I had my nose surgery. I've been healing pretty well, but I've noticed this small whistling sound when I breathe through my nose. The doctor could hear it too when they examined me.","{""A"": ""Post-operative swelling"", ""B"": ""A septal hematoma causing a perforation"", ""C"": ""A deviated septum that is now straight, resulting in altered nasal airflow"", ""D"": ""Excessive columellar show resulting in increased nasal airflow""}",B,,
AUD-134,b,"A 34-year-old woman comes to the physician requesting prenatal care. For the past 2 months, she has had increasing breast tenderness, nausea, 3-kg (6.6-lb) weight gain, and urinary frequency. She is not sure about the date of her last menstrual period. She has been trying to conceive with her husband since she stopped taking oral contraceptives 6 months ago; she was happy to tell him last week that she is pregnant. Her temperature is 37.2°C (99°F), pulse is 100/min, and blood pressure is 110/60 mm Hg. Physical examination shows mild, nontender abdominal enlargement. The cervical os is closed. Urine β-hCG is negative. Transvaginal ultrasonography shows no abnormalities. Which of the following is the most likely diagnosis?","I'm a 34-year-old woman and I came to see the doctor because I want to start prenatal care. For the last two months, I've been feeling more and more tenderness in my breasts, I've had some nausea, I've gained about 3 kilograms, which is like 6.6 pounds, and I need to go to the bathroom a lot. I'm not really sure when my last period was. My husband and I have been trying to have a baby since I stopped taking the birth control pills about six months ago, and I was really happy to tell him last week that I'm pregnant. My temperature was 37.2 degrees Celsius, my pulse was 100 beats per minute, and my blood pressure was 110 over 60. When the doctor examined me, they found my belly was a little bigger but not painful. They said my cervix was closed, and the urine test for pregnancy came back negative. They also did an ultrasound and said everything looked normal.","{""A"": ""Delusion of pregnancy"", ""B"": ""Pseudocyesis"", ""C"": ""Pregnancy"", ""D"": ""Incomplete abortion""}",B,,
AUD-135,b,"A 51-year-old man presents the emergency room with chest pain. He mentions that the pain started several hours ago and radiates to his left neck and shoulder. He also mentions that he has some difficulty in breathing. He says that he has had similar chest pains before, but nothing seemed to be wrong at that time. He was diagnosed with high cholesterol during that episode and was prescribed medication. He also has a 3-year history of gastritis. The blood pressure is 130/80 mm Hg, respirations are 18/min, and the pulse is 110/min. He seems a little anxious. The physical examination reveals no significant abnormalities. An ECG shows slight changes in the leads. His physician talks to him about the benefits of taking low-dose aspirin daily. Which of the following would be a contraindication to the use of aspirin in this patient?","I came to the emergency room because I've been having chest pain. It started several hours ago and it goes to my left neck and shoulder. I'm also having some trouble breathing. I've had similar chest pains before, but they said nothing was wrong back then. They found out I had high cholesterol during that time and gave me some medication for it. I also have a history of gastritis for the past three years. My blood pressure was 130 over 80, my breathing was 18 times a minute, and my pulse was 110. I feel a little anxious. They checked me out and said there were no big issues, but the ECG showed some slight changes in the leads. My doctor talked to me about how taking low-dose aspirin every day could help. I'm a 51-year-old man.","{""A"": ""ECG changes"", ""B"": ""Hypercholesterolemia"", ""C"": ""Gastritis"", ""D"": ""Increased pulse rate""}",C,,
AUD-136,b,"A 45-year-old homeless man comes to the emergency department because of progressive neck pain for 3 days. He also reports headaches and numbness in both hands. Over the past 4 months, he has had intermittent lower back pain after waking up. The back pain improves with movement. He also has recurrent episodes of gout in the metatarsophalangeal joint of his right big toe. He has smoked one pack of cigarettes daily for 20 years and drinks four beers daily. The patient is a known user of intravenous heroin. He appears acutely ill. His temperature is 39°C (102.2°F), pulse is 110/min, and blood pressure is 140/85 mm Hg. There are several track marks on both forearms. Examination of the neck shows warmth, erythema, and limited range of motion. Gentle palpation over the midcervical spinal processes causes severe pain. Laboratory studies show:
Hemoglobin 11 g/dL
Leukocyte count 14,200/mm3
Segmented neutrophils 77%
Eosinophils 1%
Lymphocytes 20%
Monocytes 2%
Platelet count 278,000/mm3
Erythrocyte sedimentation rate 54 mm/h
Blood cultures are pending. An x-ray of the cervical spine shows no abnormalities. An MRI of the spine shows signs of inflammation. A bone biopsy confirms the diagnosis. Which of the following is the most appropriate next step in management?""","I'm a 45-year-old man and I've been homeless. I came to the emergency department because my neck has been hurting more and more for the last three days. I've also been having headaches and my hands feel numb. For the past four months, I've had some lower back pain that comes and goes when I wake up, but it gets better when I move around. I also have these recurring flare-ups of gout in my right big toe. I've been smoking a pack of cigarettes every day for 20 years and I drink about four beers daily. I use intravenous heroin too. When I got here, I felt really sick. My temperature was 39 degrees Celsius, which is 102.2 degrees Fahrenheit, my pulse was 110 beats per minute, and my blood pressure was 140 over 85. They found several track marks on both of my forearms. When they checked my neck, it was warm, red, and I couldn't move it well. If they pressed on my neck, it hurt a lot. They did some blood tests and said my hemoglobin was 11, my white blood cell count was 14,200, and my neutrophils were 77 percent. My eosinophils were 1 percent, lymphocytes were 20 percent, monocytes were 2 percent, and my platelets were 278,000. They also said my erythrocyte sedimentation rate was 54. They are still waiting on the blood cultures. An x-ray of my neck didn't show anything wrong, but an MRI showed some inflammation. They did a bone biopsy and confirmed the diagnosis.","{""A"": ""Lumbar puncture"", ""B"": ""Intravenous ciprofloxacin and vancomycin therapy"", ""C"": ""Oral indomethacin therapy"", ""D"": ""Bone scintigraphy\n\""""}",B,,
AUD-137,b,"A 56-year-old man is brought to the emergency room after a motor vehicle accident. The patient’s vitals are as follows: blood pressure 80/40 mm Hg, heart rate 111/min, respiratory rate 39/min, and temperature 37.1°C (98.8℉). On physical examination, the patient is unconscious with a GCS of 9/15 and is cyanotic. There are open fractures of the left femur and left tibia, a likely shoulder dislocation, multiple contusions on the limbs and thorax, and a puncture wound on the left side of his chest. There are no breath sounds on the left side and there is hyperresonance to percussion on the left. Preparations are made for an emergency needle thoracostomy to be performed to treat this patient’s likely tension pneumothorax. Which one of the following is the best choice to provide informed consent for this procedure?","My 56-year-old husband was brought to the emergency room after he got into a car accident. His blood pressure was really low at 80 over 40, his heart was beating fast at 111 beats per minute, he was breathing 39 times a minute, and his temperature was 37.1 degrees Celsius. When they checked him, he was unconscious with a Glasgow Coma Scale score of 9 out of 15, and his skin was a bluish color. He has open fractures in his left thigh and left shin, and they think his shoulder might be dislocated. There are also a lot of bruises on his arms, legs, and chest, plus a puncture wound on the left side of his chest. They couldn’t hear any breath sounds on that side, and when they tapped on it, it sounded different, like it was full of air. They are getting ready to do an emergency procedure to help with what they think is a tension pneumothorax. I’m really worried about him.","{""A"": ""The patient’s closest relatives (spouse, child or parent), who must be brought to the hospital as fast as possible"", ""B"": ""One of the witnesses at the scene of the car accident, who should be brought to the hospital as fast as possible"", ""C"": ""The hospital ethics committee"", ""D"": ""Informed consent is not needed in this case""}",D,,
AUD-138,c,"A 45-year-old female presents to the emergency department with gross hematuria and acute, colicky flank pain. She denies any previous episodes of hematuria. She reports taking high doses of acetaminophen and aspirin over several weeks due to persistent upper back pain. The patient’s blood pressure and temperature are normal, but she is found to have proteinuria. Physical examination is negative for palpable flank masses. Which of the following is the most likely diagnosis:","i went to the emergency room because im a 45 year old woman and ive been seeing blood in my pee and it hurts really bad in my side like crampy, and its been going on for a little while now. i never had blood in my pee before this. i been takin a whole lot of acetaminophen and aspirin for my upper back pain for weeks now. they said my blood pressure and temp were normal but they found some protein in my urine. when they checked me out they said they didnt feel any lumps in my side.","{""A"": ""Diffuse cortical necrosis"", ""B"": ""Chronic pyelonephritis"", ""C"": ""Papillary necrosis"", ""D"": ""Acute Nephrolithiasis""}",C,,
AUD-139,c,An investigator is studying bacterial adaptations to the environment in an infectious isolate and a noninfectious isolate of Hemophilus influenzae type B. Animals exposed to the noninfectious isolate do not develop symptoms of infection. The investigator cultivates the noninfectious isolate in a culture with lysed bacteria from the infectious isolate. Some of the animals exposed to these bacteria develop symptoms of infection. Which of the following processes is most likely responsible for the described findings?,"theres this investigator who is studying how some bacteria can change to live in different places, and they are looking at two kinds of Hemophilus influenzae type B, one that makes people sick and one that dont. they noticed that when animals were around the one that dont make them sick, they were fine and had no symptoms. then the investigator mixed the one that dont make them sick with some broken parts of the one that does, and after that some of the animals started to show symptoms of being sick. now they are trying to figure out what might be causing this.","{""A"": ""Conjugation"", ""B"": ""Reassortment"", ""C"": ""Transformation"", ""D"": ""Recombination""}",C,,
AUD-140,c,"A 55-year-old man comes to the physician because of a 6-week history of tingling pain in the sole of his right foot when he raises it above chest level during exercises. He reports that he started exercising regularly 2 months ago and that his right calf cramps when he uses the incline feature on the treadmill, forcing him to take frequent breaks. The pain completely disappears after resting for a few minutes. He has an 8-year history of type 2 diabetes mellitus. He has smoked two packs of cigarettes daily for 34 years. His only medication is metformin. His pulse is 82/min, and blood pressure is 170/92 mm Hg. Straight leg raise test elicits pallor and tingling pain in the right foot. There is no pain in the back. His muscle strength is normal. Femoral pulses are palpable; right pedal pulses are absent. Which of the following is the most likely diagnosis?","ive been having this weird tingling pain in the bottom of my right foot for like 6 weeks now, and it only happens when i raise my foot up above my chest while im exercisin. i started workin out regularly about 2 months ago, and when i use the incline on the treadmill my right calf cramps up and i gotta take breaks all the time. the pain goes away completely after i rest for a few minutes. im a 55 year old man and i got type 2 diabetes for 8 years now. i smoke 2 packs of cigs every day for 34 years, and the only medicine im on is metformin. my pulse was 82 and my blood pressure was 170 over 92. they did this straight leg raise test and it made my right foot go pale and hurt with that tingling pain, but i dont have any pain in my back and my muscle strength is normal. they could feel my femoral pulses but they said my right pedal pulses were gone.","{""A"": ""Femoropopliteal artery stenosis"", ""B"": ""Acute thrombosis of right popliteal vein"", ""C"": ""Lumbar spinal stenosis"", ""D"": ""Aortoiliac artery stenosis\n\""""}",A,,
AUD-141,c,"A 16-year-old boy is brought to the emergency department by ambulance from a soccer game. During the game, he was about to kick the ball when another player collided with his leg from the front. He was unable to stand up after this collision and reported severe knee pain. On presentation, he was found to have a mild knee effusion. Physical exam showed that his knee could be pushed posteriorly at 90 degrees of flexion but it could not be pulled anteriorly in the same position. The anatomic structure that was most likely injured in this patient has which of the following characteristics?",my son is 16 and we had to take him to the emergency room by ambulance after he got hurt playin soccer. he was just about to kick the ball when another kid ran into his leg from the front and after that he just couldnt stand up at all cause his knee hurt really bad. when we got there they said he had a little bit of swelling in his knee. the doctors looked at it and said when his knee was bent at 90 degrees they could push it back but they couldnt pull it forward in that same position.,"{""A"": ""Runs anteriorly from the medial femoral condyle"", ""B"": ""Runs medially from the lateral femoral condyle"", ""C"": ""Runs posteriorly from the lateral femoral condyle"", ""D"": ""Runs posteriorly from the medial femoral condyle""}",D,,
AUD-142,c,"A 39-year-old man presents to the emergency department complaining of a sharp pain that radiates along his right hemithorax, which worsens with deep inspiration. He says this started abruptly about 6 hours ago. He says that he has not noticed that anything that makes his pain better or worse. He also denies any other symptoms. He works as a long-haul truck driver, and he informs you that he recently returned to the east coast from a trip to Utah. His medical history is significant for gout, hypertension, hypercholesterolemia, diabetes mellitus type 2, and acute lymphoblastic leukemia from when he was a child. He currently smokes 2 packs of cigarettes/day, drinks a 6-pack of beer/day, and he denies any illicit drug use. The vital signs include: temperature 36.7°C (98.0°F), blood pressure 126/74 mm Hg, heart rate 98/min, and respiratory rate 23/min. His physical examination shows minimal bibasilar rales, but otherwise clear lungs on auscultation, normal heart sounds, and a benign abdominal physical examination. Which of the following is the most reasonable 1st step towards ruling out the diagnosis of pulmonary embolism in a low-risk patient?","i got this really sharp pain on the right side of my chest and it hurts more when i take a deep breath, and it just started all of a sudden like 6 hours ago. i dont really know if anything makes it better or worse, and i dont have any other symptoms or anything. im 39 and i drive a truck for a living, and i just got back from a trip to Utah to the east coast. my medical history is kinda long, i got gout, high blood pressure, high cholesterol, type 2 diabetes, and i had leukemia when i was a kid. i smoke 2 packs of cigs a day and drink a 6-pack of beer every day, but i dont do any drugs. they checked my vitals and said my temp was 36.7, blood pressure was 126 over 74, heart rate was 98, and my breathing was 23. they listened to my lungs and said they were mostly clear but there was some crackling at the bottom, and my heart sounded normal and my belly was fine.","{""A"": ""ECG"", ""B"": ""V/Q scan"", ""C"": ""D-dimer"", ""D"": ""CT pulmonary angiogram with IV contrast""}",C,,
AUD-143,c,"A 15-year-old female presents to her pediatrician’s office for severe menstrual cramping. The patient underwent menarche at age 11, and her periods were irregular every 2-3 months for two years. After that, her cycles became roughly regular every 28-35 days, but she has had extremely painful cramps and often has to miss school. The cramps are intermittent and feel like a dull ache in the center of her abdomen, and there is usually accompanying back pain. The patient has been using heating pads with limited relief. She reports some periods being “really heavy” and requires a superabsorbent pad every 6 hours for 2 days each cycle, but this does not limit her activities. She denies any bowel or bladder changes. The patient had normal development throughout childhood, is on the soccer team at school, and is not sexually active. Her father has hypertension and her mother has endometriosis and heavy periods. On exam, the patient is 5 feet 5 inches and weighs 158 pounds (BMI 26.3 kg/m^2). She is well appearing and has no abdominal tenderness. She has Tanner IV breasts and Tanner IV pubic hair, and external genitalia are normal. Which of the following is the best next step for this patient’s menstrual cramps?","im 15 and a girl and i came to the doctor cause my cramps are really really bad when i have my periods. i started gettin my periods when i was 11 and for the first couple years they were kinda all over the place, like every 2 or 3 months. then they got more regular, like every 28 to 35 days, but the cramps are super painful and i miss school sometimes cause of them. they feel like this dull ache in my belly and i usually have back pain too. i been usin heating pads but they dont help much. some of my periods are really heavy and i gotta use a superabsorbent pad every 6 hours for 2 days, but that dont stop me from doin stuff. i dont have any changes with my poop or pee. i grew up normal, im on the soccer team at school, and im not sexually active. my dad has high blood pressure and my mom has endometriosis and heavy periods. when they checked me, i was 5 feet 5 inches tall and weighed 158 pounds, so my BMI is 26.3. i looked fine and they said my belly was okay when they felt it. they also said my breasts and pubic hair were at Tanner stage IV, and everything down there looked normal.","{""A"": ""Pelvic ultrasound"", ""B"": ""MRI of the pelvis"", ""C"": ""NSAIDs"", ""D"": ""Increased exercise""}",C,,
AUD-144,c,"Three days after undergoing an open cholecystectomy, an obese 57-year-old woman has fever, chills, and a headache. She has right-sided chest pain that increases on inspiration and has had a productive cough for the last 12 hours. She had an episode of hypotension after the operation that resolved with intravenous fluid therapy. She underwent an abdominal hysterectomy 16 years ago for multiple fibroids of the uterus. She has smoked one pack of cigarettes daily for 17 years. She appears uncomfortable. Her temperature is 39°C (102.2°F), pulse is 98/min, respirations are 18/min, and blood pressure is 128/82 mm Hg. Inspiratory crackles are heard at the right lung base. The abdomen is soft and nontender. There is a healing surgical incision below the right ribcage. The remainder of the examination shows no abnormalities. Which of the following is the most likely diagnosis?",i had my gallbladder taken out 3 days ago and now im a 57 year old woman feelin really awful. i got a fever and chills and a headache that just wont go away. also my chest hurts on the right side when i breathe in and i been coughin up stuff for the last 12 hours. after the surgery i had low blood pressure but they gave me some fluids and it got better. i had a surgery for fibroids in my uterus like 16 years ago and i smoke a pack of cigs every day for 17 years now. i feel really uncomfortable and my temp is 39 degrees celsius which is 102.2 degrees fahrenheit. my pulse is 98 and im breathin 18 times a minute and my blood pressure is 128 over 82. they said they heard some crackling in my right lung when they listened to my chest. my belly is soft and it dont hurt when they touch it and i got a cut that is healing below my right ribcage. everything else they checked was normal.,"{""A"": ""Pulmonary embolism"", ""B"": ""Subphrenic abscess"", ""C"": ""Pneumonia"", ""D"": ""Pneumothorax""}",C,,
AUD-145,c,"Thirty minutes after delivery, a 3600-g (7-lb 15-oz) newborn has noisy breathing, bluish discoloration of her lips, and intermittent respiratory distress. She was born at 38 weeks' gestation and required bag-mask resuscitation immediately after delivery. Pregnancy was uncomplicated. Her mother has noticed the bluish lip discoloration worsen when she fed and improve when she cried. The patient's pulse is 163/min, respirations are 62/min, and blood pressure is 60/30 mm Hg. The crying infant's lungs are clear to auscultation. Further evaluation of this patient is most likely to show which of the following?","my baby girl was born about thirty minutes ago and now shes breathin all noisy and her lips are kinda blue, and sometimes she seems like shes havin a hard time breathin. she was born at 38 weeks and they had to help her breath right after she came out. my pregnancy was all good tho. i noticed her lips get worse when i feed her but they get better when she cries. they said her pulse was 163 and she was breathin 62 times a minute, and her blood pressure was really low at 60 over 30. when they listened to her lungs they said they were clear. im her mom.","{""A"": ""Diffuse reticulogranular densities on chest x-ray"", ""B"": ""Boot-shaped heart on chest x-ray"", ""C"": ""Passage of a gastric catheter through the mouth not possible"", ""D"": ""Passage of a catheter through the nasal cavity not possible""}",D,,
AUD-146,b,"A 47-year-old woman presents to a physician for evaluation of vomiting and diarrhea for 2 days. Her symptoms began following a company picnic a few days ago. Initially, she was unable to tolerate any solids or liquids by mouth, but now has been able to drink sips of water. She had a mild headache, which was relieved with acetaminophen. The past medical history is unremarkable. She does not take any medications. The blood pressure is 120/60 mm Hg and the heart rate is 60/min. On examination, the mucous membranes are dry and the eyes are slightly sunken. Where is most of the sodium reabsorbed in this patient’s kidneys?","I'm a 47-year-old woman and I've been dealing with vomiting and diarrhea for the last two days. It all started after a company picnic a few days ago. At first, I couldn't keep any food or drinks down, but now I can manage to sip some water. I also had a mild headache, but it got better after I took some acetaminophen. I don't have any major health issues in my past, and I don't take any medications. My blood pressure was 120 over 60, and my heart rate was 60 beats per minute. When the doctor checked me, they said my mouth was dry and my eyes looked a little sunken.","{""A"": ""Distal tubule"", ""B"": ""Descending limb of loop of Henle"", ""C"": ""Proximal tubule"", ""D"": ""Ascending limb of loop of Henle""}",C,,
AUD-147,c,"A researcher conducts multiple experiments to establish an infection and disease model for Clostridium perfringens in chickens. To ensure that all instruments are free of the pathogenic organism, he uses a disinfectant that oxidizes and denatures proteins. Which of the following disinfectants did the researcher most likely use?","theres this researcher who is tryin to find out how this germ called Clostridium perfringens makes chickens sick, and he did a lot of tests for it. to keep everything clean and make sure none of that bad germ is on his stuff, he used some kinda cleaner that messes with proteins. i dont really know what kind of cleaner it was, but it had to be one that does that.","{""A"": ""Chlorine dioxide"", ""B"": ""Isopropyl alcohol"", ""C"": ""Povidone-iodine"", ""D"": ""Benzalkonium chloride""}",A,,
AUD-148,c,"A 34-year-old woman is brought to the emergency department following a high-speed motor vehicle collision in which she was the restrained driver. On arrival, she has a cervical collar in place and is unresponsive. Her temperature is 36.7°C (98°F), pulse is 70/min, and blood pressure is 131/76 mm Hg. Her pupils are dilated and not reactive to light. She is unresponsive to noxious stimuli. She is intubated, and mechanical ventilation is begun. Serum concentrations of electrolytes, urea nitrogen, and creatinine are within the reference range. Toxicology screening is negative. A CT scan of the head without contrast shows a massive intracranial bleed and a cervical spine injury at the level of C3. Which of the following is the most appropriate next step in diagnosing brain death?","my daughter is 34 and she got in a really bad car crash where she was driving fast and had her seatbelt on. when we got to the emergency room she had this neck thing on and she was totally not responding to anything. they said her temp was 36.7 degrees and her pulse was 70 and her blood pressure was 131 over 76. her eyes were really big and not reacting to light at all, and they tried to get her to respond but she just wouldnt. they had to put a tube in her throat to help her breathin. they checked her blood and said all the numbers for the electrolytes and urea and creatinine were all good, and the toxicology test was negative. then they did a CT scan of her head without contrast and found a big bleed in her brain and a neck injury at C3.","{""A"": ""Electroencephalography"", ""B"": ""Magnetic resonance angiography"", ""C"": ""Deep tendon reflex testing"", ""D"": ""Corneal reflex test""}",D,,
AUD-149,c,"A 52-year-old man with hypertension and hyperlipidemia comes to the emergency department 30 minutes after the sudden onset of substernal chest pain while sitting in a chair at home. He reports drinking 2 glasses of whiskey earlier that day, after a stressful day at work. Current medications include hydrochlorothiazide and atorvastatin. He has smoked one pack of cigarettes daily for the past 20 years. His pulse is 102/min, and blood pressure is 135/88 mm Hg. Cardiopulmonary examination shows normal heart sounds. An ECG obtained on arrival at the emergency department shows ST-segment elevations in the anterior leads. 15 minutes later, the patient's chest pain has resolved and a repeat ECG shows no abnormalities. Which of the following is the most likely underlying mechanism of this patient’s chest pain?","i was sittin in my chair at home when all of a sudden i got this really bad pain in my chest, like right in the middle, and it started about 30 minutes ago. im a 52 year old man and i got high blood pressure and high cholesterol. earlier today i had 2 glasses of whiskey after a really stressful day at work. i take some meds called hydrochlorothiazide and atorvastatin. i smoke a pack of cigs every day for the last 20 years. they said my pulse was 102 and my blood pressure was 135 over 88. they listened to my heart and said it sounded normal. they did an ECG when i got here and it showed some kinda changes in the front part of my heart, but then 15 minutes later my chest pain went away and they did another ECG and said it was all good.","{""A"": ""Coronary artery vasospasm"", ""B"": ""Coronary artery vasodilation"", ""C"": ""Atherosclerotic plaque rupture"", ""D"": ""Pericardial inflammation""}",A,,
AUD-150,b,"A 30-year-old male presents to his primary care physician complaining of infertility. He and his wife have been trying to get pregnant for the past two years. They have used fertility monitors and other aids without success. A hysterosalpingogram in his wife was normal. The patient has a history of cleft lip and recurrent upper respiratory infections as a child. He was briefly hospitalized for severe pneumonia when he was 9-years-old. His temperature is 98.6°F (37°C), blood pressure is 120/85 mmHg, pulse is 90/min, and respirations are 18/min. On examination, he is a healthy-appearing male in no acute distress with fully developed reproductive organs. Notably, cardiac auscultation is silent in the left 5th intercostal space at the midclavicular line. This patient most likely has a mutation in which of the following classes of proteins?","I'm a 30-year-old man and I've been having trouble getting my wife pregnant. We've been trying for two years now and have used fertility monitors and other things, but nothing has worked. My wife had a test called a hysterosalpingogram, and it came back normal. When I was a kid, I had a cleft lip and kept getting upper respiratory infections. I was even in the hospital for severe pneumonia when I was 9. My temperature was 98.6 degrees, my blood pressure was 120 over 85, my pulse was 90, and I was breathing 18 times a minute. When the doctor checked me, I looked healthy and wasn't in any distress, and my reproductive organs seemed fully developed. They also said there was no sound when they listened to my heart in a certain spot on my chest. I'm just trying to figure out what's going on.","{""A"": ""Microtubule monomeric protein"", ""B"": ""Transmembrane ion channel protein"", ""C"": ""Retrograde cytoskeletal motor protein"", ""D"": ""Anterograde cytoskeletal motor protein""}",C,,
