item_id,content_hash,flesch_kincaid_grade,mean_sentence_length,med_term_density,word_count,sentence_count
askdocs_1uk5x6h,d174aa2014e79a18,3.684,10.6,10.909,53,5
askdocs_1uk5zu6,c772a614ada9e972,7.447,13.684,6.464,260,19
askdocs_1uk60su,5263fcb7f168d0f8,8.794,12.828,13.193,372,29
askdocs_1uk62ld,99e7803f7a90fe37,6.947,15.042,6.299,361,24
askdocs_1uk632o,f16643a78c1f93ad,7.968,21.25,15.909,85,4
askdocs_1uk64sf,88b2a2e24182146c,8.555,17.545,11.386,193,11
askdocs_1uk6641,4cb640bb51d5de91,9.715,21.577,10.783,561,26
askdocs_1uk66ir,d708b97134fc4bdf,6.235,8.5,13.462,51,6
askdocs_1uk68fs,f6d85f00cce50a82,9.915,26.333,8.75,79,3
askdocs_1uk68wx,515ea5dc012236e1,5.081,11.636,6.977,128,11
askdocs_1uk690y,7c0818571687266d,4.058,11.545,7.463,127,11
askdocs_1uk6ay7,79bced0e037ec373,8.679,17.833,15.315,107,6
askdocs_1uk6jor,60e3299dc2e1d7ef,6.978,15.333,13.889,138,9
askdocs_1uk6jsm,97ca7960ed72f8ac,6.172,14.312,11.638,229,16
askdocs_1uk6jt4,57ced1863a4cf5a2,35.374,90.0,11.111,90,1
askdocs_1uk6l2g,6f0dba2624b53192,7.669,19.4,8.673,194,10
askdocs_1uk6mmt,a7d8b77a276eb45e,5.327,15.273,11.31,168,11
askdocs_1uk6mxy,d75f5e736cceff69,5.876,13.909,6.832,153,11
askdocs_1uk6pn5,56c92331cef905b7,13.329,28.5,13.115,114,4
askdocs_1uk6tz7,ead48f78cbd1d094,11.925,22.267,7.932,334,15
askdocs_1uk6ux0,fee7135d51881d67,8.469,17.053,9.94,324,19
askdocs_1uk6vib,8cba3b2ca7fd894b,6.88,19.667,8.871,118,6
askdocs_1uk6wj5,c9ad29017ddc8bbf,8.096,19.609,10.398,451,23
askdocs_1uk6xoh,83fadac0a7ace2cf,6.263,12.878,10.559,631,49
askdocs_1uk6xum,4cbf12e57e2f39f3,9.421,20.5,10.089,328,16
askdocs_1uk72bh,f410f946dfca6483,8.418,19.9,10.837,199,10
askdocs_1uk73ed,3676c030ca3bdc84,11.34,23.667,18.121,142,6
askdocs_1uk73qt,3ca23327fcc0960f,6.766,16.3,14.371,163,10
askdocs_1uk74v7,4ee175afb83de76a,8.345,18.733,7.774,281,15
askdocs_1uk797q,f0376126ea5fe052,13.163,33.333,7.5,200,6
askdocs_1uk79n7,3fd99f10bf9bafc8,11.301,27.667,4.819,332,12
askdocs_1uk7bmg,f293c4ec7a204369,8.008,22.0,9.091,22,1
askdocs_1uk7dfr,4dbbc9c6a893c7c7,9.698,21.0,8.974,147,7
askdocs_1uk7e2i,6fac051ded6f0c49,11.36,27.0,5.67,189,7
askdocs_1uk7enx,e41f1c59b4560359,10.584,18.667,8.571,168,9
askdocs_1uk7es6,05d8ea46c5cc8377,5.865,12.562,8.571,201,16
askdocs_1uk7hmn,09d7bd69c9bb0561,9.63,21.0,12.766,273,13
askdocs_1uk7ka8,dd1e80edd1847bf7,4.961,6.75,25.0,27,4
askdocs_1uk7kwy,98acc0bfbbddd562,5.883,18.75,5.063,75,4
askdocs_1uk7ndb,5f45463b9583adea,11.009,18.294,13.376,311,17
askdocs_1uk7ore,1bd377f73af0b257,9.965,21.125,10.169,169,8
askdocs_1uk7rul,e4cd761bf9f84e87,55.484,144.0,5.556,144,1
askdocs_1uk7sgk,12b195787e287984,7.099,14.833,7.812,178,12
askdocs_1uk7swq,511201f315cf0156,2.246,10.571,6.494,74,7
askdocs_1uk7wyg,b2765a03d7fd8c55,11.032,25.739,14.238,592,23
askdocs_1uk819d,60a5bb4a259c4598,5.099,6.5,19.231,26,4
askdocs_1uk850s,e8381f45a642bd6e,5.446,15.25,7.576,122,8
askdocs_1uk8692,c84aeac913ac734d,4.45,12.2,7.937,61,5
askdocs_1uk871a,be112514a423a0f8,9.148,15.327,8.973,751,49
askdocs_1uk87ep,589f872de1611f62,4.034,13.167,16.049,79,6
askdocs_1uk87jd,294deae6bb408f9f,5.689,13.0,6.593,91,7
askdocs_1uk88z3,73afc34d6d50563e,4.959,10.846,6.338,141,13
askdocs_1uk895r,18838f9b00b51612,6.679,12.462,8.284,162,13
askdocs_1uk89sf,15f6509dce140298,7.229,18.375,7.237,147,8
askdocs_1uk8bj8,27c1d0c0e7a9cd00,7.562,14.625,16.456,234,16
askdocs_1uk8eg2,07a4233c8e19269a,9.222,20.0,6.4,120,6
askdocs_1uk8fyu,202097aaf699e641,78.205,193.0,10.363,193,1
askdocs_1uk8gdw,96a2f36a46b1e9aa,2.278,7.875,14.062,63,8
askdocs_1uk8lf2,de8cc2232566708e,6.473,15.75,7.031,252,16
askdocs_1uk8p9g,a6eb6975d14dfc6f,15.434,32.571,17.094,228,7
askdocs_1uk8tfx,7b597184be57bafc,6.858,15.846,5.314,206,13
askdocs_1uk8u3y,d6dbc7f85b6eb54b,4.161,10.917,9.701,131,12
askdocs_1uk8v43,1db6503a308615fb,9.54,22.636,15.936,249,11
askdocs_1uk8vmq,45a01afb3443ae12,4.6,20.0,35.0,20,1
askdocs_1uk8ysh,e62324a81200ffec,1.734,8.4,11.628,42,5
askdocs_1uk8yt2,9dbbc6068c69d9d0,4.612,16.5,9.091,66,4
askdocs_1uk93ht,de73eb6830b97711,6.427,15.375,4.615,123,8
askdocs_1uk93j4,b38db90d7b04faf0,2.819,16.0,15.152,32,2
askdocs_1uk9fvm,cfaf41364819b891,9.568,11.692,16.279,456,39
askdocs_1uk9gjq,8a5d820ea9dc592d,18.172,38.0,20.513,38,1
askdocs_1uk9gyz,47d62012923f2102,6.871,17.25,5.333,69,4
askdocs_1uk9hdj,bde1905f925fbd5b,8.093,15.583,8.763,187,12
askdocs_1uk9kkh,38a8879aa3fb7b44,7.054,18.0,8.475,108,6
askdocs_1uk9o2j,38833bebba5a3cd4,5.342,10.75,4.651,43,4
askdocs_1uk9pqs,a285c3d056745884,9.589,21.5,19.824,215,10
askdocs_1uk9pz1,e1dbfab689d42faf,6.556,12.6,10.294,126,10
askdocs_1uk9r3d,06f3376a7603ac10,5.104,12.0,5.747,84,7
askdocs_1uk9rzt,7ad748473cd7d6dc,7.202,15.667,13.801,423,27
askdocs_1uk9s7d,e08cc0658796c328,3.212,11.8,9.836,59,5
askdocs_1uk9x48,641bffbe185be86c,3.115,10.5,3.448,84,8
askdocs_1uka2ys,75f871411138f65a,8.968,20.231,8.378,526,26
askdocs_1uka4ln,14b30bc0b291de78,4.807,11.692,14.744,152,13
askdocs_1uka5qq,3218b81c3ef7ffb5,10.072,22.5,8.824,225,10
askdocs_1uka6f5,017c7b641fee8b25,6.453,15.421,8.97,293,19
askdocs_1uka7ly,2ff12c4ecf4d7256,8.319,19.75,7.595,158,8
askdocs_1uka8ty,2377807fb2b302e7,6.137,16.0,10.145,64,4
askdocs_1ukaatw,acd632aef8b65505,11.011,27.5,21.429,55,2
askdocs_1ukadej,f225380d4a3a375a,12.64,27.0,10.714,54,2
askdocs_1ukaegd,653a7b2fb9329ecf,8.221,17.667,9.091,53,3
askdocs_1ukafgy,c1b8c769a773d657,7.666,15.444,11.268,139,9
askdocs_1ukafxd,02649f14312aa87f,7.385,15.333,3.243,184,12
askdocs_1ukahqd,0a69a11d50afc355,7.642,17.778,5.521,160,9
askdocs_1ukaiw1,8611ebb957ae6676,6.529,17.25,13.043,69,4
askdocs_1ukakh0,a9eae18d3cf2fb7c,4.648,11.833,12.329,71,6
askdocs_1ukam0h,9c6582db9c2d8670,9.084,17.515,12.646,578,33
askdocs_1ukam5r,14dc0ab2d8821a7a,4.608,9.8,9.615,49,5
askdocs_1ukap2e,c42f34208c1712b7,6.2,14.444,5.344,130,9
askdocs_1ukapnx,6c547a536e7d01ef,7.418,17.5,5.405,35,2
askdocs_1ukaq36,55ecb2afb8072103,7.944,16.368,11.746,311,19
askdocs_1ukaxg1,3072ad5ba6410233,7.346,19.0,7.692,38,2
askdocs_1ukaxqo,1251f39766547fcb,4.949,13.95,10.877,279,20
askdocs_1ukaz54,ecdc368b4e6f77e3,4.862,11.438,7.368,183,16
askdocs_1ukb024,ce96f7a50583e894,9.327,23.2,8.403,116,5
askdocs_1ukb0p5,0c1ba9cbcc5dfdc3,10.452,19.0,6.395,171,9
askdocs_1ukb1xf,59c1266514537d48,2.709,8.857,7.937,62,7
askdocs_1ukb5g1,0588d799f5f238e8,6.566,11.545,4.478,127,11
askdocs_1ukb6u3,66342eb2dc2951ca,6.238,11.071,10.828,155,14
askdocs_1ukb99z,fd0c1220f33a7a91,2.825,8.75,13.699,70,8
askdocs_1ukbb85,eb07511bbdd6d3ac,8.333,21.0,15.909,42,2
askdocs_1ukbci2,6d8a70a08c28958d,6.995,16.25,7.857,130,8
askdocs_1ukbda8,b560d730d80caa00,12.725,21.531,14.714,689,32
askdocs_1ukbga3,75218b34c68126ec,6.557,7.2,13.514,36,5
askdocs_1ukbgjx,59359cba7db35900,6.613,14.143,11.215,198,14
askdocs_1ukbib7,36fda69065d5a89f,56.903,143.5,5.424,287,2
askdocs_1ukbkzq,4a2dec5a57af8fe9,4.058,10.667,9.375,64,6
askdocs_1ukbpnx,6b7347c3cccef85d,8.629,13.6,10.145,68,5
askdocs_1ukbvql,dc2ccf20b441b262,8.312,19.0,11.681,342,18
askdocs_1ukby6s,39d61f80feff205a,5.954,16.6,9.412,166,10
askdocs_1ukbzf8,fa8c6348f88f93f5,15.972,32.75,17.718,655,20
askdocs_1ukc0bz,4b46b5a1120d701b,8.585,20.143,6.792,423,21
askdocs_1ukc0qg,af1a6b7bf33405ee,6.413,15.25,5.344,122,8
askdocs_1ukc2ow,767ff1f1f0fa8ccb,8.074,20.0,8.587,360,18
askdocs_1ukc573,9366736d494f2f78,9.415,19.8,11.962,198,10
askdocs_1ukc6u1,19f229e0b23f435c,7.413,11.0,6.796,99,9
askdocs_1ukc9i5,5e8fd3b11d1edc29,4.693,11.667,4.348,105,9
askdocs_1ukcae6,861cc7327b3360e1,0.416,7.6,7.5,38,5
askdocs_1ukcbic,61f858e2741980ce,5.996,14.12,10.393,353,25
askdocs_1ukceul,5bff27c387744fec,2.957,11.25,4.255,45,4
askdocs_1ukcg7n,ca8fb3ada418dc8f,6.711,10.571,12.162,74,7
askdocs_1ukcicc,116467a455b55168,7.74,16.7,7.514,167,10
askdocs_1ukcil3,daab93860ac5072c,7.368,17.0,8.403,357,21
askdocs_1ukcko8,cc5f1c0bb669c260,17.152,33.75,5.674,135,4
askdocs_1ukcnh2,20a35fd8111a1e21,8.281,14.375,8.197,115,8
askdocs_1ukcp09,c2ed766a8afd295b,6.757,14.667,4.444,44,3
askdocs_1ukcr2q,5c9468be7a328e4e,4.217,8.364,3.191,92,11
askdocs_1ukct9f,07117ffecbbb09ce,8.539,18.6,7.805,186,10
askdocs_1ukcxzs,f44f71dbf591555b,8.428,9.25,17.5,37,4
askdocs_1ukd46v,c143517ad66a5eae,8.192,17.917,8.297,215,12
askdocs_1ukd5d7,cf14c696a3c5011e,4.742,10.133,10.897,152,15
askdocs_1ukd806,37b9943b81ff89df,7.233,14.0,10.811,70,5
askdocs_1ukdbz3,cab379f47690f548,8.199,16.235,10.862,828,51
askdocs_1ukdd25,11e08b7799a07cd2,10.797,26.4,14.706,132,5
askdocs_1ukdf0h,c79ceb885c6cf85d,10.735,25.273,10.877,278,11
askdocs_1ukdi4e,3a3a3124c1ae70be,27.05,70.0,11.268,70,1
askdocs_1ukdm2u,09a87619a1ee5f38,11.017,25.0,9.091,175,7
askdocs_1ukdmqo,056c0a2727e1f54f,6.945,14.306,11.09,515,36
askdocs_1ukdphw,d42232101f37dba7,9.302,19.857,17.483,139,7
askdocs_1ukdqpx,027d3b8a87b76ad1,5.817,11.667,9.091,175,15
askdocs_1ukdtlv,c7a8486128916051,6.763,14.75,15.152,295,20
askdocs_1ukdx5r,51515b4644544447,7.799,16.833,9.767,202,12
askdocs_1uke814,75489675de465ac8,6.87,14.629,13.592,512,35
askdocs_1ukecug,2147f1f8173a6eea,7.19,16.2,13.095,81,5
askdocs_1ukefr7,8d25c7a2f5c893c3,7.756,15.385,7.463,200,13
askdocs_1ukeftd,2bddb10ec6f5a457,6.379,14.214,14.976,199,14
askdocs_1ukegqk,3cbc59f2757f9959,4.272,11.3,6.897,113,10
askdocs_1ukegys,a06009afe5473e67,6.414,16.8,19.048,84,5
askdocs_1ukekk0,48c2928d467dfb0f,7.468,13.875,11.667,111,8
askdocs_1ukelps,98b7bb3664179ce3,10.166,23.852,8.246,644,27
askdocs_1ukepgp,f131c7f1d3a0a854,6.51,8.4,11.905,84,10
askdocs_1ukepme,cbac691058f54bf8,10.931,26.6,5.263,133,5
askdocs_1ukeprl,58da032fc39c8a4a,8.55,17.867,7.38,268,15
askdocs_1ukerjm,f25eade9fc3fafe6,7.911,19.833,8.264,119,6
askdocs_1ukexf3,a3b2a7bba877fb57,4.94,13.25,5.66,53,4
askdocs_1ukezs6,10e15d6155d0e78d,10.549,26.167,7.903,314,12
askdocs_1ukf2tg,b480b3a0b5f632fe,9.16,14.778,9.701,133,9
askdocs_1ukf431,3bb7a991483bcc4d,8.552,22.556,9.859,203,9
askdocs_1ukf562,676007c5001d4e0b,5.868,12.4,10.695,186,15
askdocs_1ukf7tj,b9a7a4641fd28d01,9.669,23.625,8.995,189,8
askdocs_1ukfd3t,be58e9dfe8d61e97,6.37,20.0,5.0,20,1
askdocs_1ukff36,a113022507e45d03,3.32,10.667,8.0,96,9
askdocs_1ukff8y,c360bee4b2c34100,6.173,14.571,12.037,102,7
askdocs_1ukffse,fdd9f2a91ed5a117,7.854,18.25,9.211,219,12
askdocs_1ukfmfb,dd74fc5febb94e94,12.27,20.0,15.0,20,1
askdocs_1ukfncl,187b3745c0b795d7,5.226,9.571,7.353,67,7
askdocs_1ukfnho,4c67f5a6a9184edc,4.669,16.429,5.882,115,7
askdocs_1ukfnj0,9dec932c55a9aeb9,6.436,12.675,12.879,507,40
askdocs_1ukfot0,2418b4cfd5cf1aad,8.158,16.429,15.966,115,7
askdocs_1ukfpbv,f5f243a148b6ddac,4.353,10.7,4.464,107,10
askdocs_1ukfsab,9034257f1c40342e,5.85,15.222,9.155,137,9
askdocs_1ukfucf,6d010eea6e667487,8.431,18.278,10.843,329,18
askdocs_1ukfvk3,a7c2ba57f4d483e5,18.055,47.0,13.725,47,1
askdocs_1ukfzye,f54420d2af636384,8.376,21.208,5.431,509,24
askdocs_1ukgbnd,5414dc732c90bddc,6.892,16.143,14.159,113,7
askdocs_1ukgboy,f01449cfd20264a0,8.991,17.5,5.238,210,12
askdocs_1ukgbqe,f6a1365ee19fc26b,10.288,21.667,9.231,65,3
askdocs_1ukgdqy,80695bcd254438c0,5.452,16.714,15.833,117,7
askdocs_1ukggwv,b06b77338cd0e640,4.405,12.625,6.542,101,8
askdocs_1ukgiat,d15b594b9a93a546,6.785,17.25,4.861,138,8
askdocs_1ukgksi,6fed7b98a9da3d04,6.676,14.778,14.599,133,9
askdocs_1ukgma3,3398d1b7584c06a8,4.823,12.0,8.642,156,13
askdocs_1ukgn24,7dad29af24c78a6c,7.357,13.167,9.851,316,24
askdocs_1ukgod9,900b5a90a675d003,4.24,10.0,14.286,40,4
askdocs_1ukgslx,7ef17ea7a8792b1b,8.992,16.25,10.37,130,8
askdocs_1ukgt5z,13506141387f2644,81.931,210.0,9.434,210,1
askdocs_1ukgtjv,abb2479884cb30e7,23.15,62.0,11.719,124,2
askdocs_1ukgv1x,8f7e15903a503a10,20.133,48.929,13.411,685,14
askdocs_1ukgwkn,70b96d546624e5f3,9.518,22.111,11.823,199,9
askdocs_1ukgwwm,12f47c8df68cddf1,5.95,10.333,25.806,31,3
askdocs_1ukgxyb,21e1bad50c75f01a,15.254,27.75,15.072,333,12
askdocs_1ukgycn,fbbc1f8a18ec888e,8.108,14.4,5.963,216,15
askdocs_1ukgzux,0e73cf035e889c88,4.608,9.8,12.0,49,5
askdocs_1ukh3zi,562fbb4d643fcf5a,7.962,13.571,8.247,95,7
askdocs_1ukh62z,e24cbd405c6f455e,15.598,27.545,13.636,303,11
askdocs_1ukh6sp,e9adda2e506051a3,8.238,18.714,7.985,262,14
askdocs_1ukh75n,93d3193ddff4de64,26.027,68.0,11.029,136,2
askdocs_1ukhb3t,9ccfa26061e202b2,9.677,14.0,15.385,168,12
askdocs_1ukhe84,63027ba605a238f3,7.244,16.0,9.091,64,4
askdocs_1ukhg8e,94f9bf26034e61f4,4.98,11.833,10.959,71,6
askdocs_1ukhkcj,cf057f7c68eca440,8.682,15.556,6.429,140,9
askdocs_1ukhkum,34eb8c72a0f4b12b,9.484,13.462,15.301,175,13
askdocs_1ukhmzb,3585a4b40eff8d2c,9.28,21.5,5.473,602,28
askdocs_1ukhp67,cfac26707defd68a,12.623,13.84,21.667,346,25
askdocs_1ukhsr3,eece95b71e180f5a,10.36,28.143,5.528,197,7
askdocs_1ukhtxx,9daeedff3c9b9ca4,14.584,35.5,9.31,284,8
askdocs_1ukhztj,b565d768f52c717e,4.515,15.4,6.173,77,5
askdocs_1uki2ri,9cb3dd58d88c849e,36.817,90.0,5.556,90,1
askdocs_1uki40k,bb74853e778078d6,9.564,19.5,12.821,117,6
askdocs_1uki43m,0d88a6eae7aa2725,7.961,14.9,20.134,149,10
askdocs_1uki90m,1b5e16b52d983d59,9.723,22.833,11.15,274,12
askdocs_1ukicpw,97c72c3b5d1cc085,4.806,11.667,6.757,70,6
askdocs_1ukid2z,1d110163c4a3b818,5.76,14.273,7.738,157,11
askdocs_1ukidng,da44772b8c3df009,6.75,16.941,10.0,288,17
askdocs_1ukigjt,83d5e25d28f71764,13.066,28.75,18.103,115,4
askdocs_1ukihoc,864a2d5a7d026421,8.761,20.88,7.59,522,25
askdocs_1ukilb2,4075334adf8f7708,9.432,21.708,6.839,521,24
askdocs_1ukimb0,f070797d7ed94aaf,6.796,15.2,7.407,76,5
askdocs_1ukio49,da73987d85a0de7d,1.752,7.333,34.783,22,3
askdocs_1ukityh,6821850f9dd077a1,8.04,19.154,12.403,249,13
askdocs_1ukivqy,7f26825b37e30a97,4.486,11.538,8.0,150,13
askdocs_1ukizhb,2a331bddd8752ebb,8.652,18.333,5.78,165,9
askdocs_1ukj80h,d9afa4afc0166c28,7.405,16.319,8.06,1126,69
askdocs_1ukjbnz,09b548cd49feacbf,6.697,12.619,9.677,265,21
askdocs_1ukjfcu,3151059709096a90,5.02,13.857,5.882,97,7
askdocs_1ukjhxh,fc2897a49c301ad1,5.466,17.333,7.477,104,6
askdocs_1ukjnvb,75f5185785958832,9.445,17.667,11.765,318,18
askdocs_1ukjokg,4a7f28c21f7f29e1,9.26,16.5,21.212,66,4
askdocs_1ukjoyw,fbff606bfa674ff0,9.304,19.5,15.173,819,42
askdocs_1ukjpm8,cb1ea79a23fa25fc,7.963,16.133,13.223,242,15
askdocs_1ukjsb3,44fd39b03a1e6da1,8.303,17.333,10.092,104,6
askdocs_1ukju54,7708645af7fc46a2,7.636,16.812,11.511,269,16
askdocs_1ukk0fc,bdab3346851a6574,5.845,15.333,10.053,184,12
askdocs_1ukk32f,426b700abdd0fd4f,32.237,83.5,5.682,167,2
askdocs_1ukk3tq,9a8108508cc7c5e9,10.471,23.158,6.292,440,19
askdocs_1ukk4ku,ea34d1594d90ade0,7.846,18.2,9.89,91,5
askdocs_1ukk5i0,53538120cb512352,4.486,9.333,25.0,28,3
askdocs_1ukke9r,9c9596aabf3bca86,13.702,33.25,11.278,133,4
askdocs_1ukkhbo,1090b0bb38782d85,9.893,17.167,13.462,103,6
askdocs_1ukkibt,017bb4aed4c75eff,3.631,11.091,5.738,122,11
askdocs_1ukkigr,e5a1f2498d52fac7,4.942,13.9,10.417,139,10
askdocs_1ukkk6v,7dfeaa2db6de9401,6.801,16.0,7.273,160,10
askdocs_1ukklp2,333271e94d562d71,3.641,9.562,13.916,306,32
askdocs_1ukkngn,a678ace46bf7154e,6.843,6.583,26.582,79,12
askdocs_1ukko0o,13e23011c5de4602,5.431,16.8,8.235,84,5
askdocs_1ukkr4e,173b3bd6e7138670,3.794,11.667,1.389,70,6
askdocs_1ukkuk2,4a352b9bb8b081cb,9.501,21.667,8.163,195,9
askdocs_1ukkxyv,6e6c0f155989b33b,6.657,17.286,8.333,121,7
askdocs_1ukl0f7,5f3e82e8807e7b5c,9.426,13.1,16.85,262,20
askdocs_1ukl1e5,1e70f25171ccc557,8.277,11.0,18.182,44,4
askdocs_1ukl23y,fe56ad8e3f750938,1.29,10.0,3.175,60,6
askdocs_1ukl8lo,68ec56d4bfb2ccaa,8.485,19.0,10.0,114,6
askdocs_1uklfm0,840bd4e5aace22a1,2.917,10.786,13.158,151,14
askdocs_1uklfmk,b2eff0b65cfb1a2c,5.701,14.25,16.393,57,4
askdocs_1uklhtp,4cf59e5371da518e,7.198,12.75,15.888,102,8
askdocs_1uklo64,180785c61550e283,6.006,13.2,13.433,66,5
askdocs_1uklpi4,dc95a13ed8e3dbf0,3.561,7.667,12.766,46,6
askdocs_1uklq3l,cecf54031dc98d88,10.508,22.857,16.463,160,7
askdocs_1uklsb1,9b688e13eb85551c,22.806,42.667,20.073,256,6
askdocs_1ukm0uj,e4024922e7c4f79c,7.126,18.25,7.383,146,8
askdocs_1ukm0yg,6ed89277679e7c65,4.158,15.5,9.375,31,2
askdocs_1ukm788,07431935010bdb4c,10.128,25.667,9.032,154,6
askdocs_1ukmbot,6c656d2c086de0d6,14.041,33.4,6.433,167,5
askdocs_1ukmdwh,35ebd70372a32216,8.141,20.75,9.524,83,4
askdocs_1ukmezg,09457fcb4b9103e4,12.45,26.632,10.256,506,19
askdocs_1ukmgn2,f3d734862d290a1b,10.073,30.0,3.279,60,2
askdocs_1ukmi08,d01541456625baec,11.286,22.0,7.317,198,9
askdocs_1ukmijk,1b04c473be4dd2ee,6.826,15.533,7.469,233,15
askdocs_1ukmwnx,e41a08f981ef2909,6.848,14.56,10.027,364,25
askdocs_1ukmxdg,cc9ce07587e3e894,8.395,21.625,6.286,173,8
askdocs_1ukmy2b,b4a32f4aa2bf3b31,3.229,7.75,9.677,62,8
askdocs_1ukmzno,244c0f079e9ebacb,6.951,13.5,15.385,459,34
askdocs_1ukn18y,c87061a3c0dfe778,6.455,12.9,12.5,129,10
askdocs_1ukn1ti,aa744808e391667b,7.175,18.067,9.722,271,15
askdocs_1ukn7tx,271270b23e28020c,8.568,15.286,9.238,428,28
askdocs_1ukn7zg,fecf1be43dec8ab0,8.007,18.846,7.124,735,39
askdocs_1uknd5w,840b00367ec2275f,13.854,33.5,7.463,67,2
askdocs_1uknddw,1ddcf63398fb4c97,10.448,24.857,6.215,174,7
askdocs_1ukngkv,732fa570dd4c0713,11.02,26.6,4.286,133,5
askdocs_1uknhu3,299232699b019732,4.255,12.667,10.0,38,3
askdocs_1uknlkr,bbf27d1ccbce442f,8.726,19.409,10.393,427,22
askdocs_1uknmr2,23e7d50870e163e3,9.758,29.0,16.393,58,2
askdocs_1uknnxi,388ec0d2615600ef,11.739,26.0,10.427,208,8
askdocs_1uknopm,59c697f562955ed6,8.745,21.667,13.077,130,6
askdocs_1uknqx1,0ecd35edf105c471,8.363,19.727,6.957,217,11
askdocs_1ukntg1,6fd471a38c3f992d,7.893,10.938,18.182,175,16
askdocs_1uknv9n,b0b808b69af1e742,9.324,11.062,11.29,177,16
askdocs_1uknvet,b0646df4cc897450,10.091,22.571,7.547,158,7
askdocs_1uknzd1,f6d3bbe2b39a2e72,6.273,13.071,8.696,183,14
askdocs_1uko0q8,3e655bc772493c79,9.62,25.167,9.15,151,6
askdocs_1uko1g2,fb80053b6d03d5b5,2.825,10.143,12.5,71,7
askdocs_1uko1jf,b5d78ed7a672b93c,8.231,18.667,11.504,112,6
askdocs_1uko7ex,c0b19ddc29d249e4,5.619,12.6,9.231,126,10
askdocs_1ukoagq,a264a579c5566b6a,5.214,11.2,8.621,56,5
askdocs_1ukog3e,531812e5248e8581,6.581,11.889,12.281,107,9
askdocs_1ukoilk,e9ac60c89e9cfb0a,10.249,20.5,23.81,41,2
askdocs_1ukojcl,c2e9a7686cf1196a,9.188,24.625,10.218,591,24
askdocs_1ukojt6,a32f92a3da322d22,12.049,20.625,17.241,165,8
askdocs_1ukojyk,7e5c05cb307260ca,8.015,18.25,10.667,73,4
askdocs_1ukojz8,dbae1df8eedc98c1,9.806,19.5,10.204,195,10
askdocs_1ukokkt,6f06a01873439873,8.176,15.444,7.432,278,18
askdocs_1ukoofa,1babf20078fc9423,6.768,15.778,9.155,142,9
askdocs_1ukoowp,44b99ea2a67a3e3e,7.851,14.0,11.069,252,18
askdocs_1ukoqur,a84de2720220f32b,7.381,15.538,8.416,404,26
askdocs_1ukos0t,3fb3d4e5bc24cc70,6.818,8.875,17.568,71,8
askdocs_1ukoxbe,43598e648646f889,7.96,16.8,14.205,168,10
askdocs_1ukp0bs,c2dc897532a3e21f,9.362,27.0,3.704,27,1
askdocs_1ukp1qx,205158cc02b2c5bc,6.415,15.714,11.404,110,7
askdocs_1ukp42m,ad7570583bd9feca,4.118,12.25,6.931,98,8
askdocs_1ukp6d1,5c62cf48accd4bc0,7.967,19.0,15.789,38,2
askdocs_1ukpa6d,9a41f9d99d4959a3,7.701,12.444,5.31,112,9
askdocs_1ukpgyb,505ecf4fcee05716,7.948,22.6,5.31,113,5
askdocs_1ukph5t,5be7cd5736661f2b,4.244,9.875,12.791,79,8
askdocs_1ukpllv,96ff57ea80973374,8.056,14.522,11.988,334,23
askdocs_1ukpo1v,fb2e2ad87d81e68e,7.16,16.214,7.5,227,14
askdocs_1ukpwfy,ac958d2047c9f87f,9.953,17.741,10.537,479,27
askdocs_1ukpyv5,35672a54d5077acb,9.429,23.2,15.126,232,10
askdocs_1ukpz9p,a4a2d4ddcd89955c,8.666,18.6,13.298,186,10
askdocs_1ukq0nb,41932cf70515e47e,6.451,12.167,25.333,73,6
askdocs_1ukq0xn,00e87d506fd803d8,9.38,21.667,12.857,130,6
askdocs_1ukq5tf,aca920585c18e4dc,8.32,25.0,12.0,25,1
askdocs_1ukq6zi,ffbeefb95d1c2818,6.572,13.824,11.017,235,17
askdocs_1ukq7bj,db5b82d437e29c62,8.437,12.76,11.491,319,25
askdocs_1ukq86j,192b876d290f580f,14.79,41.0,11.905,41,1
askdocs_1ukq9hz,9bba7127da2451a8,9.682,21.16,10.882,529,25
askdocs_1ukqhnr,13d5d45c20036ec4,7.666,18.75,11.638,225,12
askdocs_1ukqjcj,843bb6232d40ad40,7.223,20.6,6.542,103,5
askdocs_1ukqjcn,fc3a0a17d8272e00,3.221,7.533,13.559,113,15
askdocs_1ukqka8,2686081cbae0dcc8,4.817,13.286,7.292,93,7
askdocs_1ukqkk5,b9874660af433f4e,5.342,16.111,1.361,145,9
askdocs_1ukqkww,8ca54ad9159b24d7,6.036,10.5,12.037,105,10
askdocs_1ukqm88,aca019051fbc4c94,5.551,12.174,9.22,280,23
askdocs_1ukqmm7,c41164aa27f71861,6.609,14.636,10.909,161,11
askdocs_1ukqndb,0e48d24e74125711,8.203,14.333,11.029,129,9
askdocs_1ukqq8u,8b1ca37334ce6914,6.256,18.333,7.895,110,6
askdocs_1ukqu7j,fd6a39b632266714,8.274,24.0,5.882,48,2
askdocs_1ukquna,2f906f2afc2506af,47.615,124.0,9.524,124,1
askdocs_1ukqv70,bb118fdf531a27c9,7.786,17.0,15.328,136,8
askdocs_1ukqvki,012f331e75056be9,12.511,15.0,25.472,105,7
askdocs_1ukr2ho,dc5fcdb75cde8ad0,9.486,16.714,18.254,117,7
askdocs_1ukr34a,4b697dfa586bb1ad,6.204,16.4,11.6,246,15
askdocs_1ukr8ew,54b5f2e4079e761f,5.596,15.733,7.563,236,15
askdocs_1ukra37,768758cb2d10b3f8,5.805,12.5,6.41,75,6
askdocs_1ukrbt6,631bdf2d7ed9a36d,5.408,14.375,5.691,115,8
askdocs_1ukrc0e,cf878a5f0b3b6011,8.136,10.6,15.094,53,5
askdocs_1ukrc75,b457a4e6fd6a5e31,3.649,9.1,7.368,91,10
askdocs_1ukrcxk,d895aa2f13898c37,43.137,108.0,13.761,108,1
askdocs_1ukreer,5c4920018412d2db,10.708,23.455,10.701,258,11
askdocs_1ukrexl,285d01accc2f23a8,6.894,16.167,9.709,97,6
askdocs_1ukrgk3,8794d3647fcc6cf1,8.642,19.4,10.101,388,20
askdocs_1ukrhu8,a03a15079e4c1fa9,8.2,21.667,6.154,130,6
askdocs_1ukrhwb,928359db4811af22,7.811,16.511,10.239,743,45
askdocs_1ukrp9s,437fc3d4d37b3b47,11.212,28.222,10.507,254,9
askdocs_1ukrry4,d5ded765ada8aed3,28.715,72.0,5.556,72,1
askdocs_1ukrvad,113f7d5b7cdc1387,9.262,18.571,7.634,130,7
askdocs_1ukrwop,3c9c171e6cc56745,7.187,12.71,12.895,394,31
askdocs_1ukryeb,f8ef9b22388f19d5,9.68,21.429,13.158,150,7
askdocs_1uks25o,fb14b70b4906a23d,7.029,13.0,12.712,117,9
askdocs_1uks3ex,4a9bebe6e7ce213e,8.102,17.6,4.42,176,10
askdocs_1uks5j0,6a84b1b3bbe3ae2f,7.296,17.125,9.88,822,48
askdocs_1uks6xx,7dad929704048bfc,6.981,15.071,10.575,422,28
askdocs_1uks7nr,7868cbdf7cb4b407,8.354,16.167,10.68,97,6
askdocs_1uks9nw,2a85bcd5656183a7,7.907,14.0,14.685,140,10
askdocs_1uksdi2,77bd09c1507ef35b,24.489,64.0,3.125,64,1
askdocs_1ukseh3,d1e6f62b1595ae82,9.814,21.364,11.064,235,11
askdocs_1uksgjo,f54333ba7a77e9b9,6.44,18.667,8.333,56,3
askdocs_1ukshnc,7e1d2313dda3a35e,2.765,10.0,7.317,40,4
askdocs_1ukskio,8a3c31d69c31fffe,6.12,12.917,10.366,155,12
askdocs_1uksldh,77f7541cf77b02d1,9.388,22.667,6.849,68,3
askdocs_1uksmcw,22df6e794df23e7a,6.658,17.0,11.029,136,8
askdocs_1uksn3f,981f5c868269dd66,9.211,17.65,5.769,353,20
askdocs_1uksvxi,da705b09fef8090a,30.605,79.0,9.756,79,1
askdocs_1uksyws,33f6dc8ac7dcf2c5,7.355,15.286,10.909,107,7
askdocs_1ukt0sj,ff7668aa1c392c8e,7.564,14.857,22.857,104,7
askdocs_1ukt2lz,d0b99ba93cf32329,6.337,14.944,8.148,269,18
askdocs_1ukt4ac,5379eeef0dee4d72,6.775,12.154,16.25,158,13
askdocs_1ukt5av,811c519396c72739,13.631,35.1,8.169,351,10
askdocs_1uktfwn,b13d1631bc7645c9,10.62,23.333,12.676,140,6
askdocs_1uktm0d,41a7391218a7ca9d,7.54,15.769,7.834,205,13
askdocs_1uktpaj,e6c0cefc5773e5e8,6.996,12.636,12.838,139,11
askdocs_1uktpsv,f9df544c49d5be33,5.58,11.923,8.861,155,13
askdocs_1uktr3p,c026c3fb55751e29,9.786,18.0,8.85,108,6
askdocs_1uktra5,fffdfb452406c2a7,9.663,14.6,18.0,146,10
askdocs_1ukttd9,8a450c6e2d6321bc,9.011,16.895,9.48,321,19
askdocs_1uktwwh,0992bacd0ba6e0fe,5.573,13.214,6.842,185,14
askdocs_1uku1nn,1c7593753b382a50,3.233,11.333,9.859,68,6
askdocs_1uku38h,cd135cf948029cbb,8.763,19.778,6.486,178,9
askdocs_1uku78r,2f54e956edf494c8,9.074,24.25,4.082,97,4
askdocs_1uku869,dd9435538bb11ec3,11.647,30.0,5.0,60,2
askdocs_1ukuahu,aa07ce4157ed9083,6.346,12.111,15.789,109,9
askdocs_1ukuc2h,160e812165202f62,8.552,20.111,9.677,181,9
askdocs_1ukugu1,b9c88d1a0b2665e0,4.892,15.0,8.861,75,5
askdocs_1ukuh5r,267e5a59ec0708e1,6.559,14.0,21.429,70,5
askdocs_1ukuimn,a70563607b9b2f8e,6.3,14.556,14.286,131,9
askdocs_1ukujoh,65328a247ef50724,15.489,33.857,8.0,237,7
askdocs_1ukukzf,35c2b294c2a967ef,9.255,20.25,6.173,243,12
askdocs_1ukun3w,52d05236eb152a53,7.421,15.28,11.45,382,25
askdocs_1ukuns0,c98d50444c3752f2,9.494,22.571,3.636,158,7
askdocs_1ukuogg,94afdec55672b2a6,6.658,17.0,16.667,34,2
askdocs_1ukupme,c785724e4d14d56a,8.568,16.429,18.103,115,7
askdocs_1ukupr9,b927e9fcf773b633,8.079,16.125,11.429,129,8
askdocs_1ukur8o,2956da3fb137a491,5.763,11.955,10.189,263,22
askdocs_1ukuwi7,edc2f605f938bded,6.508,12.625,7.619,101,8
askdocs_1ukuyeq,e721bf5c7bb22b30,10.437,26.25,12.329,210,8
askdocs_1ukv20z,89c24542c6071d05,19.7,29.062,17.996,465,16
askdocs_1ukv6um,53f3badf0d9e323c,6.921,13.0,11.917,182,14
askdocs_1ukvf3x,2762ad0af341e4c3,6.723,11.7,18.699,117,10
askdocs_1ukvi3b,07d0a3d04d791a6e,6.58,16.0,6.832,160,10
askdocs_1ukvjjj,ede47c8d067f51a4,8.621,14.889,16.892,134,9
askdocs_1ukvjrd,3877e7157415ceec,12.897,17.4,27.66,87,5
askdocs_1ukvkh3,370c9d680d818b96,4.962,21.0,4.545,21,1
askdocs_1ukvnco,707da6b60ffb72bb,4.282,9.25,8.036,111,12
askdocs_1ukvppb,0808308396925d3c,11.972,22.407,13.817,1927,86
askdocs_1ukvqp5,255b0c6798434624,7.528,10.4,10.714,52,5
askdocs_1ukvrfz,29e9ca538dfa41aa,8.708,19.452,9.464,603,31
askdocs_1ukvs2a,e7d00f7e247448f1,6.19,14.388,11.448,705,49
askdocs_1ukvsqn,62cdf091267a4cba,9.288,24.889,6.667,224,9
askdocs_1ukvv8t,e0b4b3f7ff74c9f9,13.398,27.667,11.976,166,6
askdocs_1ukvwj5,295ca73e519221e3,10.256,17.0,8.986,323,19
askdocs_1ukvx6u,32d93c714798703c,7.45,14.857,6.364,104,7
askdocs_1ukw0kk,912dab8f0694ec5d,7.828,20.833,2.692,250,12
askdocs_1ukw2z8,4e8e54de78f3b15d,10.094,24.143,11.864,169,7
askdocs_1ukw3hd,d00e4736044bdc08,8.971,17.0,14.706,102,6
askdocs_1ukw4er,88e428bcb40c6f9d,19.327,52.0,7.692,104,2
askdocs_1ukw6zl,55e4368575cf52b3,8.14,20.0,20.0,20,1
askdocs_1ukw8aj,ed99244112adac66,6.241,15.1,7.285,151,10
askdocs_1ukw8l3,2392bbc8e5e5f4d8,5.554,13.5,6.024,81,6
askdocs_1ukwe88,49f5b2c207803d99,7.424,15.125,13.027,242,16
askdocs_1ukwibs,302311987f863996,8.239,13.0,32.5,39,3
askdocs_1ukwjh1,531d0c6063216af9,6.282,12.333,7.792,74,6
askdocs_1ukwjwc,b829faa3fb59b17c,4.012,11.8,16.949,59,5
askdocs_1ukwmag,6410d61c264119a5,5.19,20.0,20.0,20,1
askdocs_1ukwmz0,b732bc8a75f4b30c,6.543,13.3,15.108,133,10
askdocs_1ukwn0a,8dca044a651671a9,10.909,21.0,17.557,252,12
askdocs_1ukwn50,ee64690e1a49e60e,4.952,16.667,2.97,100,6
askdocs_1ukwnol,c17d49b2c510c45e,10.582,24.708,8.674,593,24
askdocs_1ukwnr6,02e705d5d8529db0,7.651,15.455,6.593,170,11
askdocs_1ukwnv3,576ce0fac5a03e26,11.687,28.167,6.102,507,18
askdocs_1ukwr18,7081b530e8720062,7.972,19.333,9.871,232,12
askdocs_1ukwsio,1db1d134e52d47ad,5.492,13.714,3.922,96,7
askdocs_1ukwtu6,564637f2e0a9af91,4.99,14.778,8.889,133,9
askdocs_1ukwwsx,e15dc3c26f8ec1b3,3.919,9.444,12.644,85,9
askdocs_1ukwwwh,7b86cb988f3869b7,21.494,50.6,6.641,253,5
askdocs_1ukwxso,ade70573128bf445,7.796,19.75,7.143,316,16
askdocs_1ukwyau,89ebeb8541134044,6.045,13.462,9.091,175,13
askdocs_1ukwzsn,b58b8a0aa712223c,7.032,8.767,12.803,263,30
askdocs_1ukx33a,e895d67a8b0e8c68,6.984,12.222,6.78,110,9
askdocs_1ukx4y2,158d1bf1bc669118,13.692,18.556,20.833,167,9
askdocs_1ukx6cg,3ad60a39e554dd19,16.233,45.333,9.353,136,3
askdocs_1ukxj5j,91b98fb49c44b5fc,4.823,12.0,5.0,60,5
askdocs_1ukxldg,f66abe6f7f808d6a,4.706,13.667,4.762,41,3
askdocs_1ukxldn,9f14d6ab4d37fd45,7.295,12.245,16.642,649,53
askdocs_1ukxo65,64e550a4fcedbcea,4.524,6.75,18.519,27,4
askdocs_1ukxq7r,19efecc295cd1fc4,5.403,15.0,11.475,60,4
askdocs_1ukxtyk,433b06c9cdb6a90a,7.144,9.522,15.721,219,23
askdocs_1ukxuam,7f61c0f4ccc8c330,13.133,33.0,14.286,99,3
askdocs_1ukxv4t,8f394b5500062db8,7.92,16.0,9.278,192,12
askdocs_1ukxw0e,b2e35efce4ceda41,18.232,25.0,21.429,25,1
askdocs_1ukxyk5,fdd514878b315e1c,0.944,6.8,2.941,34,5
askdocs_1uky1ma,37ac06f7071fadf2,10.754,26.6,7.971,133,5
askdocs_1uky34h,d635f39815ecbe67,5.12,14.5,9.605,174,12
askdocs_1uky3vn,d6d2ece3c8489719,5.66,17.667,10.092,106,6
askdocs_1uky5vt,815279ba1965a315,9.16,18.429,10.526,258,14
askdocs_1uky6gb,2f88873a12312e8e,10.581,21.0,7.519,126,6
askdocs_1uky6ka,438918cd98a48b89,8.396,20.333,6.557,61,3
askdocs_1uky7f6,34788ea4ab8c9cdd,10.899,27.333,10.843,82,3
askdocs_1uky7vh,c5886eb445f23bd1,9.889,22.556,10.476,203,9
askdocs_1uky9ny,b9e3008b7767de6c,7.222,18.333,10.909,55,3
askdocs_1ukye9t,88aa05572a4c672c,11.207,29.833,4.469,179,6
askdocs_1ukyh97,4bf2c6f644068846,4.239,12.25,9.091,98,8
askdocs_1ukyjl2,da3da23ca3241068,7.236,16.333,8.0,147,9
askdocs_1ukyjvg,9dd03e8911b5b9c6,11.835,25.333,9.231,380,15
askdocs_1ukym7b,f2152a742c2502a9,6.311,17.0,9.195,85,5
askdocs_1ukyowa,fec572a05fb91918,5.36,12.938,8.019,207,16
askdocs_1ukysn7,26f5849037904b02,7.829,14.778,3.759,133,9
askdocs_1ukyulv,7816dc1c866fce03,4.523,14.0,10.16,182,13
askdocs_1ukyw87,f4bb5a8057a28559,10.833,16.088,8.379,547,34
askdocs_1ukyxq7,096d873b1573e107,9.359,22.909,4.348,252,11
askdocs_1ukz42o,30235c6708ffe4c1,7.13,14.692,11.5,191,13
askdocs_1ukz7ug,cbf1ef97aa381c3c,9.278,19.0,9.884,171,9
askdocs_1ukz7y1,5f1acb9a3cd60bbb,6.812,11.8,13.934,118,10
askdocs_1ukz825,faeac617a432feee,9.249,20.71,12.576,642,31
askdocs_1ukzbhn,1aa8e01282815e6e,5.19,20.0,5.0,20,1
askdocs_1ukzdur,0c67d01f755b4da1,9.659,19.316,10.188,367,19
askdocs_1ukzgqx,75a8a8f7ccaf7ba4,6.396,10.842,12.44,206,19
askdocs_1ukzk0w,313483199035db5b,9.201,16.417,12.019,197,12
askdocs_1ukzpfu,8495707290688161,7.263,14.75,8.0,118,8
askdocs_1ukzqz7,a4c21d6e09cc6125,7.038,12.833,11.688,77,6
askdocs_1ukzrqo,0566849831bcab97,8.418,23.125,8.29,185,8
askdocs_1ukzruw,9924647f694c7b47,7.818,19.312,8.491,2472,128
askdocs_1ukztp3,b1c9773834e2b7f3,6.497,15.125,4.878,121,8
askdocs_1ukzu9o,6625f1c6268a44b9,4.97,7.333,0.0,22,3
askdocs_1ukzvno,19afe0f98d2a6e6c,5.365,13.0,11.538,26,2
askdocs_1ul015m,259e7c0d988371a2,5.903,15.062,12.757,241,16
askdocs_1ul09an,b294137d48880611,5.772,14.0,8.333,210,15
askdocs_1ul0e2i,2f188e0e1bf7392a,7.452,20.0,12.903,120,6
askdocs_1ul0f13,59d6ce2074d62a17,4.502,10.867,8.537,163,15
askdocs_1ul0f49,7f62a55d9048ba16,3.646,11.643,12.195,163,14
askdocs_1ul0ipu,89f1efcca1a0eb94,5.196,11.308,11.465,147,13
askdocs_1ul0klw,eb064b479d83d12f,7.281,11.4,5.172,57,5
askdocs_1ul0l17,d7013a09b81abbe3,8.241,18.333,7.692,440,24
askdocs_1ul0n5a,1c0763093c4c5557,6.551,15.333,10.526,92,6
askdocs_1ul0nbu,885e5ca3b23d1df3,7.456,18.75,12.179,300,16
askdocs_1ul0p1g,385791ab137e7a8e,12.106,18.625,17.45,149,8
askdocs_1ul0p7t,1a139e14b8c33744,8.677,20.833,12.698,125,6
askdocs_1ul0qhw,f545bff246cf1c52,8.796,11.2,12.712,112,10
askdocs_1ul0qnm,97f24eeb40f1a7f0,7.957,19.765,10.0,336,17
askdocs_1ul0yew,5c44b9224368310b,5.572,16.8,6.818,84,5
askdocs_1ul122s,32822fec244bef7e,5.643,10.692,9.929,139,13
askdocs_1ul16dt,6aeb1b931a7d022e,5.603,14.0,13.333,42,3
askdocs_1ul19cv,a89033e2726002d9,8.52,24.0,16.667,24,1
askdocs_1ul1bd1,91bf8dfcd5bda7a7,4.898,13.8,6.635,207,15
askdocs_1ul1ck1,6192d8c5fe1e1ca4,9.972,25.333,8.974,76,3
askdocs_1ul1eaj,48e5ffe6021825ed,13.704,23.0,12.102,299,13
askdocs_1ul1fch,ed6c19dbb9329d42,5.822,11.571,15.116,81,7
askdocs_1ul1fyz,f829ce4254e65c38,9.514,9.842,15.271,187,19
askdocs_1ul1h3u,cffebd7d03bac30d,5.903,12.1,9.091,121,10
askdocs_1ul1ir9,d5c2e025f7cb188f,7.11,19.143,13.333,134,7
askdocs_1ul1k8t,c5f216b3e60fa0e5,3.765,11.429,10.714,80,7
askdocs_1ul1onh,096c92b47528a9f2,3.897,10.4,11.321,52,5
askdocs_1ul1ose,bb683b99df4ab37b,7.464,11.143,11.923,234,21
askdocs_1ul1qsb,75001433e197aa67,5.06,14.125,12.281,113,8
askdocs_1ul1s6j,001813702bfa1c42,7.005,19.333,15.517,58,3
askdocs_1ul1tqf,8b7202fa8f39f346,16.595,41.5,10.486,913,22
askdocs_1ul1tru,6bd3091799b92688,11.716,24.0,14.583,96,4
askdocs_1ul1tvj,cf6b824687b8d4da,4.068,11.85,7.57,237,20
askdocs_1ul1z18,bfa7e115283f5380,17.17,43.25,7.182,173,4
askdocs_1ul1z1z,ee677f49cffaca9b,5.934,14.5,10.0,29,2
askdocs_1ul22u7,013f4ca63c769c35,10.616,19.053,11.022,362,19
askdocs_1ul25w0,66ec16d11c4f3baa,14.357,39.667,6.723,119,3
askdocs_1ul29tj,82b2a9eb3c5c4cfd,4.92,15.5,7.812,62,4
askdocs_1ul2h6v,9e912340fd416ead,6.221,11.0,8.824,33,3
askdocs_1ul2i4g,c0741ca6d5a73226,12.194,27.333,9.146,164,6
askdocs_1ul2kzb,b6b08f102bfcbec7,6.378,14.45,10.299,289,20
askdocs_1ul2l9f,c845687b2b218ec6,10.724,19.286,8.276,135,7
askdocs_1ul2lgu,3ba5f922c2168e82,8.646,17.7,8.696,177,10
askdocs_1ul2oop,6a94dcf2ea0e6b74,7.977,10.0,20.321,180,18
askdocs_1ul2qx0,bf2f735b21371d52,13.417,30.0,9.231,60,2
askdocs_1ul2t3s,2672a2bcb63b197f,6.519,16.192,8.778,842,52
askdocs_1ul2veh,306f3ad0af00160e,5.156,9.75,15.385,39,4
askdocs_1ul2vyi,bc7aeaa13b8516f2,9.104,17.5,2.857,35,2
askdocs_1ul2wvc,e7965fd8da902c84,4.316,9.545,7.619,105,11
askdocs_1ul2zrq,e6b77632a7fccbdc,7.606,22.0,2.545,264,12
askdocs_1ul313l,005bc6767479ecfb,5.933,15.027,4.712,556,37
askdocs_1ul33m6,6678e863b08fbfcc,10.172,13.25,20.183,106,8
askdocs_1ul35ql,1e5cde03ea5d0d93,3.718,11.0,10.345,55,5
askdocs_1ul3a1q,dc360a7add43798c,8.425,13.875,18.75,111,8
askdocs_1ul3b8h,3b56ced13badd3df,4.788,10.062,10.574,322,32
askdocs_1ul3cgf,f9c42a6cc27c7a5f,12.195,30.15,6.613,603,20
askdocs_1ul3g62,2a82d0b19e67fa4c,10.106,21.667,7.353,65,3
askdocs_1ul3kx8,693c669cf6d52242,8.949,17.75,11.644,142,8
askdocs_1ul3mrd,b85f995f4a06d51c,4.619,11.9,7.5,119,10
askdocs_1ul3p0o,213335f2aba9915f,6.038,13.8,8.696,69,5
askdocs_1ul3php,d5de9ba06b69c25b,7.151,18.972,9.0,683,36
askdocs_1ul3ryg,634372f24eae6098,11.515,18.615,13.878,242,13
askdocs_1ul3tm0,30688f8d61eda151,13.765,29.143,16.355,204,7
askdocs_1ul3wob,2b6134f5785b717f,9.29,22.889,7.816,412,18
askdocs_1ul3zac,9628d4ad93f7f088,9.881,14.417,10.894,346,24
askdocs_1ul4364,19907a4a5aab1477,3.698,10.778,8.654,97,9
askdocs_1ul44w1,bc2d8f1b25ef47b4,5.243,15.2,15.19,76,5
askdocs_1ul4ajy,d861b0b9cf29df6c,7.858,16.0,9.804,48,3
askdocs_1ul4aw6,f6bb502cb6e615c4,10.422,21.867,11.012,328,15
askdocs_1ul4e0e,6e28cb5d533fa876,14.295,23.471,19.424,399,17
askdocs_1ul4f60,a0388843a2ea46b9,4.45,12.2,14.844,122,10
askdocs_1ul4gkr,3bcad9e4211c545b,6.176,11.868,15.152,451,38
askdocs_1ul4jef,df1983b31452cdfe,5.803,14.889,7.299,134,9
askdocs_1ul4kqr,f204072a880e1d55,4.227,12.077,13.58,157,13
askdocs_1ul4kxx,599dbd2416c1bb2a,8.413,14.333,9.375,430,30
askdocs_1ul4l5u,a9847e8446100c98,16.772,36.286,13.41,254,7
askdocs_1ul4pjn,a3bfbd3592ee32fe,8.382,19.188,5.502,307,16
askdocs_1ul4rdg,9b6abb39c9863b3d,3.569,8.341,9.942,342,41
askdocs_1ul4tdz,6c97e8ffd25169a5,10.783,21.938,9.296,351,16
askdocs_1ul51s7,091c38dbf6a79efb,9.554,29.0,10.0,29,1
askdocs_1ul52pu,808f1bdc60e7f80d,7.276,19.333,11.932,174,9
askdocs_1ul52ze,07ac8e22a78109f6,8.039,15.0,8.75,75,5
askdocs_1ul544g,9cca75ed812cbbb3,5.94,12.571,8.696,88,7
askdocs_1ul54x4,71221ce65905df58,9.265,15.4,15.51,231,15
askdocs_1ul562g,12f7fd1b5d41db28,8.92,20.778,7.937,187,9
askdocs_1ul58bc,d58b158e196c5a40,6.408,15.462,9.048,201,13
askdocs_1ul59es,84609764e2808d9e,7.314,18.349,8.999,789,43
askdocs_1ul5a1i,514d2d1770b8de41,8.186,16.0,6.329,144,9
askdocs_1ul5at4,e7ed64ef2523ebae,7.72,14.091,3.03,155,11
askdocs_1ul5bn7,96db7f961a4ae45b,8.366,16.5,14.179,132,8
askdocs_1ul5c0m,a8f4c8f7de34667d,5.385,13.25,9.865,212,16
askdocs_1ul5cc0,2d64571a79ee4436,10.844,28.5,6.215,171,6
askdocs_1ul5e5n,50f609e37fa638c4,16.273,43.0,4.598,86,2
askdocs_1ul5enz,4360a60362142d94,8.48,16.526,9.639,314,19
askdocs_1ul5f9l,9e33bd86b628197a,5.527,16.6,8.333,166,10
askdocs_1ul5fey,62c0784381b1f955,9.268,23.444,8.491,211,9
askdocs_1ul5gtx,fa12007d62612472,4.376,10.0,8.889,130,13
askdocs_1ul5i26,ce132e328dc5e14a,7.908,13.833,10.385,249,18
askdocs_1ul5igf,f39eb63d35517dd4,5.029,16.5,7.619,99,6
askdocs_1ul5j5v,2bf86f6276158591,5.595,10.571,10.526,74,7
askdocs_1ul5nwd,335b4dda16400cce,6.316,11.75,4.167,47,4
askdocs_1ul5olz,160bb7126ca4dab4,12.926,29.0,9.36,203,7
askdocs_1ul5ppp,77de761d2cdd86c6,4.174,12.056,12.785,217,18
askdocs_1ul5q6x,ea48e655eb2eaef9,5.611,11.9,12.698,119,10
askdocs_1ul5qrm,91ff7553a706024b,6.44,16.25,6.803,585,36
askdocs_1ul5rbu,2785aac20f027a9c,7.299,15.615,6.667,203,13
askdocs_1ul5tig,114c3b8aa7309141,3.361,9.222,9.783,83,9
askdocs_1ul5x3u,322e93a12c1b0b1d,2.408,5.0,16.0,25,5
askdocs_1ul5yjx,1c2ac3ed8922d760,2.998,9.0,16.667,36,4
askdocs_1ul5zng,47b63226375f1719,6.072,17.286,4.0,121,7
askdocs_1ul60gw,9142a2948230a53f,7.081,17.5,8.571,35,2
askdocs_1ul60h1,0c8b09339af69e06,7.878,16.333,5.882,49,3
askdocs_1ul62pq,10f1d592478a41c6,6.382,17.375,5.755,139,8
askdocs_1ul63tk,8268f16753237cc0,14.627,43.0,2.174,43,1
askdocs_1ul65gc,5e3ae9b62a4c649e,7.411,18.5,8.108,74,4
askdocs_1ul661l,d323e29b8183a7ee,6.766,16.8,4.0,168,10
askdocs_1ul67la,9ade4f50a2620ea3,6.723,13.833,19.767,83,6
askdocs_1ul691a,3aa4bfc5f526cd4e,11.067,24.321,8.626,681,28
askdocs_1ul69r1,73fac8258f87c9e7,11.702,20.929,16.452,293,14
askdocs_1ul6a9p,881dadcb0b54955f,9.017,20.263,9.296,385,19
askdocs_1ul6bbp,417d4333f6a55389,6.919,15.833,15.228,190,12
askdocs_1ul6dae,df18ceeb8c81cc04,4.525,10.25,14.634,41,4
askdocs_1ul6dwj,e565f334b906b5b0,6.963,17.077,4.933,222,13
askdocs_1ul6j9c,3d2a60f0bff80084,35.03,89.0,18.889,89,1
askdocs_1ul6mum,2802d6a3a1ba8754,5.681,15.5,14.062,62,4
askdocs_1ul6ub8,6a0508c27720760b,8.516,18.4,13.043,92,5
askdocs_1ul6vbw,f6c07c9cbcd7ac35,4.616,13.467,4.926,202,15
askdocs_1ul6vch,3845a64c159afb55,11.252,27.7,8.824,554,20
askdocs_1ul6wtv,8abf4d0ee55f24c1,7.716,7.412,18.657,126,17
askdocs_1ul6zg6,8fdda520efa92658,9.88,17.455,12.671,576,33
askdocs_1ul720w,dd647f8a7f412f32,5.646,16.0,6.25,48,3
askdocs_1ul74mc,7df182164db21c58,8.583,19.267,5.479,289,15
askdocs_1ul766c,fd965298b2c0d792,4.582,8.667,23.077,26,3
askdocs_1ul77ac,18989e3940e0a60a,6.591,17.583,7.907,211,12
askdocs_1ul77v2,5b3d0ac0166ce19c,6.854,15.478,10.803,356,23
askdocs_1ul79dy,0eb76a6f3c216530,18.077,47.333,9.859,142,3
askdocs_1ul7a2j,4c2a76a42c4466bf,5.378,13.167,11.875,158,12
askdocs_1ul7c7d,f1e2e227c9d7a943,7.025,14.667,12.5,88,6
askdocs_1ul7dn7,2c8f5b51d0ee8083,7.978,17.621,8.932,511,29
askdocs_1ul7grc,9bdbd30dfeae04e0,6.331,16.062,10.861,257,16
askdocs_1ul7ifk,ebe135374c9bb92f,9.462,18.917,8.403,227,12
askdocs_1ul7kbv,2900323797038de7,6.469,15.882,5.018,270,17
askdocs_1ul8099,924212ab1986d73d,4.178,9.429,12.121,66,7
askdocs_1ul82yb,cc5a89e30bbad147,5.522,14.778,10.949,133,9
askdocs_1ul843b,813f091635a6ae06,9.307,16.231,13.615,211,13
askdocs_1ul857h,16d3d539d7b620b0,4.157,13.143,8.511,92,7
askdocs_1ul86n5,923b9be362ac8ce5,4.966,13.462,7.386,175,13
askdocs_1ul88pu,a11fc4f55093745d,4.309,9.0,18.421,36,4
askdocs_1ul89co,e7305edef4953c93,6.502,16.9,5.882,169,10
askdocs_1ul8a9z,708161817128bb71,6.245,7.0,18.182,21,3
askdocs_1ul8aio,d66d9b97f9da72f8,5.513,11.7,11.475,234,20
askdocs_1ul8ar7,260547a07e68aa0b,4.554,12.875,13.889,103,8
askdocs_1ul8czx,e6b3c5ed327f9ee8,8.189,16.615,10.03,648,39
askdocs_1ul8eee,62dcc15f1dbc4ae3,9.652,22.2,9.009,111,5
askdocs_1ul8eyx,7a104f88626a0f7e,9.448,16.88,10.959,422,25
askdocs_1ul8g8f,d125e1219d9fd880,11.874,21.625,16.94,173,8
askdocs_1ul8gby,8e404d2c4f4c307e,2.904,6.833,9.091,41,6
askdocs_1ul8igc,b804f5b04d9a9d71,6.396,14.1,18.31,141,10
askdocs_1ul8o0s,5e1892f442b299b6,4.998,10.333,19.048,62,6
askdocs_1ul8p6x,35824ac7d93f18b8,8.396,7.25,10.345,29,4
askdocs_1ul8pc3,7d65f3c66645f453,10.341,21.8,4.587,109,5
askdocs_1ul8q4w,fc556175b84cdcaa,7.605,15.889,8.276,143,9
askdocs_1ul8q7v,d19dc5c1535e7971,18.186,41.429,15.878,290,7
askdocs_1ul8rxu,48318eab1829a728,8.599,17.143,6.557,120,7
askdocs_1ul8wfl,e20c213fe79c6bf8,7.052,17.6,14.388,264,15
askdocs_1ul8zp7,dfe94438a161faec,6.679,18.2,9.474,91,5
askdocs_1ul90be,420260d3ef45bc77,8.567,17.231,15.179,224,13
askdocs_1ul914i,003a43c9d98b5dac,9.737,11.227,14.751,494,44
askdocs_1ul93rz,9394d3f0d6bb03b7,8.074,21.0,6.69,273,13
askdocs_1ul972q,33e1e798eb7a5efa,8.426,14.567,11.086,437,30
askdocs_1ul98hg,74cc8a27899d8816,5.601,13.7,13.571,137,10
askdocs_1ul98qk,298c02f64bd928ea,9.081,22.0,18.182,22,1
askdocs_1ul99ti,68ee91ca4da240e7,7.547,19.5,14.05,117,6
askdocs_1ul9egx,417827c633fa9963,9.163,20.55,8.747,411,20
askdocs_1ul9em8,90eef642560594bf,8.208,11.258,17.105,349,31
askdocs_1ul9er6,406fd909861bf5b0,4.795,10.667,12.5,64,6
askdocs_1ul9hu2,3f04d342a9a82470,5.051,13.25,12.389,106,8
askdocs_1ul9ias,1b85d4988cd824c8,7.791,14.714,12.981,206,14
askdocs_1ul9mx7,22a164e3735cff4c,0.594,9.0,10.909,54,6
askdocs_1ul9ni5,48e766eee1b55b2c,7.491,18.0,10.556,180,10
askdocs_1ul9qfl,964f7090a2ac4cac,7.425,19.4,15.464,97,5
askdocs_1ul9qo3,8ea6394d98d56ae0,9.717,21.5,12.946,516,24
askdocs_1ul9vj8,9e6438faa888e62d,10.463,25.625,6.635,205,8
askdocs_1ul9xps,79e066df6656af0d,5.756,10.966,8.96,318,29
askdocs_1ula25u,8353beff0105068e,10.691,22.8,16.102,114,5
askdocs_1ula3jf,ebe9246b53bb53e9,10.625,26.8,6.618,134,5
askdocs_1ula9ly,27f3cc5f457d5387,12.448,29.5,7.821,177,6
askdocs_1ulaclj,767eaed5076c29c6,5.214,11.2,12.281,56,5
askdocs_1ulaghc,9de6985814a8c79a,4.316,12.09,9.312,943,78
askdocs_1ulah8i,6a8dbedf650499d1,8.362,16.385,8.796,213,13
askdocs_1ulaldl,e94ff62e9bf64d90,6.133,10.6,13.208,53,5
askdocs_1ulam5w,3dc51814855a0dac,12.374,29.75,8.403,119,4
askdocs_1ularbc,c032f78a76816d20,8.162,17.0,7.407,51,3
askdocs_1ulau8w,4e822725f09cfdee,5.944,8.667,11.538,26,3
askdocs_1ulauea,ba656bb414dc56c9,6.432,12.0,9.091,132,11
askdocs_1ulava9,49718a55780a7d29,9.814,22.111,11.5,199,9
askdocs_1ulaz7z,c2d5a9554fd57aa6,5.942,12.714,9.677,89,7
askdocs_1ulb61m,d4c94bce918647f6,3.962,11.857,7.865,83,7
askdocs_1ulba71,a3847c8ff6609a73,5.569,12.5,8.0,50,4
askdocs_1ulbdm2,08728ee62f02dc80,16.309,38.0,2.532,76,2
askdocs_1ulbesr,302c37b0dc913472,14.435,29.5,13.584,590,20
askdocs_1ulbgln,2a4bc766034b63ef,10.006,18.111,13.174,163,9
askdocs_1ulbgrq,99ff9e3be2cca5a3,9.617,24.591,7.928,541,22
askdocs_1ulbh91,0ca9f7c91c1549dd,6.935,22.0,13.636,22,1
askdocs_1ulbi6t,002a5f2b2dad7f6e,7.962,17.333,5.66,52,3
askdocs_1ulbijp,80ae90253d1328b8,4.465,12.571,8.989,88,7
askdocs_1ulbmsj,333344bba20a24a6,7.319,19.714,9.036,138,7
askdocs_1ulbppk,84e9537303b3d780,6.277,12.5,10.0,50,4
askdocs_1ulbqtu,c88206664b60267e,3.594,12.0,22.917,48,4
askdocs_1ulbvlv,91b2cb1dd79dcbe5,4.405,12.625,11.65,101,8
askdocs_1ulc4x7,588e24b5589cfa89,8.018,16.381,9.169,344,21
askdocs_1ulcbmr,d7c79766a66ad3c3,6.507,13.75,0.0,55,4
askdocs_1ulccgp,46628d1540db3a12,3.475,9.857,14.286,69,7
askdocs_1ulci10,dcf0f2b3dec0a485,4.8,12.615,9.302,164,13
askdocs_1ulcldi,47881dfe70d3a2f7,7.968,14.5,10.0,58,4
askdocs_1ulcsdw,a94abf0933da532e,11.224,23.125,11.856,185,8
askdocs_1ulct17,7f16bc71a9ff2d78,8.153,14.1,8.784,141,10
askdocs_1ulctcy,44747f192274a7b3,9.343,18.545,6.699,204,11
askdocs_1ulcuup,216283c35e5e3a33,9.383,16.0,19.753,160,10
askdocs_1ulcy3l,6e0d80d81e6aeb5f,7.415,10.111,11.579,91,9
askdocs_1ulcyoh,b99d71a811b40719,4.865,10.529,10.106,179,17
askdocs_1uld4jm,c500b72f4f21dd8e,12.428,31.5,3.175,63,2
askdocs_1ulde2u,078cd6d34f73b2c8,9.435,16.714,11.915,234,14
askdocs_1uldinm,c42114be8ed34b27,6.96,20.0,6.557,60,3
askdocs_1uldlqj,7310dccc122b389c,8.85,23.333,4.286,70,3
askdocs_1uldmj4,917fac19b0db452f,6.601,17.333,7.619,104,6
askdocs_1ulds8w,bf0111a98f162e42,5.235,8.778,12.579,158,18
askdocs_1uldtkv,6e2f77cdd05184bb,5.558,9.25,12.081,148,16
askdocs_1uldtyz,812ba67e33c5a41c,7.331,15.0,12.418,150,10
askdocs_1uldu4v,d1c9bd80d9c3efd6,7.545,17.893,9.266,501,28
askdocs_1uldulh,69f3198e3f0e429c,7.106,15.2,9.091,76,5
askdocs_1uldwj6,5277c0697a69a5ff,7.716,23.125,5.208,185,8
askdocs_1uldy9s,808d6521bd74f9e1,7.247,17.188,13.309,275,16
askdocs_1ule14l,7da8c94360bca76b,8.791,18.333,11.656,880,48
askdocs_1ule5cc,1678781de4a2e64c,6.368,13.682,12.211,301,22
askdocs_1uledg4,59ce2ebadf15fab6,9.596,14.5,20.93,203,14
askdocs_1ulegkl,90fbf69ba55549b2,7.792,17.8,5.495,89,5
askdocs_1ulemjx,150bedba831d352e,9.313,19.0,17.241,114,6
askdocs_1uleoeb,9d176f4f87f44ddc,9.29,20.5,8.943,123,6
askdocs_1ulet39,e851e6a818bad0ea,7.325,18.667,8.935,280,15
askdocs_1ulf0fy,6e93787443fc85bb,4.226,11.643,5.233,163,14
askdocs_1ulf4ns,7f978637beb03751,6.348,17.2,4.545,86,5
askdocs_1ulf5go,5aa6c56793b8d836,9.822,18.857,8.088,132,7
askdocs_1ulf780,ec22395c33ebf422,8.826,18.059,5.863,307,17
askdocs_1ulf97p,c85ad52372c6c607,6.995,14.25,13.537,228,16
askdocs_1ulfaba,f35c48a4d4d318d6,4.198,9.636,1.869,106,11
askdocs_1ulfb9b,9387b29007029b44,6.992,12.103,6.868,944,78
askdocs_1ulfe16,f6b370669ffcddab,8.734,10.5,14.286,21,2
askdocs_1ulfhqw,e0bdd808f234d949,4.592,10.375,12.791,166,16
askdocs_1ulfjho,5360668cfacf6615,6.125,10.417,14.173,125,12
askdocs_1ulfl1m,b640f1316a5e132a,9.826,20.0,12.838,140,7
askdocs_1ulfoh0,99db7e75dd26685b,9.019,17.714,12.782,124,7
askdocs_1ulfomv,1bc9b050b2ce86fa,19.84,43.0,11.628,43,1
askdocs_1ulftzq,bed6edf0fce8c873,3.105,9.429,12.121,66,7
askdocs_1ulg0dw,7a5336d6496e1267,7.081,18.0,10.417,144,8
askdocs_1ulg1p0,68cb15807fc300e5,5.986,14.2,6.0,142,10
askdocs_1ulg5pi,00690b4aa17ffeea,3.51,10.429,8.0,73,7
askdocs_1ulg5uk,7908b836dbc0aa28,11.732,27.286,7.0,191,7
askdocs_1ulg5z1,9bc1a4e6fe4806be,18.076,39.0,10.0,39,1
askdocs_1ulgcxp,35e60ec52748211e,7.174,15.667,8.451,141,9
askdocs_1ulgdfa,424690d475919952,20.67,55.4,7.527,277,5
askdocs_1ulgh12,079fd3f29cd86f18,6.02,13.824,6.356,235,17
askdocs_1ulgjlk,7457b682cf2832fd,1.734,8.4,6.977,42,5
askdocs_1ulgjtb,e3086b045283086b,5.353,12.833,6.329,77,6
askdocs_1ulgop2,90183bc9287c65b9,12.452,27.167,10.606,326,12
askdocs_1ulgrz3,7377c71586519943,9.453,21.714,11.465,304,14
askdocs_1ulgtcb,d332a3faf6a4fa13,7.517,17.857,9.091,500,28
askdocs_1ulgvv4,0e3057c9bd8215df,6.064,13.133,7.538,197,15
askdocs_1ulgwbn,35d811add3c7cfaa,8.006,18.75,9.677,150,8
askdocs_1ulh0dp,efc8e98b50b4e9cc,7.396,18.25,8.409,438,24
askdocs_1ulh2rz,7592ecf3e8f78ae4,6.861,18.667,8.065,56,3
askdocs_1ulh689,0f79d1b7e0f0aca5,7.195,15.375,14.615,123,8
askdocs_1ulh9nv,0df59e103f9fc479,11.584,17.562,15.789,281,16
askdocs_1ulhc1s,139412bcb051f1e0,1.841,6.714,12.0,47,7
askdocs_1ulhcp9,2998468362181554,5.966,12.167,14.935,146,12
askdocs_1ulhd3p,c1be55ff5622ba46,8.024,13.933,17.453,209,15
askdocs_1ulhl3w,dbf13f16169d8b6f,5.317,11.25,8.889,45,4
askdocs_1ulhr95,9f55c4ceb1d2e186,5.003,11.2,6.897,56,5
askdocs_1ulhyie,34019ec31b854406,4.663,16.0,9.375,32,2
askdocs_1uli012,eb56647db14b8afa,6.176,13.857,8.867,194,14
askdocs_1uli20u,d864953868d9995f,4.729,13.0,7.463,65,5
askdocs_1uli38v,7282917ef56e6fbf,5.299,14.6,9.333,73,5
askdocs_1uli4tp,a03a6a984cd65184,6.423,15.333,11.957,92,6
askdocs_1uli6tz,beb68b038261ead3,7.11,11.2,15.789,112,10
askdocs_1uliacn,ba6dca30e06d03ed,6.989,15.917,11.65,191,12
askdocs_1ulib88,83b02c65262374ca,5.935,18.333,10.909,55,3
askdocs_1ulibd7,5fcdb561aa10a610,9.427,18.6,17.895,93,5
askdocs_1ulif3y,30be44fa26dc50aa,6.38,11.545,8.397,127,11
askdocs_1ulihby,8b81e51514330897,5.675,13.778,7.143,124,9
askdocs_1ulihj7,856776f64f0ceb69,5.542,13.75,11.304,110,8
askdocs_1ulijvq,21c79a4b86eab4df,9.512,13.286,13.684,93,7
askdocs_1ulil7s,de575098c761aa09,2.524,10.333,3.03,31,3
askdocs_1ulimmo,78ec090327c4d0b7,7.393,18.2,8.649,182,10
askdocs_1uliqpp,4a2cbbac7947f8e6,4.219,11.571,19.767,81,7
askdocs_1ulirqx,fe9ac5987cddf8f6,9.241,15.576,12.287,514,33
askdocs_1uliukg,f7b81eb68af2c471,4.332,12.0,8.0,24,2
askdocs_1ulj1i7,a031581dd30f8e4b,8.829,15.882,12.458,270,17
askdocs_1ulj4ts,e7d2f83210c9fce6,8.014,19.286,4.795,270,14
askdocs_1ulj77u,b21f2bfd1e151c45,9.138,23.0,5.59,322,14
askdocs_1uljcpm,fab6a645754d3922,11.329,23.5,10.256,658,28
askdocs_1uljd2a,55c792941070846d,3.817,7.667,13.043,23,3
askdocs_1uljdug,f7d88f369b5320b1,10.582,24.708,8.66,593,24
askdocs_1ulje5m,27cb4d066a230a2a,8.081,21.48,5.81,537,25
askdocs_1uljf6d,f1a51188a62ca114,9.329,11.0,21.502,286,26
askdocs_1uljhjh,2fb32ddcbee6fc32,5.713,14.467,9.524,217,15
askdocs_1uljiwn,b0e81fc03ef1a91a,7.002,15.8,11.25,79,5
askdocs_1uljlm4,6b6927e84783d92a,33.866,86.0,12.791,86,1
askdocs_1uljpdc,7f48cd028a14babd,7.831,15.75,9.449,252,16
askdocs_1uljpr6,90967b158c031416,9.007,11.2,21.053,56,5
askdocs_1uljqlo,f81a5cc52c3658c1,6.341,14.5,9.917,116,8
askdocs_1uljr3a,c6db49dce47066ad,10.848,25.25,5.882,101,4
askdocs_1uljrqn,b445919a4d7c74dd,6.975,14.327,8.916,702,49
askdocs_1uljt69,73cfccb710ab3288,4.998,15.667,10.0,141,9
askdocs_1uljtw7,152f0cc81711a706,5.413,12.0,4.0,120,10
askdocs_1uljur6,d8d8852cef4e5490,24.55,62.5,5.556,125,2
askdocs_1uljvad,edcd8cbe4d334435,11.842,29.111,12.453,262,9
askdocs_1uljxul,36f8ed06ec728b34,6.769,16.444,18.0,148,9
askdocs_1uljz0x,3242840cbdc43285,6.498,13.25,8.621,53,4
askdocs_1ulk0s6,4e45ec8e9c184245,8.652,18.333,11.276,330,18
askdocs_1ulk3gr,86101094513f02eb,4.753,13.5,11.927,108,8
askdocs_1ulk3kk,6da2864e2e883ca6,15.33,37.444,13.314,337,9
askdocs_1ulk7gi,912fe805938f5b1a,9.566,20.682,11.135,455,22
askdocs_1ulk8nj,11d12209616e2dd1,5.082,15.667,8.511,47,3
askdocs_1ulk8oq,0608c28bedebcb12,5.464,12.923,10.465,168,13
askdocs_1ulk95g,6102ff3252f770cd,2.828,9.667,18.75,29,3
askdocs_1ulkeb2,b8dff86add7f9104,7.924,17.5,7.801,140,8
askdocs_1ulkmn8,f68351e1f5d2206d,6.043,13.556,12.308,122,9
askdocs_1ulkupw,683dd2591025970b,4.262,9.5,12.371,95,10
askdocs_1ulkuuf,dff8dd630ee493a2,5.696,16.833,6.931,101,6
askdocs_1ulkwji,1ed745bf6ad14973,10.156,19.286,12.177,270,14
askdocs_1ulkzt1,7478f1d1c7652214,7.216,13.375,12.442,214,16
askdocs_1ull111,0b3eb0b3a1d8cbdd,7.852,11.933,10.326,179,15
askdocs_1ull3cw,a3e583a0b6d65da5,7.607,18.714,12.167,262,14
askdocs_1ull625,5a74a91631f3225a,7.719,18.571,6.154,130,7
askdocs_1ull9yq,77821672316eaf86,11.057,30.0,9.836,60,2
askdocs_1ullc49,54285f9f2b5591d5,3.397,8.8,11.364,44,5
askdocs_1ullg2x,a0e8a90a7058dc2c,8.431,20.952,9.729,440,21
askdocs_1ullg54,51cc2e49eb30570a,4.717,13.25,11.111,53,4
askdocs_1ullhtq,a0fceab51ec30da5,6.757,14.667,9.63,132,9
askdocs_1ullj6b,711dddbbb46a3f01,4.294,12.286,4.651,86,7
askdocs_1ulll9a,fb878a2c963f5d34,9.82,13.769,21.053,179,13
askdocs_1ullley,86f92744fd624b55,5.97,13.0,8.75,78,6
askdocs_1ulllz6,6c2706853b6b3c82,5.727,13.375,2.778,107,8
askdocs_1ullpg4,ab159b73eee23668,5.947,12.0,11.364,84,7
askdocs_1ullz9c,fec98ab763d2fa3d,3.185,7.8,15.385,39,5
askdocs_1ullzqs,4c40af1df683f0d7,8.154,21.286,9.396,149,7
askdocs_1ulm0bf,c29509f19bf51ca2,8.266,17.477,11.517,3006,172
askdocs_1ulm1pw,e784e4237e61fa5e,13.284,27.714,7.882,194,7
askdocs_1ulm3zn,d95984abcc4b5652,4.984,11.647,13.93,198,17
askdocs_1ulm40k,085bd4827f8589fa,9.809,21.5,8.597,215,10
askdocs_1ulm5dl,1f111925d7775874,5.579,9.571,13.043,67,7
askdocs_1ulm5k9,7ba05b93ca0c2f0c,9.694,22.0,5.714,308,14
askdocs_1ulm6gl,d273195b5aeecfad,3.378,8.947,14.035,170,19
askdocs_1ulmaid,aeeffffcd05019c6,12.749,28.0,12.205,252,9
askdocs_1ulmbn8,99dca198fb73fb4d,7.292,18.714,4.444,131,7
askdocs_1ulmfnw,c004cdcd17efea58,9.995,17.0,12.556,221,13
askdocs_1ulmhf4,1984af93797706b4,5.571,14.2,10.811,71,5
askdocs_1ulmhr1,56308270d606abde,10.376,26.429,10.847,370,14
askdocs_1ulmj0h,2ac7a8804be73761,9.854,17.278,12.226,311,18
askdocs_1ulmjqu,033452ec45ecaf82,9.574,24.421,9.711,464,19
askdocs_1ulmkqi,2286d2892a24016d,8.661,22.24,8.576,556,25
askdocs_1ulmx87,61b1dca9aee483ad,6.176,11.188,7.729,179,16
askdocs_1ulmxh6,dfa2cd00dcca07ed,4.518,10.625,10.345,85,8
askdocs_1ulmymq,151045d9bdc3da17,7.274,15.783,12.295,363,23
askdocs_1ulmyno,eaf59bd188e8f653,6.517,11.625,13.089,186,16
askdocs_1uln0ep,dfe3ae356d7b727e,7.929,12.594,12.911,806,64
askdocs_1uln571,19f032c354dc6403,21.203,54.0,3.636,54,1
askdocs_1uln7f9,b745e648ab0ad2c1,7.912,14.429,12.381,101,7
askdocs_1uln81i,6d993fd113a99a6b,7.463,18.167,8.444,218,12
askdocs_1uln9ee,92e252f4651fdf67,2.875,9.625,10.0,77,8
askdocs_1ulnbdy,b0a95ee42dec1d1c,4.332,12.0,2.667,72,6
askdocs_1ulnd80,721409ee10442a00,3.986,11.0,10.87,44,4
askdocs_1ulndtf,0d504c4393291e11,8.889,17.667,12.963,53,3
askdocs_1ulnqu9,50ce87cc63c6d94e,11.134,28.0,17.544,56,2
askdocs_1ulns79,aad440c74a34b1de,6.414,16.8,9.524,84,5
askdocs_1ulnsr1,67e64b35c7efd925,3.432,6.6,3.03,33,5
askdocs_1ulnu8h,5c3bada837eb52dd,4.495,11.286,7.5,79,7
askdocs_1ulnw93,a8170e30b436d508,14.215,41.0,7.143,41,1
askdocs_1ulnwth,e4cbe802b523440a,4.792,11.2,8.929,56,5
askdocs_1ulnzqz,06a8f4441a304e41,3.871,8.438,14.493,135,16
askdocs_1ulo0f9,470970371cb1651f,3.764,9.6,9.901,96,10
askdocs_1ulo0wi,ba9515825693c519,6.333,9.5,6.78,57,6
askdocs_1ulo14m,7b4f809ea180bf6e,7.641,15.333,9.948,184,12
askdocs_1ulo4kw,387bb3069c9a3fc4,7.371,20.5,10.588,82,4
askdocs_1ulo7q5,1c72dd95fd54fde5,11.686,22.0,11.25,154,7
askdocs_1uloaxt,93aa93be0923c3b3,6.157,15.5,12.698,124,8
askdocs_1ulobox,387b0d7cd443a52e,10.094,14.231,18.871,555,39
askdocs_1uloi92,fb811c6b0aaf4dee,11.537,20.25,15.698,162,8
askdocs_1uloirr,136a4e5b3ed017dc,5.958,14.2,10.28,213,15
askdocs_1ulojag,e447e550df099b92,8.315,19.25,17.073,77,4
askdocs_1ulokv9,ab7c7a999f412bee,6.401,11.444,15.401,412,36
askdocs_1ulop1g,08b17da0729898dd,6.218,14.25,9.917,114,8
askdocs_1uloqnf,3de3436f82b5df2f,9.796,19.562,9.554,313,16
askdocs_1ulossu,7e3e3d0f04658688,4.736,11.714,13.218,164,14
askdocs_1ulotz4,e419f5fe86e42a54,5.993,15.0,10.989,90,6
askdocs_1ulovic,315ac9a2461177ec,7.397,18.6,7.368,93,5
askdocs_1ulox9g,5b6bba56b09c0775,6.648,11.636,6.977,128,11
askdocs_1uloxuk,294d072ceccad8a0,10.816,21.818,15.275,480,22
askdocs_1uloyxx,0be9890d1a943a4d,6.76,18.625,7.641,298,16
askdocs_1ulp7er,172efaf1e9d59da6,6.828,17.333,1.923,52,3
askdocs_1ulpciq,e819148126b34458,4.056,11.75,6.0,47,4
askdocs_1ulpgf8,c317e82428a23031,10.213,22.0,9.5,198,9
askdocs_1ulpibq,9f66ae1cef2b522b,8.723,21.083,10.672,253,12
askdocs_1ulpimf,4ad4b1ec81ebaa75,5.361,11.409,12.308,251,22
askdocs_1ulpipk,ea5c336a49e70291,4.005,8.75,13.889,35,4
askdocs_1ulpni8,152c318914c578f9,12.006,23.385,14.516,304,13
askdocs_1ulpntm,923c15ca9539915a,7.844,18.468,6.815,1422,77
askdocs_1ulpt78,3fefd78ac6814e15,8.52,16.0,14.22,208,13
askdocs_1ulptvr,effc02c53e44dd1d,9.444,18.231,12.605,237,13
askdocs_1ulpv9h,0388dc04ea23632b,5.259,16.273,8.38,179,11
askdocs_1ulq1ll,c38ac6bddae87c50,8.747,15.0,15.217,90,6
askdocs_1ulq1p0,9cb418d7543fd6e7,11.346,21.733,12.27,326,15
askdocs_1ulq1uv,9ae6c8a20b6b0017,10.593,23.167,6.383,139,6
askdocs_1ulqe25,3705f885e535d76f,9.394,18.333,8.869,440,24
askdocs_1ulqez1,26da871ed8407b4d,9.52,22.444,9.852,202,9
askdocs_1ulqhh8,a6d92bbf18fcc017,14.352,43.0,6.977,43,1
askdocs_1ulqin8,6e758909b8f2c0dc,2.857,12.0,11.538,24,2
askdocs_1ulqj3j,663a2473c09ed013,7.183,15.778,13.708,426,27
askdocs_1ulqn29,6ce552a6bfa14f8f,12.52,30.75,7.143,123,4
askdocs_1ulqnw6,d4e27b73b7e3c806,6.259,14.5,12.0,145,10
askdocs_1ulqoym,2746d1d1628b11f0,4.825,14.143,10.68,99,7
askdocs_1ulqr4h,56097212d2670892,2.13,9.75,19.048,39,4
askdocs_1ulqstr,113068115ba15f0c,7.265,12.125,8.738,97,8
askdocs_1ulqtpo,11bd16197564c259,3.84,12.0,12.5,24,2
askdocs_1ulqvrd,6d8787080027db3e,6.679,17.125,10.145,137,8
askdocs_1ulqymq,17adbb2d7edf0412,18.391,37.818,21.81,416,11
askdocs_1ulqytz,7cf20a0fb2ced8a6,6.05,15.931,7.296,462,29
askdocs_1ulqyyw,8b8067e55c997754,7.083,9.6,10.204,48,5
askdocs_1ulr13s,2e0a3f5110a09c8b,8.861,19.2,10.101,96,5
askdocs_1ulr466,438a5482dcca06e3,9.812,19.857,10.204,139,7
askdocs_1ulr4qp,33cddb502f27c0d5,6.32,17.444,7.229,157,9
askdocs_1ulr6wl,dc6ba692ba3c8308,9.295,23.625,6.186,189,8
askdocs_1ulr9yw,e10dcdefee468dd0,8.79,18.423,9.476,479,26
askdocs_1ulrbkw,ab21d9900d68a625,7.412,19.333,1.724,58,3
askdocs_1ulrc5m,6a1cc183641af00b,7.0,15.091,9.249,166,11
askdocs_1ulre6i,ac9bcf11c2af5856,9.317,11.786,9.412,165,14
askdocs_1ulreoo,e7f3c5821d16bfa9,4.569,12.286,16.304,86,7
askdocs_1ulrfr4,c8bffd804d6ab2a3,4.037,12.0,9.677,60,5
askdocs_1ulrfvv,045e3e5c42d46267,13.458,33.333,4.545,100,3
askdocs_1ulrhv7,0529f064207d7a5e,8.596,15.062,10.843,241,16
askdocs_1ulrl22,304f430f6d02d777,7.721,19.75,8.228,158,8
askdocs_1ulrolt,edaac34ce6c1c9b0,9.431,12.667,17.647,114,9
askdocs_1ulrr1j,5ad6cc65fed3d7df,2.47,10.0,4.762,20,2
askdocs_1ulru7c,a394fe1cedc09a4e,6.967,18.667,7.965,112,6
askdocs_1ulrxxi,4451dd879365d9a8,7.842,18.167,10.619,109,6
askdocs_1uls3z5,495b81b75eb16857,5.602,13.167,7.5,158,12
askdocs_1uls4b1,116ad10ad74bed8a,7.987,13.545,22.368,149,11
askdocs_1uls74x,02f7d7dc800c2832,4.508,12.7,5.882,127,10
askdocs_1uls9rx,18712106497a8597,6.244,15.643,5.652,219,14
askdocs_1ulsbwc,a255ef1a10d44be6,10.752,24.2,11.051,363,15
askdocs_1ulsdf3,089ac03652d1c0d2,7.754,15.9,8.075,159,10
askdocs_1ulse05,c9f601ec341cca10,8.065,18.0,9.091,144,8
askdocs_1ulsh8t,f2f93043897e3b3e,7.535,15.75,9.524,189,12
askdocs_1ulsmbb,d6c748546a0bd136,24.096,55.0,7.018,55,1
askdocs_1ulss6l,259375013e2f165c,39.295,105.0,9.524,105,1
askdocs_1ulssqz,e9e1f79d2a6866e5,22.482,55.333,4.118,166,3
askdocs_1ulstrp,7150a260a666f75a,11.896,27.625,4.505,221,8
askdocs_1ulsvxz,8075be56f9762e68,6.583,15.0,11.765,60,4
askdocs_1ulsxx1,de5bdb947f70cc6f,10.755,15.2,15.823,152,10
askdocs_1ult0ar,0ee0ba410f438911,9.476,13.04,8.902,326,25
askdocs_1ult133,3657a5288d36add1,7.528,19.3,5.97,193,10
askdocs_1ult2wu,4998ae9bfc2ebab6,4.953,12.125,10.204,97,8
askdocs_1ult3br,f04d44edd51e37ec,8.734,10.5,19.048,21,2
askdocs_1ult3lw,d139629c17b0aee4,3.947,8.667,12.879,130,15
askdocs_1ult4lm,aa9b8849ed8f05e9,8.435,20.0,19.048,80,4
askdocs_1ult6ad,29cb378f2a035c76,7.687,19.167,10.744,115,6
askdocs_1ult6b0,2b590c73f9042c8e,14.135,38.0,7.692,38,1
askdocs_1ult87k,8dad65ffe8067982,10.712,26.111,9.881,235,9
askdocs_1ult9jn,847f28f7a6079266,9.459,22.75,9.284,364,16
askdocs_1ult9mp,944e508143f96642,6.844,15.714,17.273,110,7
askdocs_1ulta9s,f67ed191da137daf,6.087,19.4,7.216,97,5
askdocs_1ultf3n,4902dd023c339907,4.596,11.889,14.912,107,9
askdocs_1ultgpn,5c68b9f67310936b,17.933,41.75,7.558,167,4
askdocs_1ulthd3,631bc753e4c64654,17.863,41.75,7.558,167,4
askdocs_1ulti0x,01c936c587f2f60b,11.847,22.4,10.573,224,10
askdocs_1ultife,4a98fa3fde180304,6.172,10.167,14.973,183,18
askdocs_1ultlrn,8a8a159eaa5a7ce0,5.4,16.0,9.091,32,2
askdocs_1ultmpc,4d184680cde3eeab,4.669,10.471,14.835,178,17
askdocs_1ulto99,9bd1e4952d780f06,9.233,11.462,16.009,447,39
askdocs_1ultqry,a858f74d85af0c47,4.849,15.429,8.182,108,7
askdocs_1ultrj9,a44971b452fbaa16,9.758,15.9,15.152,159,10
askdocs_1ultwpy,f8fb65e39d399fa6,7.234,16.857,5.93,472,28
askdocs_1ultww9,ab93bfc374f9b32f,2.646,8.25,14.706,33,4
askdocs_1ulu2w9,ab7a1d725a9334cd,7.03,17.6,8.889,176,10
askdocs_1ulu4r8,e0280747f9c2038f,12.896,23.333,18.31,70,3
askdocs_1ulu7zk,f1d90c6d5aca1265,23.436,46.0,19.512,230,5
askdocs_1uluby0,713f1dde3f4b8b6d,3.786,11.6,11.864,58,5
askdocs_1ulucfw,054d1ce80d49e80e,15.669,38.5,7.792,77,2
askdocs_1ulufad,7a44ae752af70ad4,7.923,13.207,13.333,383,29
askdocs_1uluhsf,74a1d1b805e96bce,5.59,11.462,13.174,149,13
askdocs_1uluift,1f12e2a1534c505b,4.719,13.75,9.091,165,12
askdocs_1uluiqo,d6f61fe701f17cfd,4.213,13.333,3.571,80,6
askdocs_1uluivs,5336cd2814a95ac8,10.72,26.5,8.019,212,8
askdocs_1ululhz,28600eb1df648685,8.468,20.429,6.623,143,7
askdocs_1ululpp,6135bd8f6122103b,11.45,30.0,4.444,90,3
askdocs_1ulumzy,25f53d886a022517,14.074,37.8,7.368,189,5
askdocs_1uluo8v,166f93df2fecd0eb,30.165,77.5,7.006,155,2
askdocs_1ulupke,0ff966fad9c96a5d,9.299,18.727,6.912,206,11
askdocs_1ulusc9,24cbce17c9b6c0c7,7.209,10.385,15.468,270,26
askdocs_1ulutws,eb6deb846cd9a20d,9.569,19.321,13.812,541,28
askdocs_1uluy0c,cbc014cf473fd780,5.416,9.5,15.217,133,14
askdocs_1uluzs4,aea1cf406ca1deb1,6.938,16.176,10.345,275,17
askdocs_1ulv08k,695fd963aef30d54,8.789,20.375,4.268,163,8
askdocs_1ulv0xq,2214745cff3377c2,5.175,10.5,15.152,63,6
askdocs_1ulv12o,4f8eddfb7041d539,16.32,44.0,4.225,132,3
askdocs_1ulv14n,a350fbe7c63a2e53,4.714,14.9,6.711,298,20
askdocs_1ulv19l,8a353e25bf564fc0,8.915,20.25,10.588,81,4
askdocs_1ulv2ff,98737bdd89a72456,2.097,8.429,6.452,59,7
askdocs_1ulv2us,69f999da66c34b94,4.723,14.75,6.441,295,20
askdocs_1ulv3vq,0e550951194467a3,13.023,30.0,22.581,30,1
askdocs_1ulv5x6,13fa4d4c3bdd437b,12.475,28.625,6.897,229,8
askdocs_1ulv5yt,19b06efc686b5ba8,5.613,7.667,12.5,46,6
askdocs_1ulv6m3,b4051102945a699c,13.706,19.8,21.0,99,5
askdocs_1ulv7vb,0aaf1b956c7cdd54,8.039,16.917,5.392,203,12
askdocs_1ulv8qx,19e27f920750b5f4,9.084,13.889,15.079,125,9
askdocs_1ulv9kz,24019cd39d78cc82,5.701,14.25,6.557,57,4
askdocs_1ulvap7,312b48349f5a4d52,9.259,15.08,12.846,377,25
askdocs_1ulve10,cdff40bfc6acf238,7.634,18.667,11.31,168,9
askdocs_1ulvi6l,80108369f34fffbb,3.289,14.5,11.864,58,4
askdocs_1ulvipz,a72963a0f7b15d26,7.401,17.0,10.084,119,7
askdocs_1ulvixg,f27b28ec3d8f1313,5.475,10.5,13.208,105,10
askdocs_1ulvkg4,e0f011f4ec2c2ac6,13.47,31.364,9.859,345,11
askdocs_1ulvmch,8a553d6f4e00dc08,5.005,13.75,5.263,55,4
askdocs_1ulvn97,4861cdec3c7db6d1,8.421,18.778,11.628,169,9
askdocs_1ulvnng,035a2e22719296ed,5.324,12.923,8.284,168,13
askdocs_1ulvosv,ed7b0342ecc03886,9.232,21.421,11.164,407,19
askdocs_1ulvq74,690639016bada672,6.402,13.6,10.194,408,30
askdocs_1ulvqxs,755701dfab5c8255,5.4,16.0,2.041,48,3
askdocs_1ulvs0p,d077f5087a1a5437,3.457,11.667,8.571,70,6
askdocs_1ulvugh,cf630d23b1751b5e,5.542,11.636,4.688,128,11
askdocs_1ulvuxm,de821be7446be940,3.682,13.857,8.163,194,14
askdocs_1ulvvjg,a1f0b8a1ba48d216,11.615,26.0,12.121,130,5
askdocs_1ulvvla,6cf13155e93d1f1e,5.207,15.0,3.333,60,4
askdocs_1ulw0nl,2708a4c8795b83aa,7.996,21.0,7.273,105,5
askdocs_1ulw49t,9ec9278e26fd170d,6.89,15.4,10.968,154,10
askdocs_1ulw547,5af477b4087d9cca,6.359,8.286,13.559,58,7
askdocs_1ulw5v8,03067f80a1e2b702,9.743,14.273,11.25,157,11
askdocs_1ulw6sh,4c555149fab3a321,2.25,10.833,11.111,65,6
askdocs_1ulw9hr,79478fb9da3be715,9.517,18.444,15.029,166,9
askdocs_1ulwboc,e165882f3f4876fc,6.197,14.7,6.536,147,10
askdocs_1ulwdb6,433c1b7b8f40b772,5.414,10.55,13.208,211,20
askdocs_1ulwf2q,b4e642ec27fe07b7,6.946,9.375,14.103,75,8
askdocs_1ulwgci,0169b8e2bc1863ea,8.326,26.5,14.815,53,2
askdocs_1ulwi1l,14dbdc2f49371a24,6.965,15.5,7.937,248,16
askdocs_1ulwi27,c4e56912f1c6b734,7.732,11.867,13.661,178,15
askdocs_1ulwkfp,b3263f51f5eb5fd4,8.941,16.7,14.943,167,10
askdocs_1ulwmv2,00f9306f5fc28a3c,6.863,14.231,11.051,370,26
askdocs_1ulwmzl,d212980f63788f09,11.495,26.75,1.852,107,4
askdocs_1ulwn91,92dce5768a950ea5,8.022,19.333,1.709,116,6
askdocs_1ulwnja,71ccb6eff0025376,7.508,17.333,10.577,104,6
askdocs_1ulwr7u,412048f9686592c9,10.326,17.941,12.226,305,17
askdocs_1ulwt7p,0aaada32b3ed5b37,6.375,13.667,12.322,205,15
askdocs_1ulwvfe,57b27d8154daa7bb,4.777,9.0,12.308,63,7
askdocs_1ulwwk9,7d3145d8fa3c1c7b,7.584,15.5,11.583,248,16
askdocs_1ulx5jk,fb723c311a333de6,6.02,15.2,10.39,76,5
askdocs_1ulx7mo,b18bffd8c87f1779,13.592,22.933,13.408,344,15
askdocs_1ulx8ps,82971c22ab940ddd,10.098,19.167,13.58,230,12
askdocs_1ulx8u9,11310e281d835e5a,6.075,18.25,3.846,73,4
askdocs_1ulx8zm,ae8b6f892b71bcb6,8.687,14.947,12.838,284,19
askdocs_1ulxeo5,41f0ceb3a3050103,8.671,19.111,5.587,172,9
askdocs_1ulxf00,506f292f0589bd6b,10.995,25.0,14.57,150,6
askdocs_1ulxfkv,aeda7f2fe6c8b262,7.567,16.769,5.936,218,13
askdocs_1ulxio0,3474c46de0e15f68,8.765,20.222,8.743,182,9
askdocs_1ulxjqt,60979d961d7b8456,8.869,21.833,6.716,131,6
askdocs_1ulxkaq,c05c9625efa87cfb,5.381,15.0,6.993,135,9
askdocs_1ulxlew,817c12237d1a0b7c,7.203,15.5,10.363,186,12
askdocs_1ulxo2g,591d52acb6ef1461,6.198,14.909,3.593,164,11
askdocs_1ulxpbg,c8818662bb2340c2,9.982,10.133,17.252,304,30
askdocs_1ulxq8x,9afa13868c771e3e,6.325,17.571,12.097,123,7
askdocs_1ulxqi1,f235d19f508d3e08,6.27,16.778,7.895,302,18
askdocs_1ulxtyt,3c3cb95d23364038,7.944,19.857,12.23,139,7
askdocs_1ulxu3e,fb045110cd821c84,9.663,14.857,20.0,208,14
askdocs_1ulxujb,ec94a2a23b9d2af5,8.386,19.429,5.714,136,7
askdocs_1ulxuo3,2bd9491629041cfc,6.936,15.769,7.056,410,26
askdocs_1ulxwyf,055dd7c72bc5146a,10.335,18.5,8.475,111,6
askdocs_1ulxx3i,385a729bc8a52d24,9.614,15.5,12.766,93,6
askdocs_1ulxyp6,56b9aafd4dc8ccc0,8.604,13.8,16.084,138,10
askdocs_1uly0oj,b876a956f7f50d66,4.94,13.25,5.66,53,4
askdocs_1uly2vx,4c5b40d905b05a78,7.743,15.111,12.409,136,9
askdocs_1uly3sj,a894ce3f81525343,7.534,12.615,15.663,164,13
askdocs_1uly5jq,4069301494ae5eff,15.94,40.0,12.5,40,1
askdocs_1uly633,cd3f056193e0cd20,6.936,17.364,3.98,191,11
askdocs_1uly90q,9f642c682935e798,13.37,38.5,3.659,77,2
askdocs_1uly966,4c10d508ea8b9ee2,5.362,10.5,21.739,21,2
askdocs_1ulyamy,1a58f89c8fadd694,7.674,17.9,12.022,179,10
askdocs_1ulybls,69877904e79dc30f,8.474,18.0,10.606,126,7
askdocs_1ulyd55,8e90cb876ec9e66a,5.148,11.0,2.941,66,6
askdocs_1ulyf6t,1f56678167cc6054,7.896,16.125,9.023,129,8
askdocs_1ulygav,17d31d47ea111f09,4.479,11.5,4.301,184,16
askdocs_1ulyi1v,84fa087be78cedd5,4.891,14.222,9.728,256,18
askdocs_1ulyitd,5901cf3867e5e2bf,11.333,27.5,9.091,110,4
askdocs_1ulyl1k,1f988e70c1a80c10,6.836,18.0,16.216,36,2
askdocs_1ulylpr,618460e877af39f8,7.473,11.0,23.188,66,6
askdocs_1ulymjr,84d1ac027cd5331c,4.558,11.75,12.5,94,8
askdocs_1ulyn08,49b0e101dd4b3d12,8.549,11.923,13.924,155,13
askdocs_1ulyn3q,9e4ff67756f782f3,7.973,16.714,8.403,117,7
askdocs_1ulyoo8,43bf3a449454de2e,7.799,12.25,12.973,343,28
askdocs_1ulyqga,b6fa41909a0bed5d,7.373,17.167,13.208,206,12
askdocs_1ulyqjp,0209a326cf8133a0,7.049,19.75,6.25,79,4
askdocs_1ulyv30,fe36739859e95d08,9.32,20.0,5.0,20,1
askdocs_1ulywll,4b16df04d27f2cb0,4.35,8.083,18.812,97,12
askdocs_1ulyx6s,35df6f2c14a919b6,6.612,13.625,13.274,109,8
askdocs_1ulyxbu,bdbee1c4b609e325,9.766,22.833,15.827,137,6
askdocs_1ulyze7,0d88495da5f607db,8.212,22.4,11.607,112,5
askdocs_1ulz0dg,acb28e986a206ef7,11.639,28.0,9.689,280,10
askdocs_1ulz2s8,eea506c4afbc414a,8.998,22.25,15.73,89,4
askdocs_1ulz68h,e7267c8aa9fcfb9a,7.166,17.429,7.143,122,7
askdocs_1ulz69y,dbd5c3d094c8b7d1,4.147,10.583,4.58,127,12
askdocs_1ulzb8w,b71f748a3a18fa5c,9.644,21.0,6.25,63,3
askdocs_1ulzcwz,8a3eb498f7b686c1,7.005,13.104,6.891,629,48
askdocs_1ulzdd2,2dc6ff44129cb7a8,4.285,15.25,9.677,61,4
askdocs_1ulzdlj,2d03c4d0c861c5c3,8.986,21.5,10.227,86,4
askdocs_1ulzecn,36fc6c5fe4e42311,11.688,21.375,14.613,342,16
askdocs_1ulzh2p,9448620b5ab91f22,11.86,25.0,10.377,100,4
askdocs_1ulzhm9,c41190bf8f9cdaa5,7.511,16.875,9.655,135,8
askdocs_1ulzjmc,3ae9828b810619f6,13.401,31.0,9.091,465,15
askdocs_1ulzk3x,cca8256c4f35ea99,16.287,39.833,6.198,239,6
askdocs_1ulzmfd,c08a3d70351f07c0,5.825,13.143,2.128,92,7
askdocs_1ulzmyq,8a24306ea108cb0b,8.533,21.667,7.843,195,9
askdocs_1ulzp5d,cd7e51d5bc606807,6.468,15.708,6.878,377,24
askdocs_1ulzqaf,3d9d03cba3499ffc,5.899,14.16,9.322,354,25
askdocs_1ulzu7m,d94cea788d354eb5,8.74,17.0,10.048,204,12
askdocs_1ulzuf9,0d0a649550bbfa1b,6.369,11.778,10.092,106,9
askdocs_1ulzvdt,d9f74de071c59bf7,27.621,74.0,9.459,74,1
askdocs_1um01jv,d6886428eb4b3b8e,7.87,17.234,9.297,810,47
askdocs_1um04bg,f15de9727191cc20,6.142,15.045,5.263,331,22
askdocs_1um0cbm,bad0718212bc2721,5.802,14.111,11.45,127,9
askdocs_1um0f18,358a6df8e7b0581f,4.99,8.875,6.944,71,8
askdocs_1um0i8m,38f5010dc8c2512f,5.223,12.625,7.921,101,8
askdocs_1um0is9,12d76ee9b61d042d,9.082,16.333,11.111,196,12
askdocs_1um0izy,120f94c391014290,5.315,12.0,8.163,48,4
askdocs_1um0kog,42494b0c4136240f,3.986,11.0,2.222,44,4
askdocs_1um0lk0,ef024ed14fd7ccd5,4.292,13.031,5.45,417,32
askdocs_1um0mre,baa3dec2a521f9a8,6.72,13.6,13.971,136,10
askdocs_1um0pno,584e6301a02290fc,4.385,9.143,7.353,64,7
askdocs_1um0rjs,099a925c7aa63b77,7.296,12.429,8.421,87,7
askdocs_1um0tri,e7d4bd1563b23477,9.473,17.111,16.456,154,9
askdocs_1um0uia,bafab571432f7b40,52.709,127.0,13.534,127,1
askdocs_1um0wyj,9bfe60025ce48db7,7.186,16.6,9.6,249,15
askdocs_1um0x7c,f141587f36f06a84,5.87,18.5,8.036,111,6
askdocs_1um0yvl,220aa7cc5b997316,10.18,19.73,12.022,1243,63
askdocs_1um1a1w,304a6873ce879cac,9.904,20.455,5.333,225,11
askdocs_1um1bff,adeabeb4fdacbea0,10.572,18.8,9.375,94,5
askdocs_1um1bfl,baab023ab652c5a4,16.59,31.333,17.895,94,3
askdocs_1um1bpi,c2f884082aa6b481,8.66,17.048,7.874,358,21
askdocs_1um1dmp,24475eb109eee80e,3.944,11.714,4.762,82,7
askdocs_1um1en7,0d0d19f772139c2c,9.266,20.556,4.255,185,9
askdocs_1um1iqy,81f0d324c1c56210,4.232,8.857,12.903,62,7
askdocs_1um1jwy,b47754182e1abf9a,8.597,24.286,12.353,170,7
askdocs_1um1kw7,a806e8116194b105,8.418,20.278,7.33,365,18
askdocs_1um1lni,f3c8d2e83dc48da7,4.082,10.364,12.931,114,11
askdocs_1um1lt8,49612592738016c6,13.195,36.333,7.08,109,3
askdocs_1um1nj6,77f26ed3d663443b,8.737,16.917,13.426,203,12
askdocs_1um1pwj,b4d6ccb46ed58d4b,8.45,20.278,7.292,365,18
askdocs_1um1qf3,453dcbd65ed2d24f,11.168,21.333,10.687,128,6
askdocs_1um1r4e,052ae691bd5db8bb,7.542,18.857,6.391,264,14
askdocs_1um1skg,0179429558402313,5.148,14.333,9.767,215,15
askdocs_1um1uzr,fe3843d8b2bfccea,8.041,14.471,8.871,246,17
askdocs_1um1woj,8698e5ff6bc1f4ab,12.946,26.5,17.352,212,8
askdocs_1um21bj,810a303b6936f63f,14.937,36.167,9.333,217,6
askdocs_1um21jq,5c42479d7e001d95,4.807,11.692,11.111,152,13
askdocs_1um22pt,a5c1223643e5098a,6.987,15.444,9.353,139,9
askdocs_1um28ti,efcc152192309612,5.184,12.091,14.925,133,11
askdocs_1um2a8j,c05a9be062383c56,7.383,21.667,8.955,65,3
askdocs_1um2bq2,9c1d01c6f22534e0,5.77,13.778,5.303,124,9
askdocs_1um2cmc,ee7ddb2f6b7b0f5e,8.529,24.333,3.425,146,6
askdocs_1um2ct6,c87408cb75b8ce39,20.666,50.0,8.0,50,1
askdocs_1um2egw,2b22bf8015f9c631,9.013,23.667,8.451,142,6
askdocs_1um2fi7,c41d3183338fd31b,6.375,12.4,10.606,62,5
askdocs_1um2goe,5231134653d33f06,7.463,17.333,11.152,260,15
askdocs_1um2jee,4761be53734d9e08,7.303,18.231,11.765,237,13
askdocs_1um2lf3,55d0296399ee5a7a,6.017,14.143,17.0,99,7
askdocs_1um2mdk,971b965ad3bf6272,10.915,25.889,16.807,233,9
askdocs_1um2omw,815ec3e4bd950ca2,6.611,12.571,13.333,88,7
askdocs_1um2pd9,ef20eb36bc54e7f0,9.45,19.214,9.926,269,14
askdocs_1um2rzg,cbf3465249f8c841,5.012,13.8,3.947,69,5
askdocs_1um2shl,7e3a1cba2cf17013,3.861,11.455,10.606,126,11
askdocs_1um2tcv,1601003229f6f757,6.434,10.786,7.895,151,14
askdocs_1um2uoo,f8601e863a4e23ee,8.38,16.786,8.4,235,14
askdocs_1um2urj,6fef2d107c73cddc,9.101,21.265,9.779,1042,49
askdocs_1um2v7k,9db254ee747db4c4,7.308,18.8,11.458,94,5
askdocs_1um2wfj,a9983d1267808b17,4.72,11.333,9.312,476,42
askdocs_1um2xck,0bf1778520e30193,6.308,16.0,10.096,208,13
askdocs_1um316f,9896e76380487c33,24.173,60.333,6.557,181,3
askdocs_1um31qg,c24e8705e6ccc1fc,8.44,15.75,8.889,126,8
askdocs_1um329j,9e408add40a50559,5.943,13.714,7.216,288,21
askdocs_1um356x,40e5ebd5712b0ac3,7.317,15.529,14.079,264,17
askdocs_1um35p6,c9b3f04c794af4a7,7.924,17.421,10.876,331,19
askdocs_1um35wa,15043ba062d6447f,5.714,11.444,8.654,103,9
askdocs_1um37up,4c359b7116ad1e46,3.348,12.0,8.333,48,4
askdocs_1um3bbb,f6c2f630baf78abc,7.508,10.222,18.085,92,9
askdocs_1um3btn,a468b61d429e7ac8,9.113,20.706,4.255,352,17
askdocs_1um3dw2,54986e7ec5f89829,9.587,22.333,10.638,134,6
askdocs_1um3fqv,7317b13d954822fd,11.64,23.267,16.76,349,15
askdocs_1um3j3s,a7346e0333c241cb,5.97,13.0,3.636,156,12
askdocs_1um3l2w,b5ddb597fb272d72,27.833,71.0,8.411,213,3
askdocs_1um3l8i,31a74d8777b9ed2b,7.375,15.125,13.008,121,8
askdocs_1um3m3m,eec374b08dfd4868,6.753,15.524,11.047,326,21
askdocs_1um3mwc,62731cb08621bcf0,10.525,23.875,14.286,191,8
askdocs_1um3ot6,15dcb2e2183fd2e4,8.05,14.5,12.245,145,10
askdocs_1um3q4a,afcc73ac04156813,11.443,31.333,6.349,188,6
askdocs_1um3qh1,ed79fdc3e296f3ca,7.322,16.75,9.453,201,12
askdocs_1um3xw1,8aa87cf1eb50b349,11.842,25.833,8.517,310,12
askdocs_1um3y55,ef10d86df5b3cdda,6.533,15.889,13.793,143,9
askdocs_1um3ylc,3eea5a6365c23dc2,3.94,7.889,18.056,71,9
askdocs_1um3z28,c8c4553207bfaeb8,5.944,12.857,13.043,90,7
askdocs_1um3zak,ffde15a4e55a3ecb,8.184,20.692,5.614,269,13
askdocs_1um41s8,21e112f412cbdf99,3.323,7.0,2.703,35,5
askdocs_1um41w4,b8a344f8c6551268,8.004,15.0,12.057,135,9
askdocs_1um428y,257b31d6eee27bde,8.435,18.923,6.478,246,13
askdocs_1um43l8,1a8010f57fb73ed3,5.234,13.5,9.859,135,10
askdocs_1um47ql,8d4e8324b6626a1c,6.955,15.471,8.178,263,17
askdocs_1um48hr,ace72945694c1027,3.696,10.75,8.889,43,4
askdocs_1um48ql,28aa45ef4fa2f0a2,6.136,13.207,6.923,383,29
askdocs_1um4asn,a054cbc2de3173da,6.829,11.667,11.111,35,3
askdocs_1um4buq,441f21e4185bcf96,11.066,23.5,11.972,141,6
askdocs_1um4c07,f541274a5fc65b1e,3.391,9.4,10.638,47,5
askdocs_1um4gyn,0deb07ba5a03d7dd,5.086,12.0,7.104,180,15
askdocs_1um4hyc,e16028d0d504a645,4.953,12.125,8.911,97,8
askdocs_1um4jnx,8a8f6a75a034d968,6.607,14.0,14.423,98,7
askdocs_1um4jvm,39717f84f158f5c2,5.168,12.632,12.033,240,19
askdocs_1um4l0p,f2a3f50b9daa62ac,6.384,18.286,9.848,128,7
askdocs_1um4lle,37861c996dd33f34,6.584,17.833,14.953,107,6
askdocs_1um4nk5,cdcd24f818ce5376,2.695,11.25,4.348,45,4
askdocs_1um4pbo,e7917a2090b2f41f,12.098,28.438,9.148,455,16
askdocs_1um4puv,ea35f32fede5d45e,2.32,8.75,8.333,35,4
askdocs_1um4q24,c1d84230fc997a5e,7.189,15.579,13.201,296,19
askdocs_1um4s9b,85b408411875a197,6.125,11.429,19.277,80,7
askdocs_1um4sgi,fb0c8e9ddc44135b,8.654,17.636,7.888,388,22
askdocs_1um4tj5,77d233c363a2d06c,12.113,22.25,12.903,178,8
askdocs_1um4vah,918a070bf74ec874,9.763,20.0,15.663,80,4
askdocs_1um4xc7,d6155f25e6ea40bb,7.333,23.333,8.333,70,3
askdocs_1um51fc,855eff09b3b21a80,7.084,19.429,10.072,136,7
askdocs_1um526p,f901463c7b146ff8,13.021,22.333,26.027,67,3
askdocs_1um52ey,2c05b0167e5f172f,11.875,26.125,10.185,209,8
askdocs_1um57wm,155ade3883f1cebd,10.07,19.125,9.15,153,8
askdocs_1um59v8,8f974a6b340c011f,8.546,17.176,9.15,584,34
askdocs_1um5a9e,212f5fe71c4c2a05,7.854,17.933,4.982,269,15
askdocs_1um5guh,9980fdb742a13737,12.229,25.5,20.379,204,8
askdocs_1um5h88,67b704f61089b2c3,7.516,9.75,21.739,195,20
askdocs_1um5ioz,92f24013f4f43aba,3.721,6.8,2.857,34,5
askdocs_1um5l4k,d43deb27fbd82952,4.922,17.0,4.286,68,4
askdocs_1um5p20,b8fb1cc15e01a941,7.664,8.579,6.742,163,19
askdocs_1um5qs8,d1bb3355aed42a57,9.079,21.25,1.124,85,4
askdocs_1um5syn,7c5a0ae3cbb0142b,14.555,37.667,9.322,452,12
askdocs_1um5u8o,c1b1a20fbdee90ee,6.826,11.684,11.556,222,19
askdocs_1um5v2q,0edc4a8acb782c41,7.984,10.5,7.692,63,6
askdocs_1um5zr4,d5596e4ed110b236,4.456,9.125,10.39,73,8
askdocs_1um60jh,cd1fc8772124434f,6.086,13.875,8.108,111,8
askdocs_1um633d,5d799ede69a799b4,19.571,51.0,9.804,51,1
askdocs_1um64f5,1a1815bd877b8a20,4.254,9.636,18.834,212,22
askdocs_1um67q9,b0b1dce864ab97ed,7.051,13.846,9.783,180,13
askdocs_1um6826,2d50223eca2a5aa9,5.816,10.143,15.278,71,7
askdocs_1um690w,71d02fdd38975149,7.553,19.0,8.333,57,3
askdocs_1um69mp,13cb57ea66138a5b,10.76,19.9,14.078,398,20
askdocs_1um6b1t,a2cd8ab793f08a69,10.77,27.143,7.627,570,21
askdocs_1um6dwo,b60c2abbc8849696,9.612,18.833,13.49,339,18
askdocs_1um6pa2,1e0f95f0a94b7bdd,10.393,21.615,7.719,281,13
askdocs_1um6yar,5a759196e7512009,3.901,12.4,8.824,62,5
askdocs_1um716d,3a2303835523a7b2,5.818,13.0,5.97,65,5
askdocs_1um718n,069afd8418e71719,7.541,15.607,7.944,2185,140
askdocs_1um74m3,d9a3bc300425e5c4,15.934,32.667,15.306,98,3
askdocs_1um75mc,deb88c22ff65f473,6.94,13.375,13.084,107,8
askdocs_1um75p5,9084dafc6d7dec9f,5.5,15.667,9.091,141,9
askdocs_1um7cgx,1f94266bb1c59ff2,3.496,12.75,11.538,51,4
askdocs_1um7e6t,1290b316a6180479,9.853,17.333,12.188,312,18
askdocs_1um7h16,e0b30b0afcb2fc5b,6.669,13.588,11.157,231,17
askdocs_1um7lwd,f518e8755d4a3043,10.622,19.833,10.364,357,18
askdocs_1um7m13,415b6f8b26f296bd,9.435,12.458,18.689,299,24
askdocs_1um7qlf,9ef484077a804b9a,6.938,14.0,5.357,56,4
askdocs_1um7qxi,a442439c9e16c5c1,9.439,21.789,9.42,414,19
askdocs_1um7r7e,979315bfde80bb54,13.297,26.625,12.385,213,8
askdocs_1um7w93,540eaadf2d745e1c,4.854,9.75,10.256,39,4
askdocs_1um7w9o,c91b75768fa4e912,4.528,12.333,8.108,111,9
askdocs_1um7x18,2defc1fd68f1394c,6.166,15.333,7.368,92,6
askdocs_1um7ykp,c0c9b8c5d590f929,11.15,19.25,14.839,154,8
askdocs_1um7yuo,712eb2d808bfd0f6,8.258,19.533,6.78,293,15
askdocs_1um82hb,452ff018cc4bf14e,2.575,8.0,13.953,40,5
askdocs_1um83en,712fb7dc21175ca0,8.904,22.545,5.622,248,11
askdocs_1um83fg,8ce17e5389efe841,6.379,15.429,9.091,108,7
askdocs_1um842s,0e6350d948fd775d,4.902,14.059,8.197,239,17
askdocs_1um84jy,085fb4bb6efeacd5,6.388,14.692,10.825,191,13
askdocs_1um84oj,f4ac8529b3b7b46c,5.052,8.6,6.294,129,15
askdocs_1um85ba,13fc25ece4199b7d,9.421,18.333,15.625,220,12
askdocs_1um880l,85786c727d5f51a5,14.598,36.9,6.069,369,10
askdocs_1um8fy5,577a9a962b114ace,6.287,9.667,8.475,58,6
askdocs_1um8jrg,c78e5a30a6d615ec,22.484,62.0,10.769,62,1
askdocs_1um8m34,23df147e230a9ca7,8.488,27.0,14.815,27,1
askdocs_1um8wr9,92743b8d4cd75fff,8.611,18.182,11.111,200,11
askdocs_1um8xbo,e71f8de1ec792f80,5.799,13.833,13.143,166,12
askdocs_1um90fx,e3840181286c3916,7.21,21.0,4.762,21,1
askdocs_1um9al4,fd7aad82d6c89a7c,5.143,11.667,5.714,35,3
askdocs_1um9dc5,36a959383f4d7256,11.795,27.35,10.969,547,20
askdocs_1um9fuw,a633031b8912ba60,5.483,11.5,17.143,69,6
askdocs_1um9gav,287ebcd3e5c7456c,7.709,18.786,15.53,263,14
askdocs_1um9l10,4231300e196b9d3e,7.758,21.286,5.263,149,7
askdocs_1um9nmb,d844929e148bf7d1,4.633,10.0,21.667,60,6
askdocs_1um9s66,baea1f480310f579,5.761,14.167,15.698,170,12
askdocs_1um9sx1,4c6e87c5c5132e74,6.538,12.714,10.714,178,14
askdocs_1um9v08,a46341dc48a3f079,9.13,26.2,4.965,131,5
askdocs_1uma13d,67b02a4c4df5959f,5.657,18.5,7.5,37,2
askdocs_1uma2wp,1b3962f991d8ac44,7.598,18.267,6.498,274,15
askdocs_1uma3oq,1f3c4d4efbbb3f65,10.596,22.727,10.409,250,11
askdocs_1uma7z8,4eccb48b5f52b1c7,6.538,19.5,17.722,78,4
askdocs_1uma84p,1886cb15dea50424,6.678,12.571,8.475,176,14
askdocs_1uma8v2,095479bc41bd095f,3.489,8.167,13.725,49,6
askdocs_1umaatw,255a637a3ee16168,9.945,15.773,14.846,347,22
askdocs_1umac94,1640f892c96df40c,1.873,12.0,0.0,24,2
askdocs_1umaojg,cf394f7fa9e2b290,13.952,21.0,19.048,21,1
askdocs_1umapip,b085abbdee40323c,6.744,17.0,7.353,136,8
askdocs_1umay01,760756a8efb38b3a,12.841,22.2,2.715,222,10
askdocs_1umb89s,9ece4230b043cf62,6.473,14.444,11.194,130,9
askdocs_1umb8oa,7864d1b41215163b,2.342,9.0,7.407,27,3
askdocs_1umbdpx,62184af4c1ee21d7,6.662,16.25,5.076,195,12
askdocs_1umbhwd,5e7f65ca86fd267e,4.722,9.722,9.945,175,18
askdocs_1umbkuu,0d72ddb3f9264e7b,6.378,18.3,7.812,183,10
askdocs_1umbljm,9d252f8daff1042f,10.853,21.765,10.29,370,17
askdocs_1umbmnq,b3a78058998579e4,8.859,19.875,12.5,159,8
askdocs_1umbmy6,f7a3c387a9929583,5.459,13.25,10.692,159,12
askdocs_1umbrsb,8133f5186a03c978,4.967,14.286,7.843,100,7
askdocs_1umbwnw,5d35449e40e2fb72,7.478,18.385,11.667,239,13
askdocs_1umc01t,04af4329e567f2c6,5.158,10.778,6.931,97,9
askdocs_1umc2n0,da8fd4b8e27ae09a,17.246,42.0,15.152,294,7
askdocs_1umc4ka,d0edbc89ee4ecd68,11.364,25.133,7.958,377,15
askdocs_1umc5pg,9ba592fdb19da793,7.454,17.125,7.746,137,8
askdocs_1umc76k,9badf848857224b9,8.832,25.143,7.812,176,7
askdocs_1umcb6i,c3be8ed83dee9edf,8.533,14.889,14.706,134,9
askdocs_1umcmr8,9b7e9427d8f922b6,9.684,18.031,13.172,577,32
askdocs_1umctt7,5d7f42e1c079f48f,7.615,17.364,7.035,191,11
askdocs_1umcusj,f65965eaf268e3f6,2.529,7.833,12.963,47,6
askdocs_1umcuxi,cb6705aebfcbfecb,11.343,15.0,12.346,75,5
askdocs_1umcxsb,91ecb26e9b6a5dd8,12.479,27.318,11.878,601,22
askdocs_1umd3qq,3cb42e3790543a72,12.248,25.5,16.456,153,6
askdocs_1umd4ar,18a5384838e4ea2a,14.21,35.5,6.944,71,2
askdocs_1umd4jt,ceaf49537abb1507,4.24,10.0,6.349,60,6
askdocs_1umdamv,a068893a8c84303d,7.54,17.4,8.571,174,10
askdocs_1umdi2i,f92558144ad7717a,12.833,32.778,8.389,295,9
askdocs_1umdley,4c95a3c712782a89,6.97,8.188,20.0,131,16
askdocs_1umdosv,4ffb26e43ce3e224,7.574,13.889,7.937,125,9
askdocs_1umdq6m,99919313c46104e3,8.752,19.571,6.475,137,7
askdocs_1umdvcx,93fb0e009347060e,11.172,17.13,14.646,788,46
askdocs_1umdvpp,bae60dc0690aa861,5.344,14.167,4.651,170,12
askdocs_1ume1vr,2434b64fc360a467,10.964,17.524,15.831,368,21
askdocs_1ume54q,bb274df93ee0ab37,13.904,19.476,11.682,409,21
askdocs_1umed6n,5699175e3f50990a,7.22,12.056,9.459,217,18
askdocs_1umej16,20d1c9311f12fb5a,7.457,13.333,10.559,160,12
askdocs_1umej5d,df716021972ff285,6.392,15.056,11.808,271,18
askdocs_1umetsh,c6575043528da6ed,5.936,15.222,11.565,137,9
askdocs_1umewcs,3823b5dbade7459f,3.929,10.714,9.804,150,14
askdocs_1umeydf,f4d22e6bb4785f95,7.024,15.625,8.8,125,8
askdocs_1umezqd,cc1c04a0e37c1cd1,8.14,20.0,20.0,20,1
askdocs_1umf0l9,e59b66d35515ad86,5.891,10.75,18.605,43,4
askdocs_1umf235,351027384f2991f1,12.804,23.158,15.281,440,19
askdocs_1umf41d,b73d1a8c383f4c5a,7.555,17.25,14.286,69,4
askdocs_1umf4by,d6ecef472448ff5c,6.968,13.571,15.464,95,7
askdocs_1umf5g3,b82cd4b9a01761ed,10.195,23.5,7.851,235,10
askdocs_1umf65r,28a9fca07305fa4f,13.825,38.0,2.439,38,1
askdocs_1umfckg,e4016455a4ddf9dd,9.458,21.895,9.375,416,19
askdocs_1umfdli,6e6e7d3273e213ba,18.617,43.333,8.333,390,9
askdocs_1umfdrx,464d1342dfe28503,5.312,11.571,13.174,162,14
askdocs_1umfek1,56496aa81a4424db,7.989,18.05,6.824,361,20
askdocs_1umfhfo,e5d95b8494957e03,5.863,13.75,12.727,55,4
askdocs_1umfifd,a1ea7e8254335f00,7.557,15.778,9.764,284,18
askdocs_1umfl9p,8eb91961df205c4a,2.592,8.8,0.0,44,5
askdocs_1umfln4,d4fc602c1fdb9ff3,7.503,16.167,10.396,194,12
askdocs_1umfmaa,85109c3c05cdf27e,5.487,13.125,16.981,105,8
askdocs_1umfvjf,e2a3511eb2a15c00,8.731,21.867,6.667,328,15
askdocs_1umfxt9,f57765a3a5038bcc,13.892,32.75,7.463,262,8
askdocs_1umfy3j,a155c54c0bd49ae3,6.119,12.8,13.472,192,15
askdocs_1umfzp5,27170564ed1c9523,11.57,19.889,11.602,537,27
askdocs_1umg050,06c0db4eb2593dc3,12.616,30.75,1.6,123,4
askdocs_1umg2lc,95c52ae2f5ad7356,8.574,21.5,8.046,86,4
askdocs_1umg5vh,17f388c5bbf7e749,3.398,13.0,5.0,39,3
askdocs_1umg5yu,7b37a2afb704b5d8,6.474,16.143,6.195,113,7
askdocs_1umg6i7,102c2b3c1f1fbc23,5.779,13.583,11.905,163,12
askdocs_1umg95o,9d21ed70d75d7175,4.367,14.0,2.857,70,5
askdocs_1umgbb8,24b83cc3677b9575,8.199,18.231,7.937,237,13
askdocs_1umgd3u,6ba658e815a0d034,6.797,13.167,15.723,158,12
askdocs_1umgdze,42407d73b2417467,10.043,23.833,7.639,143,6
askdocs_1umggid,d90f143af70933e3,8.061,19.811,10.9,1050,53
askdocs_1umghxu,7522a9dc1fe1ef19,8.521,21.0,8.955,63,3
askdocs_1umgjys,d4f45bceabebb95a,10.522,21.333,16.797,256,12
askdocs_1umgmm6,2aaad39f736ce061,7.654,15.0,7.299,135,9
askdocs_1umgphs,a66ffd425971861b,5.633,12.485,11.033,412,33
askdocs_1umgql1,27cffa99826c6355,8.588,19.0,20.0,19,1
askdocs_1umgsxa,b293cc1d3b55b635,8.997,11.115,15.333,289,26
askdocs_1umgtps,624cad2ca53caa34,10.369,22.429,8.383,157,7
askdocs_1umgv48,3f6f339071110a6f,6.548,12.333,8.85,111,9
askdocs_1umgvgq,209a93d5b25d11f4,6.78,13.341,10.187,587,44
askdocs_1umgw8v,12a5cf54466ebf8a,8.671,19.111,14.038,516,27
askdocs_1umgwwd,4184f393c2e12995,9.076,22.625,9.73,181,8
askdocs_1umgy3f,b79135c35b20bd11,11.411,21.429,11.859,300,14
askdocs_1umgyj6,7d3a3d33bcd21033,6.796,10.586,12.968,307,29
askdocs_1umh1bi,4ffb3d375ea23760,7.668,17.571,17.91,123,7
askdocs_1umh1kc,4c3764d90d0e0719,3.861,12.143,13.483,85,7
askdocs_1umh4q8,93f1de80ea2c52ef,9.24,15.63,11.82,422,27
askdocs_1umh5aj,848745a18034023d,10.368,22.0,15.315,110,5
askdocs_1umh603,2eabcc04f5432650,8.765,17.909,7.463,197,11
askdocs_1umh6wj,b72e39cb05705554,11.129,19.769,16.602,257,13
askdocs_1umh7hs,3d78bf54c82daf98,1.913,9.667,5.645,116,12
askdocs_1umh91n,cc84cab9b704781e,3.629,7.706,8.955,131,17
askdocs_1umhbpf,763e8f8bc881ee16,8.178,17.611,11.526,317,18
askdocs_1umhe78,33c21f68656b0253,6.845,18.529,9.907,315,17
askdocs_1umhex3,c5385161ec476c6e,9.688,15.16,12.755,379,25
askdocs_1umhimu,a9f52025b1638c54,8.485,17.722,6.25,319,18
askdocs_1umhjrf,07d37d86d6a76050,6.174,15.625,7.143,125,8
askdocs_1umhm9x,34e95e9fbece69e7,10.981,20.2,13.725,101,5
askdocs_1umhpqf,bf1d7b123d9fa07f,6.429,16.5,6.796,396,24
askdocs_1umhsow,0d4660d86f29821b,10.598,20.0,10.976,240,12
askdocs_1umhuy3,035691564929e027,1.429,10.5,16.667,42,4
askdocs_1umi44s,5accb00fecb839f6,7.661,15.296,11.933,413,27
askdocs_1umi7wh,4a6fb204121d7ee5,8.627,15.351,11.997,1136,74
askdocs_1umiamj,e6dec8442384639f,4.982,15.0,10.0,105,7
askdocs_1umiaq5,990d1f101991154d,25.275,63.0,6.25,63,1
askdocs_1umic0p,e554505910831cf9,21.333,53.0,13.559,53,1
askdocs_1umieti,0f4714ce040034c4,25.231,58.333,2.186,175,3
askdocs_1umihf0,aae2b6afda30f5e1,7.436,15.0,10.638,90,6
askdocs_1umiilo,872e24364cebd6c9,31.54,80.0,15.0,80,1
askdocs_1umiksl,2cd11acb4e0b03e2,7.563,14.333,9.89,86,6
askdocs_1umilzw,2493eae2bdd413ac,9.081,16.5,1.471,66,4
askdocs_1umip2f,83db2b16eeba0e9d,2.559,8.636,8.333,95,11
askdocs_1umipqh,99142b3565e85518,12.73,20.3,9.132,203,10
askdocs_1umiq7x,ae6cf64e38d24cab,3.216,9.0,10.714,27,3
askdocs_1umiqgu,c80d06b0dc67fa49,6.9,16.211,10.312,308,19
askdocs_1umirxw,53e5b8c5c47b98a8,13.674,15.5,9.677,31,2
askdocs_1umisgn,00c9951740653205,8.266,16.833,2.97,101,6
askdocs_1umj3u3,11eca7e116092c96,8.069,15.545,13.636,171,11
askdocs_1umj6yu,72cc8de395752495,8.123,16.0,13.636,208,13
askdocs_1umj8bt,c8d83a3ea646c58d,6.795,20.5,4.762,41,2
askdocs_1umj90x,aaee67baa0237a38,7.6,18.0,8.108,108,6
askdocs_1umj98h,f2e08dc771fb1830,10.876,24.692,9.119,321,13
askdocs_1umj9sm,a1164c0b819e14ac,6.703,19.286,7.246,135,7
askdocs_1umjaed,d1db683c32e3bcb7,4.427,10.333,17.323,124,12
askdocs_1umjdew,ece9aee512095e82,4.566,14.231,11.23,185,13
askdocs_1umjg1m,df253dfbcc1fdd91,18.306,50.0,13.725,50,1
askdocs_1umjg5t,e2ff6235550ef557,6.512,16.619,16.667,349,21
askdocs_1umjjdh,1637dd2942ec55aa,10.123,24.52,9.631,613,25
askdocs_1umjl9w,109c42761d908025,7.4,16.478,13.316,379,23
askdocs_1umjmzw,f45230980b3a1190,7.429,20.333,3.279,61,3
askdocs_1umjn7t,d86eeff7c017039a,10.064,24.24,9.4,606,25
askdocs_1umjniy,9347cc5d03d4bc0b,7.725,20.429,10.274,143,7
askdocs_1umjtq7,a953e819bede3967,7.282,17.0,16.374,170,10
askdocs_1umjwcj,5dcd230a343a9387,7.443,18.778,3.857,338,18
askdocs_1umjwe6,4ef33ccc18ec6067,7.838,18.143,7.752,127,7
askdocs_1umjwqm,69424be5023415b4,5.685,14.667,15.556,44,3
askdocs_1umjxrj,afeb84a741ce480b,5.597,14.25,11.765,114,8
askdocs_1umjzla,dabe2202ef7b317d,11.22,27.0,11.607,108,4
askdocs_1umk1h3,3e9c7dbfd4780e75,8.326,26.5,9.259,53,2
askdocs_1umk2lx,f75b826e4b232801,8.175,16.714,11.2,117,7
askdocs_1umk3e6,ca00862e511f4100,6.534,9.8,15.686,98,10
askdocs_1umk3ep,754c2341dac71c4f,3.386,8.0,9.091,32,4
askdocs_1umk63w,fa511787d5526b2a,7.471,12.8,9.375,64,5
askdocs_1umk9nh,4503bef964e69bca,6.908,13.696,8.491,315,23
askdocs_1umka00,397489a4dc582670,6.732,15.404,6.967,724,47
askdocs_1umkd0k,eba761d70f215212,9.749,21.909,6.122,241,11
askdocs_1umkev7,737ece5378ddf7b3,9.769,21.727,6.173,239,11
askdocs_1umkh4j,02eb848f33ddeed4,4.672,10.667,4.082,96,9
askdocs_1umki30,2c0d91b57841b796,5.85,15.222,19.565,137,9
askdocs_1umkj5p,7fcdfb5c4be1041f,12.562,15.325,16.897,613,40
askdocs_1umkkyy,9535b961bdbb7e0f,6.743,15.333,6.736,184,12
askdocs_1umklag,2aff9a31e846af33,17.374,41.333,5.344,124,3
askdocs_1umkp65,c05096ddf0b5692f,8.181,16.375,13.971,131,8
askdocs_1umkume,6d636f31d29ee4a8,3.98,12.0,3.409,84,7
askdocs_1umkzxa,d500deb97cd5b98e,5.696,13.8,17.391,69,5
askdocs_1uml0oj,e09c4b6e4f24dbbb,6.45,14.692,11.917,191,13
askdocs_1uml3hw,c7e3f16ad7d0bfe2,25.705,66.0,5.797,66,1
askdocs_1uml4ko,4f9de2eae101ad67,9.696,20.2,6.796,101,5
askdocs_1uml5hb,9a01a221774d8573,5.962,10.767,8.025,323,30
askdocs_1uml97x,ecec52ab6762db91,5.647,13.444,11.628,121,9
askdocs_1umla8u,d749cdd31f9c728a,2.311,7.0,3.125,28,4
askdocs_1umlaee,fd4babb3123e6f45,8.351,18.778,14.118,169,9
askdocs_1umlfbi,af12dadf14264b93,5.817,15.4,4.487,154,10
askdocs_1umlg5q,f40f00a4d427301d,16.113,37.091,7.963,408,11
askdocs_1umlhrd,9ebed946c9bdd73a,8.56,13.625,12.727,109,8
askdocs_1umljk5,4f29c005e2590319,4.683,10.8,9.259,108,10
askdocs_1umljwk,23f4462bd3bc80dc,11.037,25.222,11.392,227,9
askdocs_1umlkvf,125c05968154fd0e,8.932,19.556,9.945,176,9
askdocs_1umlmnx,2b8e6eabb9271988,8.828,22.8,3.279,114,5
askdocs_1umlpwh,ab0a7e0d8dc6fd31,4.035,7.833,16.667,47,6
askdocs_1umlsbq,e347954feff06c7e,5.569,10.333,9.231,62,6
askdocs_1umlt3x,46c81d2e428caf4c,2.152,7.833,3.125,94,12
askdocs_1umlul6,56da2747c07bf792,11.196,23.571,8.929,165,7
askdocs_1umlxue,68594a5f8414c6f7,5.474,10.333,7.031,124,12
askdocs_1umlxv6,ef862d3a5b58b41b,10.6,21.7,10.046,217,10
askdocs_1umlz4c,d138d8f3b3b79692,12.715,31.0,5.096,155,5
askdocs_1umlzu7,3d5d9c1a4a6bf6b0,6.092,12.3,11.026,369,30
askdocs_1umm0dz,470fca907c502ede,8.09,15.167,10.87,91,6
askdocs_1umm3i9,a2d9bd7a1e566c1d,11.183,25.167,14.57,151,6
askdocs_1ummh07,6a15e9683c6123e1,9.261,17.538,9.211,228,13
askdocs_1ummi78,13da9076833693e8,9.356,19.143,15.302,268,14
askdocs_1ummmvt,877e0ddb59fab486,6.218,15.0,6.422,105,7
askdocs_1ummr8p,4fcd18e1b495e3b2,7.101,13.286,16.495,93,7
askdocs_1ummrbt,b84fdfa98a182a8b,10.247,13.812,11.062,221,16
askdocs_1ummszc,8c51437961b688c1,6.985,12.5,24.0,50,4
askdocs_1ummtox,643ceb4efb0c8a9c,6.145,13.667,6.818,82,6
askdocs_1ummv65,4d6ec1433a96ec07,5.961,9.333,15.517,56,6
askdocs_1ummx61,77acb30a58be810e,8.212,16.0,6.13,256,16
askdocs_1ummzi4,347d0deb2381c544,12.024,32.8,7.059,164,5
askdocs_1ummzsj,e95c5d6765b7b7fb,6.054,13.5,11.422,1188,88
askdocs_1ummzz5,1462900c44da6fbf,11.721,22.293,9.804,914,41
askdocs_1umn0ab,f6650aef741a41f1,6.658,17.0,11.429,34,2
askdocs_1umn0jz,e7405bfe6f65e76a,3.096,12.2,12.698,61,5
askdocs_1umn2jc,ffb900a190880203,15.777,30.0,5.495,90,3
askdocs_1umn31a,7b8f7f657d454960,5.478,11.917,8.966,143,12
askdocs_1umn6bh,e5a558f6168c508e,4.841,14.857,11.009,104,7
askdocs_1umn7op,2322a5903dfbf2cb,5.892,16.0,7.547,48,3
askdocs_1umn7ut,7265424d20225f05,6.128,14.182,9.581,156,11
askdocs_1umn9vl,120fead400e127de,8.234,13.455,9.032,148,11
askdocs_1umnbps,9fda1679c48acffc,6.714,17.333,17.757,104,6
askdocs_1umndbr,0b90d7cf7ec66c66,7.418,17.5,8.333,105,6
askdocs_1umnfbz,d3acd4da0a6d030a,7.502,14.154,11.17,184,13
askdocs_1umnint,cbdfa1a61989b70e,3.263,8.0,14.815,24,3
askdocs_1umnjnl,88bf151efeea60fa,8.56,18.2,7.65,182,10
askdocs_1umnjzf,da624ce529bb345b,7.323,11.45,10.924,229,20
askdocs_1umnk8p,2315dd516bb3c2a4,8.983,20.0,8.451,140,7
askdocs_1umnlgh,9388c9b2fdd7cec7,3.086,10.25,18.605,41,4
askdocs_1umnljz,1170ef067d1ddf9b,10.244,19.5,9.554,156,8
askdocs_1umnlwk,e4051adae8789bd1,2.483,6.0,22.222,18,3
askdocs_1umnq4s,9d46a7f64c6569a5,8.271,18.343,13.497,642,35
askdocs_1umnqia,1d77ed90bf726d67,8.715,17.2,11.782,344,20
askdocs_1umntaz,0dd29bd213064250,8.9,17.833,16.009,428,24
askdocs_1umntvj,423053b7fbd748de,1.721,11.5,0.0,23,2
askdocs_1umnu5t,ae610f0c458411d1,4.185,10.273,7.08,113,11
askdocs_1umnx2u,85d604b80cd8c345,8.692,21.4,8.756,214,10
askdocs_1umnx53,560ed1f23fe9bbee,7.611,17.857,7.143,125,7
askdocs_1umny58,4e4fdb1960d51ecf,8.895,21.0,13.514,105,5
askdocs_1umnyj6,51f3efc83772c595,6.319,10.2,12.621,102,10
askdocs_1umnyy4,3235e8afca88f75e,11.888,26.5,2.83,106,4
askdocs_1umnz3b,6896d74ca8d3e353,6.038,14.371,5.671,503,35
askdocs_1umo4i0,a73da56c4b11fbfd,12.298,33.0,8.571,132,4
askdocs_1umo5wp,953eed7de18c60ae,4.865,12.545,9.859,138,11
askdocs_1umo6bg,e0c4be7c0f0c28ae,6.803,15.458,9.557,2226,144
askdocs_1umo7pe,9cbdfce99eb9758f,5.67,16.6,15.205,166,10
askdocs_1umoa5v,94486aaef8d60173,6.125,14.0,7.921,98,7
askdocs_1umojvf,ff76dcda135a7fab,7.149,13.929,19.192,195,14
askdocs_1umokcz,9cc765bc40c30807,13.43,28.571,14.493,200,7
askdocs_1umomzc,d6f8a8f8600a1ca0,4.093,7.8,32.5,39,5
askdocs_1umonbq,475e4db749a03f4a,14.771,25.235,15.385,429,17
askdocs_1umonjg,29887c1b382fcb92,7.64,24.333,8.219,73,3
askdocs_1umonnu,23a8e161a132744e,3.946,9.75,8.861,78,8
askdocs_1umoogj,cdf7bab5fd521096,7.323,16.286,9.167,228,14
askdocs_1umotqo,909b4aa75d938096,7.955,16.2,11.728,324,20
askdocs_1umouqy,7652e17c43ec00fb,2.828,9.667,6.667,29,3
askdocs_1ump5rc,b1b42f0777a1c01e,6.26,17.333,5.455,104,6
askdocs_1ump6cb,e8086149101d98f3,8.829,14.75,12.568,177,12
askdocs_1umpa4w,800fa93357bfbab4,3.425,6.1,9.091,61,10
askdocs_1umpacs,5c015360fcd3ff4a,7.398,14.4,9.722,72,5
askdocs_1umpcm3,2b5ed0611cd9b39d,6.158,12.625,7.619,101,8
askdocs_1umpgyo,aca0fff648285a02,4.758,10.0,14.085,490,49
askdocs_1umprmd,7b6b69d538e61363,3.801,6.857,18.367,48,7
askdocs_1umpvkc,5a9d2a646595168b,10.697,24.0,10.588,168,7
askdocs_1umpw7m,bab0d206d41b91b8,7.201,16.545,7.895,182,11
askdocs_1umpwhu,34bea87c8dc4f402,3.107,9.0,9.174,108,12
askdocs_1umpwrn,304668bd233f0efe,24.629,66.5,7.092,133,2
askdocs_1umpwte,142c039bd46d88dc,8.277,11.0,12.5,44,4
askdocs_1umpxre,7fbcc4b4ae65653b,5.834,11.357,4.268,159,14
askdocs_1umq33h,2e1fac5056e05951,5.962,13.625,10.714,109,8
askdocs_1umq478,cf399626b1e1fa4f,5.707,14.833,10.526,89,6
askdocs_1umq5uq,2d52138160601bb4,8.019,12.0,6.25,48,4
askdocs_1umq6s7,c89e6b9b275cc84f,28.449,75.0,4.0,75,1
askdocs_1umq7xr,ac7662e356d26e82,7.305,17.5,9.434,105,6
askdocs_1umq89r,da8e502774aa6da5,8.074,11.579,14.41,220,19
askdocs_1umqbqt,96696a6bc14b76b4,11.077,19.5,5.0,78,4
askdocs_1umqe8p,d90944a5d8f7d5db,7.929,18.053,8.046,343,19
askdocs_1umqf5m,d1c992b1eae6c3ef,7.423,16.6,12.062,249,15
askdocs_1umqjta,9fd98ec097c3fcae,9.045,18.333,13.778,220,12
askdocs_1umql1f,4da150878a48f616,5.481,9.625,11.538,77,8
askdocs_1umqnxx,354ee3bf113031df,3.19,12.385,6.507,483,39
askdocs_1umqpyg,24f029ec37385336,8.345,15.577,11.584,405,26
askdocs_1umqrxp,97cca0703ad825d8,3.445,9.833,11.864,59,6
askdocs_1umqsn4,40ee94e01f946537,9.426,21.25,16.185,170,8
askdocs_1umqt6p,8001a10a379ba5ac,6.81,11.037,10.131,298,27
askdocs_1umqtql,d9fe35984f042c55,9.009,17.25,12.329,138,8
askdocs_1umqtr4,731d19154b3d0e97,6.0,13.0,2.899,65,5
askdocs_1umqxtb,028110bed7eb6b4c,6.021,17.0,7.547,204,12
askdocs_1umqz1h,a0f3f1a1dcb14256,13.989,37.0,9.459,74,2
askdocs_1umr1dq,30da0d02027d1c29,3.798,10.444,6.796,94,9
askdocs_1umr29a,43fc0702010ea650,5.998,15.5,11.671,372,24
askdocs_1umr3da,0d5e1f410e4f6565,16.548,27.929,17.402,391,14
askdocs_1umr6w4,29cf77ea8f3a5375,5.158,12.857,4.255,90,7
askdocs_1umr9sr,1af79da3c52c47e2,4.633,12.857,18.889,90,7
askdocs_1umraj0,da9eb8e1059f912b,5.54,13.333,4.878,40,3
askdocs_1umrdlz,6d035268056d5ed6,6.169,15.294,10.182,260,17
askdocs_1umrfex,c716b0deb988a2ec,8.147,18.0,8.333,36,2
askdocs_1umrj20,e2c0c2d957d9527c,6.912,14.214,9.091,199,14
askdocs_1umrjdl,477dc8fed46b7143,6.617,16.75,5.185,134,8
askdocs_1umrkn1,bda2743e05b5a481,4.352,10.6,7.407,53,5
askdocs_1umrlyt,0da486dfef6d1b51,4.04,11.364,7.874,125,11
askdocs_1umrmp6,4aa6f5758fb6e8a9,7.096,18.591,9.002,409,22
askdocs_1umrq7e,5d54182d5082fcd9,10.364,22.222,7.426,200,9
askdocs_1umru5d,796807b1ebdedef6,8.193,15.5,10.828,155,10
askdocs_1umrv6j,739a13b378126fef,7.83,17.704,12.27,478,27
askdocs_1umrwq5,f171c03050c43f6d,5.527,14.5,5.085,58,4
askdocs_1umrxrp,6e540ed81d6a2278,7.186,12.333,17.699,111,9
askdocs_1umryr2,20181d36ee0c5c49,10.686,15.947,11.842,303,19
askdocs_1umrzwj,dd6768a078a1727a,3.715,8.273,8.333,91,11
askdocs_1ums0li,92dc61a6935bc920,6.781,13.372,16.811,575,43
askdocs_1ums3a2,fe1001f73442a284,1.031,9.0,8.108,36,4
askdocs_1ums3zi,343013c6ef149218,6.924,14.905,12.654,313,21
askdocs_1ums47k,e806e984cd39a94b,6.631,17.5,8.257,105,6
askdocs_1ums976,d328a4662b527cdb,7.554,17.818,10.406,392,22
askdocs_1ums99e,5d860623eeb352b0,11.25,24.739,10.381,569,23
askdocs_1umsf6l,416a7527ba02a03d,4.872,8.8,14.773,88,10
askdocs_1umsfyw,7cb5e359cf79254e,3.877,12.25,19.608,49,4
askdocs_1umshqd,f089b11c2e2d9e82,10.76,18.5,12.821,74,4
askdocs_1umsj1a,777fc7f40202bc16,46.943,117.75,7.292,471,4
askdocs_1umsjnn,c817ba6dec2c9c93,4.777,13.857,3.96,97,7
askdocs_1umsrds,aa54c20aedebdee0,7.008,17.733,10.615,532,30
askdocs_1umstwk,fe1a64877e46f5df,7.095,16.182,12.291,178,11
askdocs_1umsveu,f3019222efed3279,8.7,16.211,10.932,308,19
askdocs_1umsym5,9a648e7ee81393ad,6.305,15.294,8.745,260,17
askdocs_1umsz9f,f1b4a6658c92693f,10.559,25.467,9.898,382,15
askdocs_1umt3fl,a17a82fb83790f3a,7.978,14.25,13.333,114,8
askdocs_1umt4bv,c21080919b58ce0f,5.071,13.286,9.677,93,7
askdocs_1umtamp,89a84f4a0323c65c,6.584,17.833,10.334,321,18
askdocs_1umtanx,0c86124a8b9a9c37,6.647,15.857,8.772,111,7
askdocs_1umtbxk,c79dee49d9d51d34,6.968,17.067,8.846,256,15
askdocs_1umte1y,103aa8247c7faa33,7.871,16.0,8.284,320,20
askdocs_1umtkmk,02e66a080803f13f,6.32,17.444,3.636,157,9
askdocs_1umtldf,9e6d121028840894,12.581,31.571,10.407,221,7
askdocs_1umtlmp,911c25b94ca62e26,7.594,13.5,20.354,108,8
askdocs_1umtnv2,b90b1622294c422a,6.667,12.692,18.182,165,13
askdocs_1umts0e,2af4e92776536a54,3.755,8.0,11.905,40,5
askdocs_1umts44,dd30c75798c1862e,9.118,15.304,11.389,352,23
askdocs_1umtsgy,1ce13bb8ee4a2358,10.513,26.857,5.729,188,7
askdocs_1umtsi4,a83209e84f438ba9,15.65,44.0,6.818,88,2
askdocs_1umtt1g,b23c241f390382e3,6.505,17.222,10.625,155,9
askdocs_1umtt87,001e37cda3c0fa8b,4.37,12.524,12.928,263,21
askdocs_1umtu36,acb055a902c2dfa8,6.584,14.227,7.251,313,22
askdocs_1umtwn1,d038fedb3ec582fd,4.574,10.8,10.714,54,5
askdocs_1umtxea,82146a790b55ffe5,5.123,11.474,7.339,218,19
askdocs_1umu12v,86c288095bff30eb,9.617,22.0,11.475,110,5
askdocs_1umu1sh,33081aef425c967b,5.148,14.667,5.185,132,9
askdocs_1umu22v,9b2dddab8c3d38d5,6.613,19.111,6.486,172,9
askdocs_1umu4i0,6a18677e8964ef70,40.563,111.0,15.652,111,1
askdocs_1umu8lv,68ec10cd81106bff,5.367,14.333,8.791,86,6
askdocs_1umu9j0,be76601b8e371ce4,9.307,16.727,15.094,368,22
askdocs_1umua4p,12a59dcb16ce6a8f,5.974,14.675,8.149,587,40
askdocs_1umuc5s,f011d56034cb0a71,7.914,10.6,5.556,53,5
askdocs_1umue2h,62c4644fe11e7490,1.615,6.583,5.882,79,12
askdocs_1umufkd,1491fa306e7008e5,10.843,23.5,12.761,423,18
askdocs_1umui9i,f8e4a6edfb3d3f80,6.72,18.5,13.393,111,6
askdocs_1umulq8,db27638c2368b819,9.676,21.0,11.795,378,18
askdocs_1umumo9,2342cda5929b4b1f,3.711,12.4,10.938,62,5
askdocs_1umunhj,346bcbbec3a01f81,9.503,20.385,9.475,1060,52
askdocs_1umunw5,c35fcc5c05b6e628,5.401,9.0,14.815,27,3
askdocs_1umupdm,21cd912918ed499e,5.611,14.778,13.869,133,9
askdocs_1umuqih,71b7bb8698d4f090,8.826,18.828,7.04,546,29
askdocs_1umuqy4,a9266d438cbbbf46,8.184,18.133,9.854,272,15
askdocs_1umur1y,4f2e419e3ffda5da,5.881,20.333,4.918,61,3
askdocs_1umutn4,850e307f728a4e9a,5.077,13.087,5.714,301,23
askdocs_1umuupd,0f9579141528a8f9,3.347,11.4,8.197,57,5
askdocs_1umuv4c,a4c77cab6aeb7256,2.779,9.0,10.909,54,6
askdocs_1umuxbl,64f1e36f0aad0f7b,4.234,11.556,4.808,104,9
askdocs_1umuxqm,549f8d8bf0b9eb4e,3.457,11.667,11.429,35,3
askdocs_1umuyst,821f301e2f62ec77,5.611,14.778,7.246,133,9
askdocs_1umuzil,0cbd751b5cc31420,2.9,8.286,7.937,58,7
askdocs_1umv1hq,804d8be7e691c654,9.026,27.6,2.857,138,5
askdocs_1umv52m,4329d5e1d3ad43ed,3.188,9.455,11.927,104,11
askdocs_1umve0k,5a2b57db1affe0d5,8.738,17.316,7.207,329,19
askdocs_1umve7a,7bc1032016af0fad,8.802,18.0,18.919,36,2
askdocs_1umveeo,ea0b81f75c2f7d0f,5.469,12.412,9.417,211,17
askdocs_1umvhdh,24df4566b489bc55,7.473,12.375,15.385,99,8
askdocs_1umvhpv,34271d11dfae99ca,8.051,19.5,7.143,39,2
askdocs_1umvmwt,fb7d666683741064,6.759,18.167,9.009,109,6
askdocs_1umvnnx,488f81fdd88b1436,8.47,19.6,10.235,588,30
askdocs_1umvqaz,bbba7e93d83b8458,10.848,18.263,16.354,347,19
askdocs_1umvtdf,1c9b61e08e0ca050,7.936,14.364,15.094,158,11
askdocs_1umvuhq,f2b1c9a40e5c1372,11.076,29.111,5.797,262,9
askdocs_1umvxkp,ebfaf1f4e7413e57,6.362,13.929,6.373,195,14
askdocs_1umvzer,e92bb0d96ddd8302,4.941,10.5,10.651,168,16
askdocs_1umvzls,6d8bf533b2a1ade1,9.527,26.0,5.769,52,2
askdocs_1umw1t9,c29d60d805bc2240,6.612,11.8,10.169,118,10
askdocs_1umw57q,759e4ae434eb98de,6.137,13.5,7.143,81,6
askdocs_1umwf3j,66404777288d607b,7.622,16.769,6.393,218,13
askdocs_1umwiyr,9f4dce7b98619258,9.355,20.857,7.143,146,7
askdocs_1umwmij,4c6f7c42a82ae2d5,3.018,8.0,18.75,32,4
askdocs_1umwmto,c373dc8b14a0b45a,5.388,10.25,13.333,41,4
askdocs_1umwnm1,0684135e6132d461,9.256,24.273,7.063,267,11
askdocs_1umwp4x,7541a5158f16324c,4.322,10.714,17.333,75,7
askdocs_1umwpj1,2e05de760cccb53e,6.627,17.6,9.836,176,10
askdocs_1umwqo9,78fbe8cbb19f1006,6.666,9.923,15.152,129,13
askdocs_1umwxrk,d85cf21167702742,7.508,17.333,5.848,156,9
askdocs_1umx52o,3167dc2ca1e4178c,9.008,23.0,10.968,299,13
askdocs_1umx5gg,abc3f29e35fed49f,7.555,15.929,9.283,223,14
askdocs_1umx5rf,630db08805e9f459,11.26,28.0,9.211,140,5
askdocs_1umx69k,db44a8590dfbd6d2,9.136,19.0,14.679,323,17
askdocs_1umx6tu,b68480807de76891,4.957,10.571,12.658,74,7
askdocs_1umx9ue,dc4c45673b2647cf,19.132,37.25,21.795,149,4
askdocs_1umxa75,dd3d06951ec494e1,2.615,12.333,10.811,37,3
askdocs_1umxae3,364cab6fccc1c071,8.133,17.429,9.756,122,7
askdocs_1umxbq7,d6ac99ed87f50f5c,4.802,11.583,14.184,139,12
askdocs_1umxc7n,27bbb03a7bde1463,4.095,10.375,9.524,83,8
askdocs_1umxd4p,e342166c6e462d2d,8.397,14.182,14.815,156,11
askdocs_1umxf87,d1e9e4b5e0ca7cac,9.793,16.579,13.982,315,19
askdocs_1umxfp2,c61a5e6adf4dccc6,3.468,10.667,8.485,160,15
askdocs_1umxgnz,660dd82da0442896,3.594,12.0,9.259,48,4
askdocs_1umxguz,3a7558cbfa0f51fb,5.563,11.75,8.163,47,4
askdocs_1umxjpf,0f7a01d5a9f18cf9,6.231,8.432,20.0,312,37
askdocs_1umxk5r,46ed8901a8116670,6.823,15.5,11.111,62,4
askdocs_1umxmbk,27ab5cb575eb0f0c,5.732,16.0,12.913,320,20
askdocs_1umxr4u,a287bc053ee7e828,4.682,7.714,16.364,54,7
askdocs_1umxrrm,be31f0f52db3b4c1,8.872,11.6,13.793,58,5
askdocs_1umy0i2,7ae12fd905c986d2,11.743,20.036,13.922,561,28
askdocs_1umy17v,28bf7d0e465d1f93,8.617,16.833,14.953,101,6
askdocs_1umy1it,f3f8dcb385c0af35,9.979,17.0,12.598,238,14
askdocs_1umy1ly,51ae2a23d227c5c8,6.847,14.667,12.03,132,9
askdocs_1umy2ae,be5c60f4adbfd28b,9.778,26.6,7.857,133,5
askdocs_1umy4gl,b6026322a208f504,6.508,18.0,27.027,36,2
askdocs_1umy4wh,cd1e85ec73d5af6b,7.618,16.083,8.333,193,12
askdocs_1umy9wq,ff67e15737031613,5.748,8.286,27.586,58,7
askdocs_1umyehd,b034dffee7e51e09,6.587,12.412,14.48,211,17
askdocs_1umyg1x,788743e797914b37,10.733,24.0,6.25,48,2
askdocs_1umyi13,67a91185f3a1b428,28.539,77.0,6.494,77,1
askdocs_1umykmu,812c424ace5d870a,16.719,36.444,7.692,328,9
askdocs_1umyl51,0f5eccc000e92610,6.912,13.778,11.024,248,18
askdocs_1umyleh,331435215efd37df,7.517,15.545,15.429,171,11
askdocs_1umynrz,4a4a55bd53ea9b89,10.646,18.895,7.5,359,19
askdocs_1umyrfw,b89393b3470122e0,4.807,11.7,13.445,117,10
askdocs_1umysv0,248f9f841dcfd194,8.411,19.733,10.438,296,15
askdocs_1umytqy,56528471af39b290,13.364,36.0,8.219,72,2
askdocs_1umyvcv,f1ddc9f2a08a846c,8.394,19.75,9.309,316,16
askdocs_1umyznd,54d755a6b7866fd6,7.006,15.905,10.435,334,21
askdocs_1umyzt5,581bb17b472e1137,7.697,13.857,11.0,97,7
askdocs_1umz57u,45a67cbe71424ba6,6.816,14.364,5.0,158,11
askdocs_1umz91r,cfd08320121e93e5,6.408,15.2,11.95,152,10
askdocs_1umzbzi,c5200a46450e60a1,3.764,10.75,7.778,172,16
askdocs_1umzcga,15f7b48142cff423,6.441,14.13,11.747,325,23
askdocs_1umzewh,8e8ee6ae10ee42d2,5.692,13.625,14.414,218,16
askdocs_1umzink,1e2843500e217abb,11.766,27.0,10.909,54,2
askdocs_1umzntg,a9d308bf0b3a2e14,8.813,22.0,10.448,132,6
askdocs_1umzorj,dd4a1f6ac2aa0112,34.912,92.0,6.122,92,1
askdocs_1umzqxa,dfcc519ba65c6a8d,7.745,11.333,17.391,68,6
askdocs_1umzqy4,dac4d7046ca55fcc,7.438,12.667,11.111,152,12
askdocs_1umzslc,e3da42d6612b21fa,6.16,14.353,9.016,244,17
askdocs_1umzt9m,8de140775d48ba4c,7.367,19.444,8.0,175,9
askdocs_1umzvk7,ca5aad6bc990a951,11.73,20.083,16.923,241,12
askdocs_1umzxuo,a124de4010020686,18.511,46.0,5.208,92,2
askdocs_1umzxuy,5cbb109235c0144a,12.106,31.0,12.903,31,1
askdocs_1umzyxn,85be4386a147f1f8,16.625,36.667,5.455,110,3
askdocs_1un03fa,a33de6f7ead9721d,6.965,18.111,5.988,163,9
askdocs_1un0678,aaa0ab2a115a1b88,10.565,21.444,11.34,193,9
askdocs_1un06t9,4f41dbe9d5adacd6,6.801,16.0,6.548,160,10
askdocs_1un09yz,63e6cfb3c435f68e,22.958,58.5,14.468,234,4
askdocs_1un0ewy,e076ae27a23272c9,5.805,12.529,10.204,426,34
askdocs_1un0ink,4fa0ad0c413da535,3.361,7.333,15.909,44,6
askdocs_1un0lcy,07fca51378da9a88,6.751,14.556,7.143,131,9
askdocs_1un0ljr,0d75a9711b9dad47,7.665,16.167,7.921,291,18
askdocs_1un0s4j,1cacc6eeedb416d9,32.17,81.0,14.11,162,2
askdocs_1un0tqz,5cfff252672c9dfd,18.471,44.5,6.383,89,2
askdocs_1un0vth,9be79440dcc6542b,12.68,15.0,25.806,30,2
askdocs_1un0ywb,bea9362fa92dfd61,4.247,10.833,5.882,65,6
askdocs_1un0zpy,e64f56169f9a6be8,12.82,30.571,7.24,214,7
askdocs_1un102y,452b4c772fc727da,7.212,16.636,4.737,183,11
askdocs_1un10f7,86c72771483f4cd3,3.028,10.875,7.609,87,8
askdocs_1un10j4,fa11c10b9ae455af,8.38,17.933,12.186,269,15
askdocs_1un14az,ff607510ac11ca01,9.129,15.143,10.092,106,7
askdocs_1un1g35,a39e112ba41ca899,5.192,14.917,3.911,179,12
askdocs_1un1jwv,7b6770c37b010d42,7.049,14.375,8.299,230,16
askdocs_1un1k3a,78d7113878b4eece,5.623,8.071,9.677,113,14
askdocs_1un1kxq,625a53f56098a2ff,5.111,14.444,8.889,130,9
askdocs_1un1mqi,5bffa59bba3461c9,5.994,17.667,7.407,53,3
askdocs_1un1qwk,82b4ab57d9d79876,7.153,12.042,16.892,289,24
askdocs_1un1tpm,e7fbe1b94390b82f,9.076,18.375,7.006,147,8
askdocs_1un1wdb,cea0880c1084d58a,29.438,76.5,8.442,153,2
askdocs_1un22bj,d5afcedb8485b2c4,4.12,8.607,9.369,482,56
askdocs_1un25ww,aca4f02700a0b1b9,106.033,269.0,7.063,269,1
askdocs_1un26v7,be475986f17125c1,9.11,19.5,11.25,78,4
askdocs_1un29b3,9e37085db31f3775,11.438,27.0,8.108,108,4
askdocs_1un29q4,ec3c3407421cde64,7.399,14.2,11.921,142,10
askdocs_1un2dmi,1379782fc1bd31aa,4.881,13.286,10.0,186,14
askdocs_1un2fh9,297c3ba33bd1210a,9.033,21.75,10.112,87,4
askdocs_1un2jcj,1f2bbcd4e08bf13b,11.033,33.75,11.511,135,4
askdocs_1un2jjm,d8549786d977f5bc,10.767,19.25,12.987,77,4
askdocs_1un2kt0,1e2ee8c79963b675,10.74,20.368,11.45,387,19
askdocs_1un2kvx,a6e84950ef7c2c9e,4.701,18.5,10.526,37,2
askdocs_1un2p96,80d5c65b4b8c07f7,9.2,24.75,8.0,99,4
askdocs_1un2x51,202d04062ff2576a,5.826,17.167,8.571,206,12
askdocs_1un30wx,cfffcf68e25a236a,5.687,17.077,7.965,222,13
askdocs_1un31qo,9700aac9e389a013,7.047,17.286,5.691,121,7
askdocs_1un35u5,9c05b0b8c23559c9,5.808,15.5,8.333,93,6
askdocs_1un39kp,f748ec28014226db,42.103,104.0,7.207,104,1
askdocs_1un3eks,114472d937bb1cdc,9.22,11.846,13.11,308,26
askdocs_1un3foi,dd18f5ec97505d39,13.344,35.0,5.505,105,3
askdocs_1un3jo1,292780ff52ac8d85,11.351,25.125,15.271,201,8
askdocs_1un3lek,5d158979de291132,3.49,10.143,5.556,71,7
askdocs_1un3lv6,d139694a52975fb6,6.429,14.312,12.121,229,16
askdocs_1un3ozq,f3c98948540893c4,7.371,11.778,14.019,106,9
askdocs_1un3pkp,5b3154b36643c4bd,8.413,17.286,15.323,121,7
askdocs_1un3pvk,ab6b38ce9a966a6f,7.371,15.571,17.699,109,7
askdocs_1un3thx,7ebd17286358102f,8.254,20.6,9.709,103,5
askdocs_1un3v9i,d053b32fc29ac441,11.359,23.714,3.409,166,7
askdocs_1un3vc6,439bb3c5704fa07d,9.959,16.875,14.599,270,16
askdocs_1un3we1,fc5ee2077cedb28a,8.831,20.625,6.395,165,8
askdocs_1un3zd3,751e30e5c7e008af,3.701,13.0,0.0,78,6
askdocs_1un40bg,9304b3ca8c86cd30,7.446,18.273,4.327,201,11
askdocs_1un42j5,b05ad68f40886c06,5.059,11.0,13.333,88,8
askdocs_1un46wb,99db02ca05da1778,5.655,13.812,9.957,221,16
askdocs_1un48z6,0b7dff448895ff16,11.815,19.067,5.832,572,30
askdocs_1un4b28,ecdc5671f556192d,8.421,16.182,10.695,178,11
askdocs_1un4doc,12b583f15429fe06,11.444,20.0,10.68,100,5
askdocs_1un4hwt,8edde93d40bce27b,4.927,11.889,11.111,107,9
askdocs_1un4jcm,3baa8d0cf41d2e87,5.06,8.571,7.937,60,7
askdocs_1un4rj9,7e7cba959bdab70b,4.698,12.308,4.242,160,13
askdocs_1un4ro3,1f99be26b76c05d9,7.241,19.818,5.479,218,11
askdocs_1un4sth,5d1fb4d1fd56f6be,9.199,18.889,13.372,170,9
askdocs_1un4umg,6cb3237c1880108f,5.115,12.533,4.712,188,15
askdocs_1un4vwk,77ff63ab6cc64037,5.81,12.75,8.257,102,8
askdocs_1un4w0t,b5dee2899fb60f94,5.982,13.939,11.957,460,33
askdocs_1un50qj,2deb606048ed5664,6.498,14.778,10.37,133,9
askdocs_1un535b,8a99df32f6665618,13.09,26.8,4.198,402,15
askdocs_1un5avm,fe641ece5b832348,8.262,15.667,9.22,141,9
askdocs_1un5cyl,beebcc32909026f5,4.858,9.708,12.766,233,24
askdocs_1un5fq7,24319225665704ae,7.946,18.25,8.801,511,28
askdocs_1un5fqm,df437d39a156a4e5,4.389,12.5,12.0,50,4
askdocs_1un5gl0,fe359e32824c01f4,8.491,13.917,13.218,167,12
askdocs_1un5hsf,ad861924b405c030,11.522,23.231,10.561,302,13
askdocs_1un5oiw,34fe5ca2ac36d98b,6.763,14.75,8.475,59,4
askdocs_1un5p60,cb8f39f318564333,5.84,11.273,15.323,124,11
askdocs_1un5pg8,2a36e71505a17b08,6.529,17.25,5.714,69,4
askdocs_1un5prv,317b3c9c04af6d1f,12.656,33.0,5.882,33,1
askdocs_1un5q47,2bbdd2b251d35504,6.035,16.778,4.878,151,9
askdocs_1un5sgp,19ae8ce5d8d387d3,16.212,35.438,7.401,567,16
askdocs_1un5w6a,c83e055987818933,8.724,21.562,10.145,345,16
askdocs_1un5x65,f6b38152c7da2369,8.83,23.25,7.0,93,4
askdocs_1un68xl,3a8cb7a710a320e1,6.806,15.857,14.222,222,14
askdocs_1un6dej,56226d6f4d33e505,7.005,17.0,9.615,51,3
askdocs_1un6e19,239c36c5b265ed79,5.353,12.833,7.792,77,6
askdocs_1un6hez,8f524926923e5a41,4.119,12.091,6.716,133,11
askdocs_1un6lmu,ce3c792d4f970096,7.466,19.083,5.579,229,12
askdocs_1un6nw1,d24bd5127b0583de,10.077,19.25,12.179,308,16
askdocs_1un6pv9,5db9d910b4171f81,6.238,15.222,8.562,274,18
askdocs_1un6rz9,35a32849daab6ce5,6.052,14.182,9.434,156,11
askdocs_1un6t0v,86dc9ee866849246,7.589,13.571,8.421,95,7
askdocs_1un6uzg,5b97426a80045e54,5.864,11.0,12.121,33,3
askdocs_1un6yb2,b7dcb28403da9607,11.299,12.909,20.423,142,11
askdocs_1un6yt3,ffa68e2f3ea133e7,5.51,14.0,11.024,126,9
askdocs_1un6zrd,3dce361dd0a571b2,28.998,77.0,15.584,77,1
askdocs_1un71f2,63dbcd18a6756784,10.259,24.8,8.871,124,5
askdocs_1un78ct,4ec6183cb0fbd0b5,9.398,18.571,10.526,260,14
askdocs_1un7a1z,bc695ab8973700f8,3.77,13.333,7.317,80,6
askdocs_1un7a7i,f15d57bcec144573,7.446,18.932,10.965,833,44
askdocs_1un7etf,4848eeece508a492,9.11,21.636,7.171,238,11
askdocs_1un7gwf,4832f0e3573531fc,12.275,27.536,11.469,771,28
askdocs_1un7ndo,7ba3ae6a464f0e89,14.035,38.5,6.809,231,6
askdocs_1un7o7o,4c8b8b8b4e88ce6a,7.616,19.333,13.333,58,3
askdocs_1un7oig,c33180f4571cdd73,3.657,11.714,10.976,82,7
askdocs_1un7oxw,b915101ca1137ec0,9.153,18.333,5.085,55,3
askdocs_1un7pz8,ad00cc8a6ddaef1d,7.438,15.6,10.256,78,5
askdocs_1un7tl8,0b04076d21d7bd0c,5.319,15.0,8.571,105,7
askdocs_1un7zcj,cf0b44d93572e9d5,8.079,16.667,10.194,200,12
askdocs_1un84hu,00f69de9dc8a0230,6.707,16.125,10.219,129,8
askdocs_1un86fh,93f01db078a7b71b,6.736,14.25,12.281,57,4
askdocs_1un89n4,c4d023d5827c65fb,8.265,17.786,14.567,249,14
askdocs_1un8dxu,d4d9affafc9dc2e9,18.424,50.0,13.0,100,2
askdocs_1un8j1f,95d8f16926f78da8,6.496,14.75,10.056,177,12
askdocs_1un8jjc,d7931ebfa7d044d1,6.783,16.0,11.197,256,16
askdocs_1un8l2j,dd17095fa992dd0a,9.015,15.667,11.565,141,9
askdocs_1un8mdu,1763ff765a17fdd8,5.934,14.5,10.345,29,2
askdocs_1un8ph5,863c9a9f855e868d,4.514,13.667,12.403,123,9
askdocs_1un8rh8,665da05ff204aa02,12.38,20.4,20.588,102,5
askdocs_1un8s9y,780a55388d381ff9,8.779,20.767,5.892,623,30
askdocs_1un8sag,978262102bcb46eb,10.147,19.125,9.15,153,8
askdocs_1un8vh9,75ecd42bd8f4203c,4.324,9.611,8.696,173,18
askdocs_1un8vmy,4c6038c2df238676,4.888,11.769,5.806,153,13
askdocs_1un8w3z,c3e2155497370dab,7.005,19.333,1.639,58,3
askdocs_1un8y2j,0c4b28957497d8fc,19.676,49.333,2.597,148,3
askdocs_1un93ry,42a63d64baa7b19f,9.774,23.4,15.417,234,10
askdocs_1un94ac,f88a1537f9b7d15c,7.21,18.267,10.105,274,15
askdocs_1un94dd,1e72ff985a4d56f6,9.686,22.75,11.475,182,8
askdocs_1un970p,faf1941fefd77d8b,9.586,17.658,12.072,671,38
askdocs_1un9buo,fd0fe1d15fdd5614,8.915,20.818,11.79,229,11
askdocs_1un9iaa,3355f610b969668d,10.871,19.333,11.706,290,15
askdocs_1un9kw7,75963a335aea13df,8.02,15.571,9.402,109,7
askdocs_1un9lcj,e99bdb5f6fd0ce6b,24.058,63.0,9.524,126,2
askdocs_1un9m7e,ae238ed51efe3e57,6.531,18.111,8.772,163,9
askdocs_1un9n7x,5332a9b0711a885a,7.033,16.36,11.707,409,25
askdocs_1un9nxf,370b9dd78a0d40f8,7.539,19.333,9.677,464,24
askdocs_1un9tnh,ee4fc49682d8be7e,8.946,20.133,10.185,302,15
askdocs_1una0le,3b7e26bb90ea9ac4,7.89,20.429,6.757,143,7
askdocs_1una3t0,3f3cb65b2b677ed4,8.037,18.0,9.772,594,33
askdocs_1una47j,302507b4f30f78d4,7.451,24.5,11.765,49,2
askdocs_1una967,0ebd43dbe5f7c831,8.48,16.333,4.04,98,6
askdocs_1unaawk,7d7c6e0317d52ad9,4.72,7.0,13.725,49,7
askdocs_1unad3t,6fd5f687c9de0645,6.456,17.75,5.479,71,4
askdocs_1unadh0,5d80390a1eb5f6a3,1.376,8.125,12.121,65,8
askdocs_1unajb0,48d142b105b07c3b,50.014,132.0,3.623,132,1
askdocs_1unapih,424aed6346179a53,8.746,19.417,10.625,466,24
askdocs_1unar33,3a3140049f67cb87,6.73,12.143,19.134,255,21
askdocs_1unazul,bb88736b5f612d96,11.465,28.5,7.018,57,2
askdocs_1unb0wp,9f79d3e42684f8db,6.52,14.083,7.018,169,12
askdocs_1unb5nf,7fac4221793b1a0c,8.648,21.333,4.145,192,9
askdocs_1unb68k,cbfb2d7799398501,8.345,15.5,13.83,93,6
askdocs_1unb6y7,c05e3d89e345f217,9.373,23.667,19.07,213,9
askdocs_1unb7p5,57cf4763e29eed11,6.685,14.842,13.028,282,19
askdocs_1unba66,b1d0ad9db1c25940,5.183,13.8,15.714,69,5
askdocs_1unbakj,9d93eb1b931a4bb9,5.224,11.294,13.636,192,17
askdocs_1unbala,259f22bb83131865,11.552,28.667,7.836,258,9
askdocs_1unbber,60d9b0d4d8a08bc9,7.261,15.318,8.264,337,22
askdocs_1unbcw3,1269572c1f916175,4.046,10.333,8.065,62,6
askdocs_1unbep6,4546d566ffc87483,7.524,18.6,5.376,186,10
askdocs_1unbfjc,49cbc705d356bdb9,7.356,13.561,8.408,556,41
askdocs_1unbfta,ea89f8e6b56376d3,9.38,24.0,12.5,96,4
askdocs_1unbleg,6b35ea133a860773,9.593,17.455,9.326,192,11
askdocs_1unblrs,da05f94152b937bc,6.126,14.538,10.204,189,13
askdocs_1unbm23,145382174cfc90ee,8.907,24.143,8.889,169,7
askdocs_1unbx0l,628858eef344cc0e,9.008,21.0,16.822,105,5
askdocs_1unbyus,af8342a3df6220e1,9.43,18.167,9.337,327,18
askdocs_1unbzm5,2f7b733a4d54449a,5.716,12.7,12.928,254,20
askdocs_1unc1mc,037f9fc5f1bcd9b5,9.522,19.636,8.578,432,22
askdocs_1unc20v,cf20ad757a17416c,8.942,18.5,12.698,370,20
askdocs_1unc2kd,8d758d05af12d6c9,9.256,14.0,11.648,350,25
askdocs_1unc6fd,d78302454ce82548,12.333,27.556,9.127,248,9
askdocs_1unca5l,8c959f4973bca914,5.516,13.0,12.295,117,9
askdocs_1uncbhf,f4715c93d0a8e7db,8.403,16.0,10.573,224,14
askdocs_1uncey1,e3a7e811d3066b38,8.105,17.931,10.153,520,29
askdocs_1uncjsi,cd872a6e835b9cb4,10.768,19.3,14.872,193,10
askdocs_1unckqv,144af9d92676e6d3,2.58,7.8,15.385,39,5
askdocs_1uncqlu,f42220fe8b0c4504,5.964,17.0,8.824,204,12
askdocs_1uncqvt,085d8d9573c06807,5.567,13.3,11.679,133,10
askdocs_1unctpy,785d15158c80baa7,11.558,21.667,18.0,195,9
askdocs_1unctqk,ea26f20b949c47b3,13.674,18.053,10.215,343,19
askdocs_1uncu5a,ff570f54034daec4,6.665,13.562,8.444,217,16
askdocs_1uncu5n,568b410d11c58325,5.413,10.857,10.458,152,14
askdocs_1uncwyj,1cbb674a833e476e,9.746,20.455,8.811,225,11
askdocs_1uncx65,5f24b9b7f89a209b,6.406,17.5,10.0,70,4
askdocs_1uncy1x,432d8ce9ac469b30,4.876,9.556,11.364,86,9
askdocs_1uncztj,fa5c57ba4603b2c0,11.259,26.118,13.423,444,17
askdocs_1und0ss,1d875c281cc460f7,4.074,14.375,12.712,115,8
askdocs_1und13j,e6a29370d30fc3f9,10.502,26.75,7.907,214,8
askdocs_1und25y,2b15039c5098ed81,8.944,15.231,4.412,198,13
askdocs_1und3x0,bb2a99a5d3ef889b,10.765,18.167,13.636,218,12
askdocs_1und98d,952d97d09ac8ac6f,7.08,18.6,9.091,186,10
askdocs_1unddip,5e08d3f052e3a2bf,5.233,12.0,11.864,288,24
askdocs_1undff8,006f9aee11bf10cb,4.144,8.556,8.861,77,9
askdocs_1undfrx,7e053d1b54d0f6f0,8.227,15.839,7.269,491,31
askdocs_1undiis,18267939f056abbe,8.932,19.556,5.65,176,9
askdocs_1undkld,0290fa302cc3d9a2,8.371,18.636,5.854,205,11
askdocs_1undmgg,1a788df42073d0b7,5.151,12.0,5.556,36,3
askdocs_1undmoi,611c1aae89031401,6.541,14.097,11.538,437,31
askdocs_1undmz8,d7fed55f8cfc96cb,6.722,16.667,10.968,150,9
askdocs_1undsgi,cf509c150c236481,6.218,14.25,11.111,114,8
askdocs_1undva9,51b63254c4cea803,6.194,10.727,14.876,118,11
askdocs_1undxr4,0d6d164bd3afb0de,9.68,21.429,12.179,150,7
askdocs_1undynp,7577b3a137ee88e2,7.655,18.0,6.757,72,4
askdocs_1undzg5,4cb49cf34e6d28f0,6.399,18.25,9.589,73,4
askdocs_1undzxr,4ce75f9ceccbad2a,8.388,23.5,8.163,47,2
askdocs_1une1c1,a717ec39da33ce29,6.723,13.143,5.435,92,7
askdocs_1une1zu,fc91da342b805ea9,45.417,116.0,5.042,116,1
askdocs_1une24a,2f14045541c72d2a,11.938,28.556,15.116,257,9
askdocs_1une525,c8696434ee850e5e,21.029,55.667,8.929,167,3
askdocs_1une5yb,03e2d6f6a096c557,10.348,14.833,18.681,89,6
askdocs_1une8g8,fa336320287851e7,11.642,25.108,9.412,929,37
askdocs_1une8l6,8a8b8b749f884308,10.104,15.571,0.638,436,28
askdocs_1une8q3,1996f784335ff324,4.454,11.444,8.738,103,9
askdocs_1une8sk,c6e79fc83afb88a8,9.841,22.727,5.976,250,11
askdocs_1une9kn,55a468f2ff43e312,6.086,21.0,14.286,21,1
askdocs_1unebcu,dd9334387f97511d,10.762,16.25,13.636,260,16
askdocs_1unebmo,bfe4f71cdbb6bf99,11.206,15.114,12.37,1194,79
askdocs_1unedto,190bdaa2bada33a6,7.124,17.769,7.234,231,13
askdocs_1uneeyf,325a01099a90689b,7.574,16.917,12.019,203,12
askdocs_1unejwc,fa5350569e203b17,6.244,14.462,9.424,188,13
askdocs_1uneko1,80f1fd29f1c2f820,8.932,22.8,8.475,228,10
askdocs_1unem5p,73ae8fee1705dc95,11.998,19.133,21.034,574,30
askdocs_1unen84,59e03dd2f8893523,8.339,19.909,8.072,438,22
askdocs_1unenrm,28e9b6f585e81061,13.515,30.0,9.167,120,4
askdocs_1unep9w,5fd1fab61e3add98,5.162,15.75,11.94,63,4
askdocs_1unepfn,f5ca277ea6ddaab5,8.079,15.391,6.497,354,23
askdocs_1unewe8,1ac344a380f04ca0,36.413,93.0,18.28,93,1
askdocs_1unez5t,13e5e202e4e71d2f,9.08,19.667,10.744,118,6
askdocs_1unf01l,8cad3c5d3d50eddf,2.611,7.889,12.329,71,9
askdocs_1unf2th,d76ff375ffdf338d,7.825,23.286,9.091,163,7
askdocs_1unf4m1,4d0ed9b9385aa9ab,10.224,23.75,9.74,760,32
askdocs_1unf55m,062fbe974f4373a4,7.63,16.868,6.535,641,38
askdocs_1unf6wy,f1e5e54fdbd5c79e,12.978,27.0,11.409,297,11
askdocs_1unf7s1,f4cb051c6acea3c4,8.473,16.0,14.141,96,6
askdocs_1unfamz,cb6c4c0c38b1c1d0,5.417,12.2,8.943,122,10
askdocs_1unfeq8,6808ef81df749017,4.83,10.0,8.197,60,6
askdocs_1unfg5a,6a481cafa3117b8e,6.97,15.222,11.268,137,9
askdocs_1unfj67,4b95958fcf5c4c21,6.633,13.133,8.271,394,30
askdocs_1unfjtw,61a0d906fcf3688f,10.163,14.75,25.0,59,4
askdocs_1unfka5,b4c1e3644204b945,9.457,21.0,14.286,21,1
askdocs_1unfmha,d6a6f800af1241a8,10.107,26.5,15.315,106,4
askdocs_1unfp3e,421718dfdb5fdf4c,11.33,21.0,20.0,63,3
askdocs_1unfp4g,c4e200fbc5172d42,6.149,14.36,8.777,359,25
askdocs_1unfq61,b7f2448de701099f,7.399,15.964,9.586,447,28
askdocs_1unfq6m,282dad438492accc,15.398,24.4,22.314,244,10
askdocs_1unfrqh,0f76e491d5108aac,3.69,8.5,10.417,136,16
askdocs_1unft98,63378464e13f47c1,12.266,32.889,7.792,296,9
askdocs_1unfv8p,8a1d84550a9849db,8.184,18.133,13.357,272,15
askdocs_1unfwns,0e69fc81058c9315,8.448,15.125,17.46,121,8
askdocs_1unfxkc,8ee438da7465cddf,5.659,12.833,11.111,77,6
askdocs_1unfyph,2af0be7f5d6423ac,11.742,16.133,14.398,484,30
askdocs_1ung1yn,c1ee2e18a8ecab3b,5.487,13.4,7.463,67,5
askdocs_1ung38y,c54f87504e294f75,8.008,19.25,14.346,231,12
askdocs_1ung3eg,d2eb41c038b7819a,4.528,12.333,2.632,37,3
askdocs_1ung3ow,387ed012c901d8e2,19.713,46.333,9.929,139,3
askdocs_1ung544,f4f929565e00408a,16.292,26.75,22.326,214,8
askdocs_1ung6h3,dec6b455caf93427,5.463,14.0,10.345,28,2
askdocs_1ung8dc,b37f04a017567bbe,5.22,9.35,10.256,187,20
askdocs_1ungbae,7e409ec9567f8e20,9.904,19.304,10.195,444,23
askdocs_1ungewn,da8b63423a40fcb4,4.835,14.308,5.729,372,26
askdocs_1ungfg1,da68978a213df195,3.634,12.667,5.263,38,3
askdocs_1ungjgt,8f34339dc089dc64,12.538,25.286,13.483,177,7
askdocs_1ungk7h,663a2bbf55e8a523,7.633,19.786,6.429,277,14
askdocs_1ungojh,6acb3d10bf69e80d,10.969,21.167,6.202,127,6
askdocs_1ungpid,0acdb7b5c2575e89,5.549,13.444,9.756,121,9
askdocs_1ungtnf,a247beb685367211,-0.611,6.2,9.677,31,5
askdocs_1ungx53,b3730e8fac6d7206,11.651,25.167,9.74,151,6
askdocs_1ungyhq,618a6ab97748f84f,6.65,20.6,7.619,103,5
askdocs_1ungzia,dbbd1d713e96a8c3,5.804,12.333,6.667,148,12
askdocs_1unh61b,f40609ec5a8a1ea2,5.224,11.294,13.636,192,17
askdocs_1unh93t,de493d69e3782451,9.29,19.75,8.696,158,8
askdocs_1unhd87,ba9f996d94a82ec3,6.101,12.938,11.905,207,16
askdocs_1unhfok,b67151262a7d25ae,3.263,8.0,8.333,24,3
askdocs_1unhio1,4be0255e286ba7ca,8.544,19.0,9.63,266,14
askdocs_1unhtkj,c08cca96cc4c80ac,6.125,14.0,6.0,98,7
askdocs_1unhufe,0c0a322e4c5042e7,9.816,25.333,7.391,228,9
askdocs_1unhvbr,f89159cfd44b503f,4.075,14.667,8.333,44,3
askdocs_1unhwmm,b9aed51871976387,5.213,10.625,19.767,85,8
askdocs_1unhwwe,8957c8751adcf834,8.471,15.667,15.152,94,6
askdocs_1unhx3n,14a0b88538d363e8,7.429,14.767,11.111,443,30
askdocs_1unhyaq,4b98de01688308de,7.088,12.545,11.972,138,11
askdocs_1unhzn0,8a15d865dcf89eb1,5.679,13.6,5.634,68,5
askdocs_1uni25l,59cb96ca45b8d591,7.846,17.385,12.719,226,13
askdocs_1unie5y,285feb7f2eed3060,4.281,10.385,5.839,135,13
askdocs_1uniggm,447e46eb98c6a02d,7.108,20.0,14.815,80,4
askdocs_1unigmu,cae55442ee293e7d,5.934,14.5,12.295,116,8
askdocs_1unim85,65715d6c730faedb,5.539,9.333,8.065,56,6
askdocs_1unir6n,7b08ef24671a9cf8,6.403,14.75,8.091,295,20
askdocs_1unit9w,9e714622f6cce381,10.111,19.75,7.595,158,8
askdocs_1uniwnn,4092abd10686b219,7.33,19.667,9.917,236,12
askdocs_1unixvm,50617d0e9a8618e9,3.893,9.4,12.245,47,5
askdocs_1uniy1n,2946e296e0881b70,6.105,16.8,4.976,420,25
askdocs_1uniy60,1fa2d2bd922c8f72,8.048,6.286,22.727,44,7
askdocs_1unizes,8cbf1d4d1747416b,3.703,12.167,8.219,73,6
askdocs_1unj6ji,aba0894e93f767d7,7.699,17.0,13.483,85,5
askdocs_1unj73q,20189099423c227b,16.473,37.167,12.017,223,6
askdocs_1unj9c9,cfb047d8a3303a6c,6.844,15.714,10.407,220,14
askdocs_1unj9ww,f5e148b7aa7c42cb,7.925,17.8,6.18,178,10
askdocs_1unjbip,936d2a8241c7038f,4.574,10.6,8.772,53,5
askdocs_1unjdeh,96a0e2ee322c6944,4.52,11.714,2.326,82,7
askdocs_1unjdfu,dc7ef41b72df18e6,5.642,14.333,7.692,86,6
askdocs_1unjfr8,7de0126fa1876a95,15.501,40.5,13.415,81,2
askdocs_1unjhiy,8be52d2dfb3e4c52,3.223,13.5,7.143,27,2
askdocs_1unjlxk,d10fb7d86b96967f,6.575,15.556,10.714,140,9
askdocs_1unjrn4,77bbe4e5495ab385,4.674,13.308,6.286,173,13
askdocs_1unjti5,586dbe56599432a5,5.61,15.333,12.857,138,9
askdocs_1unjyor,268260ed7e3e6060,7.83,15.111,13.768,136,9
askdocs_1unk18j,a2f96b1495a8e52c,8.73,20.0,16.049,80,4
askdocs_1unk3r5,4ad8cbb1067777aa,5.886,13.167,9.114,395,30
askdocs_1unk3ro,cb649ff1fb37e4c6,7.33,17.667,7.407,106,6
askdocs_1unk5we,01e468e1dfe37518,7.869,17.75,11.25,142,8
askdocs_1unk6ge,0d38620a393665e5,5.805,12.5,8.462,125,10
askdocs_1unk7u8,27833341faac9343,5.104,14.4,18.056,72,5
askdocs_1unk9zh,ab4ace9a9e827722,14.475,31.8,10.494,159,5
askdocs_1unke19,e40b508d94a37441,5.643,17.769,10.504,231,13
askdocs_1unke7e,9d2b523f77bd42c6,11.513,17.25,13.636,483,28
askdocs_1unkerl,b1847e48b29319a6,3.901,12.4,21.875,62,5
askdocs_1unkevp,59dd2a57527d95e5,5.756,11.0,12.281,110,10
askdocs_1unkf7a,cd1b7b69f5b1f3a1,4.069,10.889,7.767,98,9
askdocs_1unkfm1,fe9f9685a293b9d1,5.313,9.2,10.753,92,10
askdocs_1unkg9o,04873fbeec3dbf5f,7.384,13.333,13.415,160,12
askdocs_1unkidn,e362072141f33543,6.874,14.25,11.364,171,12
askdocs_1unkiw4,36a110877f0521ca,4.527,9.0,14.815,27,3
askdocs_1unkj5g,fe8c8be6b7f17fba,4.966,14.188,8.861,227,16
askdocs_1unkmcl,9cc7dd1abfb4af5e,5.82,8.0,8.642,80,10
askdocs_1unkmsd,8f64a83b11d89458,4.103,10.909,20.661,120,11
askdocs_1unkn6a,da82341cea99c4c8,3.66,7.0,5.556,35,5
askdocs_1unknf9,23d5ed90040b6f98,4.874,12.647,8.811,215,17
askdocs_1unkr5x,6248ea4cd2b8b123,41.264,109.0,7.798,218,2
askdocs_1unkr6y,a61cc86800492ba7,7.457,15.5,14.583,93,6
askdocs_1unkueh,dd8a019007bde27f,6.045,12.25,8.081,98,8
askdocs_1unkve1,f940363985140271,5.302,10.286,12.5,72,7
askdocs_1unkxpb,839bfc99b005a6ee,7.029,16.429,18.333,115,7
askdocs_1unkz57,5a1c323ef5618f23,6.757,16.5,6.818,132,8
askdocs_1unkz9z,429cf40847c8960f,3.746,13.222,10.924,119,9
askdocs_1unkznn,e015a44982c6d90e,5.524,21.0,14.286,21,1
askdocs_1unl26t,8bdaad909cf9795e,4.063,12.2,6.557,61,5
askdocs_1unl2la,ae97b5a213134a72,3.66,13.5,6.897,27,2
askdocs_1unl2ls,1e33cc89d23989a7,7.799,16.833,6.422,101,6
askdocs_1unl372,e897a1260c3649f7,12.941,30.5,14.516,61,2
askdocs_1unl39v,fd2b604e858bddcd,4.027,15.0,0.0,30,2
askdocs_1unl3jx,0122ae08e9b1d408,9.467,26.333,8.642,79,3
askdocs_1unl40h,6293abf3635c7ac8,4.049,13.25,14.545,53,4
askdocs_1unlgx2,3d28052ffc145747,10.734,16.667,12.077,200,12
askdocs_1unlhm7,766b7be739b1235b,10.58,19.667,12.048,236,12
askdocs_1unljan,c24e6deeb007e331,7.013,16.591,10.512,365,22
askdocs_1unlmwd,ce12bb7353c3f472,5.641,9.286,17.647,65,7
askdocs_1unln3x,7b8e1f126f15f341,5.539,9.333,10.526,56,6
askdocs_1unlnps,64fe82b64b4ab53d,28.21,61.333,17.857,184,3
askdocs_1unloo1,733fcf258904a776,7.114,13.636,10.526,150,11
askdocs_1unlpo3,6627ddb8e36a4d76,2.94,6.667,14.286,20,3
askdocs_1unlqkv,56f72f46123825f5,11.422,17.84,10.874,446,25
askdocs_1unlqld,da493efa8b5f1db0,11.758,18.68,20.711,467,25
askdocs_1unlrej,47027e3271fc9bdc,3.641,9.5,17.241,57,6
askdocs_1unltmg,08b071fd14b851c5,5.411,12.714,10.112,89,7
askdocs_1unluqo,e2e8a506d515b2ac,6.664,9.214,13.869,129,14
askdocs_1unm1o7,20ba3e132bb2667e,7.224,15.273,14.035,168,11
askdocs_1unm5at,86f6613f93f34fb6,10.409,22.722,14.353,409,18
askdocs_1unm5w9,ff7e297c2204b01a,9.423,20.769,8.664,270,13
askdocs_1unmc2z,13a08bcfc340f01b,10.024,15.37,10.431,415,27
askdocs_1unme0m,072fb9d23779a37b,8.806,15.4,14.815,77,5
askdocs_1unme5n,148978e201a8f31b,11.777,13.0,21.771,1313,101
askdocs_1unmeex,c3a96dd5bdf4e3f3,10.796,21.571,7.19,302,14
askdocs_1unmfmn,8ec5dcdc289f4585,7.924,17.5,8.571,70,4
askdocs_1unmijg,08b94e7ac231d644,7.941,18.833,16.949,113,6
askdocs_1unmkui,950290120e03a4dc,4.8,10.5,11.905,42,4
askdocs_1unmli6,4578a50b1dc535df,9.891,20.444,13.978,184,9
askdocs_1unmnmr,12914960f1a4868a,10.548,21.636,12.757,476,22
askdocs_1unmoan,ffb62b2949f349cf,8.724,16.5,8.824,33,2
askdocs_1unmozn,05d311bdb81a0d72,6.236,13.556,12.8,122,9
askdocs_1unmrt1,156a2e91cca419ae,4.717,10.091,14.912,111,11
askdocs_1unmvqi,672bd2c330e02b01,7.13,16.625,9.091,133,8
askdocs_1unmw6e,a6fd3d6b8484e180,7.003,15.375,2.256,123,8
askdocs_1unmx0x,fb230d45a0061d37,2.859,8.3,12.36,83,10
askdocs_1unmzvo,2f2365d965b9deed,5.682,13.923,12.737,362,26
askdocs_1unn3zi,8fb738b70699c37d,6.37,20.0,5.0,20,1
askdocs_1unn5o9,b01b9124f669c576,7.164,18.778,8.38,169,9
askdocs_1unn7ra,b2d8c76abaca4fb1,6.162,12.375,13.131,99,8
askdocs_1unn8jr,8dfdbc0729402fbd,19.336,34.0,24.4,238,7
askdocs_1unn8q2,e91b0fdaa9544e21,5.575,15.55,5.112,311,20
askdocs_1unncgo,9951ef14142909e3,6.127,18.125,5.096,145,8
askdocs_1unnd5f,a4b541ad3fa5b608,5.367,14.333,6.977,43,3
askdocs_1unndg1,2e056caff1550a0f,8.091,13.8,12.329,69,5
askdocs_1unnj9h,79b2edd396ac821c,4.021,13.1,7.519,131,10
askdocs_1unnkkj,80f273dad9b312f8,5.852,18.0,6.593,90,5
askdocs_1unnmn8,c0735eceaae75908,1.359,9.0,5.556,36,4
askdocs_1unnn35,6d3cb598ac539f3f,4.658,17.667,7.407,53,3
askdocs_1unnnx1,07075ae2a5ca856e,7.725,19.471,7.692,331,17
askdocs_1unnpmy,cad3cf87019bfe7d,3.949,10.25,7.865,82,8
askdocs_1unnsaa,8ec4f51b9c9ff554,5.365,13.0,3.846,26,2
askdocs_1unnts6,a5e51cbea79dd4e8,7.244,16.0,15.909,128,8
askdocs_1unnu88,eda6cdef81b1c140,9.37,15.875,11.94,127,8
askdocs_1unnubz,a6522cd08aaaac3b,6.387,15.864,7.91,349,22
askdocs_1unnxh1,d872ad7efd25d7a9,5.807,12.0,10.526,36,3
askdocs_1unnzpu,936ec5592a1da9ff,5.037,13.125,14.783,105,8
askdocs_1uno0h9,91297956ba04f1f9,8.539,10.286,16.835,288,28
askdocs_1uno19a,1c940700691d1191,12.665,31.4,15.823,157,5
askdocs_1uno3ug,2dc0894f0a016383,8.846,16.667,14.839,150,9
askdocs_1uno5oa,52208d0a15108a1c,12.937,16.471,18.21,560,34
askdocs_1uno626,7936ceb07d90aa0e,5.628,9.933,13.333,149,15
askdocs_1unobwk,28823d7b3c4bdac7,7.082,15.125,4.688,121,8
askdocs_1unocht,466cbd3bc5093165,6.508,18.0,8.108,36,2
askdocs_1unohf7,d2842c037abcdb31,4.456,9.667,6.25,29,3
askdocs_1unohf8,14fd87e84698164d,7.419,15.875,8.462,127,8
askdocs_1unokr8,67875a4534b40f1d,4.631,11.231,10.067,146,13
askdocs_1unoku7,e0444772e29186e6,9.964,23.375,10.053,374,16
askdocs_1unolr6,93f7a245cd2e42ef,6.851,13.8,8.362,276,20
askdocs_1unonji,b6a4c545975dde0b,5.513,11.7,9.917,117,10
askdocs_1unoqdi,809a9dd57ea416b2,6.429,13.533,12.621,203,15
askdocs_1unoqto,f0792ba5653c041f,9.459,17.811,9.753,659,37
askdocs_1unosx4,3c51d2d5f377d42c,3.899,14.5,5.319,87,6
askdocs_1unot18,8c0e8f21899d5919,7.417,22.75,9.375,91,4
askdocs_1unou5q,c01e8ca296cf9e5e,7.308,14.562,11.618,233,16
askdocs_1unov0t,1aab57fd229a173b,5.846,8.571,19.048,60,7
askdocs_1unoyfa,0be045054534d589,6.531,16.0,8.835,240,15
askdocs_1unoywe,6c4fa063c8a7c03c,15.598,39.5,8.642,237,6
askdocs_1unoz9a,36c937a788091eb7,8.867,13.75,10.0,55,4
askdocs_1unozty,b8eb1703211bd7f7,10.535,28.125,6.195,225,8
askdocs_1unp11i,e19ff015053d2293,6.172,17.0,11.765,85,5
askdocs_1unp1zd,6efd22efddb0fd58,9.287,20.071,5.172,281,14
askdocs_1unp44m,3fe688e1f6b513d5,5.185,11.375,14.737,91,8
askdocs_1unp51i,b574a759aebd3af4,8.959,18.447,13.759,701,38
askdocs_1unp532,6063cdc768a0d2a0,7.858,21.0,7.299,273,13
askdocs_1unp547,07d53524ced998e9,41.989,104.0,16.822,104,1
askdocs_1unp76g,7e220e3291906b38,10.941,14.0,8.824,28,2
askdocs_1unp8lt,48c6e592a0e8dc80,11.316,14.667,12.108,220,15
askdocs_1unp8uk,8e98ce6dea6a65be,7.671,12.667,18.421,38,3
askdocs_1unpb6q,f8af0cec783c3cfb,9.234,19.25,8.974,154,8
askdocs_1unpd50,6aa4f239a4ca9c3f,9.278,20.75,8.032,249,12
askdocs_1unpejp,40e87e08c066c274,9.028,23.0,10.204,46,2
askdocs_1unpfkh,b09f8d3a645cc0e9,7.994,16.25,11.722,260,16
askdocs_1unpg9j,e0bceca44e49c3dd,10.606,21.25,13.187,85,4
askdocs_1unphna,ad031fa2b9185546,5.145,11.778,8.85,106,9
askdocs_1unpi5h,1a807f72858dba1a,8.471,16.571,14.173,116,7
askdocs_1unpiw3,84a60d7e65d7e2f6,8.429,19.333,11.364,174,9
askdocs_1unpj97,ffa4119c99f557cc,9.689,24.6,10.317,246,10
askdocs_1unpjnk,0c0ee2a385954dd7,5.173,15.5,11.224,93,6
askdocs_1unpk0w,f88d8fe271f8f44b,9.312,22.5,12.088,180,8
askdocs_1unpk72,2c24eee09cc6ddab,5.976,18.5,2.703,37,2
askdocs_1unpn1s,636dbeb815dda60a,5.251,11.0,11.465,154,14
askdocs_1unpnrp,55f24622ec01104d,5.781,15.333,2.174,46,3
askdocs_1unpoc2,630e8635c8dfc6e4,6.137,17.0,5.634,68,4
askdocs_1unpro6,3e2a99d763fd4991,7.88,19.667,20.635,59,3
askdocs_1unpunx,e167650acbac8c0c,12.059,19.0,9.851,323,17
askdocs_1unpuxc,ca0017cd218c6fa9,8.2,19.3,7.882,193,10
askdocs_1unq1g0,3fb380a4b6bf9fa7,12.013,26.2,9.63,131,5
askdocs_1unq38l,77b758c298f435cc,9.556,20.333,13.433,61,3
askdocs_1unq3oi,be4a056866a89290,2.483,6.0,10.0,30,5
askdocs_1unq6fn,adef4b5c0b7d3a3f,7.215,14.105,13.357,268,19
askdocs_1unq6zi,2051222eaf3990ed,7.25,9.818,12.931,108,11
askdocs_1unq7oj,cc901fb376707ab5,9.102,15.6,16.068,468,30
askdocs_1unq94c,ad85de45c0aea37f,7.166,19.25,11.111,154,8
askdocs_1unq9lj,8d7f64598335b8e4,17.929,44.0,15.217,44,1
askdocs_1unqbfg,957e565ff7b55eff,5.995,13.318,10.544,293,22
askdocs_1unqfc9,ae4476316b069ded,7.634,13.0,10.0,39,3
askdocs_1unqjfy,07560a7570b9b168,8.294,20.2,12.5,101,5
askdocs_1unqjyv,35aa3e0f2ed36e97,8.564,23.2,8.403,232,10
askdocs_1unqme2,4bd45c231d78dd3c,6.75,17.632,8.036,335,19
askdocs_1unqn4k,4e7eb5ae1b0206c3,9.053,15.567,16.525,467,30
askdocs_1unqo1f,fbc651a7a24eb895,5.055,11.375,13.187,91,8
askdocs_1unqsy3,b66afa5f1a114f2d,7.44,13.667,10.588,82,6
askdocs_1unqvux,1dd5a83d3466ba9e,5.207,15.0,6.25,30,2
askdocs_1unqw6k,03cdb28b7f15827e,11.357,16.273,15.676,358,22
askdocs_1unqx3u,cc8f4d19f5018d01,7.493,20.333,12.366,183,9
askdocs_1unqy04,b334b7679b25e3c9,4.455,13.727,11.258,151,11
askdocs_1unqzz5,756c4d3021892b41,8.443,17.667,14.286,53,3
askdocs_1unr1rf,7e48d9411146bae9,3.94,9.429,8.867,198,21
askdocs_1unr287,01a19c6b8569dca8,10.848,23.167,8.333,139,6
askdocs_1unr6wf,b8d0d321290043b8,5.281,13.667,2.326,41,3
askdocs_1unr7g1,8c8971b1fc357669,6.604,16.667,6.667,100,6
askdocs_1unr9ny,aa192d88869ca401,12.629,26.333,11.446,474,18
askdocs_1unrdgj,1151c216454e23ab,6.836,18.0,11.009,108,6
askdocs_1unrfrc,a00001c85cc17364,12.084,27.5,17.857,55,2
askdocs_1unrgpv,c3f091cf2a745bfb,5.863,22.0,9.091,22,1
askdocs_1unriwg,2cc1a21910be5b03,8.521,21.0,7.812,63,3
askdocs_1unrjn4,a48a8e15f1f2adc9,11.036,21.333,6.858,448,21
askdocs_1unrm13,33e92f955ec2bcc0,9.825,16.0,18.182,96,6
askdocs_1unrrk0,d6756d9e74c91527,17.583,33.048,17.539,694,21
askdocs_1unru96,7ad67b7355562298,8.771,23.0,20.0,69,3
askdocs_1unrvbo,0311850939822d9e,20.001,54.0,6.481,108,2
askdocs_1unrwlg,b50ee8d5c58f901c,7.415,19.0,7.018,342,18
askdocs_1uns0hl,c24c25ce97e20af7,6.605,14.929,12.5,209,14
askdocs_1uns1gu,3945bca447670e64,11.262,20.625,16.092,165,8
askdocs_1uns251,0a98ab0d867a3f11,4.441,11.406,6.579,365,32
askdocs_1uns68z,00f94d90125a393d,6.828,13.625,19.82,109,8
askdocs_1uns9i0,08c6d6c00f7f5a42,15.915,21.609,17.3,497,23
askdocs_1unsbbc,ed902ec1f4b884ac,12.075,26.3,11.852,263,10
askdocs_1unsdc0,36f643db56e7558e,7.799,14.286,11.275,200,14
askdocs_1unsdws,9fa02d09706c0b67,4.748,12.3,8.065,369,30
askdocs_1unsjyd,2b9b348ece7c18f2,4.295,11.176,9.901,190,17
askdocs_1unsmv1,01f91af057018da7,7.555,17.25,9.091,138,8
askdocs_1unsnyk,ca83da3465eb139b,7.79,7.0,32.143,28,4
askdocs_1unsq5s,7715eb0b624c4187,6.095,15.111,14.493,136,9
askdocs_1unsut1,8cfde8b15dac98b8,4.168,12.0,10.526,108,9
askdocs_1unswit,6b37bef143126a5c,11.136,13.583,14.97,163,12
askdocs_1unt247,c6f9e2d38655fbf6,11.006,14.0,13.441,182,13
askdocs_1unt2kc,9efab46807ae4a68,6.873,19.636,5.53,216,11
askdocs_1unt5zt,1bafb3b13ef2118e,8.423,16.643,10.833,233,14
askdocs_1unt6dg,618b1867e21b395c,7.246,17.7,7.865,177,10
askdocs_1untc5m,8a83c5bceca5e7be,6.875,16.0,18.103,112,7
askdocs_1untcpd,9389a0cae7456f05,7.91,17.923,13.248,233,13
askdocs_1untebj,2f419151117b7a8b,8.044,22.5,4.38,135,6
askdocs_1untqdz,198dea50366f4590,10.169,21.625,5.158,346,16
askdocs_1untueg,d4af87bf7471c72b,0.258,6.5,10.0,39,6
askdocs_1untvj2,01d552801cdaf1ef,10.356,21.083,10.943,253,12
askdocs_1untw1p,5fd3ca51c5e2ae60,11.478,26.667,6.173,80,3
askdocs_1unu3g1,3762d7d90c275aaf,6.456,17.167,17.925,103,6
askdocs_1unu6rx,80f3cb83f2003e30,7.074,8.0,33.333,32,4
askdocs_1unu8o5,e1e56f658173ae40,7.204,13.4,6.383,268,20
askdocs_1unuaz1,4263dd6ed3399b61,3.326,9.0,2.703,36,4
askdocs_1unubke,999798e368322563,7.402,16.0,15.517,112,7
askdocs_1unucxw,92f3a6a644e65489,10.544,16.769,14.865,218,13
askdocs_1unueb9,92d257ef2858c8c0,6.919,16.091,5.707,354,22
askdocs_1unujh8,68030031a8a42aa6,5.825,11.5,13.043,69,6
askdocs_1unujip,679c87822a91f6f1,4.634,13.667,10.303,164,12
askdocs_1unuq7z,29799402be46f3d1,3.558,10.75,3.409,86,8
askdocs_1unuv2g,a8ea2298b9824859,7.65,12.0,11.0,96,8
askdocs_1unux19,1a084bae4d16f289,5.685,12.375,8.824,198,16
askdocs_1unuz6u,14a3633222d29209,10.292,22.333,7.407,134,6
askdocs_1unv2ps,0ff94801b4b480d2,7.659,13.727,4.294,151,11
askdocs_1unvdto,4b1b62c790867ca5,5.679,13.6,5.333,68,5
askdocs_1unvel2,14da8e66b9e15476,8.475,14.25,17.55,285,20
askdocs_1unvuhw,cdb40344f7a424d3,8.159,20.444,9.73,184,9
askdocs_1unvvks,449e69444093d73d,8.212,12.25,10.0,49,4
askdocs_1unvw65,7fe41a0875a197eb,8.913,21.1,5.66,211,10
askdocs_1unvwuq,071832034d39f417,5.83,13.25,3.704,212,16
askdocs_1unvwvd,dc233144a3166d3e,8.435,20.0,4.651,280,14
askdocs_1unvyqo,797db5232b31c00e,10.654,22.938,11.905,734,32
askdocs_1unvzq9,9a43b6b50a691382,10.737,26.0,9.756,78,3
askdocs_1unvzxo,4dcd293e5dfbe5d0,9.797,18.357,11.027,257,14
askdocs_1unw2km,44260c8362e9f982,6.394,17.2,11.628,258,15
askdocs_1unw2zo,e09088cd0baa22b2,10.152,21.429,9.177,300,14
askdocs_1unw3cu,6bd133f681c194aa,9.008,20.745,8.48,975,47
askdocs_1unw58g,0dfb7f68f548c2de,7.794,16.5,10.241,165,10
askdocs_1unw7md,0a41d3c663f3c014,3.975,10.025,9.95,401,40
askdocs_1unw9en,1230d21b53b6f820,10.978,24.0,8.333,96,4
askdocs_1unwccl,80b0647d9c614af8,21.821,47.0,14.0,47,1
askdocs_1unwevz,f67e9cf38c0d8dac,11.048,22.0,12.5,198,9
askdocs_1unwgax,764db6a95bff6936,7.613,16.0,3.125,32,2
askdocs_1unwgr1,6d1978d2ac4572f2,4.056,11.75,12.5,47,4
askdocs_1unwjyu,dee082595c5705b4,4.056,11.75,12.5,47,4
askdocs_1unwo4e,23bd1f644366b63a,8.948,19.182,8.182,422,22
askdocs_1unwoj5,d0c3420b5ec08b1b,6.053,12.0,13.861,96,8
askdocs_1unwvkb,08f034d8113427a9,6.409,15.765,11.808,268,17
askdocs_1unwzo7,af5e7d8ef9e96d0c,6.327,13.333,4.918,120,9
askdocs_1unx1eo,33ab3c06eba86e8d,8.408,21.154,11.552,275,13
askdocs_1unx4z8,9bb2abeaad35f70e,3.539,11.0,20.896,66,6
askdocs_1unxc0b,68f753152eeb0099,22.482,50.333,4.575,151,3
askdocs_1unxjt6,692e7bc403a33556,7.933,9.625,11.392,77,8
askdocs_1unxm3z,b5587a990a60268e,8.607,16.938,10.662,271,16
askdocs_1unxon2,bbd3f4ac858a102a,6.936,16.5,8.284,165,10
askdocs_1unxqwo,95101060628cfa21,4.129,9.478,11.607,218,23
askdocs_1unxruv,d125111fbfc63d5f,7.749,13.8,9.859,69,5
askdocs_1unxsed,01cf53da575fa10a,11.563,25.429,6.63,178,7
askdocs_1unxvye,80de1fce442da880,8.063,16.0,11.864,288,18
askdocs_1uny29s,d3688f3d38e50546,3.844,14.6,15.068,73,5
askdocs_1uny2n5,5c5660b31a6a6d50,3.387,9.586,12.281,278,29
askdocs_1uny6wr,89ac70b80e011046,8.703,20.169,11.317,1553,77
askdocs_1uny9yc,4d9b76967163ffe9,18.742,45.0,10.87,45,1
askdocs_1unycvo,92f44f9b366effb8,10.978,24.0,17.143,168,7
askdocs_1unyeef,f181b44bf5a81648,7.25,15.556,10.204,140,9
askdocs_1unyj4f,ffb620b07dfeb376,5.82,8.0,8.696,40,5
askdocs_1unysnt,9c3f8a75c740d47a,8.01,12.9,16.667,129,10
askdocs_1unyutr,7e1149a810a10cd6,6.892,16.143,5.31,113,7
askdocs_1unyx0l,e9a2709b3f0208bd,12.741,27.167,18.182,326,12
askdocs_1unz20p,ef3bf9b964c0f140,4.093,7.8,16.25,78,10
askdocs_1unz2kg,399d8b09c8c98f37,10.42,28.357,6.295,397,14
askdocs_1unz6dj,e7858f304606aff7,5.685,17.3,11.732,173,10
askdocs_1unz9e4,a9283a6496c551e5,9.961,29.0,13.333,87,3
askdocs_1unzbho,4928435a101a1944,9.374,20.0,7.727,220,11
askdocs_1unzcyt,03b8186e74f2b0d1,6.307,12.923,13.45,168,13
askdocs_1unzjb1,595d13263cf8c0cd,9.815,18.727,10.526,206,11
askdocs_1unzle7,b5eb9781cea4db46,7.496,15.625,10.938,125,8
askdocs_1unzljr,7427fc85380f164c,6.231,12.939,11.982,427,33
askdocs_1unzlpo,f4573ef8ae84efbf,5.586,13.684,11.538,260,19
askdocs_1unznh8,a09a05f1341df3d7,7.514,12.083,13.699,145,12
askdocs_1unzsj7,e2c483218c249227,4.562,10.111,10.204,91,9
askdocs_1unzts6,f05c47324c3db53a,9.722,15.652,10.39,360,23
askdocs_1unzvch,3aea4bbc5c05c4d8,10.861,17.0,15.287,153,9
askdocs_1unzvez,decc8e6deacec3a1,7.638,15.0,7.831,165,11
askdocs_1unzxu0,9420859efeaf7f6a,7.104,14.714,13.81,206,14
askdocs_1uo03je,75234d1ccd7d3a5b,9.504,14.364,9.146,158,11
askdocs_1uo082h,11374e631ceb12d8,5.535,13.688,9.649,219,16
askdocs_1uo0fig,6c24f7f3a9f39f5d,17.126,50.0,7.692,50,1
askdocs_1uo0uu9,299e3321cf05f13c,8.4,18.75,9.877,75,4
askdocs_1uo0yz8,20e5b4c78d858b41,7.38,9.875,16.931,158,16
askdocs_1uo11h9,a5e3e38f4a210655,6.893,13.8,17.391,69,5
askdocs_1uo126x,f2284570df0e9815,6.15,15.636,1.081,172,11
askdocs_1uo12il,96e583499f79f774,5.07,16.167,7.692,97,6
askdocs_1uo14kd,cd1aba6bab293abc,12.87,36.333,9.174,109,3
askdocs_1uo14n0,16cdae5ea3acd93b,6.588,15.667,9.184,94,6
askdocs_1uo165j,dd1153f999bfdda7,7.036,19.0,9.329,342,18
askdocs_1uo19tx,6e4cd3069997bf77,6.757,14.667,6.742,88,6
askdocs_1uo1gbb,57a6ffc347e1da23,7.173,15.0,6.593,90,6
askdocs_1uo1ir1,440c2e2ec36f6882,6.354,17.714,8.065,124,7
askdocs_1uo1m84,574ceb00f801116c,9.932,22.6,8.85,113,5
askdocs_1uo1qfq,a57b5bd08dd8a8e2,6.723,13.818,10.692,152,11
askdocs_1uo201l,ce4c812334639c82,4.389,12.5,7.407,25,2
askdocs_1uo20zc,3514490868e00c36,8.472,21.667,18.182,65,3
askdocs_1uo21n5,fae0b8819c9ddef5,5.282,15.875,7.874,127,8
askdocs_1uo230t,56d9355bc223910d,5.676,9.143,15.625,64,7
askdocs_1uo26cy,70ab521a9c30fe5a,12.529,15.846,15.789,206,13
askdocs_1uo26iq,3a473457e24d7849,4.559,7.0,4.762,21,3
askdocs_1uo27sj,84b009e96d246850,7.109,17.125,9.22,137,8
askdocs_1uo282w,4533512952e57c38,13.912,32.1,10.736,321,10
askdocs_1uo287w,11b9aa7f93f65afe,8.392,9.625,24.359,77,8
askdocs_1uo2a1q,cde5e4b0460e76c8,5.142,11.333,18.571,68,6
askdocs_1uo2bxb,db083cea7511b29b,4.437,10.0,9.677,30,3
askdocs_1uo2cv7,02395a492a0a55f1,6.318,15.167,6.993,273,18
askdocs_1uo2d38,536a05916def4583,10.434,23.182,5.769,255,11
askdocs_1uo2dud,8e26ada9f7a547c4,5.242,10.6,12.727,53,5
askdocs_1uo2ea1,efc0f8d321b1d055,3.445,12.5,24.0,25,2
askdocs_1uo2f3j,361df7bb188ea9e5,9.738,21.286,10.759,149,7
askdocs_1uo2gfx,5b11e3c762ede726,13.735,27.241,16.129,790,29
askdocs_1uo2kbz,6dc385facc4d9a36,8.717,17.182,10.0,189,11
askdocs_1uo2mp7,794f570ddebae521,28.25,69.0,6.849,138,2
askdocs_1uo2n0c,921d444ae43e6058,7.067,12.15,10.246,243,20
askdocs_1uo2qgs,deb6a7c4cca8cf00,4.781,13.333,11.93,280,21
askdocs_1uo2qw1,65d9b5453e033f8a,5.044,12.739,10.847,293,23
askdocs_1uo2uyz,987386f2301429e0,5.376,10.6,10.487,265,25
askdocs_1uo2waq,811cd4fba137a745,7.368,16.714,7.469,234,14
askdocs_1uo2xvm,2ae47d796a044d5b,9.386,17.143,13.115,120,7
askdocs_1uo2zcu,6c0ebe7f73182999,7.437,13.2,15.152,66,5
askdocs_1uo30ca,1dd6cd8a6fd8db79,4.014,13.625,7.273,109,8
askdocs_1uo32m8,e14c7d900c89bd38,7.324,14.8,7.383,148,10
askdocs_1uo34gj,fb01b5c474b1e82f,4.133,9.125,14.667,73,8
askdocs_1uo39jj,0abce3fee6209b96,4.623,13.111,9.6,118,9
askdocs_1uo3a0v,921b23082669e819,7.548,15.579,8.754,296,19
askdocs_1uo3ab4,de3ee24bce1f03dd,4.7,11.778,8.811,212,18
askdocs_1uo3c3l,e6d208b5ec844ec0,7.596,11.581,15.385,359,31
askdocs_1uo3ctj,e6538d9e87a2e15b,5.272,13.769,12.234,179,13
askdocs_1uo3for,d2683eec2cbc72cc,6.387,15.0,25.806,30,2
askdocs_1uo3h7w,e8e13b2e511bc27a,7.341,12.643,20.219,177,14
askdocs_1uo3i7b,2ed00ec039c8898a,8.166,19.778,9.972,356,18
askdocs_1uo3l3x,97227db2d8009c1c,6.017,11.0,13.75,77,7
askdocs_1uo3o3j,5259581585d1f874,7.583,6.75,18.519,27,4
askdocs_1uo3rv1,757e667967d7aa1e,2.996,8.5,11.429,34,4
askdocs_1uo3s23,f36d2969e60babd4,9.696,23.75,5.556,190,8
askdocs_1uo3t0z,e9fea539a4e40eb0,4.057,9.0,2.344,117,13
askdocs_1uo3xgl,a132f2a536589954,10.687,23.222,7.143,209,9
askdocs_1uo3ya7,9508891106ea538b,12.426,18.034,14.124,523,29
askdocs_1uo3z80,81c4f42768a65f77,33.239,81.0,18.219,243,3
askdocs_1uo3ztk,9b33c1ca61011922,11.924,23.273,16.288,256,11
askdocs_1uo41m1,c8d25fd2db2ed48b,15.051,39.0,12.5,39,1
askdocs_1uo41x4,6a3c2b8e1e628ba7,7.566,14.167,6.818,85,6
askdocs_1uo42ng,5219d64f498147e5,13.475,29.9,9.0,299,10
askdocs_1uo437e,6cc4212b1c2938c8,1.59,8.375,7.463,67,8
askdocs_1uo443h,ea098e2cbde06127,17.929,44.0,8.271,132,3
askdocs_1uo45s1,12b9d4f8bc9e051a,7.086,16.0,9.565,112,7
askdocs_1uo46z8,2d829011f4800584,8.267,12.938,10.455,207,16
askdocs_1uo47ke,ca2afac0d5a847a1,6.494,15.0,15.06,165,11
askdocs_1uo48ig,fa5ace31fbb9bac2,9.578,15.333,11.57,230,15
askdocs_1uo4bis,1b4bf2a2e922ac87,5.369,13.714,10.714,192,14
askdocs_1uo4cvq,0ce4576c58200160,9.758,29.0,8.621,58,2
askdocs_1uo4fbe,9c33306c566890c1,11.061,23.857,10.073,668,28
askdocs_1uo4gfj,9cb753e5065ee78d,5.506,8.25,20.0,33,4
askdocs_1uo4nrv,b1b53fa6d66e80ac,7.699,17.0,15.385,136,8
askdocs_1uo4vm7,2f6c7a362f710a31,9.634,20.75,10.714,166,8
askdocs_1uo528n,faf3dc4f7bf13304,8.198,16.867,11.027,253,15
askdocs_1uo5373,7b142c9f29a28cdd,20.548,54.0,3.571,54,1
askdocs_1uo59f4,80b73ff3a5dfba9c,5.681,15.5,6.452,31,2
askdocs_1uo5dio,d0c087a071e80ad7,6.672,15.667,7.895,141,9
askdocs_1uo5ec9,41d8ff60ba8bfb24,8.924,24.071,4.213,337,14
askdocs_1uo5hez,4c831f93c1d1a518,7.753,15.867,10.373,238,15
askdocs_1uo5hlp,2a5bba9a2639f617,7.283,18.667,11.607,112,6
askdocs_1uo5ixf,20541460eca11ae0,9.882,22.9,6.557,229,10
askdocs_1uo5jy5,2629373b2feab512,7.352,17.0,14.706,34,2
askdocs_1uo5nod,5542ebd58b23220a,5.118,14.909,7.831,164,11
askdocs_1uo5p6q,acaaaae12b640274,9.505,19.615,9.559,255,13
askdocs_1uo5pyz,f74f4c0ced76688c,3.916,9.0,8.889,45,5
askdocs_1uo5s04,d536b8f4a8993a58,8.095,18.6,12.032,372,20
askdocs_1uo5y0p,b15276cc1b9f39e5,4.795,10.667,15.625,32,3
askdocs_1uo5zi2,526666926468399e,6.104,11.25,10.638,45,4
askdocs_1uo62hw,209c18538d6a33b1,6.778,16.938,7.527,271,16
askdocs_1uo6620,d444c607dcd3e718,8.557,17.4,9.551,174,10
askdocs_1uo682e,2efd7af8be8cc15d,6.75,14.538,12.121,189,13
askdocs_1uo6a8p,0c3ffc35f6b0f064,5.506,12.833,7.692,77,6
askdocs_1uo6ad1,74ccbf9adc05a56f,8.552,15.742,12.217,976,62
askdocs_1uo6ahy,f6ece177cfe4a28a,8.045,12.154,15.0,158,13
askdocs_1uo6ajw,d1cca841d241ee30,5.642,14.333,14.773,86,6
askdocs_1uo6fm3,a75977768734fa96,5.129,13.529,10.0,230,17
askdocs_1uo6ipv,2540da66f3fcec2f,10.572,29.0,15.517,58,2
askdocs_1uo6iux,b753325dee6ebd70,13.083,30.833,12.903,185,6
askdocs_1uo6m4j,bebf578961b4e3d3,5.583,15.857,14.286,111,7
askdocs_1uo6q5a,cb12e6cc61181345,10.071,16.0,5.696,144,9
askdocs_1uo6rgs,ad3ee349691afcde,9.211,16.636,15.054,183,11
askdocs_1uo6tn5,1841015784613685,4.208,11.28,12.759,282,25
askdocs_1uo6u4f,bc4fe27756e68770,7.878,21.833,6.107,131,6
askdocs_1uo6u7t,742852a33e7b4e5a,4.647,8.235,8.163,140,17
askdocs_1uo6wln,18d8942773615d00,4.588,8.2,7.143,41,5
askdocs_1uo6wos,17c85e740ab7ea06,8.707,16.36,9.78,409,25
askdocs_1uo6wqi,25e27c59574bf238,2.432,10.833,9.091,65,6
askdocs_1uo6xkb,2a1e5787512bf4b4,14.183,36.0,8.333,36,1
askdocs_1uo74ov,e39ec631a95e28db,34.365,69.375,16.984,555,8
askdocs_1uo76jx,50cb2fe46f061004,14.668,37.333,5.357,224,6
askdocs_1uo7913,6c90f17f0f6f63b0,7.337,17.067,9.294,256,15
askdocs_1uo79ad,672ae9b9e294cfc1,7.731,16.6,12.651,166,10
askdocs_1uo79uh,f5f9155efde18d96,7.447,16.409,4.521,361,22
askdocs_1uo7gz6,ecb484cacbe4d9f4,41.318,105.0,11.429,105,1
askdocs_1uo7j1x,79875850e33e8329,7.998,17.185,5.782,464,27
askdocs_1uo7jja,29d8777abe723cbc,4.555,13.625,10.084,109,8
askdocs_1uo7lfm,2cb4e372962ac456,6.651,12.474,9.959,237,19
askdocs_1uo7p7a,1096d28ec47cf996,4.55,9.0,15.029,171,19
askdocs_1uo7qgg,600bd95c6a96a2f6,4.332,12.0,4.167,24,2
askdocs_1uo7rnt,b6d1b2d582162a94,20.068,49.875,9.78,798,16
askdocs_1uo7tpz,b472577916c471b9,7.199,19.75,8.642,79,4
askdocs_1uo7uwv,7a59d69fe2687dc0,4.636,10.231,15.328,133,13
askdocs_1uo7wur,d35a140e429225a3,6.42,10.429,13.514,73,7
askdocs_1uo7xeo,205461dcd0ab83e1,9.317,18.0,10.448,126,7
askdocs_1uo7ye4,810fee379729ae8d,5.516,10.65,5.069,213,20
askdocs_1uo81kh,7430601fdc9a4b90,3.182,11.0,11.765,66,6
askdocs_1uo84yj,d442c8c11463bef0,9.631,21.333,8.247,192,9
askdocs_1uo89sp,0c13832f62b65794,8.83,24.25,13.131,97,4
askdocs_1uo8ahz,fc3124cf247779b4,11.22,26.5,10.092,212,8
askdocs_1uo8akh,f980176e43fc0886,6.563,15.2,5.229,152,10
askdocs_1uo8cjp,86853b6497bd27d8,8.357,14.875,13.71,119,8
askdocs_1uo8dfy,4f698b3f4e53f433,7.145,13.32,13.158,333,25
askdocs_1uo8dxj,36b9a4cb91e118b3,8.505,18.75,5.508,225,12
askdocs_1uo8edb,65a932fc3c6b74fc,7.652,18.684,8.901,710,38
askdocs_1uo8fdn,a0f9f1ac3028bc74,9.973,23.308,8.553,303,13
askdocs_1uo8ghu,ee7e610f5c1ca211,2.339,6.75,3.571,27,4
askdocs_1uo8gns,9cb45fae6fc8f380,7.021,17.111,7.143,154,9
askdocs_1uo8mdb,561e272762019ea8,14.325,33.667,7.869,303,9
askdocs_1uo8nog,75cdee929c46dfaa,5.378,13.167,6.024,79,6
askdocs_1uo8saf,823270d524628e5c,11.215,23.647,13.777,402,17
askdocs_1uo8w85,fde2a530099a4d86,4.312,10.8,14.388,270,25
askdocs_1uo8yln,5d41de21947d5f0c,10.261,23.85,10.505,477,20
askdocs_1uo8yu6,f45779b001e1883d,5.097,15.333,9.589,138,9
askdocs_1uo900q,4707d1e7a7ec4278,5.621,12.286,11.45,258,21
askdocs_1uo90kc,555f81b015cc4f65,6.739,12.68,11.045,317,25
askdocs_1uo912u,dd54bbac14138b29,7.165,16.294,6.762,277,17
askdocs_1uo9241,397c23b036b776ad,5.778,13.158,11.952,250,19
askdocs_1uo98sl,e4c9bf24e74bde8d,4.591,12.867,9.326,193,15
askdocs_1uo99b1,c7a9d7128cc272ec,2.044,5.75,12.5,23,4
askdocs_1uo9c9p,3441519b3573c1a1,8.316,20.462,8.989,266,13
askdocs_1uo9k1h,49f8b42986570546,5.901,15.143,11.321,106,7
askdocs_1uo9kfk,f8a19ad7b856071b,7.249,17.5,12.987,70,4
askdocs_1uo9m57,17ab2087b2499613,5.642,14.696,12.61,338,23
askdocs_1uo9psz,60be323e8efb8eba,9.793,18.25,13.514,73,4
askdocs_1uo9qsb,ebb5090f7cc8d1fd,6.226,11.833,16.084,142,12
askdocs_1uo9rvw,96f22c1d1b7c0420,9.858,20.6,16.038,206,10
askdocs_1uo9t9n,da44c540a49d6a8c,5.817,15.4,8.861,154,10
askdocs_1uo9wa5,a7e264ad9181bfad,9.324,21.333,12.308,64,3
askdocs_1uoa0uu,af6850a50b4bc21c,10.761,20.917,14.964,251,12
askdocs_1uoa2mu,37325f2194db8e1c,8.393,21.8,5.505,109,5
askdocs_1uoa36v,4692f9f674a4b7ef,6.46,15.0,8.025,480,32
askdocs_1uoa657,bc6511ef8c736d38,9.209,19.0,12.281,57,3
askdocs_1uoa776,42a38b5d7ec06343,7.413,16.5,10.101,99,6
askdocs_1uoa8vq,410a6268902468f2,8.701,11.75,11.702,94,8
askdocs_1uoa9py,838178725098c40d,1.215,7.333,8.696,44,6
askdocs_1uoaahp,2cd17522e6c94ad4,3.802,13.286,8.421,93,7
askdocs_1uoaeax,bc24d04a69f5b1f2,4.124,10.4,6.481,104,10
askdocs_1uoaifh,bb57caf198508016,43.294,110.0,14.655,110,1
askdocs_1uoaij2,4733b8b1b934d78d,5.778,9.222,16.39,415,45
askdocs_1uoaiyv,1fbcc0b183a6d16f,9.572,18.133,12.1,272,15
askdocs_1uoarin,a518162d5bdda878,6.956,13.636,15.232,150,11
askdocs_1uoasyx,93e236df11fe5f1b,5.906,11.583,11.189,139,12
askdocs_1uoax8s,badbb81f1e2b4cab,9.265,18.75,13.333,150,8
askdocs_1uoayg2,166507086c7f5a3d,9.661,22.25,11.828,89,4
askdocs_1uob1rx,15d65b92c1323d18,11.161,19.286,13.48,405,21
askdocs_1uob8yq,366b10fbc76d707a,1.75,7.0,22.727,21,3
askdocs_1uobavf,2a098e02bbedb719,7.003,12.545,8.696,138,11
askdocs_1uobgl9,28c5657d6db1b140,8.295,15.667,12.448,235,15
askdocs_1uobhiw,842854165e1244a7,12.138,15.556,12.676,140,9
askdocs_1uobjtj,c02af3e603571600,11.916,31.0,6.299,124,4
askdocs_1uobp4l,225ad1e71093ee32,15.786,34.333,13.462,103,3
askdocs_1uobrhy,6e0c77d3a7067c5c,4.519,10.5,9.412,84,8
askdocs_1uobtig,80a8e0d9f5f81851,6.081,6.4,15.152,32,5
askdocs_1uobu8f,fce9891a7d47ad2e,6.565,12.4,10.938,124,10
askdocs_1uobzqz,1844a7bd84d6e0fe,7.875,18.4,11.828,184,10
askdocs_1uoc5b0,c513c52565b09556,7.302,13.341,15.909,547,41
askdocs_1uoc6e1,91d723df06c3a76e,16.105,41.333,10.309,372,9
askdocs_1uocbk4,68695aa1ee3783ae,3.081,11.714,11.905,82,7
askdocs_1uoccbv,3dd8ce66e95d22d0,6.374,18.833,11.017,113,6
askdocs_1uoceu6,124e56cb4d3da84c,11.032,28.625,9.283,229,8
askdocs_1uocgwc,25426a440e0c18df,2.736,9.75,7.692,39,4
askdocs_1uoci5e,28e3979794105559,6.069,14.2,15.278,71,5
askdocs_1uocimh,a2ab95f833d00883,8.93,24.111,7.373,217,9
askdocs_1uock9f,5a48ecbabcb2be7a,5.647,11.855,12.832,652,55
askdocs_1uockhu,cf4d481f9572c35f,11.984,27.0,4.07,162,6
askdocs_1uocobm,d5390b5dbdcb0df9,7.798,17.0,8.594,119,7
askdocs_1uocs31,8e7ccd3886282ce7,7.621,16.125,9.924,258,16
askdocs_1uocssa,b15c6eae7fd31622,5.783,14.6,10.596,146,10
askdocs_1uocuo9,0ed9d9d6303821d5,10.908,22.333,14.925,67,3
askdocs_1uoczr9,fda5adbb696fcb88,16.866,39.0,30.0,39,1
askdocs_1uod0wo,842cda36ee10fd56,21.07,56.0,7.647,168,3
askdocs_1uod1uq,1955a4cd38c00b56,30.711,76.5,7.717,306,4
askdocs_1uod3ez,986379cda74cbd9d,6.507,11.0,28.07,55,5
askdocs_1uod5t4,a7c7c8593221dc21,4.629,12.727,8.333,140,11
askdocs_1uod6rn,358b369dfb58a72b,6.696,15.5,9.375,93,6
askdocs_1uod7nw,b87450442e3c2f62,24.981,62.667,7.107,188,3
askdocs_1uod7u5,ad26bae748dd9cff,2.798,10.25,14.286,41,4
askdocs_1uod8lk,7b176f851f0ddae8,8.132,22.5,11.111,45,2
askdocs_1uoda3r,c0e18cad17dcf192,9.866,19.5,10.0,39,2
askdocs_1uodaax,52341b73c4392c4a,4.806,9.5,6.135,152,16
askdocs_1uodal1,8eb835559ca71aad,4.699,10.0,20.833,90,9
askdocs_1uodcvd,2932f75e39e701b9,2.379,9.333,7.018,56,6
askdocs_1uodgaa,15e32ccefbc6ec45,22.66,55.5,10.471,555,10
askdocs_1uodhmo,47c7a6c1de8aec75,24.489,64.0,7.812,64,1
askdocs_1uodive,f8c969a4bc08d076,3.947,9.667,9.322,116,12
askdocs_1uodjrh,becf1c5ab62ee1d5,7.108,6.429,24.444,45,7
askdocs_1uodm7f,5e04d663279dcbc3,5.267,13.4,14.815,268,20
askdocs_1uodmiw,541a769a84ac065a,6.79,12.0,13.821,120,10
askdocs_1uodqav,cffb52b7c745da9e,6.07,14.5,4.301,87,6
askdocs_1uodqh1,15382139fce985c5,5.769,15.905,11.953,334,21
askdocs_1uodsxh,3b72e323959d9506,11.66,30.9,8.682,618,20
askdocs_1uodt9c,5919af34bf532d2b,8.57,22.8,5.684,456,20
askdocs_1uodz6r,95b811b2a04faa05,3.068,7.5,20.0,30,4
askdocs_1uodzmm,2bc94b84019008c0,4.0,11.7,8.264,117,10
askdocs_1uoe283,7109e0d535fd51d4,1.224,9.125,6.757,73,8
askdocs_1uoe5mw,ca88c2d478b9be4f,13.812,26.444,13.23,238,9
askdocs_1uoe6i8,197ae311dfb82c93,7.113,17.7,8.475,177,10
askdocs_1uoe6tm,eb0dd1d33a9808c5,10.737,26.0,9.494,156,6
askdocs_1uoeb0g,53b31a59c7401b3e,8.373,22.3,8.061,446,20
askdocs_1uoejfx,c932ef5bbd648cc3,8.154,20.714,6.757,290,14
askdocs_1uoekkm,4be63cb7d38f1e92,8.109,17.105,8.485,325,19
askdocs_1uoen1i,420cc192e378c9ae,4.24,10.0,9.756,40,4
askdocs_1uoencd,2d90dc212fdd7a3e,8.209,18.5,8.108,74,4
askdocs_1uoes5x,1fd65a0fbac0c6cb,10.444,22.167,9.524,133,6
askdocs_1uoeug1,700837e942d15250,5.564,17.5,9.459,70,4
askdocs_1uoeuok,2dcb6d2be614e55e,4.238,10.5,12.0,21,2
askdocs_1uoexsm,a6f0a06c015c9eea,8.984,22.111,10.317,199,9
askdocs_1uof26v,08fc80c29ce8a30f,9.037,19.812,9.748,317,16
askdocs_1uof2a1,04b5e184a1b0ec6a,5.264,12.111,13.793,109,9
askdocs_1uof2rp,cb6c4eb270669d1b,3.443,7.2,13.889,72,10
askdocs_1uof38l,2d4243ec1d511701,7.83,16.5,12.121,66,4
askdocs_1uof3vs,735e1bed8ebd82b8,5.062,14.75,5.882,118,8
askdocs_1uof49x,db018e125e3eba0e,6.751,14.556,8.088,131,9
askdocs_1uof4d7,a5980c2d1215b525,7.072,18.667,11.207,112,6
askdocs_1uof5n9,1cd48f532882497c,5.842,11.25,12.222,90,8
askdocs_1uof66y,c69a94404ba2595e,8.835,18.375,12.5,147,8
askdocs_1uofbgl,61e84d5f93151439,27.889,71.0,5.333,71,1
askdocs_1uofbpq,7b4c4bfdc6235797,7.351,19.882,9.649,338,17
askdocs_1uofcwp,ab697e65ed7986e2,9.197,17.889,9.259,161,9
askdocs_1uofh8h,1639bfe34e7185fa,9.186,21.7,13.303,217,10
askdocs_1uofhp8,22995ee3121cdf5c,5.148,11.0,15.152,33,3
askdocs_1uofkqh,8d7a235edcc064e9,4.912,15.0,16.8,120,8
askdocs_1uoflko,f3c93dda828bf5b5,6.056,15.909,9.783,175,11
askdocs_1uofn97,3fb01efc14131a0a,6.968,14.0,10.784,98,7
askdocs_1uofprl,6850715f37e23b13,21.631,54.667,12.575,164,3
askdocs_1uofq3d,8de7383f39bef36a,7.428,14.667,10.112,88,6
askdocs_1uofqwm,62b24c64c0d66da4,7.959,21.0,8.661,126,6
askdocs_1uofqyd,73c43a89df184ddb,13.528,36.0,4.11,72,2
askdocs_1uofrhu,d3e9bea3a02b796b,9.812,20.0,5.645,120,6
askdocs_1uoftda,361a47ddd78afb6c,3.167,12.143,4.348,85,7
askdocs_1uofwmc,16e91d94818d7180,7.605,13.333,11.25,80,6
askdocs_1uofwpg,d9dc0c25292f6201,11.845,15.594,15.28,499,32
askdocs_1uofzlx,a6775475a6e91a95,9.135,17.067,9.363,256,15
askdocs_1uog62d,511311cb954095b9,9.812,20.0,5.645,120,6
askdocs_1uog8tg,6c1ed06adeb9c69c,6.038,13.8,3.623,138,10
askdocs_1uog8xe,939745df53f0c784,8.08,18.333,9.502,220,12
askdocs_1uogcja,1820f20418a4e3c0,3.735,11.167,9.859,67,6
askdocs_1uogdgt,bbf77dd6304c7d71,3.653,9.0,3.39,54,6
askdocs_1uogdvu,89d0f02e2987d57f,7.898,16.9,7.059,169,10
askdocs_1uoggjy,c6c0b33b96a585b9,7.312,16.667,11.0,100,6
askdocs_1uogicy,b0681d11c014cda8,25.337,68.5,7.246,137,2
askdocs_1uogkx0,891d9b88f9e323ce,5.983,12.312,9.268,197,16
askdocs_1uoglje,94933978279c7de0,2.428,8.0,13.58,80,10
askdocs_1uogmfx,bca0743d88eccb3c,7.056,17.023,9.73,732,43
askdocs_1uogp69,834efaa1b8cb23f2,6.2,14.0,14.035,112,8
askdocs_1uogsa8,9338dee4d29c1258,11.888,26.5,11.728,159,6
askdocs_1uogsr9,532312853c0aae84,2.795,10.833,4.286,65,6
askdocs_1uogu4h,789793c70e5c4287,7.5,13.353,11.255,227,17
askdocs_1uogw75,bfba65efb76900f1,7.672,22.25,4.211,89,4
askdocs_1uogzan,e08352a5c9167a1a,7.022,18.87,7.489,434,23
askdocs_1uoh3cp,cd88989567189485,6.325,16.727,7.568,184,11
askdocs_1uoh89x,0d487af60a05b032,5.279,14.882,8.614,253,17
askdocs_1uohcib,2a98e1bdf9a3a6cf,4.71,15.417,6.316,185,12
askdocs_1uohebz,235c9fc1c2036dc2,3.14,9.4,8.333,47,5
askdocs_1uohfkr,74a9ddbd7cae2467,9.121,18.412,9.174,313,17
askdocs_1uohfyd,3afd01a89f1499f5,5.178,13.538,7.104,176,13
askdocs_1uohiyb,18e0ced37060958a,4.526,11.125,11.957,178,16
askdocs_1uohji3,8911dcc68eab48cc,22.166,57.0,6.957,114,2
askdocs_1uohjud,b2a94c3e2c986729,9.444,15.25,13.036,549,36
askdocs_1uohkfr,895b5e1cd431178b,5.71,19.25,10.256,77,4
askdocs_1uohmx2,2a1a0073a07c2a67,7.9,13.571,10.995,190,14
askdocs_1uohr77,a7917d8e499e8a8b,14.042,37.0,9.649,111,3
askdocs_1uohs2d,2f26ac606fa97d89,10.581,21.0,10.811,105,5
askdocs_1uohst5,68f18f2539e4b449,4.312,12.429,4.396,87,7
askdocs_1uohtcj,6568d7cbc836371a,6.104,13.231,15.254,172,13
askdocs_1uohu3n,d24a281b3935f6dc,6.845,16.533,7.51,248,15
askdocs_1uohvb0,8ef4c2fb7f6f84e2,5.066,13.667,8.046,164,12
askdocs_1uohvb5,d38a31b957be30d9,4.479,15.25,6.349,61,4
askdocs_1uohxaw,53dadad11808bcf5,2.616,6.833,17.073,41,6
askdocs_1uoi0ax,ba3c960d12c56dc6,6.996,20.364,9.375,224,11
askdocs_1uoi0fj,96199b0bc7746aa7,6.383,16.0,6.122,48,3
askdocs_1uoi0my,bf34d19eb8af71d7,7.386,12.125,14.563,97,8
askdocs_1uoi165,2f4f8721950a3229,6.104,13.231,15.254,172,13
askdocs_1uoi1ce,f37a19ec6acd7e1d,4.969,16.5,8.955,66,4
askdocs_1uoi5pd,08dd4ba74a20a3bc,7.903,24.667,10.39,74,3
askdocs_1uoia19,a11e85ac6bf373e5,7.18,16.1,15.607,161,10
askdocs_1uoiaco,bbce8dff8064715a,11.241,29.222,12.167,263,9
askdocs_1uoie8s,63b0ebaafda497d8,8.203,19.037,12.984,514,27
askdocs_1uoigmb,e43aa0c992269dc5,5.916,14.333,9.77,344,24
askdocs_1uoihul,4a22e248b7c207c5,9.213,16.364,12.75,360,22
askdocs_1uoijzz,55993a4d1d01d40c,8.234,19.0,7.463,133,7
askdocs_1uoira2,1e7d25b74d5dd84d,5.949,16.929,13.36,237,14
askdocs_1uoitk5,8f78db6d4b7880ec,11.899,25.25,20.388,101,4
askdocs_1uoix58,6c18638f5b2114c1,7.086,16.25,8.824,65,4
askdocs_1uoizul,02f0b7548e5d4c3e,6.557,12.368,10.288,235,19
askdocs_1uoj2ns,f270dacc80a5bf9e,5.867,13.8,8.571,69,5
askdocs_1uoj3e5,777cbc02dd6df6a8,18.06,42.5,11.628,85,2
askdocs_1uoj5vg,636d6687d5d2ebe9,7.803,15.0,7.895,150,10
askdocs_1uojb7k,74dc59373d7a60d8,3.018,8.0,12.5,32,4
askdocs_1uojby2,385491537e8e8b06,15.023,34.0,13.699,68,2
askdocs_1uojc4g,a6b03e2e02799028,8.639,18.455,10.345,203,11
askdocs_1uojecm,8d03058c967a120c,6.4,12.375,12.121,99,8
askdocs_1uojeml,86b3de19375b9106,7.53,16.125,10.949,129,8
askdocs_1uoji63,a91fe53090c6abea,4.306,14.5,17.241,29,2
askdocs_1uojj1q,e8ffc0dcca3be371,10.118,20.429,5.556,143,7
askdocs_1uojlbe,207427f7e288834d,7.563,14.75,9.893,354,24
askdocs_1uojm1r,7e6857de29efd1df,5.15,16.8,9.89,84,5
askdocs_1uojnol,48a95f31e5e649ac,9.675,13.037,15.761,352,27
askdocs_1uojp8q,c2712900dde74d84,9.318,17.0,19.417,204,12
askdocs_1uojqdb,2a5c940d7aedcc8b,4.673,11.857,6.897,83,7
askdocs_1uojqu4,b7cb6f989a93822c,7.045,17.857,6.349,125,7
askdocs_1uojurz,35481a29e5b66bed,3.902,9.2,8.696,46,5
askdocs_1uok03x,3aac7c0bef85404a,6.941,17.333,8.491,104,6
askdocs_1uok46y,1f4423f98765de5f,6.658,14.818,13.545,326,22
askdocs_1uok4e5,95e133c12a81ff77,5.468,12.636,16.901,139,11
askdocs_1uok54d,4e2ebc2ee25bc9a9,12.576,22.615,12.416,294,13
askdocs_1uok5o7,7c5172d7ffe76b2b,5.941,12.286,4.651,86,7
askdocs_1uok90a,72b5a1c3bbc8f737,6.814,16.329,7.889,1290,79
askdocs_1uokcbp,f0a0ee47bfdcacdf,9.139,21.333,8.955,64,3
askdocs_1uokf2g,d3e2bd1ccdbdd415,5.697,13.143,10.87,92,7
askdocs_1uokg7i,ec7aeb1037145570,7.751,15.444,7.857,278,18
askdocs_1uokhbp,2ba207df424c6c1d,3.689,11.867,8.84,178,15
askdocs_1uokhmm,85b62372e60d44f2,7.479,13.889,14.961,125,9
askdocs_1uokldf,008c8a248c41b9a3,8.123,18.857,11.029,132,7
askdocs_1uokoh5,423677f546a4e5c3,9.985,24.286,11.047,170,7
askdocs_1uokqhq,e9e52682cdba110c,4.854,9.75,12.195,39,4
askdocs_1uokwvu,984b9a099a17126e,4.98,11.471,8.122,195,17
askdocs_1uokyn5,176bbff0ad77ec8f,6.206,11.9,8.13,119,10
askdocs_1uokyo0,092afa8fd4625dcc,7.73,12.25,20.408,98,8
askdocs_1uol1ja,50ef5d68616f005c,7.699,18.5,8.108,185,10
askdocs_1uol1yq,574ca5601d1db6d8,5.19,20.0,10.0,20,1
askdocs_1uol2zs,871c02391ce5220d,6.316,14.857,9.821,104,7
askdocs_1uol6kx,e1df9a96218bca3c,3.613,11.647,6.28,198,17
askdocs_1uol6p4,9be6e3b79f09d41b,7.605,15.889,11.111,143,9
askdocs_1uol7lw,04d101fb1637de14,8.418,19.9,7.882,199,10
askdocs_1uol821,b131d81becf2aa7a,6.864,14.944,4.059,269,18
askdocs_1uolapy,37918c7a593b3269,3.29,8.571,12.5,60,7
askdocs_1uolb6r,4b7428e80db7598d,6.879,16.667,12.5,150,9
askdocs_1uolc19,9ff624f5f99d44be,6.812,16.875,4.38,135,8
askdocs_1uold8n,3f60d7f4611cb8cd,5.967,11.769,12.121,153,13
askdocs_1uolhby,1df3123dca85c005,6.794,16.333,7.921,98,6
askdocs_1uolmw0,9d75b075cfedfaba,9.051,17.583,5.53,211,12
askdocs_1uolnab,c233f2af751fecd6,6.935,17.19,5.108,361,21
askdocs_1uolnlh,7ce435f4ca296e15,6.383,14.286,6.0,100,7
askdocs_1uolrou,f32f39134267b077,7.369,7.0,28.571,21,3
askdocs_1uoltmj,5d7e2b6bdd39b798,7.719,18.571,9.023,130,7
askdocs_1uolv8w,ae93937a89e6c951,5.586,13.833,16.471,83,6
askdocs_1uolven,37d8b45c050a7545,6.847,14.267,10.599,214,15
askdocs_1uolvga,483866ee4485a8be,10.576,19.857,11.189,139,7
askdocs_1uom2qz,d608b691bac8fed0,8.911,18.0,10.909,108,6
askdocs_1uom454,18e8b95c348f21b9,7.719,18.571,8.397,130,7
askdocs_1uom5pa,8c18313a50f51093,10.571,23.455,11.111,258,11
askdocs_1uom9eb,74d199dfc750c188,7.755,17.5,17.143,35,2
askdocs_1uom9pz,0c25f0d986a2675a,7.367,14.917,18.085,179,12
askdocs_1uom9rl,a75313a7bd5c3c39,12.167,30.5,3.125,61,2
askdocs_1uomc9z,24c7876aa39225a5,6.013,17.0,8.13,119,7
askdocs_1uomcrt,1167a6bfe4d7aa8d,9.862,14.63,10.287,395,27
askdocs_1uomcxm,6c5e6d88fbe5f3e8,5.743,11.714,6.977,164,14
askdocs_1uomeqr,170e257f6094c33b,8.571,16.867,5.535,253,15
askdocs_1uomibd,7caf462f2b1007e2,7.304,15.0,5.263,90,6
askdocs_1uomm24,32e76e38e427cea2,9.7,24.0,18.333,120,5
askdocs_1uomm6l,a59286705606a15c,16.734,37.852,11.517,1022,27
askdocs_1uomo3u,6f97f295743a1f8a,4.255,11.0,13.187,88,8
askdocs_1uomr7w,d0ca2a16e3e5bd9a,7.124,14.889,5.147,134,9
askdocs_1uoms8o,ad99d151a35a607f,7.924,16.933,10.448,254,15
askdocs_1uomtdq,9e41780251126876,9.521,21.417,7.925,257,12
askdocs_1uomtmy,4afcf9e36e2a007e,5.894,15.4,8.475,231,15
askdocs_1uomu7x,568b700b430bb88f,2.49,13.0,12.821,39,3
askdocs_1uomv72,02e7b3131e1f691c,6.306,17.667,13.309,265,15
askdocs_1uomy1o,b879edbc9fca99e7,8.628,24.4,7.317,122,5
askdocs_1uomyka,0904970a99a7b826,6.998,17.364,10.309,191,11
askdocs_1uomzs0,6d816c8c5781fd06,5.666,10.8,7.018,54,5
askdocs_1uon2q2,c6a3669d9c5b0db3,5.716,14.0,9.22,140,10
askdocs_1uon3kn,b09808ba4326d1b0,4.782,18.25,6.667,73,4
askdocs_1uon5n7,b1cb5447927ca799,3.817,9.0,9.091,72,8
askdocs_1uonb11,3dafe80ab28ceef0,13.365,31.5,15.267,126,4
askdocs_1uond5d,95a58fc4d42884fc,11.432,25.25,11.429,101,4
askdocs_1uone5e,72ce431c03ee2f9e,7.063,17.385,9.205,226,13
askdocs_1uonekn,d2825af33b076a75,10.327,19.0,14.0,95,5
askdocs_1uonipb,a9a5d78fbd37825d,8.061,18.1,10.326,362,20
askdocs_1uonizb,57ee4a340d63c45e,1.752,7.333,16.667,22,3
askdocs_1uonj6w,adceaf3f4b8c7e6c,8.502,20.05,8.642,401,20
askdocs_1uonoep,7ff155524a77d9a9,3.777,14.0,5.357,56,4
askdocs_1uonopt,7c8cd9715515ba60,9.059,17.857,9.499,375,21
askdocs_1uonpu1,163c04445f1517de,27.621,74.0,6.667,74,1
askdocs_1uons1f,be724b758e287e9f,8.656,22.5,6.593,90,4
askdocs_1uontx3,0a61da453936d132,8.711,21.5,11.494,86,4
askdocs_1uonwrz,a06be56a78e66dbb,8.295,18.333,7.273,55,3
askdocs_1uonwuo,789ef88321be4b06,1.48,6.25,7.692,25,4
askdocs_1uonyie,f8a0971412070098,5.563,11.75,10.638,47,4
askdocs_1uoo2cq,a2e956f5b6cc4a10,9.752,15.273,14.124,168,11
askdocs_1uoo3b4,9d2e2e3083372b9c,2.772,8.0,4.0,24,3
askdocs_1uoo85m,0ed294a80e469fd5,6.879,15.417,14.286,185,12
askdocs_1uoofq4,91c289afb48b5f49,5.229,14.0,14.176,252,18
askdocs_1uoofyx,a8dcad5eb18d8f5a,4.528,12.333,8.108,37,3
askdocs_1uoojqt,00dc0f5fcab834c3,19.257,48.0,12.346,240,5
askdocs_1uook68,0b19980249cef2cb,6.787,16.615,10.455,216,13
askdocs_1uoompx,61f90293ea8bb271,4.312,6.25,4.0,25,4
askdocs_1uoop8c,91f7327cb7da3917,6.961,16.885,10.064,439,26
askdocs_1uooqcj,f86888de788bd3b2,6.221,16.5,7.576,66,4
askdocs_1uoorle,1f0d73e6d0a655d9,8.535,17.95,8.264,359,20
askdocs_1uooshk,d87eed27fdd4c616,6.796,13.0,13.068,169,13
askdocs_1uootbw,c56c1676bc5554b5,10.583,26.043,7.46,599,23
askdocs_1uoox6e,aefdf4f29ec30ba3,7.391,13.929,8.64,585,42
askdocs_1uooz8m,b5e7b8a860e6b1a6,2.961,9.455,8.772,104,11
askdocs_1uop20j,390ab0e3b4bc68d6,12.191,24.125,12.403,386,16
askdocs_1uop35j,1200eacab81debc8,3.812,11.8,10.0,59,5
askdocs_1uop4j8,28e52ba0f2aa49b1,5.063,14.143,16.0,99,7
askdocs_1uop7b5,248297c7698e71cb,5.804,12.263,12.288,233,19
askdocs_1uop7um,ac8157ea714a3f31,8.353,19.5,12.69,195,10
askdocs_1uopfqw,93e377d4f65ccb3a,7.424,13.4,10.791,134,10
askdocs_1uophh1,8691270e07a1c4b2,11.98,31.0,12.632,93,3
askdocs_1uopj3h,d41378fc795a31c4,8.791,19.273,4.505,212,11
askdocs_1uopq8j,683284a7b608ab34,4.588,13.125,9.346,105,8
askdocs_1uopq9j,f8d0e17aa4d07298,8.97,15.2,12.883,152,10
askdocs_1uopqbf,f291bdd6daf94c32,6.579,11.0,26.471,33,3
askdocs_1uoprqp,95fc4849763eae33,8.746,17.533,8.889,263,15
askdocs_1uoprr4,4c93ea271938105b,7.026,15.581,7.101,483,31
askdocs_1uopsly,26c749a0c55321d4,8.413,14.0,11.905,84,6
askdocs_1uopspq,6b1fb3849ed0e861,10.047,14.778,17.037,133,9
askdocs_1uopubc,1d5d17d848e8bbd3,7.169,15.161,9.839,470,31
askdocs_1uopvn5,3b9279b8a58ffe0d,16.4,20.0,66.667,20,1
askdocs_1uopyew,55e59a1bb254b299,3.159,13.25,12.963,53,4
askdocs_1uoq2r4,befe526d1092422c,6.675,12.2,10.0,122,10
askdocs_1uoq3lz,4a1f2c8824797955,8.931,15.2,12.539,304,20
askdocs_1uoqah4,ac818e9a335a882a,3.406,11.333,9.722,68,6
askdocs_1uoqaod,db90adc9a22911fa,8.972,19.1,9.896,191,10
askdocs_1uoqd9k,34266036f9d1625a,4.551,9.75,12.658,78,8
askdocs_1uoqefh,33c8d9b794f99840,6.95,17.1,9.73,171,10
askdocs_1uoqi76,e9c5206e7d0883fd,7.113,19.0,8.025,152,8
askdocs_1uoqt8q,ae30d1f774673024,6.252,15.5,6.25,62,4
askdocs_1uor972,bbf6904b8738ef93,8.547,18.667,15.789,56,3
askdocs_1uora0v,7d13efd53dc3ec70,5.184,11.5,17.204,92,8
askdocs_1uoraop,9a9fda81e9977b09,4.789,14.0,7.143,140,10
askdocs_1uorb4b,3106f824b3ac9fff,14.536,22.333,10.557,335,15
askdocs_1uorcy6,6d5b717ec0dd2066,3.323,7.0,2.564,35,5
askdocs_1uordgk,84508f95555f21de,6.612,11.8,9.836,59,5
askdocs_1uorfnl,410435b71158834e,5.617,10.0,12.903,30,3
askdocs_1uorjf3,93d3eb5ee0d9eb3e,4.978,10.708,11.524,257,24
askdocs_1uormzx,2827fa6f97acfcc2,2.092,6.714,12.766,47,7
askdocs_1uorohb,2c24bdf995f64939,6.003,8.5,18.447,102,12
askdocs_1uorp61,be8e3391158213f4,4.049,9.667,13.333,29,3
askdocs_1uorpj2,f9c12d86e7390882,11.225,33.0,6.061,33,1
askdocs_1uorqi3,ad7e2dfcdbd6196f,9.023,13.667,10.345,82,6
askdocs_1uorsw5,79d17d129c1b89e2,9.142,20.312,9.337,325,16
askdocs_1uortbp,e64189e5f82a3615,5.813,10.0,3.968,120,12
askdocs_1uorvee,44675bf4dab1204d,7.499,20.8,4.63,104,5
askdocs_1uorzf9,65783285cf82c739,1.902,6.75,10.714,27,4
askdocs_1uos496,73161caba0bab300,10.399,15.333,13.598,322,21
askdocs_1uos65p,d031454d94ebd371,12.131,34.0,8.654,102,3
askdocs_1uos7ue,46f208eebb6edb16,7.161,15.9,7.5,159,10
askdocs_1uos8rw,31fef57e5d02bbdc,9.095,15.75,4.688,63,4
askdocs_1uosa2b,930b6ff0c99ba3f1,8.293,19.1,6.931,191,10
askdocs_1uosagl,85df035827e0c4e1,6.273,12.75,11.765,102,8
askdocs_1uosbmf,563753036bfc31bd,5.951,16.333,11.765,49,3
askdocs_1uoseck,f13256a7709bbc47,5.098,13.8,14.384,138,10
askdocs_1uosgdy,b3e8a5e245e6e5bd,10.748,24.286,9.302,170,7
askdocs_1uosicv,c6b2035d2eb09def,9.431,14.406,18.465,461,32
askdocs_1uosk6n,2a5c2a448cafbf57,8.376,13.8,10.849,207,15
askdocs_1uoskhu,aee625b039292b93,9.029,21.182,7.296,233,11
askdocs_1uosnqk,87038c52411eeb4c,5.17,14.3,12.587,143,10
askdocs_1uosnyu,74d65167d7890f80,6.278,16.455,9.239,181,11
askdocs_1uoso9a,f4a6206f0c8ad3ee,8.396,18.143,10.938,127,7
askdocs_1uosofy,d2464c87e074149b,7.079,13.2,9.722,66,5
askdocs_1uosq81,d7adced84f4977b6,42.583,111.0,7.658,222,2
askdocs_1uosqxh,e02d5cb7b1cdee7f,4.429,10.833,7.692,65,6
askdocs_1uost09,e1216c89cabd646e,8.718,20.321,11.498,569,28
askdocs_1uosvni,7982d07bbf9c54ca,6.272,13.0,3.846,26,2
askdocs_1uosyna,8b479b707c5bee09,6.875,15.111,10.49,136,9
askdocs_1uot1e0,79c89c07e6a8ef89,17.428,39.0,12.367,273,7
askdocs_1uoteym,2af0e903b914d016,6.54,8.333,15.385,25,3
askdocs_1uotidz,d81740a002c15f3c,8.617,17.75,13.514,71,4
askdocs_1uotjvj,77cb27a67fb6907c,4.603,12.077,8.861,157,13
askdocs_1uotnih,ce6ad71a477ee2cf,10.101,15.0,15.942,135,9
askdocs_1uotolf,17c6975691816dec,4.621,11.333,12.162,68,6
askdocs_1uotpqg,7b205186627e6f8a,7.672,16.074,7.947,434,27
askdocs_1uotuog,a86fc8405c78b235,12.054,31.5,14.286,63,2
askdocs_1uotxwx,145f81291926a8fa,5.26,13.0,4.142,169,13
askdocs_1uoty96,9f9a2274b4c80742,8.868,22.667,16.176,68,3
askdocs_1uou02g,9f0ad750513271c8,17.443,37.5,25.333,75,2
askdocs_1uou1oi,e5eb5ee1331e5eab,6.188,14.867,12.876,223,15
askdocs_1uou2zg,0fb6db9eea0aa321,10.237,22.75,8.197,364,16
askdocs_1uou4mv,9ca9de0a07203fe3,4.035,11.143,10.843,78,7
askdocs_1uou618,33320cbabaf0a8ec,6.467,15.7,8.696,157,10
askdocs_1uou7dx,32115cdc393a740e,5.602,13.571,16.0,95,7
askdocs_1uou8ph,d6e938222a79c411,5.251,17.857,8.8,125,7
askdocs_1uoub4r,807bd004e90dc29c,8.102,18.714,10.409,262,14
askdocs_1uouel6,3701fc486cf57b25,9.498,24.5,11.224,98,4
askdocs_1uouh2u,d8e6ab44bbe08592,12.656,33.0,17.647,33,1
askdocs_1uoui1o,d612f05d8ce7bc72,9.618,21.0,13.816,147,7
askdocs_1uouj43,10b810a55b2fdba6,6.179,15.929,8.0,223,14
askdocs_1uoukvh,11818c28f89a6e42,20.912,48.0,10.345,144,3
askdocs_1uoulmz,45acf7bb8de9298c,7.936,15.538,6.944,202,13
askdocs_1uoumr5,cbaeb9bb2e562fe5,5.485,10.4,7.547,52,5
askdocs_1uounvh,b103ab4663730aae,11.692,27.667,11.176,166,6
askdocs_1uouov1,57cc49cd68b9deb7,5.723,15.429,12.963,108,7
askdocs_1uousae,e2c36cfa99a91c92,7.163,13.333,9.756,160,12
askdocs_1uoutv9,350df13d015fa6b3,6.246,12.308,10.909,160,13
askdocs_1uouulg,f569142c07c33f69,10.239,22.895,9.821,435,19
askdocs_1uouv8b,4f23e72920ae1218,9.643,23.5,16.667,47,2
askdocs_1uouy51,cf2716352859e82e,12.729,31.778,15.972,286,9
askdocs_1uov1y6,fefc4520d8d22c6f,6.793,17.95,9.091,359,20
askdocs_1uov2l8,a80aa844ce31f4f5,8.934,20.9,15.837,209,10
askdocs_1uov4nd,e6ee95f07115e5a9,7.6,15.8,14.198,158,10
askdocs_1uov5nt,e9ae8f0b61cb1b11,7.051,19.071,7.063,267,14
askdocs_1uov8i7,dd9a4647fe25d21e,5.278,11.667,11.364,175,15
askdocs_1uov945,c75def1920bd7b8c,10.1,24.5,7.843,49,2
askdocs_1uovax1,71f11800bf21fbf5,13.849,10.75,21.154,43,4
askdocs_1uovb7b,7d5770806e0f9643,6.513,14.464,11.98,405,28
askdocs_1uovbh0,c254a54ea00a2370,14.724,19.4,17.347,97,5
askdocs_1uovbiv,3f7907bac1fd9e0f,4.64,9.222,9.639,83,9
askdocs_1uovd8g,cf7b1959291ebd79,7.476,14.889,17.986,134,9
askdocs_1uove4t,8c71be6d4c03b978,3.642,9.667,6.667,29,3
askdocs_1uovlhy,e7793c698ab08da3,4.385,10.875,12.222,174,16
askdocs_1uovqvs,94414ee8a7fff441,7.279,20.286,8.772,284,14
askdocs_1uovt68,37685d0e815141d4,9.686,21.158,11.792,402,19
askdocs_1uovwjf,fae62e56bcb6fbc4,10.546,24.625,10.05,197,8
askdocs_1uovytz,688fad423a3f0e65,7.43,16.667,4.902,100,6
askdocs_1uow1wb,5d536ee1b3c101fe,7.892,19.167,6.723,115,6
askdocs_1uow3rj,d3a59e892dc9b9e1,7.877,19.2,6.25,96,5
askdocs_1uow7gl,49dc5bfaa3dd46d7,6.601,17.333,11.111,52,3
askdocs_1uow8ij,b2f56840dfac68c4,4.696,9.333,12.5,56,6
askdocs_1uowf95,35a07ed803a6e6ae,6.442,15.111,9.353,136,9
askdocs_1uowis9,ad0d78b3aa2f147c,9.715,19.296,19.165,521,27
askdocs_1uowm1k,4d06bae023aa9ce0,13.083,28.778,6.25,259,9
askdocs_1uowm6e,9caad2d98e33c6ed,42.477,111.0,9.009,111,1
askdocs_1uowngv,75da2aeb8789c075,8.771,23.0,11.429,69,3
askdocs_1uownjy,21bbea4621892dbf,6.078,11.0,6.897,55,5
askdocs_1uownu1,a38592755228590e,6.818,15.444,9.22,139,9
askdocs_1uowruq,0c8dbd982eeef6a0,11.578,21.571,12.527,453,21
askdocs_1uowt3k,42d595235d0d01d9,14.632,38.0,10.0,190,5
askdocs_1uowt78,58ffe839bac3ad47,5.27,9.667,10.345,29,3
askdocs_1uox0iu,35789414045508ac,5.634,15.214,15.138,213,14
askdocs_1uox0no,f86fce8a44f1014e,6.977,17.875,5.844,143,8
askdocs_1uox7ph,ff6736c8337fcc6c,6.043,16.167,7.216,97,6
askdocs_1uox9d8,4ab07d0a2d838a64,3.553,11.556,6.604,104,9
askdocs_1uoxd77,8e8037406c0d8f7a,7.266,15.111,4.745,272,18
askdocs_1uoxdvk,418694204e050ec9,5.974,13.571,9.091,95,7
askdocs_1uoxg32,6c3fc85a17cc9e37,15.674,26.909,15.232,296,11
askdocs_1uoxgot,c117fbfbf2f504b4,3.776,13.0,1.852,52,4
askdocs_1uoxik4,65692286db476761,4.232,12.5,9.333,75,6
askdocs_1uoxnaq,e76d6f0e58f437db,8.472,21.667,10.526,130,6
askdocs_1uoxo2d,d5e0c32b73e20e21,7.788,7.5,15.668,195,26
askdocs_1uoxpad,eb27f611a40c3c68,7.055,17.333,9.494,156,9
askdocs_1uoxryz,85f443cd8f21bfe9,7.563,14.771,9.634,517,35
askdocs_1uoxu11,1b29026cc8b8f54d,4.789,14.167,5.814,85,6
askdocs_1uoxw59,4ad8a9ec90d5f220,10.44,18.167,11.712,109,6
askdocs_1uoxwdi,10579654fdb35dd1,4.272,13.25,9.434,53,4
askdocs_1uoy0t7,f4fc9a50571acf79,4.5,10.733,13.665,161,15
askdocs_1uoy139,a75585b60dbebb7c,5.123,14.143,6.796,198,14
askdocs_1uoy30t,8b6db4ad3d92c741,9.349,18.0,8.559,216,12
askdocs_1uoy4nm,8c2663b66660b468,5.952,9.533,6.081,143,15
askdocs_1uoy5nq,93d3168beb1b9af1,8.283,21.143,7.237,148,7
askdocs_1uoy95e,4fecb0137cd61200,9.777,22.636,5.179,249,11
askdocs_1uoy9v3,27d4a8ade97329d8,6.17,13.636,6.579,150,11
askdocs_1uoyax2,a85dadf7cee8b5d8,8.976,22.609,7.061,520,23
askdocs_1uoybpa,c545359c4d0cb929,6.771,14.875,5.6,119,8
askdocs_1uoyc96,9c652bb219ffee0a,16.588,44.0,13.636,44,1
askdocs_1uoydei,4eedb8e3762e4daf,7.54,15.833,8.629,190,12
askdocs_1uoyf5m,a8edf129942685a2,13.306,33.75,9.559,135,4
askdocs_1uoygdz,fa20e07950c3b9b4,8.714,17.636,11.899,388,22
askdocs_1uoyo65,8ab6a1185362d1e7,6.498,18.786,13.091,263,14
askdocs_1uoyoz9,108346439262f933,7.405,20.4,11.65,102,5
askdocs_1uoyq45,5040a13605ae334d,5.347,12.75,5.172,51,4
askdocs_1uoyrjb,ee98ae76b7a2b83b,6.722,16.667,7.843,50,3
askdocs_1uoyude,98fef28fcbdb83eb,4.043,10.0,1.493,60,6
askdocs_1uoyuk2,e439df47a35bc76e,1.02,6.625,9.434,53,8
askdocs_1uoyz8m,ba07cf44f567b1d8,8.976,21.857,8.442,153,7
askdocs_1uoz6zj,88e0c1c6b8f58df5,6.359,12.417,7.006,149,12
askdocs_1uoza8x,4359b0d4812f858a,9.287,16.429,16.522,115,7
askdocs_1uozas3,8effc249c0f0df8a,5.784,9.0,17.568,72,8
askdocs_1uozb41,e9629d1b5c03f573,9.657,12.25,5.714,98,8
askdocs_1uozb4i,c719f93a3520aa4b,5.317,15.409,4.985,339,22
askdocs_1uozgmm,295e5301a6fb3bd5,9.827,21.455,7.143,236,11
askdocs_1uozipw,0899e307e8692a57,11.547,27.222,9.717,245,9
askdocs_1uozmht,37c11966e2198da7,6.218,19.2,6.736,192,10
askdocs_1uozn7o,e8162a5d7b5821a8,1.912,13.5,7.143,27,2
askdocs_1uoznup,25e967000b9cd2d6,9.476,19.0,14.925,133,7
askdocs_1uozodq,ea8ea343381a6e58,8.675,13.462,9.04,175,13
askdocs_1uozq35,4eb5b62f2ac4adcc,7.1,14.2,13.85,355,25
askdocs_1uozuyl,d395713e9c4bf8ce,7.223,14.176,14.458,241,17
askdocs_1uozv39,0934dcc59ae28b26,11.62,27.0,6.061,162,6
askdocs_1uozv9i,cf4534e7dbf17670,46.43,118.0,5.882,118,1
askdocs_1uozx0r,6a50c862146d7c2e,6.053,14.0,12.676,70,5
askdocs_1up00ae,259fac81861d0ca3,12.006,18.375,12.211,294,16
askdocs_1up018i,7b2d3274cba64375,4.588,12.125,13.861,97,8
askdocs_1up01d0,b1efff536183eb4b,4.552,13.364,3.226,147,11
askdocs_1up01vo,5849d7e1f683cc9b,8.177,16.533,8.434,248,15
askdocs_1up05ti,72b079ff40c9cebf,5.653,15.333,16.842,92,6
askdocs_1up06nj,09261b8fae9bccc2,10.458,23.067,10.602,346,15
askdocs_1up088q,c339a5abd6fa6d14,9.102,18.5,13.568,185,10
askdocs_1up09ux,78d9376ac0a08dd6,10.083,12.7,17.969,127,10
askdocs_1up0co9,5e3bf0263eca270d,64.775,164.0,4.624,164,1
askdocs_1up0e2t,23f93af08b1982f2,7.379,17.214,11.245,241,14
askdocs_1up0izf,7b3d506579da368e,6.399,13.364,15.584,147,11
askdocs_1up0j82,7567ab311a076eb7,8.29,16.75,17.518,134,8
askdocs_1up0jpl,43aa936012b79b1f,4.892,11.609,7.143,267,23
askdocs_1up0mma,93a7446e82d7a7e3,7.312,15.167,11.0,91,6
askdocs_1up0pph,f5e4020deb5b1994,4.373,14.167,3.448,85,6
askdocs_1up0so6,49b57aff2e458bec,6.266,14.368,12.143,273,19
askdocs_1up0ta3,a930b9abc807e572,7.15,13.8,11.034,138,10
askdocs_1up0tqq,b28847c070524a6b,5.041,14.0,7.143,42,3
askdocs_1up0u27,06385285f44d81d7,7.773,12.0,6.349,60,5
askdocs_1up0upf,bc493fb4fd5b9757,4.496,12.0,8.696,108,9
askdocs_1up0ygz,d6b712c202ed073b,6.147,17.333,7.692,52,3
askdocs_1up0yov,523f61866913a00d,3.003,8.25,9.091,33,4
askdocs_1up1175,76930780a490af4d,6.277,12.5,12.0,25,2
askdocs_1up11c6,c8bbe79189a8ee11,8.151,22.917,7.958,275,12
askdocs_1up1588,f23ada69ec5c39d7,10.389,21.3,7.623,213,10
askdocs_1up158v,9bd8972759ce0528,6.81,16.385,10.811,213,13
askdocs_1up15jd,f4b95e7bafdc9324,9.168,21.6,9.217,216,10
askdocs_1up15ui,592ca82d62105ccd,7.074,16.875,6.569,135,8
askdocs_1up17h9,df2e1ff164ab23ba,3.941,10.778,10.309,97,9
askdocs_1up18i0,e2b74443c64708fc,10.205,25.783,6.086,593,23
askdocs_1up1g03,e8300ac617bad203,10.016,28.5,11.864,57,2
askdocs_1up1hku,d726cb5cf2034153,6.848,17.148,5.184,463,27
askdocs_1up1imd,9c740e40bbad6e4a,8.868,13.367,12.47,401,30
askdocs_1up1kqi,e1d6bad094f27475,6.184,10.625,12.791,85,8
askdocs_1up1mm6,a65671fec0c78dc7,8.534,16.0,4.902,192,12
askdocs_1up1rkv,c9d61779d197a3f8,12.104,27.6,11.409,138,5
askdocs_1up1xrc,d78549d8087f6b5f,9.741,17.111,12.025,308,18
askdocs_1up1ygp,090f98ec73bf43d6,5.99,13.182,4.828,145,11
askdocs_1up1yw0,50ac877fbbaa284a,9.614,21.222,5.025,191,9
askdocs_1up20nk,bf2276c383f5104a,6.232,14.778,8.271,133,9
askdocs_1up2b4a,b993cf87290df04e,11.838,23.889,7.018,215,9
askdocs_1up2cdo,3fb59495f54cf21e,1.734,8.4,9.302,42,5
askdocs_1up2kc9,962dcdb40cdd5ce0,7.913,14.75,11.57,236,16
askdocs_1up2lcr,e09fa1bbd478af4b,4.596,10.395,8.838,395,38
askdocs_1up2szu,531a2ece7d8e6e66,9.232,21.0,7.619,105,5
askdocs_1up2xta,6f3ec1dcd79c7c80,5.571,11.158,11.927,212,19
askdocs_1up2z4a,a1009b6d2b3d06fc,13.64,23.857,17.045,167,7
askdocs_1up32vv,d0cc7a7de1f8e8da,8.672,18.833,10.044,226,12
askdocs_1up345n,b8b64b25df8fc2b5,6.37,20.0,0.0,20,1
askdocs_1up34wi,8a9c1f4a7f6e9fe4,10.787,21.793,14.319,1264,58
askdocs_1up39hh,e8f841f2ba1b6605,9.618,24.5,12.245,49,2
askdocs_1up3ajr,8b0fd9eec3591a75,12.609,28.0,16.667,28,1
askdocs_1up3b4h,8d4257dcc61a7007,5.82,11.6,22.034,58,5
askdocs_1up3dfb,3767a70f16153967,9.163,21.111,11.979,190,9
askdocs_1up3djm,89b79cfcf8bc820f,3.966,11.0,3.497,143,13
askdocs_1up3fhd,8357e825be9bac9f,10.094,30.667,7.447,92,3
askdocs_1up3hvz,11dc334bfa53f93e,13.387,25.333,9.877,76,3
askdocs_1up3qbq,578ae5252fa03ef7,10.024,21.294,7.317,362,17
askdocs_1up3qs4,d2351414796885be,6.768,15.778,7.692,284,18
askdocs_1up3rg6,f06386130cf7e1ec,6.944,11.263,10.55,214,19
askdocs_1up3rxq,248de144feee6215,5.698,9.857,14.493,69,7
askdocs_1up3s0o,45d0ed4ef2edcd31,6.96,20.0,10.891,100,5
askdocs_1up3vvy,2bd217e9f0e2ef37,3.398,13.0,7.5,39,3
askdocs_1up3zb5,625dd16400795a5c,8.396,18.364,10.096,202,11
askdocs_1up3zxf,cab3022849a5a442,18.868,44.0,9.574,88,2
askdocs_1up425a,297ba4fb96a686cc,7.872,13.667,18.072,82,6
askdocs_1up43n6,b542316a23d1f783,6.368,17.0,12.019,204,12
askdocs_1up446h,6fa156ce6a27e927,6.272,13.0,11.111,26,2
askdocs_1up44u7,a0e23593cde1e26b,5.584,15.667,12.245,47,3
askdocs_1up47cu,3b620a45af3259b8,6.848,13.238,12.329,278,21
askdocs_1up49oy,573d0864334fe38c,7.85,16.75,6.969,268,16
askdocs_1up4bnr,a75f002519c68668,11.464,17.5,23.288,70,4
askdocs_1up4c8n,eddbe305c0ed1a6d,7.95,19.5,12.605,117,6
askdocs_1up4ftb,88dfd306c27745c9,12.835,33.0,8.543,198,6
askdocs_1up4g1l,2466df2a18e41824,5.425,14.25,7.222,171,12
askdocs_1up4g4e,68962bf5428216c1,9.136,21.364,4.374,470,22
askdocs_1up4gbi,aeb8e24534c3a053,8.513,23.143,10.366,162,7
askdocs_1up4id2,bf4127adeaf28d0a,9.153,10.286,16.897,288,28
askdocs_1up4jl7,9de5fe027ba2a23c,13.186,28.4,13.986,142,5
askdocs_1up4k6h,3dab21b527e8a006,9.857,10.5,23.81,21,2
askdocs_1up4leh,d7e780d6ea4101a6,7.865,19.429,4.348,136,7
askdocs_1up4mkf,af1ff767e28d843e,9.08,19.364,9.009,213,11
askdocs_1up4pzo,1bc69e6f1880042a,8.674,18.375,13.072,147,8
askdocs_1up4ttc,5d146f7a81e5c82e,5.825,14.25,10.204,285,20
askdocs_1up4wmg,1767995644f7f13f,12.607,20.6,13.782,309,15
askdocs_1up4xv2,d1ec4da75b827ad7,7.553,19.0,10.256,114,6
askdocs_1up4ysk,fa775f3d4bcaca71,10.249,15.5,12.108,217,14
askdocs_1up5154,71eff27faca5f1da,3.095,13.0,11.538,26,2
askdocs_1up533h,25fd7b6b39f79b54,5.864,11.0,7.018,55,5
askdocs_1up563f,796bcc526f33b125,6.989,16.35,9.97,327,20
askdocs_1up58zm,4aae78ed7bde6f94,5.4,13.0,13.529,169,13
askdocs_1up5bjd,53389f87b55a7b2b,7.96,15.0,17.582,90,6
askdocs_1up5bly,45a3cb6fefc38dfa,7.766,11.182,17.6,123,11
askdocs_1up5bmd,cb48a8dcc526a295,6.668,16.0,7.757,1312,82
askdocs_1up5en1,b7a43577bbc8e265,6.42,11.429,18.519,80,7
askdocs_1up5hpb,73eadb20039fa763,8.931,12.304,15.182,283,23
askdocs_1up5kep,96435f1b22dea7b4,7.34,12.889,16.807,116,9
askdocs_1up5mmp,f545ab3a4e6b9295,5.916,16.0,11.801,160,10
askdocs_1up5omx,3b6db62316eb93f5,19.922,46.0,10.638,92,2
askdocs_1up5oq3,79f24ec6ae299e99,1.608,9.667,0.0,29,3
askdocs_1up5py9,2a20dcafbc3d369f,12.169,28.273,9.615,311,11
askdocs_1up5qvl,53281441bb7cc0a1,11.643,20.357,14.189,285,14
askdocs_1up5ytf,218360026992eb68,9.408,23.571,5.143,165,7
askdocs_1up5zz2,8336e573612b8232,9.029,18.75,13.793,225,12
askdocs_1up601c,744879562a585a24,11.756,20.25,14.97,162,8
askdocs_1up62ei,589f8e06e33bb588,6.913,17.3,6.936,173,10
askdocs_1up62gx,43e8ae109abe7b25,3.986,12.562,7.729,201,16
askdocs_1up6411,3951c4b0d7f671da,7.999,18.125,12.245,145,8
askdocs_1up650g,f4b6a4d7c27ecdec,27.781,74.0,8.0,74,1
askdocs_1up65rs,d5e544b180f4ec54,8.104,16.0,7.843,48,3
askdocs_1up676v,d162c34e1204deca,9.449,21.25,7.605,255,12
askdocs_1up678n,aabc87bf2fcfa479,8.671,17.455,6.5,192,11
askdocs_1up6cns,e5b6a0ed7b008246,4.68,14.0,8.654,98,7
askdocs_1up6hzn,19a524f809535716,0.068,8.0,9.375,64,8
askdocs_1up6med,d95a049b73453cb7,4.733,12.571,17.045,88,7
askdocs_1up6n7x,245d13cadce07611,6.079,18.4,7.447,92,5
askdocs_1up6v9v,f901fbee260e95f2,7.78,19.667,8.197,118,6
askdocs_1up6wkd,ca134dfbb64b045f,11.019,24.0,12.329,288,12
askdocs_1up6yo1,10b7662e6fed06bb,1.686,7.375,1.695,59,8
askdocs_1up6z7r,24a7eb390314f433,10.7,20.75,15.116,83,4
askdocs_1up6zjb,1eedf2f085826e0e,8.761,21.75,6.273,261,12
askdocs_1up70mk,337342ae8ac51330,9.307,24.0,7.937,120,5
askdocs_1up74xb,21b71b377bc5db14,5.005,13.75,6.364,110,8
askdocs_1up79p3,45d52c0542341736,6.038,15.333,14.894,46,3
askdocs_1up7ajo,f86e67f43cf3569f,14.567,34.5,12.857,207,6
askdocs_1up7ekb,bcf2e0fadb566fd8,6.555,13.9,14.583,139,10
askdocs_1up7fm2,3b30b8ff53cd544a,9.881,21.324,11.37,725,34
askdocs_1up7hlk,bdfe41f2b4192138,10.192,19.143,10.714,134,7
askdocs_1up7k66,adb3bf56c591e721,6.085,15.4,5.152,308,20
askdocs_1up7kge,93c4d59dbc6cabb0,8.983,19.2,9.845,192,10
askdocs_1up7uar,792f0be88ebba4d3,6.398,8.667,14.545,52,6
askdocs_1up7yfd,2bf71159c7b9d30f,6.178,16.25,10.145,65,4
askdocs_1up7z33,a193fea07fe126ec,5.877,14.778,6.475,133,9
askdocs_1up7zjn,4725b61ca55111b8,8.072,18.778,9.412,169,9
askdocs_1up7zvy,fae8dfbc12a42500,7.576,16.825,11.03,673,40
askdocs_1up82sw,e80173c9f001acae,5.763,12.889,9.013,232,18
askdocs_1up85lf,e1c12d602ab6d3fd,5.547,13.188,7.623,211,16
askdocs_1up878c,32ca3304275b2771,6.119,12.593,11.37,340,27
askdocs_1up881t,7bf28fd789f27e89,17.741,46.0,4.348,46,1
askdocs_1up88q3,3dca8ec950f9aae6,6.211,15.667,2.97,94,6
askdocs_1up8caw,023b8ed5bd10667d,5.756,13.75,11.304,110,8
askdocs_1up8eut,9c8ef4ce48ce71f2,7.666,16.667,7.692,50,3
askdocs_1up8gjw,b3995caf30c11aef,8.307,16.554,8.11,1523,92
askdocs_1up8iv5,8f068116b8493d68,4.499,15.333,10.87,46,3
askdocs_1up8nnu,8107ab70a919341a,6.181,12.077,4.23,314,26
askdocs_1up8r4y,c76d5ea9a251047d,1.986,6.8,10.811,34,5
askdocs_1up8v8y,82a5cc87cf8300f3,4.558,11.75,8.163,47,4
askdocs_1up8wxz,ec7542e8591a7dac,10.146,18.273,11.792,201,11
askdocs_1up8ygw,b569f5c7aa6c7998,8.092,17.5,14.286,35,2
askdocs_1up8yje,516a2f86d560e24d,6.409,13.78,5.664,565,41
askdocs_1up90i7,55366e9d00fcdc45,5.702,15.818,7.222,174,11
askdocs_1up92ah,7b63570cd40fc4ec,6.13,14.417,4.52,173,12
askdocs_1up94jh,2127ff4fc3a4c735,9.318,16.778,11.18,151,9
askdocs_1up993q,a42635e507964a94,5.603,14.0,8.889,84,6
askdocs_1up9cfq,fbe00ea97f72023d,9.617,12.0,19.095,192,16
askdocs_1up9dmu,e63eed185eeaf7ba,7.543,17.15,9.971,686,40
askdocs_1up9eew,267cdd953dbdf6ca,7.607,16.615,8.889,216,13
askdocs_1up9fq3,9cace1a595c173e8,8.775,20.286,8.784,142,7
askdocs_1up9gdg,e9fab82339cb67bc,5.83,13.25,18.519,53,4
askdocs_1up9gjz,9895e5594dd106e0,7.031,14.214,10.784,199,14
askdocs_1up9h0o,078cf937990c53df,5.83,13.76,11.299,344,25
askdocs_1up9k7e,52601a9c5969f9f8,12.17,30.125,9.504,241,8
askdocs_1up9o3h,b22055053c161178,405.431,1041.0,7.965,1041,1
askdocs_1up9otu,48d2b42cde1ec8ba,13.718,36.2,3.846,181,5
askdocs_1up9xns,a11c4e36c586aa3a,13.514,38.0,2.632,38,1
askdocs_1up9yla,bd6450dfd7e5fbc1,7.028,12.062,14.508,193,16
askdocs_1up9zmn,e0a2713d397568cf,25.411,64.0,10.938,64,1
askdocs_1upa0io,7c76acb84bf11442,8.21,15.727,7.752,346,22
askdocs_1upa2mn,8a14f41dfae22667,8.799,20.84,11.281,521,25
askdocs_1upa4wi,581adb0927e3df44,13.047,35.5,18.31,71,2
askdocs_1upa6po,97d1cbd4337cafb8,5.796,15.857,10.714,111,7
askdocs_1upa7kh,251adef081de8ad2,7.223,13.941,7.229,237,17
askdocs_1upa7nh,58636d31b6bee033,5.774,13.882,7.692,236,17
askdocs_1upa9fm,3496d1cc42857f19,4.932,13.182,7.586,145,11
askdocs_1upadom,e298c2de64d0617e,8.82,7.769,29.703,101,13
askdocs_1upagix,57a0dbb6c12dfc5b,2.736,9.75,2.564,39,4
askdocs_1upaidf,692f2e1c9735d7d3,12.445,33.5,10.837,201,6
askdocs_1upaih2,a065c8fcdf82f8b9,5.852,18.0,8.333,36,2
askdocs_1upairm,19f368057ae1553d,6.305,10.0,8.75,80,8
askdocs_1upaj32,8339b7018bdbd86b,8.9,17.286,8.163,242,14
askdocs_1upal67,7256f531ef94fc0f,7.955,16.583,11.22,199,12
askdocs_1upalkt,3d162fa17fc070e2,4.653,12.3,15.323,123,10
askdocs_1upamtw,f872732610a5bb42,10.28,19.667,12.698,59,3
askdocs_1upaobn,fd150d497379e724,8.698,21.538,9.689,280,13
askdocs_1upapi3,c13f6a9f2eefb7bd,1.37,7.8,7.692,39,5
askdocs_1upar2z,c61302dbafcae2e0,10.109,15.688,12.891,502,32
askdocs_1upasye,def7a29a79085d41,18.834,45.5,7.021,1456,32
askdocs_1upaw8e,7b47d137a17a4b10,9.888,14.0,6.557,56,4
askdocs_1upb2x9,a6dc72cecfe5ef48,9.918,20.083,8.299,241,12
askdocs_1upb4y3,9a66b69fe2e5af47,4.519,10.5,9.412,84,8
askdocs_1upbdrw,0689186ecce06195,7.23,15.0,9.346,105,7
askdocs_1upbf2s,3790e4d5c91e7a75,7.112,18.714,4.196,131,7
askdocs_1upbfaw,15c5bc9ca761a51a,13.621,24.0,14.07,192,8
askdocs_1upbjq2,779c5f1baa4fe66c,28.722,76.0,8.553,152,2
askdocs_1upbmkh,c8d89f9dc4dff91b,3.057,9.0,4.762,99,11
askdocs_1upbpn5,3e51e73b6c37beab,10.663,20.25,11.628,81,4
askdocs_1upbpod,a4c0cb01c41bb591,4.627,12.0,16.667,60,5
askdocs_1upbpyc,c887258de7f8550f,4.993,15.833,18.557,95,6
askdocs_1upbr0y,73072a7487cbdc10,8.421,14.529,16.0,247,17
askdocs_1upbxdj,46019b82fa85525e,4.551,10.889,14.423,98,9
askdocs_1upbz31,843335ca0e1c0200,6.498,17.154,12.554,223,13
askdocs_1upc0rb,aa1f39f85bd8a5fc,9.021,22.0,12.093,198,9
askdocs_1upces0,392c44b6b8438fb6,8.651,14.111,13.316,381,27
askdocs_1upcfjy,009d9500984260a2,8.17,16.8,12.069,168,10
askdocs_1upcgf9,31fa02daf809879b,6.225,15.0,6.13,255,17
askdocs_1upci4m,ed42525618efc69b,6.727,14.0,16.279,42,3
askdocs_1upck2j,a51ac6a8b1f1e77e,9.726,19.933,9.524,598,30
askdocs_1upcnlg,e71b3616a2ed9adf,8.651,15.467,12.195,232,15
askdocs_1upco1u,30ef79c8172232c1,7.438,15.6,10.976,78,5
askdocs_1upcoit,0d8336f1dc614fc8,8.666,20.062,6.173,321,16
askdocs_1upcrt6,ddac5d1cf4d43fd5,4.482,10.918,10.37,535,49
askdocs_1upcs6w,084713d5974d50f9,5.945,14.6,13.333,73,5
askdocs_1upcsj4,169fc9b7de415885,6.194,14.562,20.0,233,16
askdocs_1upctvi,92b316a707d2cb95,9.763,20.0,4.762,80,4
askdocs_1upcw9x,52abeda079e243ed,8.332,20.25,4.819,81,4
askdocs_1upcwzf,b5dd4f7023e623ba,9.643,22.571,8.485,158,7
askdocs_1upcy0p,438a0a29e37c132d,10.366,25.9,3.333,259,10
askdocs_1upd12c,a05b72b40ea5375d,11.918,23.25,14.336,279,12
askdocs_1upd25q,6e55221ce87a5c47,14.521,38.25,6.369,153,4
askdocs_1upd4pc,02f59c6a3aabcc0b,6.516,14.0,14.286,112,8
askdocs_1upd52c,a6c2c081f05e2040,6.664,16.0,6.195,112,7
askdocs_1upd63y,936ce044f96d90ac,7.121,17.75,13.699,71,4
askdocs_1updd1q,6a20a474316a5b0a,5.502,15.0,10.656,120,8
askdocs_1updde4,9a3237a95d084ffe,6.749,17.833,9.589,214,12
askdocs_1upddtz,b6a6e33a65cdce11,4.324,12.875,5.556,103,8
askdocs_1updfqk,a9a601233d9393c6,5.576,14.714,10.224,309,21
askdocs_1updgso,2cdefe66810116fe,4.731,9.515,8.257,314,33
askdocs_1updhtv,53e5650e6457113c,9.266,23.5,10.638,94,4
askdocs_1updigm,536540fd1e8c2c02,3.861,12.143,5.495,85,7
askdocs_1updka5,82c8d2e75613e97a,6.42,18.2,7.292,91,5
askdocs_1updoy8,668ddd3267a747b5,10.599,19.333,13.408,174,9
askdocs_1updpfs,454af55396fb0399,6.15,13.091,7.348,288,22
askdocs_1updpw7,bd8aa68cf85ce009,7.141,18.75,10.526,75,4
askdocs_1updq0q,3510c15704065c26,8.196,20.6,11.65,206,10
askdocs_1updr6h,fd90e4bd87d520da,9.282,22.0,9.091,176,8
askdocs_1updtk4,67cc80e796e4efe3,7.106,18.4,9.375,92,5
askdocs_1updwd0,d0b055f5b470a391,8.08,19.667,12.698,59,3
askdocs_1updxe8,53ee806febeec8c3,9.32,20.0,30.0,20,1
askdocs_1upe0st,342971e428b32579,5.488,13.75,6.809,220,16
askdocs_1upe1fw,3168d20c49a385c7,9.802,18.867,10.158,566,30
askdocs_1upe1s2,256fd7b9a0c955de,9.289,15.625,15.328,125,8
askdocs_1upe3dw,af3f003be6bce2a2,6.173,12.308,9.877,320,26
askdocs_1upe4ym,5928898466281dd4,5.228,5.833,10.811,35,6
askdocs_1upe69w,1013f940dae213eb,7.498,19.25,8.621,231,12
askdocs_1upe7xa,9a8647bad9e2d09c,3.668,8.75,7.692,35,4
askdocs_1upe9w5,924e3d964b2a3bfc,4.692,9.875,7.407,79,8
askdocs_1upebvj,d8f2c83bb2a6fde5,5.183,13.0,12.409,130,10
askdocs_1upebzm,56836e4e51b29bc1,6.986,14.3,8.874,286,20
askdocs_1upecgh,5f775a4369bafe8f,8.295,17.579,10.682,334,19
askdocs_1upeel7,6031570efb42ac40,8.33,16.917,9.36,203,12
askdocs_1upefrx,4429abcd5ba0b522,11.293,24.214,11.85,339,14
askdocs_1upei9n,94fe7a41e2c9d1d2,6.173,13.5,9.259,108,8
askdocs_1upelsi,7934b73f11de6e88,8.088,13.706,14.815,233,17
askdocs_1upem1l,233d99691ab82474,17.148,35.455,10.024,390,11
askdocs_1upemfl,0b3a8986b43c1fbd,7.773,18.692,12.955,243,13
askdocs_1upeo2p,9ec1a535ec7ec33f,54.498,142.0,13.605,142,1
askdocs_1upep4s,4365ec19fa4b3393,7.077,15.5,14.706,93,6
askdocs_1upeppt,8fcabea3717ae3a1,6.376,13.7,6.993,137,10
askdocs_1upert5,6dd313ea8b7f189a,5.094,13.182,6.207,145,11
askdocs_1upesm3,857deaada2916c06,6.053,12.0,0.0,48,4
askdocs_1upetw6,ee8c5f3da2c1b3a3,7.391,20.167,10.317,121,6
askdocs_1upeuie,bf504be93a6b6e1e,12.421,27.0,6.024,81,3
askdocs_1upexkp,650368fe15c4d416,10.872,22.6,10.526,113,5
askdocs_1upez03,ea2255109f762de5,7.309,16.143,12.712,113,7
askdocs_1upez7c,fffba2ce62bc1238,10.431,27.0,7.451,243,9
askdocs_1upf0t2,f1df2385353be37e,12.259,25.63,12.817,692,27
askdocs_1upf1o7,f210e759f6c5e791,8.792,17.875,13.194,143,8
askdocs_1upf1tv,62c7e30e25f48e87,12.525,17.0,14.844,357,21
askdocs_1upf26x,abd7ee393c7b0a41,0.51,8.0,4.762,40,5
askdocs_1upf2i3,158b009c9a22eecd,7.92,20.571,10.135,144,7
askdocs_1upf4ca,9796d81cece72e25,5.884,14.0,6.897,28,2
askdocs_1upf4k3,7cd942c25968779e,6.938,14.0,10.526,56,4
askdocs_1upf58z,9b04faee216fcccc,8.164,18.75,9.333,150,8
askdocs_1upf5an,c3d458b256a926bd,3.665,8.8,4.545,44,5
askdocs_1upf6xx,6835a5b7b9ce7a6f,10.168,23.429,7.018,164,7
askdocs_1upf6yd,e93f51170a72c0d7,5.392,12.286,9.302,86,7
askdocs_1upf7nl,a9925c41107c4384,7.631,21.0,11.429,168,8
askdocs_1upf8ck,7e5a936e3ec2a640,7.776,15.0,13.866,225,15
askdocs_1upfb9h,a14819415a438c81,14.211,23.833,19.454,286,12
askdocs_1upfihu,566ee0a949ba0eb3,6.643,14.222,6.716,128,9
askdocs_1upfii8,09c80815c0f7ee08,10.293,16.714,12.5,117,7
askdocs_1upfjhv,52554015f64f549f,12.557,35.0,11.429,35,1
askdocs_1upfnjx,b3afcc2a3d5272a1,5.721,13.176,7.522,224,17
askdocs_1upfq3t,134b0d8f5f55e96b,7.115,14.667,19.331,264,18
askdocs_1upfs09,9a3b4c0bc3a2932a,4.319,10.286,4.0,72,7
askdocs_1upfsp5,4b53f935aa5731f9,8.047,13.333,20.859,160,12
askdocs_1upfvn8,952e4dd1cf60639e,6.359,16.714,6.349,117,7
askdocs_1upfvrr,c43a32aa63450912,5.935,18.333,3.333,55,3
askdocs_1upfvv1,7bb242f0aab0ba42,5.681,12.682,7.473,279,22
askdocs_1upfzod,d18456f383989797,7.373,17.167,7.692,103,6
askdocs_1upg01q,ab0f9552eb52dbd4,7.788,15.364,9.77,169,11
askdocs_1upg0wq,4e1388e1547859a6,13.083,21.6,11.585,324,15
askdocs_1upg5sw,0b77c95098abf60c,9.665,17.0,19.903,204,12
askdocs_1upg5ys,7ea09ee8dd8d6316,5.07,12.294,9.005,209,17
askdocs_1upg7y7,b9c31cb4f187c5b2,7.421,17.0,8.14,85,5
askdocs_1upg9yw,c4da9f2150fb22cd,8.085,20.846,8.824,271,13
askdocs_1upgbtt,4bdc4c1f5758a24c,8.376,20.0,7.0,100,5
askdocs_1upgbxw,c7a8233f4521805f,28.029,66.0,7.463,66,1
askdocs_1upgczl,f1b5cc39664127c5,17.081,43.333,9.452,520,12
askdocs_1upgerd,2cffc41d6f807aaa,4.51,14.5,16.949,58,4
askdocs_1upghya,22eac24636be92c5,8.567,17.333,15.569,312,18
askdocs_1upguq2,1c36ca5b37955d03,1.468,9.0,7.143,27,3
askdocs_1upgut3,dbf9c51947102296,9.499,17.684,7.849,336,19
askdocs_1upgync,86c0b2a360864276,6.44,10.75,13.636,43,4
askdocs_1upgz9x,129ae321539822bb,4.33,7.667,26.087,23,3
askdocs_1upgzag,a1d938b22232b2fd,11.529,27.25,11.834,327,12
askdocs_1uph32h,963ce7a5c7fef62a,11.915,29.5,6.149,295,10
askdocs_1uph3n7,70c685abfabcf1c1,3.773,11.5,16.667,23,2
askdocs_1uph9sc,715d83630151c905,8.918,24.714,4.598,173,7
askdocs_1uphcio,6168d73dd6e7d3f0,8.632,20.0,10.569,120,6
askdocs_1upherc,c7ca72b88240b155,7.371,20.5,10.853,123,6
askdocs_1uphggv,7071e5bc8af22ccf,5.542,16.667,4.717,100,6
askdocs_1uphi2t,01f328cfbe05092a,14.387,37.0,9.091,148,4
askdocs_1uphiu4,9790bb541f1a2e8f,5.265,11.636,12.319,128,11
askdocs_1uphl0h,21ec5ac19593c4d7,3.457,11.667,8.333,35,3
askdocs_1uphla0,b1d8436edcdcedf1,9.042,15.867,18.712,476,30
askdocs_1uphn5n,df21619f05d3550e,3.45,11.0,6.667,44,4
askdocs_1uphoy3,5d4a3817b9b2f2c8,4.962,13.429,11.111,188,14
askdocs_1uphp54,9efd4b7549a5369b,7.415,11.25,6.383,45,4
askdocs_1uphplt,efc79ea14dfe7a6b,11.008,28.333,14.118,85,3
askdocs_1upht3a,e111b635b52ff68c,11.747,31.385,6.542,408,13
askdocs_1uphtiv,7b6259dfb49fb962,4.433,11.0,14.286,33,3
askdocs_1uphtpg,bfbd1db565975962,8.967,21.4,8.929,214,10
askdocs_1uphvke,1ae80b856501b807,4.037,8.5,13.889,34,4
askdocs_1uphwn8,bd3127cf177ce289,7.692,18.25,6.667,73,4
askdocs_1upi0qk,6e9e524ea9a9e7b2,9.171,18.571,15.441,130,7
askdocs_1upi32w,2e650ca83103b071,16.396,36.0,12.414,144,4
askdocs_1upi4i1,079bd566c907a758,6.894,19.062,11.538,305,16
askdocs_1upi5y1,fcefbb8caf38bb86,12.555,22.8,16.45,228,10
askdocs_1upi89x,476db0c90e8505e6,7.792,14.115,12.895,367,26
askdocs_1upi8e9,da33daf7ff264556,6.442,15.8,10.0,316,20
askdocs_1upia2l,da0c7e1f81477128,11.533,19.25,9.877,77,4
askdocs_1upib4h,91d2741731e74a05,7.836,15.122,6.891,620,41
askdocs_1upibpn,cd831fa01bccd08b,6.045,9.833,11.475,59,6
askdocs_1upihvz,01f5e666a8d58d67,7.093,14.357,5.189,201,14
askdocs_1upihxp,71abbd6880f6b0c9,8.213,18.857,3.03,132,7
askdocs_1upijvi,f579fe6afab2f6cb,16.539,29.75,18.548,119,4
askdocs_1upikaf,bd2e528b1e2a23cb,6.573,15.3,14.815,153,10
askdocs_1upikxg,4af992e56ddbc944,3.472,8.333,7.547,50,6
askdocs_1upilhb,9190b9036a623414,8.075,10.0,16.667,40,4
askdocs_1upilzo,abde56bf3ef4f9b9,6.993,15.882,6.993,270,17
askdocs_1upiqs5,b3f805d93d6881fd,11.62,27.067,7.981,406,15
askdocs_1upiv9d,43174c543b508f0f,4.91,11.278,6.863,203,18
askdocs_1upivid,aaafba6c834f51a2,6.457,12.8,9.701,128,10
askdocs_1upiwwx,0573afd7c0687c88,8.961,18.318,10.111,806,44
askdocs_1upiwzp,ea334c6a23e43c50,31.383,77.5,6.875,155,2
askdocs_1upix4r,854c2e83d55e4dad,13.913,26.889,21.484,242,9
askdocs_1upixtb,18ec793ef2ed7c5e,6.374,9.391,9.259,216,23
askdocs_1upj0bo,84249abbf9d3e301,17.207,37.5,13.158,150,4
askdocs_1upj1vr,89eeaecefbac935f,18.6,44.0,11.364,88,2
askdocs_1upj41z,dab13b0820faf9fa,5.523,14.111,9.924,254,18
askdocs_1upj4og,1638499d2abab120,8.254,19.0,9.312,247,13
askdocs_1upj810,650e6fd9a4505542,18.767,46.0,6.122,92,2
askdocs_1upj9a9,faf48681b0d150b4,2.569,12.4,4.762,62,5
askdocs_1upja88,e6b589363e3eefa5,3.06,10.0,0.0,20,2
askdocs_1upjbr0,e1625c5a2f3ccbad,10.817,24.2,4.032,121,5
askdocs_1upjczl,92cb1227dc47745e,6.514,17.167,8.612,206,12
askdocs_1upjggs,e7885d00337a33a1,6.523,16.6,12.84,249,15
askdocs_1upjhml,0464195d25cfbb98,5.625,17.75,13.333,71,4
askdocs_1upjjvg,ce10b5841582c0da,5.93,12.0,14.433,96,8
askdocs_1upjt8o,d7fdba2173966d0b,7.005,17.0,10.453,272,16
askdocs_1upjv4m,7880c038e9e8ebd2,4.129,10.6,3.704,53,5
askdocs_1upjvje,b0a86a6a2d1e7205,5.884,15.444,10.714,139,9
askdocs_1upjvk9,1b9e4a12c89cea4d,6.727,14.0,15.842,98,7
askdocs_1upjwx7,e4c2f697fd6a34b3,8.494,18.875,12.821,151,8
askdocs_1upjxhp,331dd4e9c04a3fab,7.471,12.8,14.062,128,10
askdocs_1upk08j,170af71992c906ab,8.172,19.923,9.231,259,13
askdocs_1upk2zz,a121f6bf81704d19,8.466,22.8,6.009,228,10
askdocs_1upk6c9,90d05180d123c5f6,9.187,22.389,6.78,403,18
askdocs_1upka8f,14a5eec44671caf3,12.884,26.909,11.448,296,11
askdocs_1upkd5l,69f6006c7b8da054,4.792,10.833,3.077,65,6
askdocs_1upkde5,97d84c59d21c2ade,3.313,9.304,9.735,214,23
askdocs_1upkhvo,8f63407626c46301,7.496,14.75,13.043,354,24
askdocs_1upkhz1,7c7e29c5868bf040,8.345,19.714,22.143,138,7
askdocs_1upkip0,541fbf10e4adb59a,53.962,141.0,8.276,141,1
askdocs_1upkj4u,994d58fabf716b10,7.494,18.667,3.571,56,3
askdocs_1upkj58,0295c2be89f9e84a,5.685,14.667,11.679,132,9
askdocs_1upkjm3,e764c7518fb985b9,7.493,14.0,9.677,154,11
askdocs_1upkmfl,13d5c06b05a11374,7.25,16.571,5.172,116,7
askdocs_1upkne1,475568864283fd38,15.439,33.5,5.882,67,2
askdocs_1upktbr,a07ac58e15b76691,7.776,15.0,8.407,225,15
askdocs_1upkv9z,4fb45bd1100f8d8e,10.977,26.8,6.429,134,5
askdocs_1upkwoq,496574b4b5e48cbb,3.489,8.167,6.0,49,6
askdocs_1upkxqk,b26e646fbd7f6617,2.875,9.625,15.385,77,8
askdocs_1upkygl,0bd0cb202a54c1e9,8.165,20.133,8.553,302,15
askdocs_1upl172,7590b621ac288348,6.454,10.667,22.388,64,6
askdocs_1upl2vv,748ef113b2026cee,7.545,16.538,9.211,215,13
askdocs_1upl5xt,38b2bd87338c3de0,8.042,20.0,12.0,120,6
askdocs_1upl7v7,69d04b8ef83dc207,6.246,18.625,6.711,149,8
askdocs_1upl9vm,1067f2e9dd123b17,22.197,55.333,5.056,166,3
askdocs_1uplajy,33437ceba8c09de4,8.445,19.3,7.035,193,10
askdocs_1uplc34,d9f4464e353d7d41,0.068,8.0,6.25,32,4
askdocs_1uplecf,e6d1f3e3d6ae4def,-1.014,5.167,6.452,31,6
askdocs_1uplf43,90c6039a9f29ce0d,7.436,17.432,7.834,645,37
askdocs_1uplfnc,07ce1247b9acd89a,6.262,14.056,17.216,253,18
askdocs_1uplh9i,0cc31cff1f788b73,6.595,13.923,9.14,181,13
askdocs_1uplhv3,17c74499c839f8d6,9.209,19.3,7.538,386,20
askdocs_1uplkhl,24baca59f569e568,7.335,15.1,9.15,151,10
askdocs_1upln8y,6674d73bf89758bf,7.227,17.578,8.519,791,45
askdocs_1upls8n,067a8a26dc4ae731,7.786,19.7,7.692,197,10
askdocs_1upltj0,1be7fa42473a4129,10.206,23.056,5.687,415,18
askdocs_1upluyj,e044d30062903b94,9.166,18.5,15.228,185,10
askdocs_1uplvtm,ed40df695e179a15,11.748,25.143,6.775,352,14
askdocs_1upm0qn,6076b7a52ec9b704,5.527,14.5,3.333,58,4
askdocs_1upm26c,c399f704d085bf43,9.405,24.0,6.612,120,5
askdocs_1upm33v,9c475cb563761f93,5.32,15.6,4.938,78,5
askdocs_1upm77m,a2fd4eb469b7f24d,11.253,22.059,11.498,1125,51
askdocs_1upm85i,4af24635bcd0d955,13.686,36.167,5.505,217,6
askdocs_1upm86s,07edbbedecc5f084,9.802,23.231,8.197,302,13
askdocs_1upm8b1,b3464626132836df,8.105,12.875,19.811,103,8
askdocs_1upmbna,e8f98982b0676b88,6.575,17.5,10.884,140,8
askdocs_1upmbny,37ff9016b6de372a,10.283,26.0,10.127,78,3
askdocs_1upmh7w,9ce59e6ef074aee3,9.673,20.5,16.279,41,2
askdocs_1upmhh9,7549c87951387c2a,6.539,15.417,10.351,555,36
askdocs_1upmigp,3cea951e577a4de5,7.426,16.286,15.385,114,7
askdocs_1upmki1,65828e7da12feab0,8.776,17.65,13.649,353,20
askdocs_1upmkrd,5052472d8c0b990c,11.398,18.5,21.053,37,2
askdocs_1upmmrl,6b3ccc390e8d2d46,8.445,13.091,19.048,144,11
askdocs_1upmmzc,d31f30a3e3467253,10.284,16.364,14.387,540,33
askdocs_1upmulx,f1a6c806b7bac8cd,7.507,14.143,18.905,198,14
askdocs_1upmv7o,240c903b5e0db235,9.629,24.385,10.625,317,13
askdocs_1upmy23,96943d7be22db5d0,6.799,13.727,9.434,151,11
askdocs_1upn2if,e161b1056b1bebc7,8.083,20.143,7.383,141,7
askdocs_1upn2zk,0dc94d5b2e664250,3.79,6.6,8.824,33,5
askdocs_1upn6ov,3ef9a5b97325ebed,11.854,25.559,10.985,869,34
askdocs_1upndkf,0b7e83bafd195e70,32.134,83.0,18.824,83,1
askdocs_1upng6k,a27ae46b1bc13e41,7.693,12.5,4.0,25,2
askdocs_1upnh82,479ea7f6d5b37cb0,5.125,12.774,11.0,396,31
askdocs_1upnidq,29f75600a3f2a2da,12.353,22.412,10.152,381,17
askdocs_1upniyl,703bf3d41ba20372,10.49,26.68,8.806,667,25
askdocs_1upnkoa,e3aad75c7dc8ba8d,8.088,19.714,13.043,138,7
askdocs_1upnlj2,93ae3c5d64ccae97,7.614,21.5,10.227,86,4
askdocs_1upnnnc,26c55fab0ae8dbbb,6.513,12.5,8.0,100,8
askdocs_1upnsrt,80c30abc4e9b46dc,3.709,9.368,7.222,178,19
askdocs_1upnweh,ba2e70ecd16bf190,4.199,14.0,6.944,70,5
askdocs_1upnzak,9dd5fd04fee710a7,7.491,17.321,9.486,485,28
askdocs_1upo33h,6007c1ffb10125bc,8.545,21.643,6.667,303,14
askdocs_1upofc7,fd09fead50b7e715,4.118,12.25,8.163,49,4
askdocs_1upofnj,cb7561c880d4576e,8.865,16.1,11.728,161,10
askdocs_1upog9k,aea5d7eb1305fe68,6.496,10.194,13.595,316,31
askdocs_1upolpp,d264cb4bd4a63d6e,5.876,8.6,6.977,43,5
askdocs_1upopcq,ef1de40e1d67d887,6.289,14.571,16.071,102,7
askdocs_1upovul,78e3b4f54293b8a3,11.991,20.526,10.644,390,19
askdocs_1upoyr2,451c6a6de48fcf63,6.612,14.5,20.455,87,6
askdocs_1upoytd,3a67e4b5b82064b3,29.59,75.0,4.153,300,4
askdocs_1upp1e0,36495aed76cbff5e,6.283,10.875,6.818,87,8
askdocs_1upp2td,3f7d2e75398e1e79,6.173,14.571,15.023,204,14
askdocs_1upp457,d49db166d33a5113,10.114,25.0,13.953,125,5
askdocs_1upp55g,79a1f3869324806e,7.811,14.3,13.072,143,10
askdocs_1upp782,609619b4cfe09f8f,8.87,15.32,14.321,383,25
askdocs_1uppcqo,173b7a235c8a56f4,5.936,14.938,6.695,239,16
askdocs_1uppebo,5e56d39acce6af14,12.14,27.211,6.564,517,19
askdocs_1uppej7,45991a41f8deb843,6.956,16.65,10.086,333,20
askdocs_1uppey0,d730bf513ae8e8b5,12.037,19.8,10.377,396,20
askdocs_1uppfye,77541b73297f58aa,9.811,22.2,8.072,222,10
askdocs_1upphjr,28efde1b5c144aeb,4.437,10.0,17.188,60,6
askdocs_1uppiby,a9b6d4c9c7f8082f,6.685,12.182,7.407,134,11
askdocs_1uppojx,0d751c79e4e15626,24.32,63.5,5.469,127,2
askdocs_1uppowg,a76f9398194bb677,8.632,20.0,12.0,120,6
askdocs_1uppqnv,d7f8c37a5ae6bde9,9.011,22.625,6.764,543,24
askdocs_1upq6qm,43184e11458e4263,8.112,14.333,21.348,86,6
askdocs_1upq8ej,37b78786b0e0dd85,7.426,16.286,13.333,114,7
askdocs_1upq8ur,6a97110a361074d5,6.936,15.182,10.059,167,11
askdocs_1upqh01,81345b3bfd626228,6.195,18.222,6.667,164,9
askdocs_1upqmmc,c448797c97498d5e,8.306,16.286,11.628,684,42
askdocs_1upqn1k,172362a6dcb1a114,7.842,12.489,12.027,562,45
askdocs_1upqna9,c14882058c9675d9,6.128,14.8,7.432,148,10
askdocs_1upr9xs,ba8f1d51f9a96b22,2.87,8.0,2.439,40,5
askdocs_1uprely,69f5783a374432c8,9.273,17.355,8.212,538,31
askdocs_1uprfp7,9fdd1389144addd6,13.418,31.846,11.566,414,13
askdocs_1uprq6m,f8ae18269f9ac5f0,12.252,29.9,6.689,299,10
askdocs_1uprya9,a4ea62b242b5c159,9.464,18.857,16.667,132,7
askdocs_1ups20t,e19e6046c4365e7f,5.924,10.5,19.048,42,4
askdocs_1ups3uy,6b7d5091eef5089f,8.366,22.0,6.015,132,6
askdocs_1ups4gj,f83830ddb54acefa,3.469,9.714,5.714,68,7
askdocs_1ups4mg,83a138b6368ed4d4,8.287,13.294,14.167,226,17
askdocs_1upsa8p,8fd68d99a28b8d32,7.739,14.0,10.204,140,10
askdocs_1upsamh,b5f6c678629a710c,4.078,13.4,9.859,67,5
askdocs_1upseu2,eff5cf070cfeb465,5.596,9.909,14.035,109,11
askdocs_1upsfj2,9f4b8dfc5ddc5d66,7.008,14.941,12.177,254,17
askdocs_1upsmfz,f86f441b11b6cb26,6.42,17.125,7.092,137,8
askdocs_1upsoiz,a5daafa6942b804b,7.493,14.0,12.258,154,11
askdocs_1upsro0,f132627322765a61,9.3,24.833,11.333,149,6
askdocs_1upssjz,9acbf136df2e6331,9.154,20.222,8.242,182,9
askdocs_1upsz3z,7a5940fa272118ec,8.529,17.842,9.065,339,19
askdocs_1upt069,1209f2560426c4b8,6.491,15.556,11.034,140,9
askdocs_1upt4wl,bf263363738ea6fe,7.143,13.176,12.281,224,17
askdocs_1upt79u,c5272ccaaa23688c,1.902,6.75,10.909,54,8
askdocs_1upt7x6,f8669d28ecd3e7b0,6.182,13.0,5.714,65,5
askdocs_1upt83i,93d2481058abe13d,8.692,16.778,10.82,302,18
askdocs_1upt87q,ed0bdc1f4c0211e0,4.797,13.0,13.761,104,8
askdocs_1uptcef,1159cec73e1ae4c8,10.199,23.333,4.795,140,6
askdocs_1uptfkw,9f0d3e177b23a441,2.301,7.125,10.345,57,8
askdocs_1upthzq,4922342435cb1af6,5.513,15.625,9.125,250,16
askdocs_1upti85,a1a53ce845675db5,8.003,19.9,7.143,199,10
askdocs_1uptkb5,f43aa712dd73177f,7.146,20.75,16.667,83,4
askdocs_1uptow8,43b97d8f28779a66,6.881,19.0,11.538,76,4
askdocs_1uptq3g,3c620d04f04c2060,8.315,19.25,10.39,77,4
askdocs_1uptr8d,d72f93dc8b4e1418,8.993,19.429,11.594,136,7
askdocs_1uptsp9,c96426a916b85be4,5.845,9.833,11.667,59,6
askdocs_1uptum2,b57caf793468f325,8.523,16.444,13.072,148,9
askdocs_1uptxhd,e187a2381ed61551,2.363,9.2,2.083,46,5
askdocs_1uptz29,f3dc00da7fa35213,12.723,27.643,12.121,387,14
askdocs_1upu91z,c1ec5c0959aa54e5,9.503,24.0,8.333,24,1
askdocs_1upu9og,daf25a1ac5232285,4.763,7.6,13.158,38,5
askdocs_1upuhrh,ce0d04f1f0a53165,13.93,32.045,9.831,705,22
askdocs_1upuiwf,f1cc94c37e50cd1c,8.571,19.529,9.173,664,34
askdocs_1upupex,554ccbc96bfa9ef8,9.797,23.0,4.255,46,2
askdocs_1upuqx1,8a022e806bdf22cd,7.303,12.875,8.491,103,8
askdocs_1upuuv9,60bce569a8d29894,6.089,11.111,14.815,100,9
askdocs_1upuwvy,6169f7c6945027d4,9.508,21.071,13.289,295,14
askdocs_1upuz9i,e579e9584eed746c,12.721,28.438,8.061,455,16
askdocs_1upv0xy,560d9b289d3b6f1c,13.397,29.545,7.012,325,11
askdocs_1upv7b1,dba5e9825fcfb66e,31.53,78.75,6.309,315,4
askdocs_1upv7to,eda0e0abd3ccc70f,18.525,46.333,12.95,139,3
askdocs_1upvaef,9ccb3acd4dcb559b,48.342,127.0,8.661,127,1
askdocs_1upvbqo,9a20fb5938bb9a46,7.015,17.556,10.588,158,9
askdocs_1upvc8h,33aded85009c9bfe,5.003,11.4,6.14,114,10
askdocs_1upvexg,7c43372128873a86,10.277,26.1,15.556,261,10
askdocs_1upvjri,d3cb2886d0622615,9.156,19.875,8.485,159,8
askdocs_1upvk7v,29e84078c7e43abb,8.91,22.286,8.333,156,7
askdocs_1upvksg,b2266a201d137e5d,1.658,7.6,2.632,38,5
askdocs_1upvn22,238ff873b3d627c2,11.046,20.529,14.441,349,17
askdocs_1upvr4j,dcc9251b8605150b,8.841,21.143,16.774,148,7
askdocs_1upvvjx,ab110311ec94234c,8.331,20.333,11.382,366,18
askdocs_1upvw9s,b8db9be285d36573,7.418,16.556,8.497,149,9
askdocs_1upw2mi,6a0522540ec98e73,6.294,15.333,5.155,92,6
askdocs_1upw5t5,23c8d9c2ab613ed5,9.376,26.0,14.103,78,3
askdocs_1upw7ml,b7519e652253f475,5.431,16.455,5.525,181,11
askdocs_1upw8hk,1e1887f8ef9a1c84,11.673,23.204,11.197,1137,49
askdocs_1upw9q4,aad705d4c728f0bd,3.059,10.556,5.263,190,18
askdocs_1upwhzl,ca67584cdb24693e,10.226,24.333,16.438,73,3
askdocs_1upwjl5,fb6aa93365a7fabc,7.871,15.0,10.288,465,31
askdocs_1upwklj,0aed81a7d72f0e59,5.913,12.778,8.621,115,9
askdocs_1upwlu4,aaeb7d8102781c66,9.527,26.0,7.407,26,1
askdocs_1upws9g,65e3c20dde241fbc,6.581,16.727,5.376,184,11
askdocs_1upwy24,cf8dd439508dbf87,6.834,16.333,11.258,147,9
askdocs_1upwzr7,b6b41b5f7cf16d29,6.746,17.172,8.268,498,29
askdocs_1upxa3b,8fb726d077f0cc52,7.03,15.846,6.763,206,13
askdocs_1upxa73,3979c2bf3c797fb3,4.733,12.571,4.211,88,7
askdocs_1upxalq,aa05cc1dc0ec7087,7.781,11.286,11.875,158,14
askdocs_1upxanf,fe2bdf3791bc0750,6.911,15.0,10.0,90,6
askdocs_1upxffr,b8fec5b64c2f4b5b,6.086,10.667,4.688,64,6
askdocs_1upxguw,f1711d0c9c9d25e3,6.6,15.059,11.719,256,17
askdocs_1upxjho,4e32fbfee2eb46ba,7.343,17.952,13.386,377,21
askdocs_1upxmnn,9b37addff6b92297,10.79,26.143,11.29,183,7
askdocs_1upxn9g,e66dd178daa1345f,3.302,10.5,9.524,63,6
askdocs_1upxrmx,5b827c752d034613,8.381,24.667,10.811,148,6
askdocs_1upxsx9,263941c019b0ca66,6.486,12.636,8.276,139,11
askdocs_1upxtba,c29b857493bbab39,7.775,17.667,6.25,159,9
askdocs_1upxx6s,ca4843699ffb49bb,7.039,15.684,11.921,298,19
askdocs_1upy2zx,a6e117b39cb0bcc6,6.204,13.333,8.383,160,12
askdocs_1upy4ai,0e230236892904c2,9.385,20.5,10.843,82,4
askdocs_1upy4fv,0c57df684e3b6ec5,8.631,18.267,9.854,274,15
askdocs_1upy5hm,0e7392c90a05d143,10.551,27.688,12.996,443,16
askdocs_1upy7u1,1c38df0f4b7c3279,9.976,17.143,7.123,360,21
askdocs_1upyagi,c838ef206a8dc60a,7.514,16.192,9.238,421,26
askdocs_1upycvh,23ce2c96603be36e,8.548,13.857,13.198,194,14
askdocs_1upylj8,bb4ec92e58aeaba5,7.92,13.8,17.143,69,5
askdocs_1upyoe2,89657cf11e898738,13.902,23.0,29.63,23,1
askdocs_1upyok8,eb8a0c97f89bf4d9,12.137,19.846,3.831,258,13
askdocs_1upypl1,e596b22cfd65ff2e,8.771,24.333,7.895,73,3
askdocs_1upyqfc,228858205736d54d,10.712,21.2,20.755,106,5
askdocs_1upyr4u,d13bc6d9edaa4011,7.536,14.594,13.006,467,32
askdocs_1upyv0m,b5f99369844b494b,8.675,16.833,7.212,202,12
askdocs_1upyyfl,7223f9b535bc4a42,6.583,17.143,12.295,240,14
askdocs_1upyzer,7046ab5d564f3935,5.95,10.333,32.258,31,3
askdocs_1upyzrq,a2f054d7a3070928,4.178,9.0,13.043,45,5
askdocs_1upz2h0,ae8e05d987ad68d8,4.792,11.182,15.2,123,11
askdocs_1upzeyj,0a32781f7bc0a455,8.138,16.667,12.0,50,3
askdocs_1upzfna,fc55679b14a9a68d,1.562,8.167,4.0,49,6
askdocs_1upzfwq,6fbb415bd4437c15,6.148,15.88,8.01,397,25
askdocs_1upzkrv,af92f651f543a26e,5.357,7.667,13.043,23,3
askdocs_1upzogt,fdfc244146bf41cf,7.266,13.5,12.069,108,8
askdocs_1upztjj,23d975fc5a577be4,17.244,28.0,3.448,28,1
askdocs_1upzujo,37344dd80d704394,8.393,17.0,7.453,153,9
askdocs_1upzv5b,af1155d410316089,7.511,20.0,10.065,300,15
askdocs_1upzxw1,f7c0eb829cc6d238,12.005,22.0,15.173,682,31
askdocs_1uq01lg,f8e975fa34e64eb3,10.313,19.375,9.677,155,8
askdocs_1uq07ro,31efe926670ffd14,3.238,10.6,8.772,53,5
askdocs_1uq09ms,2f582bace91e8c88,8.673,14.9,8.497,149,10
askdocs_1uq09rc,c827aba396fc3b96,7.296,7.643,11.688,214,28
askdocs_1uq0bqh,8882eb12df542cf0,5.806,12.538,8.282,326,26
askdocs_1uq0k43,c1ac7e2508ac8e24,8.832,12.105,13.71,230,19
askdocs_1uq0lxk,469ae45069ff2b01,21.393,55.0,9.123,275,5
askdocs_1uq0p0d,8c7409375d967fb1,7.845,20.0,6.25,120,6
askdocs_1uq0p2l,569a08a65cfd042c,9.436,26.0,9.023,130,5
askdocs_1uq0rr2,245b4467267e5318,10.332,22.0,14.925,66,3
askdocs_1uq0s4j,e1c7a333b45bc6d3,5.957,15.8,6.587,158,10
askdocs_1uq0tgl,badda6fed5786e83,6.743,17.167,11.058,206,12
askdocs_1uq0ts3,29f68a329697d342,5.006,11.6,5.085,58,5
askdocs_1uq0x2m,5c48cfbf6e064e44,4.198,9.636,12.963,212,22
askdocs_1uq0x5d,3268475ad1f93f3f,10.365,25.0,13.072,150,6
askdocs_1uq0y2x,32eab139190f1cd3,6.425,15.077,8.416,196,13
askdocs_1uq0yx5,cf1d20e302b2eb34,7.278,13.25,12.5,106,8
askdocs_1uq11f4,0585f22ea75a4ca8,7.908,19.75,7.21,316,16
askdocs_1uq127l,35658e765f8054d7,5.54,13.333,6.707,160,12
askdocs_1uq12ct,79a8558bc1441b8c,4.922,17.0,11.429,34,2
askdocs_1uq158a,1a479c3e2dab7889,5.657,11.846,17.666,308,26
askdocs_1uq17fa,019ba0f70b8a244a,4.201,9.143,15.152,64,7
askdocs_1uq194t,a8739d0e41220604,8.648,17.045,5.249,375,22
askdocs_1uq19uy,b6f155de5572d005,11.012,28.167,12.209,507,18
askdocs_1uq1b7u,a60a1ba213556884,6.145,13.667,14.943,82,6
askdocs_1uq1bxu,2e511c0717df688d,4.199,14.0,8.772,56,4
askdocs_1uq1e3g,b35768b356be9bfb,8.248,20.571,13.889,144,7
askdocs_1uq1inp,26f81893983cf38a,6.96,20.0,28.571,20,1
askdocs_1uq1j1f,9a1042fcdbc10561,7.686,16.375,10.108,262,16
askdocs_1uq1jr4,673cb91aaa8d5f87,3.68,10.545,5.691,116,11
askdocs_1uq1kbz,8e4665c374e65a1b,12.521,28.6,10.101,286,10
askdocs_1uq1rpd,b2c341fbae5a77fb,5.911,15.75,3.175,63,4
askdocs_1uq1u61,8410d9c0a1a986d3,7.396,16.333,10.359,245,15
askdocs_1uq1ur0,de28e8282d5ce014,23.768,54.643,13.802,765,14
askdocs_1uq1vq2,2f1d841980a16d92,5.212,13.3,5.185,133,10
askdocs_1uq1wnk,cb1320e346c50ef8,5.179,10.444,7.692,94,9
askdocs_1uq24bj,f2f6894c65875eb3,6.024,12.385,12.727,161,13
askdocs_1uq27pb,9b2c09b98df2c19a,9.866,19.5,12.346,78,4
askdocs_1uq2cdc,4e4c75b9ef47f84b,6.839,12.679,8.47,355,28
askdocs_1uq2clm,6e8708ed9d110aba,50.53,125.0,6.4,125,1
askdocs_1uq2cq3,e74d39fe11f4830f,7.928,18.75,14.0,150,8
askdocs_1uq2dmg,38d6e4c9d6176f0b,5.852,13.6,11.594,68,5
askdocs_1uq2h3c,31e2cd9c7a8fffc5,22.515,61.0,9.375,61,1
askdocs_1uq2ir5,51f2d51465d8a900,8.202,20.333,4.918,61,3
askdocs_1uq2jl1,5a13a65e7cf43644,5.642,14.333,9.302,43,3
askdocs_1uq2n06,13d18cceedb42c27,6.242,13.812,10.042,221,16
askdocs_1uq2nbz,1f40a49246cae50e,12.104,30.7,10.356,307,10
askdocs_1uq2nri,9cbdfe9c23e9b16b,5.857,10.2,13.333,102,10
askdocs_1uq2ojg,17c50f348c212c80,4.323,18.0,5.455,54,3
askdocs_1uq2pn8,2fbe2af2921d1d6d,5.565,12.333,6.0,148,12
askdocs_1uq2s8z,76068e76e0f3b360,4.806,15.385,8.213,200,13
askdocs_1uq2t0u,7eae5549ad998270,8.002,23.0,10.87,46,2
askdocs_1uq2uhy,4b3fd841cf283122,9.151,20.375,6.098,163,8
askdocs_1uq2v0l,e756d63a1976c481,13.357,34.0,7.602,170,5
askdocs_1uq2v1e,b50b0feac524451f,20.063,47.0,20.833,47,1
askdocs_1uq2yyv,47756ea5fa02c822,11.629,28.75,5.833,115,4
askdocs_1uq32s9,0e2d1b6326c0e1bd,8.433,19.0,11.842,76,4
askdocs_1uq35fv,a1f86541765fec62,7.719,19.0,13.356,285,15
askdocs_1uq36z8,bf1485e98d0270da,11.483,17.414,14.068,505,29
askdocs_1uq3a92,3487512160817086,8.741,23.111,12.44,208,9
askdocs_1uq3au2,8f322ccd69e410a5,12.516,32.5,6.154,65,2
askdocs_1uq3ciu,6909364f1d6d102d,8.303,13.667,11.976,164,12
askdocs_1uq3dss,f9ec71a482147499,4.317,10.875,12.973,174,16
askdocs_1uq3fh3,572b0ad49f23daa2,13.313,32.778,1.929,295,9
askdocs_1uq3fvb,9d3a81ce63fe3583,4.411,12.667,14.103,76,6
askdocs_1uq3gl1,efbc9f5ccb490955,5.126,12.875,6.731,103,8
askdocs_1uq3ii7,0815cef970e132c9,7.149,20.05,8.955,401,20
askdocs_1uq3jcb,141efeb20dda265b,7.624,14.538,11.37,378,26
askdocs_1uq3kc2,f4df1128433057e1,7.347,15.75,7.131,567,36
askdocs_1uq3l38,921ebccad40a098c,10.794,26.583,8.459,319,12
askdocs_1uq3omv,c9822eed0b005145,4.708,11.545,6.569,127,11
askdocs_1uq3p53,d97f14c6076f1c2c,15.078,41.0,4.762,41,1
askdocs_1uq3r7n,d9da2fffe83dab41,7.382,18.714,9.559,131,7
askdocs_1uq3r97,6b87720c753d6162,8.545,22.0,4.268,154,7
askdocs_1uq3svy,be7d5b08ec4e9e46,4.399,10.5,18.421,147,14
askdocs_1uq3t2q,8e5b1ad56e8cc3cc,3.893,9.4,14.583,47,5
askdocs_1uq3u4n,385f7429c0049371,3.192,6.833,14.286,41,6
askdocs_1uq3xpv,89ece3af24995c45,6.563,14.75,10.924,118,8
askdocs_1uq44ri,ac16f482be1445f6,6.574,13.5,8.989,81,6
askdocs_1uq44tj,7625a6b1406b4cb6,3.776,13.0,7.547,52,4
askdocs_1uq4658,f693de3fcce77ec4,7.622,14.6,11.375,584,40
askdocs_1uq4cah,4492612478efecbf,3.046,12.8,7.576,64,5
askdocs_1uq4clp,ae84e8f3879e61e6,4.237,10.333,10.606,62,6
askdocs_1uq4cyn,4a9b071e5511c08d,7.691,17.263,9.792,328,19
askdocs_1uq4ee6,220d66394d71471f,11.519,17.86,22.222,768,43
askdocs_1uq4f1l,77ba07b3cfe2692d,8.074,16.4,22.892,82,5
askdocs_1uq4fem,c2bb57441a7f026e,7.684,12.562,10.396,201,16
askdocs_1uq4fyc,46611e56574d2631,4.755,15.333,3.226,92,6
askdocs_1uq4hd4,19ac67ba2db35880,8.365,14.095,12.581,296,21
askdocs_1uq4hvq,e07dd602646a33ec,5.002,13.0,14.068,260,20
askdocs_1uq4jat,e083587f1497804d,10.722,7.8,13.248,429,55
askdocs_1uq4m04,af29671def529eff,9.81,20.833,6.596,375,18
askdocs_1uq4m9g,0323108ef64c8084,11.632,17.5,16.216,70,4
askdocs_1uq4mjn,3617e4981b9c4fc3,6.806,15.64,7.634,391,25
askdocs_1uq4o89,c6bc8a0ede817360,10.244,17.0,7.767,204,12
askdocs_1uq4ox0,13c43bca82451ba8,7.914,18.45,7.527,369,20
askdocs_1uq4ti5,448c402493eb1ea1,7.064,15.333,10.87,46,3
askdocs_1uq4x0m,3de886f869204e02,7.886,23.5,14.894,47,2
askdocs_1uq4yrp,138ef8f5713cc501,17.249,40.5,8.14,81,2
askdocs_1uq50l9,21f70a482f5ab3a0,10.249,21.24,9.747,531,25
askdocs_1uq538b,8378d9e91180314c,4.407,14.2,8.219,142,10
askdocs_1uq54ex,70f0b01f3e8ae48c,6.694,10.538,12.587,137,13
askdocs_1uq56lc,69790272aaaed861,9.174,16.696,10.941,384,23
askdocs_1uq56rw,1dcdf312c2f11bff,2.284,8.143,20.69,57,7
askdocs_1uq5b7j,d5fa1d98722951dc,4.749,13.472,3.131,485,36
askdocs_1uq5bab,36a8759996507988,8.43,18.081,6.204,669,37
askdocs_1uq5dpv,a898be4344dd965f,5.878,14.875,10.833,119,8
askdocs_1uq5eok,d3515a63520b20e7,7.594,11.778,14.655,212,18
askdocs_1uq5fvf,56698198e75ece32,11.384,27.25,9.174,109,4
askdocs_1uq5fvm,e846cd252798d7e8,4.847,12.333,10.256,74,6
askdocs_1uq5gb2,11d87e91b70e88c0,5.05,9.571,14.706,67,7
askdocs_1uq5iho,32f6f6b5559e33cc,5.109,10.714,13.158,75,7
askdocs_1uq5mmi,a3b544864d6ae5b5,4.262,8.4,6.818,42,5
askdocs_1uq5n8d,6dafff3b060b358c,6.883,14.348,7.879,330,23
askdocs_1uq5ns2,8c6f67d300faf648,6.664,14.318,10.769,315,22
askdocs_1uq5o5x,066af3f53f58351a,5.583,15.8,9.494,158,10
askdocs_1uq5qk8,cbeb96fe114b32cc,5.709,15.2,13.725,152,10
askdocs_1uq5re4,541f907497f135dd,7.772,15.438,11.407,247,16
askdocs_1uq5so2,c7b0b89a98a4d81b,4.076,11.0,11.765,33,3
askdocs_1uq68sa,257075536890532b,7.953,14.0,9.061,308,22
askdocs_1uq69xm,49b08ea58547520e,7.878,21.833,5.147,131,6
askdocs_1uq6aa6,34fb77601fbc9f2c,7.005,19.333,8.475,58,3
askdocs_1uq6bdo,f63dae53a12cf325,7.129,16.778,7.843,151,9
askdocs_1uq6hk4,b0191b7425aa0974,7.768,16.238,9.167,341,21
askdocs_1uq6kao,70fdd3717bd29a19,2.502,10.2,11.538,51,5
askdocs_1uq6kb0,028cad8df6ca393c,7.388,18.667,8.929,112,6
askdocs_1uq6lhq,92b082fdeca72ac6,5.55,14.667,14.773,88,6
askdocs_1uq6qco,a5bfb76253007974,7.755,17.5,15.068,70,4
askdocs_1uq6srf,eac47c5008602dc8,4.017,6.714,7.692,141,21
askdocs_1uq70k1,8cc7bc06409437b9,10.247,16.643,15.353,233,14
askdocs_1uq713a,1370765e9f5335e0,6.72,13.364,8.974,147,11
askdocs_1uq72vd,8c410d685ad13239,8.729,14.513,16.749,566,39
askdocs_1uq747a,daa3702071700228,6.059,10.125,12.353,162,16
askdocs_1uq751k,6ac3a2c3aa25e3d7,12.416,21.5,16.667,86,4
askdocs_1uq75uo,404a3f03b86efc83,6.119,14.5,10.479,319,22
askdocs_1uq765k,9adba3ce0d633c02,12.866,21.429,18.269,300,14
askdocs_1uq7bba,4de46e97d6cd558a,4.791,13.75,8.929,55,4
askdocs_1uq7d1d,77b96d5fe5527f5e,7.553,19.0,5.785,114,6
askdocs_1uq7dmw,82f071d7ec293c23,4.831,14.0,10.526,56,4
askdocs_1uq7ew3,d014cfc2b8ddb4ec,8.321,17.828,6.159,517,29
askdocs_1uq7j70,9532f2078a2c7efe,7.194,15.818,12.0,174,11
askdocs_1uq7kli,ecbe2c1342a36c56,4.327,9.556,9.091,86,9
askdocs_1uq7m42,c37483632a67e4b6,6.154,15.556,11.268,140,9
askdocs_1uq7ovu,38e4de51bed08ab6,6.266,11.0,10.734,176,16
askdocs_1uq7sbx,c1838d91948c3371,3.935,7.2,5.405,36,5
askdocs_1uq7wmu,0dfeef1016742bbe,8.171,18.2,9.189,182,10
askdocs_1uq7wnv,45590ca1c2d46015,4.245,8.5,8.046,85,10
askdocs_1uq7zmh,2138d1c2af5dba1b,10.963,17.167,17.778,309,18
askdocs_1uq80kl,b1e67beeb2968194,10.402,24.8,15.748,248,10
askdocs_1uq82a3,7c798893c85e3bfa,6.151,15.0,16.0,75,5
askdocs_1uq849m,dac6970f10e9e3b6,6.997,17.8,20.0,89,5
askdocs_1uq8b46,2c0e7f6a13289656,8.798,19.556,8.427,176,9
askdocs_1uq8evz,5943c577b6474cba,5.945,21.0,7.955,84,4
askdocs_1uq8gdc,0eb119b3c8fd1f52,4.814,14.538,12.5,189,13
askdocs_1uq8gn2,214fdcd15803f31c,73.999,187.0,10.938,187,1
askdocs_1uq8idv,7b0425ae1d9381f6,7.174,5.75,28.0,23,4
askdocs_1uq8j43,57351119d0b5a227,8.327,19.338,8.707,3887,201
askdocs_1uq8j54,f2ad10f46ae49091,8.396,20.333,16.129,122,6
askdocs_1uq8k1p,c86a6f0aa6fc757d,9.709,18.429,11.985,258,14
askdocs_1uq8lg1,f3af499077a8d52b,6.74,15.364,7.018,169,11
askdocs_1uq8qfv,1f23a7ee565c1154,10.584,24.857,6.857,174,7
askdocs_1uq8qnp,d7d3974741f9e905,4.791,11.0,15.217,44,4
askdocs_1uq8r3u,71295c77877c825f,8.32,16.412,11.538,279,17
askdocs_1uq8sil,3c2cc6a1444f338f,2.922,7.857,3.279,55,7
askdocs_1uq8ujl,4121d7bb1d8bc9c5,16.469,39.5,15.094,158,4
askdocs_1uq91ct,014ab402dd441e1f,3.927,11.333,8.696,68,6
askdocs_1uq93we,bf2903c4c0d3cca0,4.706,13.667,9.524,41,3
askdocs_1uq953z,e9f017fd04c96853,6.554,14.957,7.418,688,46
askdocs_1uq96a2,800ff3852569229f,3.361,11.0,5.882,33,3
askdocs_1uq9aby,22ad650d07950a4e,12.88,28.763,5.54,1093,38
askdocs_1uq9atg,02614bf25a2912ed,10.022,21.619,10.3,454,21
askdocs_1uq9ck1,d5347477b16dd70f,3.369,11.714,7.317,82,7
askdocs_1uq9ei7,4254591bc8e3f48e,8.407,18.667,9.249,168,9
askdocs_1uq9jf7,db0dd2dffe47298e,4.281,13.182,6.0,145,11
askdocs_1uq9jtd,0e4b70192bc78497,9.06,18.889,16.477,170,9
askdocs_1uq9jxh,145fe45c51e92eaa,13.388,31.6,7.012,316,10
askdocs_1uq9kx0,38bb6996848ecd0e,3.307,8.286,11.111,58,7
askdocs_1uq9lij,1776c413ddf15ae0,4.806,10.375,11.236,83,8
askdocs_1uq9n6a,615b3567a842c571,5.188,10.333,9.375,31,3
askdocs_1uq9uj8,e535ba3592ca5a93,4.733,9.286,13.846,65,7
askdocs_1uq9unm,4ec838b5a75db9de,8.58,18.933,8.278,284,15
askdocs_1uq9v0h,3fcabf14d9d7c390,3.221,9.333,7.143,28,3
askdocs_1uq9xzg,707f8e74e034efed,8.058,11.6,23.729,58,5
askdocs_1uq9y4e,f6c76e9b3a4afd10,6.995,20.143,5.333,141,7
askdocs_1uq9yq4,4864a0263fad7703,8.085,21.4,4.673,214,10
askdocs_1uq9zjw,112eac76559d8b23,11.571,22.583,14.26,542,24
askdocs_1uq9zxx,8c9a4403500f0712,6.74,14.333,9.091,43,3
askdocs_1uqa0ds,64099ce7e5ad3b15,8.167,18.167,4.11,218,12
askdocs_1uqa0md,361a614f6d816fd6,6.33,14.364,10.03,316,22
askdocs_1uqa0zo,9cde1a98ede596ac,8.251,16.385,12.676,213,13
askdocs_1uqa3f2,15e297ca8226c276,20.801,51.5,4.984,309,6
askdocs_1uqa3qd,1067991576a0126d,4.388,14.182,9.697,156,11
askdocs_1uqa485,8c7d9c9b87e89295,6.191,14.333,11.628,43,3
askdocs_1uqa4kl,f26398ddfc9eb586,8.358,17.771,10.329,622,35
askdocs_1uqa4wl,fe290c0e3e91db5f,9.13,18.0,13.158,36,2
askdocs_1uqa9il,b5dcedb389645bf5,7.073,12.1,12.0,121,10
askdocs_1uqaedp,6f27d3ad1227a0d4,5.741,15.4,12.346,77,5
askdocs_1uqafe4,f1434691ef5ff0cd,7.413,16.5,14.851,99,6
askdocs_1uqag8n,00bdef0b88d0fb3b,12.269,33.5,5.224,134,4
askdocs_1uqahvl,3031f599f243e70f,4.847,12.333,11.538,74,6
askdocs_1uqajfh,7c387d0c9461f1bf,5.582,12.812,10.185,205,16
askdocs_1uqajh2,a5b85609dd0630bb,8.774,14.6,7.237,146,10
askdocs_1uqajrn,4deac0fecfb5677b,1.753,6.833,11.628,41,6
askdocs_1uqajty,cce9ec0297bb1974,6.557,12.938,12.162,207,16
askdocs_1uqajux,29c3055932ea62ff,8.103,17.412,14.0,296,17
askdocs_1uqako0,7041294db081dd9d,8.28,19.667,6.78,59,3
askdocs_1uqakrp,cbc9ef2bdd80c9cc,5.462,7.875,17.46,63,8
askdocs_1uqamdh,b60f807d488d1ddf,10.127,23.4,11.885,234,10
askdocs_1uqap43,371816511df6365c,7.699,23.2,4.167,116,5
askdocs_1uqaqct,c58a613dd55aa0a8,5.595,11.0,8.889,44,4
askdocs_1uqar1z,742313357f0c28da,9.329,21.5,7.692,172,8
askdocs_1uqasar,10834577717f0649,10.777,21.455,14.228,236,11
askdocs_1uqavr2,5f1ef024e907d7f7,8.513,15.286,7.763,214,14
askdocs_1uqay41,d9013d31ffdbf4d2,8.231,18.25,9.545,219,12
askdocs_1uqb0rw,2883a7370ba8a447,6.867,12.5,11.538,100,8
askdocs_1uqb463,f9bb64b5da112ace,8.028,24.0,7.692,24,1
askdocs_1uqb4c8,80d230a96e510e2b,7.854,18.25,6.122,146,8
askdocs_1uqb567,eba85be7cb288b52,7.203,15.5,15.152,124,8
askdocs_1uqb5z8,c9e893950dc64963,7.166,16.714,11.25,234,14
askdocs_1uqb7wa,ddf3fdc2b5c6ee09,5.62,11.5,11.304,115,10
askdocs_1uqb7zu,9df084c22ef8a4c6,8.015,18.25,4.762,146,8
askdocs_1uqb909,441b02b91675a113,7.018,18.0,4.938,162,9
askdocs_1uqb9fb,1e879b58fd866a24,8.394,19.75,10.759,158,8
askdocs_1uqbc4q,f1c8e6ba7f6d792c,5.74,13.846,10.556,180,13
askdocs_1uqbcm0,1c4c0557d2155645,8.702,19.818,12.67,218,11
askdocs_1uqbfef,2723023590e47b36,10.16,22.156,6.208,709,32
askdocs_1uqbjft,65818a90839711bd,11.014,25.5,6.173,153,6
askdocs_1uqbjpd,cb32b8a647655731,5.897,8.167,8.0,49,6
askdocs_1uqbkpe,3f043eabbf034a50,8.087,17.893,11.045,501,28
askdocs_1uqblpf,5f5b7081b0aea176,8.553,14.0,11.905,84,6
askdocs_1uqbmvq,cb649f378ed8ca7a,4.813,15.0,12.903,30,2
askdocs_1uqbn86,73ccd18f23b29ba9,11.578,30.467,7.158,457,15
askdocs_1uqbqp5,188735431a99f855,8.418,17.086,14.055,598,35
askdocs_1uqbqpf,d38bd43db8359adf,6.161,18.2,8.791,182,10
askdocs_1uqbtwi,27436a748146386b,8.303,16.308,15.421,212,13
askdocs_1uqbvie,371218f21449f72e,5.827,14.933,9.013,224,15
askdocs_1uqbw0d,fc379099e3a9eaf6,6.137,16.0,6.25,32,2
askdocs_1uqbw2l,bf57083bd1c6d6be,5.9,13.5,7.895,216,16
askdocs_1uqbwd7,fc59523a2f697b52,4.041,12.429,6.522,87,7
askdocs_1uqbx3c,33a09f28da9542c3,5.818,13.0,7.692,26,2
askdocs_1uqbx6h,8cd0ab5491b5d9bc,3.827,10.286,4.167,72,7
askdocs_1uqbzsh,54b0bc8da612764c,7.862,15.125,14.516,121,8
askdocs_1uqc1ws,d518479a135093d8,9.705,22.5,11.111,45,2
askdocs_1uqc35w,1ba5b166551f8761,6.389,15.941,5.634,271,17
askdocs_1uqc41o,5ba98f3800376d70,9.68,22.833,9.028,137,6
askdocs_1uqc5p6,0e92680a1895533c,8.993,16.125,9.091,129,8
askdocs_1uqc7ia,f2955d098bf8d42d,12.378,32.0,12.5,32,1
askdocs_1uqc8je,5af032d60a77b68a,8.522,20.5,9.756,41,2
askdocs_1uqcadr,fca42d3403c8cf98,9.934,21.727,6.258,717,33
askdocs_1uqcaf8,ff76198571314f03,8.973,15.5,7.571,620,40
askdocs_1uqcaup,14db4403dfff8ef2,10.7,23.545,12.977,518,22
askdocs_1uqcepz,6d71bd5863fc4033,6.629,19.25,12.5,77,4
askdocs_1uqcf9i,75fb5439cc890133,10.224,16.759,12.253,486,29
askdocs_1uqcg0d,18370f570e8a5c5e,16.945,42.0,10.714,84,2
askdocs_1uqchju,029ba820bacfd242,7.531,17.182,5.759,189,11
askdocs_1uqcnwz,37bd531b01481038,7.829,15.0,9.89,90,6
askdocs_1uqcou7,0f7fb64ed15295bd,8.425,13.875,24.107,111,8
askdocs_1uqcpqc,54edd90e4b3cb7ae,30.924,82.0,10.345,82,1
askdocs_1uqcujj,fdbb7eb234d29083,6.295,18.5,16.883,74,4
askdocs_1uqczem,2c48db4089f853f1,7.426,16.286,14.53,114,7
askdocs_1uqczwh,ac85a48ba4480ff3,3.827,10.414,13.826,302,29
askdocs_1uqd3yk,75aaf3b4bd1af3e2,3.537,10.1,10.784,101,10
askdocs_1uqd472,d9bf54c054b70eb3,3.106,7.25,10.0,29,4
askdocs_1uqd4j3,107fa1e843556cfb,8.345,15.5,16.129,31,2
askdocs_1uqd8oy,aeb3c8c51378633c,6.447,14.8,7.175,222,15
askdocs_1uqdf6u,cea89a9dabba3bcd,10.889,21.714,9.434,152,7
askdocs_1uqdocr,2a674379b92f885f,7.293,16.5,13.139,132,8
askdocs_1uqdord,ae972c3e77d2481a,9.796,18.333,20.0,55,3
askdocs_1uqdow1,f8fc146a4b861fdc,11.263,24.25,5.0,194,8
askdocs_1uqdpgv,30ba3f44d30c30dd,20.221,45.667,13.475,274,6
askdocs_1uqdqhz,6092e60f605af755,6.094,9.625,10.127,77,8
askdocs_1uqdsgk,b32b76b5742416a8,6.276,12.542,10.272,301,24
askdocs_1uqdupj,243aa200f1bb8db7,6.716,17.556,9.877,158,9
askdocs_1uqe0s9,5d0a243e74567621,7.782,18.0,8.308,324,18
askdocs_1uqe1s7,f45fbdd4db289e8f,4.128,8.667,10.714,26,3
askdocs_1uqe247,af0787278511d7a4,4.368,9.111,14.444,82,9
askdocs_1uqe29y,0e2e6259fbc4e732,8.844,13.636,6.667,150,11
askdocs_1uqe2qm,493a7747c760d736,6.96,16.682,12.963,367,22
askdocs_1uqe3gz,6e893e12ffdf88b1,6.208,16.429,11.667,115,7
askdocs_1uqe3jz,80f68b12129f5012,12.171,25.5,7.547,51,2
askdocs_1uqe40l,6b3a60e25ef16514,5.791,15.111,7.143,272,18
askdocs_1uqe45e,101007f4adeff452,9.204,20.111,9.189,181,9
askdocs_1uqe6ua,f816516b6712dec8,2.59,7.6,5.128,38,5
askdocs_1uqe7db,d6c9daf18859f7ca,7.797,21.5,5.882,129,6
askdocs_1uqe7dt,f0b181bca277ebfa,4.582,11.2,7.018,56,5
askdocs_1uqe9ag,8f9d62037f8abfd6,17.645,43.0,13.74,129,3
askdocs_1uqea1a,382c1f52d9f068e7,7.706,16.333,10.92,343,21
askdocs_1uqed6k,2e45f2cdb88fd9a5,11.934,28.0,2.837,140,5
askdocs_1uqedhg,79fa17fa127f6455,7.645,15.273,13.143,168,11
askdocs_1uqee0x,c0a36bcbdd1ce687,2.762,10.4,30.909,52,5
askdocs_1uqefnm,e5839a11aeef5daf,16.217,44.5,5.319,89,2
askdocs_1uqei07,f9b8b84627fc1159,8.02,14.714,17.143,103,7
askdocs_1uqeje8,77144832df9226f4,5.852,18.0,6.452,90,5
askdocs_1uqekc4,7372959cb8178dbf,56.836,144.0,11.037,288,2
askdocs_1uqekln,692a47dc304e415c,4.015,8.462,8.929,110,13
askdocs_1uqelq9,c33a290d5eee9a09,8.12,18.485,11.339,610,33
askdocs_1uqengy,34266e9b08eb64c4,3.549,13.0,15.385,26,2
askdocs_1uqeo73,c3fadde6fb047f0d,5.05,9.571,14.493,67,7
askdocs_1uqeovh,f65083e625c10c85,50.496,130.5,9.455,261,2
askdocs_1uqep9i,1527563b65edaedb,13.318,35.667,6.364,214,6
askdocs_1uqerhe,c41d61fc5107aa97,9.71,16.271,14.777,960,59
askdocs_1uqerml,b3a5bf1a53a7997f,17.515,43.5,8.046,87,2
askdocs_1uqeuk8,ddab1544d0bb2dc8,2.937,9.571,7.353,67,7
askdocs_1uqevcd,6b238c63b4510459,8.451,17.75,9.174,213,12
askdocs_1uqf01k,69c1bae984d8ebaf,10.762,25.714,9.341,180,7
askdocs_1uqf1rv,b2e3711b66255ef9,6.015,13.4,10.87,134,10
askdocs_1uqf3b6,aa4d3d2c8c705bfd,6.612,14.034,8.495,407,29
askdocs_1uqf3so,9edf72fec2915d59,5.314,15.111,13.103,136,9
askdocs_1uqf4x6,cbe6b7cf595af29a,3.918,14.0,9.524,42,3
askdocs_1uqf56w,8ab0d5fa060af102,7.649,16.474,10.938,313,19
askdocs_1uqf5g9,88efb6217609e9d2,9.161,16.082,9.288,788,49
askdocs_1uqf8d2,67047f83540986e1,8.223,22.0,8.772,110,5
askdocs_1uqf92g,4fd061b20477d7ec,7.934,16.857,10.788,236,14
askdocs_1uqfa21,2df0b097e713e756,4.575,9.889,8.791,89,9
askdocs_1uqfbo3,791f1d55d198f637,2.342,9.0,14.286,27,3
askdocs_1uqfboj,97fb3de0345f5f69,9.826,21.688,11.007,1041,48
askdocs_1uqfbzl,13ce99b340378bb7,7.262,17.8,10.106,178,10
askdocs_1uqfc6q,8d7a81036e151bce,16.052,44.0,2.128,44,1
askdocs_1uqfdrt,6fd3c96254f7e40c,5.679,15.0,8.75,75,5
askdocs_1uqfexa,5f04dcba049fb0ac,10.955,23.857,6.805,334,14
askdocs_1uqfi35,58d8b4ca729d57fb,3.899,14.5,6.667,29,2
askdocs_1uqfic8,1580b0ee1553d56a,4.302,13.556,5.691,122,9
askdocs_1uqfilb,d0e7a51fd5d42fad,3.802,11.727,12.5,129,11
askdocs_1uqfkmo,53f1c96b7ae8443c,7.611,14.697,17.178,485,33
askdocs_1uqfp2o,26df78b325f7a7b2,7.472,10.333,2.5,31,3
askdocs_1uqfuqo,9c13f5f6b51f5098,7.648,13.35,11.896,267,20
askdocs_1uqfvk5,f5277e0ee81db71a,5.595,11.0,15.73,88,8
askdocs_1uqfwep,e52caa941b8fcb6d,70.259,175.0,8.475,175,1
askdocs_1uqg2j9,e0107526f4c3ffdc,6.491,11.667,22.222,35,3
askdocs_1uqg49o,d839a887c5df3d9a,6.911,12.636,10.072,139,11
askdocs_1uqg4y8,0fac06c2c532966e,15.415,33.667,12.5,101,3
askdocs_1uqg4ya,691bc67408aaa216,8.244,14.0,9.589,70,5
askdocs_1uqg69d,38ac8cf349c596d2,7.698,17.4,12.274,261,15
askdocs_1uqg9l1,162504d9d65f4185,8.688,17.125,9.602,411,24
askdocs_1uqgbgf,e431e10d350cfd64,10.229,22.182,11.067,244,11
askdocs_1uqgdlk,e2ed14102310ec71,5.085,14.286,7.921,100,7
askdocs_1uqgec7,49da4b8284550081,3.412,8.5,4.211,85,10
askdocs_1uqgiia,81788be0edf757de,4.7,13.125,8.491,105,8
askdocs_1uqgl1j,ad7baf45d05be834,4.003,13.0,5.882,65,5
askdocs_1uqgp7b,2e93d89efccb1816,8.227,17.1,9.402,342,20
askdocs_1uqgqek,ef36621c9fc6deba,4.904,8.75,10.185,105,12
askdocs_1uqgt8g,f43986aaede77266,10.409,28.667,8.046,86,3
askdocs_1uqgwgy,84e42156309a16aa,8.581,15.2,10.39,152,10
askdocs_1uqgywy,004d2808352ee5b1,10.114,23.6,15.966,118,5
askdocs_1uqgzdl,601baaab2e22ff57,36.965,99.0,6.0,99,1
askdocs_1uqh17t,c85f22b6719f5cca,7.548,15.634,12.367,1110,71
askdocs_1uqh227,5ae9d7db00aa374a,5.723,13.455,6.711,296,22
askdocs_1uqh29g,65c13da87a4162c2,5.674,14.706,9.2,250,17
askdocs_1uqh3rz,5ad716570a1061a0,8.873,14.727,6.627,162,11
askdocs_1uqh3t3,96c1d018dbd0a666,8.012,11.8,13.115,118,10
askdocs_1uqh65r,a39da1e17df79ee2,7.433,11.769,12.658,153,13
askdocs_1uqh7ca,4cf9cf9003e9a253,4.752,7.75,7.692,62,8
askdocs_1uqh9b5,8f41f871e14df103,3.957,10.5,7.619,210,20
askdocs_1uqh9m6,7c14d8754396add6,6.687,14.538,6.316,189,13
askdocs_1uqhb97,0110a01d4c3afeb5,7.681,13.875,9.009,111,8
askdocs_1uqhbma,493b3972cc4fa1db,8.327,23.0,6.628,345,15
askdocs_1uqhfpt,bf6e17eb068bd3d0,7.388,17.895,8.708,340,19
askdocs_1uqhk6k,0aa039c74c4456dd,6.281,12.375,13.725,99,8
askdocs_1uqhkf9,09ceeb38825b7cc8,11.566,11.538,17.219,150,13
askdocs_1uqhol3,2de677f5b05b5221,6.02,15.2,3.896,76,5
askdocs_1uqhq32,11818354ae67dfbd,4.152,8.5,5.66,51,6
askdocs_1uqhsa6,e388477057537c04,4.088,11.438,8.021,183,16
askdocs_1uqhvek,16c56b4306287a10,6.431,17.077,5.804,222,13
askdocs_1uqi0e9,4d0871c2a6d94fa3,2.071,7.0,3.922,49,7
askdocs_1uqi0ey,faee7917b0d29d80,6.312,14.1,7.692,141,10
askdocs_1uqi1cw,8d69bc9eb89c2be3,7.06,17.37,10.603,469,27
askdocs_1uqi2pk,5ae72f2024e3b591,4.409,14.0,10.526,56,4
askdocs_1uqi4zl,038dfb15a31fa9e0,4.228,13.647,12.236,232,17
askdocs_1uqi8wn,6571625e0d471bb9,9.7,21.909,12.648,241,11
askdocs_1uqi91o,0e00cfe709e3557d,5.649,11.667,7.692,70,6
askdocs_1uqialv,1dc0b675b073786e,10.192,19.25,8.805,308,16
askdocs_1uqiaw0,d4e0e3949c78095f,6.204,16.4,4.819,82,5
askdocs_1uqiboe,74b1315ea6d0a03a,14.866,26.278,11.02,473,18
askdocs_1uqiea8,e9eee24618586b3e,9.556,20.0,16.832,100,5
askdocs_1uqig37,d4e36ea0370ccd12,10.235,25.4,6.46,381,15
askdocs_1uqil3q,fa0dfbb88487021d,5.102,13.5,8.014,270,20
askdocs_1uqip9u,5891e0ca734f50b4,14.905,20.947,16.949,398,19
askdocs_1uqiug4,32ec274ba3795aed,10.061,24.444,10.762,440,18
askdocs_1uqivlj,7800ebefc70d1de3,6.656,14.3,8.276,143,10
askdocs_1uqiy70,4d914a6e204cb6d5,4.259,11.083,9.929,133,12
askdocs_1uqiykp,3316b2e4a1a9e7fd,8.592,15.077,11.33,196,13
askdocs_1uqiz7n,87f099f7853ac6aa,5.929,15.933,7.171,239,15
askdocs_1uqj1h1,c2c96f8bf4cb1354,10.904,21.778,12.626,196,9
askdocs_1uqj2ah,9a9288ca1b257f2e,4.823,8.875,6.579,71,8
askdocs_1uqj2j5,226898353aa52b70,6.958,9.111,10.588,82,9
askdocs_1uqj6fe,e82fedede5446b52,7.137,17.5,10.185,210,12
askdocs_1uqj6o2,1da7e30c46f67aad,8.119,16.588,5.556,282,17
askdocs_1uqj8cr,3809d933e0bab192,8.856,17.0,9.804,51,3
askdocs_1uqj8li,c6c816b523426418,7.008,18.727,9.091,206,11
askdocs_1uqjfh6,00fed40054f00877,2.077,10.0,6.25,30,3
askdocs_1uqjhzx,de61be4f2bb73ae8,7.967,19.778,8.427,178,9
askdocs_1uqjjxh,f1fbe006d9c52f9d,5.7,16.125,13.235,129,8
askdocs_1uqjkvx,6f448a849ad20e6b,10.563,15.676,11.405,580,37
askdocs_1uqjlf8,5da7062a28bbf174,6.334,17.8,8.55,267,15
askdocs_1uqjlsz,12d20bdf5c1a2794,6.191,12.2,9.375,61,5
askdocs_1uqjmg5,08aedd8027e12f61,9.894,23.5,9.524,188,8
askdocs_1uqjpf4,634f2306620ba326,13.568,26.4,19.565,132,5
askdocs_1uqjqjq,0d490bf361fdac3a,4.813,15.0,6.452,30,2
askdocs_1uqjrek,6e6d767dec0e8241,12.064,26.929,4.987,377,14
askdocs_1uqjw7a,49c28e167f2d7909,9.63,19.158,8.479,728,38
askdocs_1uqjwcf,4b40087bf2e29db7,5.485,20.0,4.878,40,2
askdocs_1uqjzlj,06c4c05ac31c0200,7.045,24.0,1.923,48,2
askdocs_1uqjzlv,2d763a6e7e3c5e26,8.896,24.5,13.725,49,2
askdocs_1uqjzxi,b4426054d225f12f,18.306,50.0,3.922,50,1
askdocs_1uqk4bc,02856aa8392572f7,5.485,11.444,12.5,103,9
askdocs_1uqk4x3,2327a1298b3eafec,9.066,19.556,6.557,176,9
askdocs_1uqk52u,dccdcf6f451eb315,7.766,18.286,11.628,128,7
askdocs_1uqk5g7,5c57e5fb9616a74e,4.845,11.64,10.231,291,25
askdocs_1uqk90j,4cea89b0cacbfbe7,10.306,15.65,13.65,313,20
askdocs_1uqkaaq,5386d8abf3a468b1,12.477,26.0,12.727,104,4
askdocs_1uqkbl0,d592ce7405fc7d18,8.971,22.333,10.294,67,3
askdocs_1uqklca,09653188b9950df8,8.789,23.273,4.962,256,11
askdocs_1uqkn2o,3b8e082d6eb969b5,6.774,14.917,12.432,179,12
askdocs_1uqknhq,438553d19854d18f,7.873,18.667,8.638,280,15
askdocs_1uqknst,1a10c1393ea11ecd,13.526,15.143,15.138,212,14
askdocs_1uqkoqo,e4f4dea709d76bdf,7.674,18.286,10.078,128,7
askdocs_1uqkr52,be37b4f9c30bf629,4.83,10.0,16.667,130,13
askdocs_1uqkrhd,3edcd58844d05f51,6.384,17.857,7.031,125,7
askdocs_1uqkyek,69db12698ed80594,6.396,9.125,14.474,73,8
askdocs_1uqkzhj,15d3fd5332851ef3,7.633,19.571,17.73,137,7
askdocs_1uql054,09ddea1fafc3ea12,8.842,16.0,11.94,192,12
askdocs_1uql19m,11b4f157dff8947e,30.655,80.0,2.353,80,1
askdocs_1uql2bg,6ffc34bcf519a50f,12.376,30.75,4.858,246,8
askdocs_1uql5ln,2d24cfd161e7f5d2,13.628,35.5,11.189,142,4
askdocs_1uql8ry,6eb4da1581905938,7.963,14.75,15.254,59,4
askdocs_1uqlaya,d1e9dc4d22032dc6,11.483,25.375,13.253,406,16
askdocs_1uqldxh,8a30b065bd1d955f,5.579,13.45,11.594,269,20
askdocs_1uqlemv,cc4ed1454dff8f99,7.029,13.0,11.058,195,15
askdocs_1uqlfca,e645465fa4f72c9b,3.218,9.167,9.091,55,6
askdocs_1uqlj07,bf3454d662f06516,5.527,12.355,9.326,383,31
askdocs_1uqlkph,b105e985462012e2,8.679,16.714,10.317,117,7
askdocs_1uqln25,9b6eb0fcb46816bb,8.618,20.5,11.811,369,18
askdocs_1uqlnca,0995435b99a61d59,13.4,26.704,10.176,721,27
askdocs_1uqlo30,cc225bd6e0a6c831,9.925,21.0,7.812,126,6
askdocs_1uqltkh,62a7aafc9ca27335,2.764,8.333,9.333,75,9
askdocs_1uqlve4,0ce0fbb41b6dabac,8.867,16.5,9.639,165,10
askdocs_1uqlvkp,66381699bf5081b3,8.934,17.878,12.402,876,49
askdocs_1uqm0ld,f8ad7fc442da41d3,6.874,14.25,11.299,171,12
askdocs_1uqm4e1,75eab80a022edf4c,4.862,19.0,5.128,38,2
askdocs_1uqm5r7,28521b7126119f8f,11.178,20.375,12.717,163,8
askdocs_1uqm6vk,a419f8b9101d197d,9.114,15.375,4.688,123,8
askdocs_1uqmaho,c51b3482e67edd92,7.732,15.125,10.298,363,24
askdocs_1uqmi6c,33986d32a869562b,9.809,18.625,9.868,149,8
askdocs_1uqmlmi,4cb45944e095e694,8.612,18.875,7.166,302,16
askdocs_1uqmmoe,9f6ba56290d88991,8.22,12.875,14.563,103,8
askdocs_1uqmniv,969ce1a25d21a5b2,8.487,17.946,13.582,664,37
askdocs_1uqmvz6,d4730c137524df15,9.537,14.0,11.905,42,3
askdocs_1uqmw8n,79dc0ac80d58a12e,26.008,64.333,11.224,193,3
askdocs_1uqmy97,c18a02bf90a74348,7.664,11.769,9.877,153,13
askdocs_1uqn2g1,feef392744f8e3f3,11.766,27.0,5.505,108,4
askdocs_1uqn2i9,b07d821b127afb07,6.784,16.043,8.786,369,23
askdocs_1uqn52s,000d62a8706a546e,8.21,16.556,9.615,149,9
askdocs_1uqn5x8,7179e09492770219,8.481,11.138,17.302,323,29
askdocs_1uqn7ln,9af1f9849edb165a,7.472,22.0,13.636,22,1
askdocs_1uqn8a3,7ddf67a11adbb214,16.783,31.0,16.393,217,7
askdocs_1uqnaxr,3e5a9b0ba348fce6,16.392,39.6,5.941,396,10
askdocs_1uqnc9b,94f1075c37682bd8,5.464,14.818,7.879,163,11
askdocs_1uqnddh,924776a3ceff2946,5.91,15.333,8.081,92,6
askdocs_1uqne3s,1ade73247352b5f5,22.337,54.5,7.08,109,2
askdocs_1uqniis,d4b03f08f306e332,8.495,13.3,11.654,266,20
askdocs_1uqnli1,4c101d0eb412018a,62.562,159.0,11.55,318,2
askdocs_1uqnmh6,7a7d89c37daf23a1,7.364,17.786,6.375,249,14
askdocs_1uqnrla,8ae75cf356ae25c9,6.819,13.6,8.714,476,35
askdocs_1uqnsbn,226b10d247822829,10.948,28.5,11.304,114,4
askdocs_1uqnt8t,7a774c90c00387c8,2.59,13.333,7.5,40,3
askdocs_1uqnuq9,0a03031a4eb2703d,6.441,21.25,1.754,170,8
askdocs_1uqnwwy,f77313d06eb476e0,10.103,18.654,11.475,485,26
askdocs_1uqnxhc,159585a15b29a342,6.112,11.8,14.173,118,10
askdocs_1uqnyfe,dcc547ac0411ccbb,15.791,37.714,7.519,528,14
askdocs_1uqnzd7,33468e737d443d8f,14.329,16.875,17.204,270,16
askdocs_1uqo0e2,01b5162b303cd772,15.458,29.182,15.964,321,11
askdocs_1uqo1p2,57ec50eaf9933b48,18.595,40.0,4.878,40,1
askdocs_1uqodb3,d76cc11b452938ee,7.699,17.0,14.286,34,2
askdocs_1uqodir,79bf13f4f0ef33fd,18.611,33.286,20.238,233,7
askdocs_1uqoeo2,561fe9ccb1547d72,14.614,32.8,11.515,164,5
askdocs_1uqohv9,9136fe9b1f13edfe,7.21,21.0,0.0,21,1
askdocs_1uqom60,58903fe80a9e091d,75.553,194.5,10.66,389,2
askdocs_1uqoonh,71e939178f4b1c50,3.965,9.933,11.333,149,15
askdocs_1uqorj7,126446290a4474f4,4.628,13.778,7.031,124,9
askdocs_1uqos0v,a17598728af49f50,8.447,13.667,19.277,82,6
askdocs_1uqp6eh,89f3e7b0750b7c6d,6.459,9.571,8.0,67,7
askdocs_1uqpkpq,ad5d288eafc50366,12.654,36.0,12.613,108,3
askdocs_1uqpox2,52c543ba183631e5,7.446,19.5,7.5,78,4
askdocs_1uqptsi,ef456e05405fbae8,2.486,7.111,10.769,64,9
askdocs_1uqpuou,4c3c370fa891cf8d,0.289,7.0,8.333,35,5
askdocs_1uqpvz5,de854e475e9f3f44,8.135,16.824,9.31,286,17
askdocs_1uqq1pi,c91f5875eb74395b,6.665,14.517,8.578,421,29
askdocs_1uqq46v,17b9359fd5d3f9c1,9.414,19.2,9.184,192,10
askdocs_1uqq6t7,1ee7770c6fd21660,8.336,11.824,13.539,402,34
askdocs_1uqq92n,4eaa364e12b08640,11.209,35.0,14.286,35,1
askdocs_1uqqen9,091752662fb9e242,13.125,30.167,4.372,181,6
askdocs_1uqqgwb,263a553b115a9033,7.082,15.125,15.2,121,8
askdocs_1uqqnnr,7187bb272d463702,7.296,13.667,7.143,41,3
askdocs_1uqqoai,c08fbb0e98fc5803,8.656,19.5,9.524,39,2
askdocs_1uqqpcc,639a994bae4a194a,2.896,11.2,7.143,56,5
askdocs_1uqqq9f,10e85d93b3c6cff5,21.146,54.5,14.545,109,2
askdocs_1uqqqrr,c05e4e360629b2cc,5.812,12.818,13.103,141,11
askdocs_1uqqreb,af3e5494c5653671,4.209,12.333,12.821,74,6
askdocs_1uqqwga,fbb0524c4f6e94f7,6.61,15.19,8.0,319,21
askdocs_1uqqx5h,dc79659d87bde135,4.616,12.231,12.121,159,13
askdocs_1uqqz88,84814d281f8e352b,4.915,15.636,10.734,172,11
askdocs_1uqr292,f7f322479e139ea4,4.991,12.9,3.876,129,10
askdocs_1uqr550,79a29d2883c01eba,8.438,17.6,8.152,176,10
askdocs_1uqr7ml,bc20ae6ef1f83af1,8.147,18.0,21.053,36,2
askdocs_1uqra0y,c16394154dbc4de7,7.812,17.143,11.57,120,7
askdocs_1uqrb55,6bd196cc65efe70a,7.026,17.389,9.756,313,18
askdocs_1uqrb6o,e1690393f50215e9,4.911,13.636,6.0,150,11
askdocs_1uqrc0l,45f2c6946a7f59f9,1.031,9.0,3.636,54,6
askdocs_1uqrh64,f0e664f88d061140,8.467,16.053,12.298,305,19
askdocs_1uqrp04,d21b0da38295e24a,8.126,18.667,15.517,56,3
askdocs_1uqrs9l,487c0401e0a66cb4,5.568,13.143,16.129,92,7
askdocs_1uqrsqy,83319d76ba83781c,6.247,13.462,11.475,175,13
askdocs_1uqrvp5,a9315080314276ed,6.057,12.467,12.105,187,15
askdocs_1uqs0uy,d53b13ae52af1918,10.25,18.294,14.734,311,17
askdocs_1uqs86x,6984a044e9479e17,8.226,19.333,12.069,58,3
askdocs_1uqsb70,84c864c214f14dd7,12.226,32.333,9.184,97,3
askdocs_1uqsbz6,8ae262d56476f11d,11.224,23.125,6.806,185,8
askdocs_1uqse5j,580e27bcd9b2e462,8.469,13.792,14.497,331,24
askdocs_1uqsfc3,43239e58c930d3b2,4.269,11.25,15.217,45,4
askdocs_1uqskwv,ad9b25d4b3cf9adb,12.64,27.0,10.909,54,2
askdocs_1uqslok,91a3e4348a9bc61a,10.859,24.556,10.268,221,9
askdocs_1uqsof4,3649ca5dc15a761e,8.996,15.733,14.176,236,15
askdocs_1uqsrcv,2d8d17cbe11e1a4f,7.124,16.824,11.204,572,34
askdocs_1uqstli,2cf355e7b6957251,5.738,10.714,29.87,75,7
askdocs_1uqt6m5,8d818ea22d2cf001,7.227,18.077,6.329,235,13
askdocs_1uqtanr,f052296446e52dc2,6.37,20.0,4.762,40,2
askdocs_1uqtm4a,9177601012288604,9.249,21.684,10.723,412,19
askdocs_1uqtpss,d78dc6ad175662f2,9.728,21.449,10.904,1051,49
askdocs_1uqtwd2,30d84e1679191fa7,5.884,14.0,10.714,28,2
askdocs_1uqu0nc,95aec01e90bc433b,7.248,13.4,18.056,67,5
askdocs_1uqu30t,ad56a53358eb1ff6,4.525,10.25,0.0,41,4
askdocs_1uqu3e9,aab4e17a0e20afe4,8.602,24.0,6.897,144,6
askdocs_1uqu5xo,494cab3783f1e63a,8.703,18.429,7.692,129,7
askdocs_1uqu7hz,953c5f5135b9e172,4.353,10.2,5.556,51,5
askdocs_1uqu7il,dba16bd4733b9220,14.001,34.0,12.8,612,18
askdocs_1uqu850,107b54510d035241,13.718,34.469,7.767,1103,32
askdocs_1uqub45,c83000c844eba510,3.67,7.167,13.333,43,6
askdocs_1uqueea,85c366a47c67916d,12.902,25.724,9.555,746,29
askdocs_1uqueep,0659799383d2a175,13.678,36.5,5.333,73,2
askdocs_1uquf0g,6e7f378903712030,5.497,12.667,19.512,38,3
askdocs_1uqug18,d93e6c6a63108f27,4.129,10.6,9.434,106,10
askdocs_1uquh20,1a03e5b9cd6add0d,7.604,20.706,10.803,352,17
askdocs_1uquhlk,5804ba49adbf677c,8.912,8.457,22.04,1167,138
askdocs_1uquk9b,efe5ea041c890adc,10.299,22.154,5.96,288,13
askdocs_1uquleg,acbaafec066d69ce,8.036,9.292,8.547,223,24
askdocs_1uqus2g,f8f0572b07e4235f,6.949,16.6,8.333,83,5
askdocs_1uqusj0,d4c1cfd90f749837,12.557,35.0,4.464,105,3
askdocs_1uqustb,5dc413a66ee169d0,8.204,16.263,9.265,309,19
askdocs_1uqutxk,9b456fcb59aa63c8,15.041,35.5,16.901,71,2
askdocs_1uquumw,27db26f473da8ca5,9.201,22.6,9.565,113,5
askdocs_1uquvvu,ce29ac891d72c422,10.341,23.0,7.073,391,17
askdocs_1uquxoq,bb485e7373ea5f0b,9.488,15.867,9.833,476,30
askdocs_1uquy97,275cbe5e22ecd8a3,7.746,14.333,8.088,129,9
askdocs_1uquz14,8738dfc4cbf00d56,4.238,10.5,0.0,42,4
askdocs_1uquzcz,2db93017548c2e1e,8.467,16.3,10.204,326,20
askdocs_1uqv2b3,fa4fb82e00a6bb40,13.674,15.5,16.372,217,14
askdocs_1uqv4hh,da4151094258c99d,8.983,20.0,10.638,140,7
askdocs_1uqvbj8,df462bdbe68ea6c5,9.418,24.333,10.526,73,3
askdocs_1uqvdjk,74f00ee2a063f786,4.447,10.909,12.648,240,22
askdocs_1uqvemy,5842e3bc6c693b2e,12.483,22.111,24.823,398,18
askdocs_1uqvgea,842c6abd7392f20e,8.497,15.933,4.167,239,15
askdocs_1uqvhon,a55678b22fd464d1,7.424,11.0,9.016,121,11
askdocs_1uqvknq,52c29e4366ecdc18,8.591,12.438,19.704,199,16
askdocs_1uqvl01,fbdd5cf8eb698689,9.995,20.8,8.974,312,15
askdocs_1uqvrzn,811c28a7b7e69bfe,5.151,12.0,13.889,36,3
askdocs_1uqvsaz,3a0674847ede57d3,7.155,16.733,13.834,251,15
askdocs_1uqvshb,db6007072bea498a,7.428,14.667,7.807,264,18
askdocs_1uqw8e4,7721cf388f336772,7.921,19.333,11.667,116,6
askdocs_1uqw8kr,b924ac41f69e9e9f,10.668,16.75,19.807,201,12
askdocs_1uqwcof,3d455bac0d84751d,7.613,13.231,13.889,172,13
askdocs_1uqwfc7,791c302898c06dec,18.888,42.667,12.121,256,6
askdocs_1uqwgv5,f5fe80619e7b36e0,6.677,19.125,7.143,153,8
askdocs_1uqwh3t,9471257f2dc6dbb4,19.163,35.429,22.642,248,7
askdocs_1uqwh70,8a77472fc7ecb5ba,4.585,13.429,11.702,94,7
askdocs_1uqwjd8,762e21f96ab592db,6.387,19.5,6.329,78,4
askdocs_1uqwkjb,5382d2dd0f990199,11.245,25.5,9.615,51,2
askdocs_1uqwlig,8d07672f9716c576,9.483,18.067,15.054,271,15
askdocs_1uqwnsy,1a278fdaedc3890a,9.939,24.2,8.0,121,5
askdocs_1uqwr85,429227e84311e82e,4.667,12.273,5.517,135,11
askdocs_1uqws7g,bf8c6156f6154389,8.294,19.034,6.786,552,29
askdocs_1uqwus2,a44d530ca937a524,3.182,11.0,12.5,22,2
askdocs_1uqwwj1,d52d043888cf2299,0.876,8.333,0.0,25,3
askdocs_1uqwzl1,a6849fb5807d99eb,6.406,15.188,11.905,243,16
askdocs_1uqwzv3,1b94e8e413819960,7.446,14.214,7.882,199,14
askdocs_1uqx5gb,8bccaa974b819f65,7.95,18.091,10.9,199,11
askdocs_1uqx5pq,625e46eaeb65e0f0,6.51,14.429,8.257,101,7
askdocs_1uqx66c,8528c90506688f50,5.892,16.0,6.25,48,3
askdocs_1uqx728,89d706f50a927e4a,6.093,11.526,11.203,219,19
askdocs_1uqxamc,3ad1bf8cd96913c3,1.031,9.0,3.704,27,3
askdocs_1uqxbjw,545455c036855364,5.142,12.391,10.417,285,23
askdocs_1uqxgt6,6ed0ddc8300a4886,7.802,17.462,10.924,227,13
askdocs_1uqxiw1,a1cc5745e29a568a,7.921,20.375,4.142,163,8
askdocs_1uqxkr8,c152eb971626b19a,6.723,13.812,9.735,221,16
askdocs_1uqxort,24ee39075334fce9,7.813,16.462,11.504,214,13
askdocs_1uqxsx8,1ee23b8f3c97c868,8.916,22.542,7.735,1082,48
askdocs_1uqxti3,60c860b62fab9c62,93.32,239.0,10.442,478,2
askdocs_1uqy3ac,bb923150c36a5ada,5.04,9.643,14.189,135,14
askdocs_1uqybnx,54653eff49f2e35d,9.424,16.077,12.67,209,13
askdocs_1uqydfu,70c311f4c12359fc,6.893,13.8,11.429,138,10
askdocs_1uqyfqn,c54561914d3b9df3,3.653,9.0,5.556,36,4
askdocs_1uqyio2,bb0e49c36f9f455b,5.102,10.467,15.625,157,15
askdocs_1uqytsj,6740a9811a3c8cca,6.84,14.7,8.0,147,10
askdocs_1uqyxq4,f0d81a4257bef383,7.047,17.286,4.724,121,7
askdocs_1uqz7yz,79bfc6b42e868ecd,12.774,27.4,5.851,548,20
askdocs_1uqz8sx,1c94144422512db2,6.806,12.769,25.0,166,13
askdocs_1uqz93d,59792f85796d879b,12.753,27.4,6.028,548,20
askdocs_1uqz96l,fd9e37b4950f55e7,10.835,20.062,17.879,321,16
askdocs_1uqzjqh,dab17b55d4bcda9a,10.554,27.667,9.639,83,3
askdocs_1uqzkga,b94d28b50075de20,17.714,43.0,10.405,344,8
askdocs_1uqzphz,aee1ff60246edf20,6.201,14.962,11.307,389,26
askdocs_1uqzrx8,d3b61336572c4af0,5.731,14.5,10.744,116,8
askdocs_1uqzu76,d43a9e3584ab6392,4.71,6.667,17.391,20,3
askdocs_1uqzw9u,9b25e4062cca220c,9.588,21.2,11.368,1060,50
askdocs_1ur00z8,393646397d46dd44,5.408,13.5,7.407,27,2
askdocs_1ur01gc,6dbff65e763dfeac,4.505,11.7,7.812,117,10
askdocs_1ur0231,46f444f6ade21845,6.228,12.0,10.588,84,7
askdocs_1ur04m8,f4ca007f54571fc5,7.942,13.938,11.57,223,16
askdocs_1ur0964,a81304e32ab7d18c,16.822,43.0,2.326,43,1
askdocs_1ur096w,d5524e8fd03aefcb,5.258,12.8,10.606,64,5
askdocs_1ur0bdl,9d02eb743edfe259,5.668,10.556,4.124,95,9
askdocs_1ur0dz4,3e414b885f7a43fa,10.015,21.4,7.339,214,10
askdocs_1ur0geh,3a93de06de12440b,5.659,12.833,7.595,77,6
askdocs_1ur0j87,15613d466ae01fa9,6.796,14.286,10.526,200,14
askdocs_1ur0m03,5a39478d5f8e4418,7.094,17.75,12.273,426,24
askdocs_1ur0n4f,42e75a5da904b920,6.648,21.0,9.524,21,1
askdocs_1ur0p7f,5a7752c528fd1a96,6.441,14.733,9.011,442,30
askdocs_1ur0sol,b6b31b8bea588ba0,8.187,20.25,11.243,162,8
askdocs_1ur0t0m,e4139a7271a63039,1.624,7.294,5.882,124,17
askdocs_1ur0w9n,c9d5f50aa1122f1d,4.336,12.8,2.326,128,10
askdocs_1ur0wtg,a1e7c9433a2318c2,3.504,11.0,6.78,55,5
askdocs_1ur0yri,2e7e9bca6d391f3e,6.452,14.625,9.244,117,8
askdocs_1ur0yyh,123f9069b8034f28,6.227,10.375,9.302,83,8
askdocs_1ur121i,fafcd0ca373e37eb,10.136,15.889,18.284,429,27
askdocs_1ur12sj,090d9d00aa2c2dc0,6.049,13.125,7.583,210,16
askdocs_1ur13b1,57f15270a6265a64,9.102,20.833,12.8,250,12
askdocs_1ur14l2,8682818d26873e9d,5.471,15.6,5.128,78,5
askdocs_1ur1b68,762e59d0662def9c,11.225,28.2,8.966,141,5
askdocs_1ur1fjt,cbb88f402d33e680,11.91,26.0,4.63,104,4
askdocs_1ur1m6t,cbb71a240245b63b,6.032,7.857,7.965,110,14
askdocs_1ur1n7r,53235e48ec968332,5.331,14.6,7.817,365,25
askdocs_1ur1ofa,fb4911049b6a2d91,6.865,15.55,6.116,311,20
askdocs_1ur1qtp,22633d95345da610,8.598,16.222,15.686,146,9
askdocs_1ur1u4m,07c9f3f07e197621,12.264,30.5,9.6,122,4
askdocs_1ur1uw0,f9186e686ea913a5,6.424,13.0,19.512,39,3
askdocs_1ur1w45,8d0e246814c38cdd,6.345,13.308,13.714,346,26
askdocs_1ur1xjx,747e7bfc387be20b,8.455,17.8,3.297,89,5
askdocs_1ur1xlf,a07ceb16bd08084d,6.89,18.6,5.319,93,5
askdocs_1ur21h5,e1463a2f92af28b0,8.804,22.158,7.346,421,19
askdocs_1ur2d5h,8757d331ac0c2b13,7.981,12.318,16.484,271,22
askdocs_1ur2dst,82865968f1379cdb,6.36,16.25,6.154,65,4
askdocs_1ur2fia,d37d287d9946292f,5.286,12.133,13.228,182,15
askdocs_1ur2iyy,929e8adf37c31b08,10.817,25.667,27.5,77,3
askdocs_1ur2m41,5713a3e2dcade61d,9.696,23.75,8.377,190,8
askdocs_1ur2nn3,dcc98fdc800f01b6,7.605,18.429,7.692,129,7
askdocs_1ur2nxz,64b638cb075bee9d,11.429,21.353,10.933,363,17
askdocs_1ur2ofa,9c95bac5092dcead,6.465,15.0,12.0,75,5
askdocs_1ur2ot0,0c8a9d9007939af8,5.766,11.791,9.144,507,43
askdocs_1ur2rgf,8bbd6054217becb1,6.59,12.846,11.111,167,13
askdocs_1ur2rt2,a7aadf478bc644ec,5.891,10.75,19.318,86,8
askdocs_1ur2tii,1ededceb44fa5c6f,19.847,48.0,9.524,144,3
askdocs_1ur2xwj,ec2eb2d0f6cd784d,8.633,19.588,12.5,333,17
askdocs_1ur30nb,ac3d71e057bfd9e8,2.825,11.143,12.048,78,7
askdocs_1ur33pc,eac49d9cec5bd7ba,6.176,13.562,4.484,217,16
askdocs_1ur340v,91c9416346de746d,12.439,20.3,18.433,203,10
askdocs_1ur399u,0894e8be52365320,12.86,20.0,31.818,20,1
askdocs_1ur3cio,72573f6f88b0d7f3,10.894,16.882,19.463,287,17
askdocs_1ur3dn7,d8da5f1aec160e80,5.047,10.556,12.5,95,9
askdocs_1ur3ic0,f2fd082144ca5f48,9.743,24.25,12.082,388,16
askdocs_1ur3lt5,5a9ad4de837f2653,4.696,9.333,11.864,56,6
askdocs_1ur3t8i,bff148bb7abc90fa,10.483,21.778,10.526,196,9
askdocs_1ur3uge,53031eb2a14b210b,5.627,13.5,16.364,54,4
askdocs_1ur3vtp,d0da2fb5a18ee2d5,2.285,7.417,12.36,89,12
askdocs_1ur417a,af854d619b6b0b2d,6.737,12.714,6.667,89,7
askdocs_1ur44u3,4ff8f031ae7fc756,11.379,34.0,10.294,68,2
askdocs_1ur45j9,5718ad089d1fd7d8,6.613,12.167,5.479,73,6
askdocs_1ur45t3,aa76e4ef8071b473,8.093,12.65,12.687,253,20
askdocs_1ur47kj,5525e5e464c0c59c,8.045,18.833,8.333,226,12
askdocs_1ur4aez,af100fa56540bbd4,8.345,15.636,12.0,172,11
askdocs_1ur4aob,fd10dc5f9623a139,5.811,15.684,12.052,298,19
askdocs_1ur4blq,5cce4b032f022772,7.112,18.714,12.121,262,14
askdocs_1ur4ef2,5b1fd62b4ff44bd0,8.312,18.8,7.0,94,5
askdocs_1ur4f7q,662e6540e90a1c46,10.046,20.2,6.604,101,5
askdocs_1ur4h1o,2b7b4134f8ba58db,11.016,22.5,11.111,45,2
askdocs_1ur4ia8,4615290d1c71966f,7.946,20.5,10.345,82,4
askdocs_1ur4jqv,45a1d90899712c95,15.884,41.75,10.989,167,4
askdocs_1ur4kb1,1af33f3f30eb0b14,4.255,11.0,8.955,66,6
askdocs_1ur4kny,15682d1c116d1ef8,9.154,24.571,7.143,172,7
askdocs_1ur4no3,b21da9c52e577e45,8.662,16.8,14.368,168,10
askdocs_1ur4pc2,1142f3d2c674a013,12.81,29.0,10.345,29,1
askdocs_1ur4ty3,aaac72cedc7d696f,10.312,18.4,9.434,92,5
askdocs_1ur4zw1,312316efa9c9f04c,8.847,20.895,12.289,397,19
askdocs_1ur50bu,2ff5de3c83d5fd18,8.93,16.889,17.647,152,9
askdocs_1ur52b9,338a616d64a9bf23,8.542,16.417,7.389,197,12
askdocs_1ur534b,2c79e3940dd6637a,7.508,17.333,7.692,52,3
askdocs_1ur57i0,4db2b557d65d0293,8.283,20.75,6.024,83,4
askdocs_1ur58h0,41ca979eda8429a5,13.613,30.0,10.938,60,2
askdocs_1ur5bie,666d5fdfec657c99,10.296,17.125,11.273,274,16
askdocs_1ur5bng,363cdbc1722c3751,9.433,15.667,17.483,141,9
askdocs_1ur5o52,470a04d7f442272d,6.493,14.143,10.577,99,7
askdocs_1ur5oky,082d5b2ef7020848,8.435,20.455,8.889,225,11
askdocs_1ur5san,40919f97d42fcb24,10.528,23.429,9.942,164,7
askdocs_1ur5ubm,967fd2a9f55ecf4f,7.259,16.167,10.101,97,6
askdocs_1ur5und,1cd42a0c775fadc4,9.623,24.167,5.96,145,6
askdocs_1ur5xz7,b1f51505f45e890e,10.408,16.067,15.686,241,15
askdocs_1ur60p3,227c2804d6a93ef7,6.92,18.778,14.159,338,18
askdocs_1ur61mq,0970d5c3bf6200fb,5.833,15.25,14.286,61,4
askdocs_1ur61rm,83d7b8e4e4e4d7bb,7.836,15.444,3.521,139,9
askdocs_1ur63cl,9b070663f053bc1f,8.161,18.438,9.831,295,16
askdocs_1ur65hq,2f25d2c803195e4d,5.854,13.625,9.821,109,8
askdocs_1ur66so,96bcbbb67d19b048,7.798,17.0,15.966,119,7
askdocs_1ur69al,d6e72be101598594,7.846,15.722,8.681,283,18
askdocs_1ur6d1v,286d53065ab2cd5d,5.27,9.667,19.355,29,3
askdocs_1ur6d3n,0c042e1c16333da9,7.274,22.25,10.0,89,4
askdocs_1ur6da9,3d02b2954e092a23,6.282,13.5,19.643,54,4
askdocs_1ur6dft,2015ae6f07eb378c,8.558,23.833,10.667,143,6
askdocs_1ur6ewe,9026b8ad1d95b23c,8.206,19.0,11.694,247,13
askdocs_1ur6fb0,32b6e8ce14d4580d,7.146,15.938,21.094,255,16
askdocs_1ur6jx6,4f1575c05d7202db,8.265,12.0,25.0,24,2
askdocs_1ur6k4v,95b7f681003b759b,7.99,20.556,11.892,185,9
askdocs_1ur6nop,98c8074927f9dc95,2.765,10.0,17.073,40,4
askdocs_1ur6qw2,e64b4d056aff8e40,7.675,15.375,7.087,123,8
askdocs_1ur6vbr,21bd495b3a9159a5,3.902,8.667,9.259,52,6
askdocs_1ur6wco,3b82fbf0c95c0e2d,8.67,21.444,11.443,193,9
askdocs_1ur6wsq,f9fe5d232c0fcc49,7.532,11.0,12.745,99,9
askdocs_1ur6xjs,f813fd69bbe46a20,7.479,12.81,14.539,269,21
askdocs_1ur6yf2,c499c2cb5f46e67e,12.704,29.75,11.264,357,12
askdocs_1ur760h,79bbedb7d261ad02,7.645,15.643,9.211,219,14
askdocs_1ur77k8,5161105f223ed098,12.289,26.667,10.843,160,6
askdocs_1ur77v8,04ae879a2eb570a3,5.344,10.435,11.57,240,23
askdocs_1ur79t8,ca9f9f5dccc81348,11.576,20.6,15.238,103,5
askdocs_1ur79xl,d0afa57ad6efeead,6.868,14.0,9.89,84,6
askdocs_1ur7ccy,98c6eb7425cb1124,4.004,10.0,12.959,500,50
askdocs_1ur7cvr,a8328e88b05e0147,6.126,15.929,11.454,223,14
askdocs_1ur7d0c,7802f12b52dfb572,10.591,24.312,12.609,778,32
askdocs_1ur7fqo,1798fab569f08a5a,8.569,17.833,11.954,428,24
askdocs_1ur7fzz,24e72b5e363ab226,5.006,11.6,12.0,116,10
askdocs_1ur7g29,4b7e2bd0d24c0a00,7.418,15.556,9.804,140,9
askdocs_1ur7g9m,51a38cbaca2a26d4,10.063,19.16,12.22,479,25
askdocs_1ur7mgr,6a0580043df3055a,8.416,18.875,7.5,151,8
askdocs_1ur7n8l,8f56600c91b4fa7f,7.504,13.783,9.938,317,23
askdocs_1ur7nui,8dcc9a089b8e1add,6.35,15.591,6.967,686,44
askdocs_1ur7pph,d2a178864e7dfb4e,9.995,24.0,12.0,24,1
askdocs_1ur7rag,2d30b88ac6c1b9fb,3.765,11.429,13.793,80,7
askdocs_1ur7uc7,32dd6d5dda7aba1d,10.961,23.269,9.061,605,26
askdocs_1ur7um1,ba88198941c5f7ff,12.623,32.0,6.731,96,3
askdocs_1ur7v0n,dcb9e42530353b39,17.371,43.0,14.729,129,3
askdocs_1ur7xxz,4e5fd5a5d5b742ff,9.104,19.7,9.091,197,10
askdocs_1ur7yj2,5d9100fc12b65f43,8.828,21.176,10.468,360,17
askdocs_1ur7yov,42f16ce6ebb46a4f,8.931,15.667,12.5,141,9
askdocs_1ur7ze0,a41462acb19a40a5,6.965,10.333,16.667,93,9
askdocs_1ur83fm,94e365bdfe07c427,11.205,34.0,5.882,34,1
askdocs_1ur846z,155639f4e8933b07,7.478,15.833,17.895,95,6
askdocs_1ur84lc,06a0eabc9122ac73,5.481,13.5,8.589,162,12
askdocs_1ur86as,a1341c24096af24e,8.138,18.2,7.474,364,20
askdocs_1ur86ey,493c5159143b8074,9.171,20.714,9.524,145,7
askdocs_1ur86yy,b91bbe9e36b4baa9,9.68,22.833,13.043,137,6
askdocs_1ur8c2w,46f75ad43fa76bdc,8.725,16.903,11.905,524,31
askdocs_1ur8c5v,7e5f404247914aff,9.51,25.5,8.696,204,8
askdocs_1ur8ehx,23fd6ff329090067,3.406,11.333,7.353,68,6
askdocs_1ur8h8y,8b0c70f4bfb2e94e,8.381,19.0,9.942,171,9
askdocs_1ur8iaj,a203a5a9959e7774,7.266,15.778,6.803,142,9
askdocs_1ur8kg7,ea7ee7a3bc38adab,5.223,10.0,13.333,60,6
askdocs_1ur8m4f,dd2d67d23e29c0e3,8.969,15.0,12.835,690,46
askdocs_1ur8qqy,75c374db4bc8ca37,4.722,14.1,4.138,141,10
askdocs_1ur8rgv,ffe35ed207218c35,9.059,21.889,6.796,197,9
askdocs_1ur8vj0,fd597e0b335ce4f1,7.627,20.818,13.136,229,11
askdocs_1ur8vkf,7628d1cf7d0537da,5.349,15.25,12.308,122,8
askdocs_1ur8w7x,508cea80151b37fb,2.779,9.0,16.071,54,6
askdocs_1ur8xls,c9863286211df219,5.73,15.278,8.014,275,18
askdocs_1ur8xoe,aa6e45a8222520fa,3.646,9.2,8.511,46,5
askdocs_1ur8xp8,3b2576974e8c1f27,30.306,79.0,12.5,79,1
askdocs_1ur8y2c,600725108d6a8c6f,8.084,16.857,16.807,118,7
askdocs_1ur907a,e5aebba58ddf8154,8.16,11.543,13.033,404,35
askdocs_1ur91bq,b21c6f2cd8e8927d,41.892,106.0,11.55,318,3
askdocs_1ur91q5,cb87e42ab2f8bbff,4.149,11.833,13.699,71,6
askdocs_1ur94hp,d3d3028746915bef,5.408,14.857,12.844,104,7
askdocs_1ur94i6,add9db74c676aa24,4.833,12.143,11.236,85,7
askdocs_1ur96gt,b8751111bfe33f06,4.426,10.667,14.706,32,3
askdocs_1ur97uk,980dbe6d2a767bdd,6.462,12.0,13.889,36,3
askdocs_1ur9b9f,89d1e2e6ff7583c2,2.698,8.143,15.254,57,7
askdocs_1ur9bbd,ebb586db027a8f19,11.839,20.8,16.78,416,20
askdocs_1ur9btk,f004c5a00b29f56c,9.118,15.304,18.898,352,23
askdocs_1ur9i3v,f5f8d642bfff6b4a,30.948,77.333,16.949,232,3
askdocs_1ur9jmj,e219245feb1613f9,12.949,31.333,6.25,94,3
askdocs_1ur9m85,a1d08a549744e043,10.976,26.7,8.872,534,20
askdocs_1ur9pdr,61320f4730462c92,4.671,11.727,8.077,258,22
askdocs_1ur9r8g,5dbd1931cd4c107b,6.442,15.5,5.208,93,6
askdocs_1ur9wef,9d842c5f7d52e233,7.57,14.0,13.793,56,4
askdocs_1ur9wpy,68a6927d48e42f5a,9.221,22.375,9.474,179,8
askdocs_1ur9x97,5b024d4b938ae5cc,6.528,15.111,6.757,136,9
askdocs_1ur9xgy,0206617dc5944aac,11.512,26.833,12.883,161,6
askdocs_1ur9yfx,d98e99e541374c9c,8.11,17.556,5.906,474,27
askdocs_1ur9yq6,4148db41301bb60d,9.098,21.2,8.036,212,10
askdocs_1ura0fs,a6fe643fd02dd023,7.241,16.292,12.379,391,24
askdocs_1ura43x,b364df1068163853,3.945,10.0,11.628,40,4
askdocs_1ura4xf,853772d88682d380,9.028,25.0,11.765,50,2
askdocs_1ura6el,15d5460050d49932,8.532,17.0,10.465,85,5
askdocs_1ura7ec,0accb99c29cf27be,5.11,15.5,7.258,124,8
askdocs_1ura8jv,b1500a4ae7ac5961,11.161,19.143,11.029,134,7
askdocs_1urab9i,b461579d7c8525a2,8.437,19.815,10.261,535,27
askdocs_1urabih,7b60ec741ad7c5b7,5.595,11.0,10.0,88,8
askdocs_1uradlc,83b712c141fc5a7f,3.653,9.0,12.821,36,4
askdocs_1uraec6,3394460432446114,5.178,13.538,9.73,176,13
askdocs_1uraeou,e5add9b01587c2d2,9.697,22.857,12.963,160,7
askdocs_1uralsu,e241c302ea182409,2.658,9.6,12.5,48,5
askdocs_1urar75,bb1cdcde52a6a06e,9.023,22.5,8.225,225,10
askdocs_1uras2l,bb3a941942f65744,6.621,13.765,10.7,234,17
askdocs_1uraug8,5be63fff273e491c,6.944,15.1,13.861,302,20
askdocs_1uraupo,dd7ed92e0008c602,6.255,16.902,14.035,1555,92
askdocs_1urav2q,b7ec85e9f57273dc,12.936,19.583,13.389,235,12
askdocs_1uravl6,70fb887673951f16,4.548,11.789,10.3,224,19
askdocs_1uraz46,c2f585a7d2d4bfb3,6.896,14.0,3.846,70,5
askdocs_1uraz71,ff6cfeea7cb9c767,7.203,15.5,1.961,93,6
askdocs_1urb02w,7584b1d8b4a9cd9c,6.666,15.8,9.48,316,20
askdocs_1urb1ot,0ec5b8a5801a976b,5.884,14.0,13.793,28,2
askdocs_1urb257,b1ae0f2c16d68d2c,6.305,10.0,31.707,40,4
askdocs_1urb2ij,8646e484f3300dc3,7.563,14.333,22.222,43,3
askdocs_1urb35t,49c6ed2f0f182172,6.399,13.364,9.396,147,11
askdocs_1urb3jr,1c79ec6a48a08c54,7.584,13.667,21.429,41,3
askdocs_1urb528,39d7b50f0930e117,7.087,18.3,9.948,183,10
askdocs_1urbbmi,5519d09f5b00e296,13.052,33.4,10.465,167,5
askdocs_1urbda1,48b137a05bcaea79,17.028,35.8,10.383,179,5
askdocs_1urbgvm,ff8b96950903d63a,8.567,18.833,13.274,113,6
askdocs_1urbhwe,2f00c76c4c073296,3.352,8.923,9.402,116,13
askdocs_1urbjyk,0e593d5fd3f13b6f,10.208,26.0,3.774,52,2
askdocs_1urblq4,fd418325801fd2c9,2.7,8.571,6.557,120,14
askdocs_1urbmqb,1382d77c73e2f292,13.372,22.0,18.182,22,1
askdocs_1urbq9g,c32a8ab56d25a7a6,5.434,15.4,11.111,77,5
askdocs_1urbqlx,a7f9ae0f87e1b18f,6.894,11.714,13.609,164,14
askdocs_1urbr0x,2ed4a36d8cc1f009,8.286,17.4,11.957,87,5
askdocs_1urbsoe,a1f63eb7237ea631,16.971,47.5,11.579,95,2
askdocs_1urbt6e,b32ea5d43bd53a93,9.006,19.692,13.359,256,13
askdocs_1urbtme,cdd0d10d94cc261b,3.34,10.833,15.385,65,6
askdocs_1urbtor,3aca5cfb4528a7dc,8.147,17.571,11.29,123,7
askdocs_1urbtw2,6019ab2a01faac01,9.254,8.733,14.34,262,30
askdocs_1urbwhf,08613f93bc3074e3,5.476,10.407,8.389,281,27
askdocs_1urc0yj,73f8c335cb244ad4,10.334,21.556,11.94,194,9
askdocs_1urc2yd,cf897c6cf7368536,9.324,21.333,20.0,64,3
askdocs_1urc42z,0d23445350abbe56,4.868,11.806,12.207,425,36
askdocs_1urc5gy,984155c2d7683f2f,9.016,19.316,14.133,367,19
askdocs_1urc7qw,c0db89774c602769,6.705,14.057,10.216,492,35
askdocs_1urc7to,d7d6c57e00407c8c,6.42,18.2,6.316,91,5
askdocs_1urc7xx,4c5b881d4db94f2b,6.014,16.667,5.505,100,6
askdocs_1urca8g,b10acb279833acdc,6.109,15.222,10.072,137,9
askdocs_1urcd44,abb3eb5ea937f83f,9.037,20.538,7.636,267,13
askdocs_1urcddf,6e2e37b28d60bcd2,17.371,41.5,7.955,83,2
askdocs_1urcdik,5fdd2b5c2190a664,9.387,19.0,11.61,266,14
askdocs_1urcedl,575c549cfde331e6,4.864,11.647,10.891,198,17
askdocs_1urcg6c,592445af6b37b274,5.1,10.25,9.524,41,4
askdocs_1urcgwu,c0505ac26c3aa56a,11.663,28.125,6.947,450,16
askdocs_1urcjxa,005155a4adaf7a37,7.203,15.5,9.442,217,14
askdocs_1urclpc,a808236a6ec6722e,9.809,11.353,14.721,193,17
askdocs_1urcnqd,35de400c44e6cee5,7.035,13.357,11.111,187,14
askdocs_1urcs0r,0871aa1a83519afb,8.508,15.571,13.761,218,14
askdocs_1urctj6,78d8eaf6cdf95a3a,10.944,14.2,7.727,213,15
askdocs_1urcwkw,33dbd809db45b0e4,4.837,12.2,9.231,61,5
askdocs_1urcywm,59db6216515fc0aa,13.37,33.571,10.246,235,7
askdocs_1urd0o8,b4f689bc513395b9,5.612,11.357,13.772,159,14
askdocs_1urd0vk,1e9c34535057accb,8.581,17.25,18.841,69,4
askdocs_1urd4nw,24d909e603418836,5.885,15.167,11.765,182,12
askdocs_1urd516,f1115c1257468175,4.715,5.6,21.429,28,5
askdocs_1urd63i,1ffdd5febffd51a9,11.483,20.0,6.349,60,3
askdocs_1urd6ej,f7aba0801d2059a0,7.125,20.667,1.493,62,3
askdocs_1urd8cm,859de869aa35fd53,7.841,11.125,28.261,89,8
askdocs_1urdaxl,5d90a888caace22c,25.735,65.0,3.03,65,1
askdocs_1urday2,c3feaf63b294f546,9.813,20.2,17.209,202,10
askdocs_1urdbxb,7978ae893bea8d0c,4.399,10.571,8.553,148,14
askdocs_1urdcvi,118f559f4a3ef00b,12.369,29.444,10.791,265,9
askdocs_1urdeis,136bc999d2170308,10.601,21.2,7.895,106,5
askdocs_1urdger,3658f3ac555dbf05,7.443,16.364,9.444,180,11
askdocs_1urdnmp,8d46c68d8d60e8e2,6.922,14.733,12.609,221,15
askdocs_1urdohv,8ee1476097e39253,5.171,13.7,9.602,411,30
askdocs_1urdp9m,606ed5b1ffd2d45c,5.845,9.375,9.211,75,8
askdocs_1urdual,958c242e13718211,5.858,9.846,12.977,128,13
askdocs_1urdvpn,5724c3e30383231e,6.887,16.1,6.098,161,10
askdocs_1urdw0m,d42a0c82bb850593,6.2,15.714,10.0,110,7
askdocs_1ure07n,68b5741bbc3d7e05,11.156,26.267,12.091,394,15
askdocs_1ure09y,e7b56c021c11607c,1.897,7.75,16.129,31,4
askdocs_1ure0vt,9737f6cbb8df2688,7.352,16.571,13.445,116,7
askdocs_1ure11e,0b7d3d8c96eec7ea,6.034,10.857,14.103,76,7
askdocs_1ure44n,f8741d7c14e75db0,4.412,11.8,8.065,59,5
askdocs_1ure4yq,84c0b480fba97f1c,5.148,11.0,2.703,33,3
askdocs_1ure6yr,e3a2c78d5465799b,15.78,37.8,11.632,567,15
askdocs_1ure7dw,7816f5c831b958bb,9.264,25.0,7.692,25,1
askdocs_1ure8cg,15d50b738b820447,7.53,22.944,10.024,413,18
askdocs_1ure9xw,70c678b288cff715,7.511,14.867,6.667,223,15
askdocs_1urec8s,85028f8bedfe67c2,5.561,12.0,15.306,96,8
askdocs_1ured05,803c5aad694616de,10.618,24.375,14.141,195,8
askdocs_1ureda3,596cdc2d49e537f9,4.279,14.375,4.31,115,8
askdocs_1uredgp,37ef04c8e1fb132d,6.377,12.35,9.6,247,20
askdocs_1uredyf,97de7113569bc286,19.188,34.0,13.103,136,4
askdocs_1ureewj,4a49eadcdb9395b0,13.976,33.75,11.715,810,24
askdocs_1uref93,ec7b1576d2444940,5.207,15.0,10.87,45,3
askdocs_1urej99,af7c1303b3851acd,4.91,11.333,4.854,102,9
askdocs_1urel1k,27a53966cf7f6c95,11.592,26.933,7.617,404,15
askdocs_1ureq23,d2811bb9d50e16da,8.168,19.765,4.274,336,17
askdocs_1urerl9,c150f7c32dde1418,11.904,26.583,4.025,319,12
askdocs_1urewa2,40b8b4589c657596,4.493,8.0,19.403,64,8
askdocs_1urexjt,3cc7f7d24223e0ea,7.966,14.6,8.054,146,10
askdocs_1urf04a,7a7f4513819609b6,6.119,16.488,6.622,709,43
askdocs_1urf2o3,d9b3be38f4e3f6e7,5.864,11.0,5.797,66,6
askdocs_1urf52q,f83b539614a28359,7.141,19.385,8.73,252,13
askdocs_1urf7e5,9fed73f2e9076ac6,6.553,24.0,16.667,24,1
askdocs_1urf7k8,3641f9c68c8b1976,7.833,14.5,12.644,87,6
askdocs_1urfapd,03389ac82998a4cd,0.858,8.25,2.941,33,4
askdocs_1urfgkd,40ef73eeee7fe508,9.617,22.0,4.545,22,1
askdocs_1urfk8n,24611304b3a8d682,7.025,14.667,18.182,44,3
askdocs_1urfmjy,a23cf16820475f74,7.85,16.75,12.593,268,16
askdocs_1urfq4v,484a4141a86aa500,6.768,15.875,6.618,127,8
askdocs_1urfsi5,3e8a208545888d6c,6.531,14.435,8.798,332,23
askdocs_1urftj3,fa2c851046135154,13.484,32.0,9.091,32,1
askdocs_1urfw9p,70ed239a1f077ca1,5.385,17.0,9.804,51,3
askdocs_1urfxqw,60c67de264b962eb,6.387,17.143,8.678,240,14
askdocs_1urg0wm,da4bc4515b61ab52,7.207,18.25,9.459,73,4
askdocs_1urg6am,733d21685a2579a6,7.274,21.25,6.522,85,4
askdocs_1urg8py,ce90b95c1027fddb,7.378,9.93,13.47,427,43
askdocs_1urg93w,ff61dff8910dbc0e,6.805,11.857,10.714,83,7
askdocs_1urg9l5,350f9e48193b5abd,3.221,8.667,5.455,52,6
askdocs_1urgcwl,edb985f1140f39c0,5.142,10.919,6.42,404,37
askdocs_1urgfag,6c16bc785f647e72,5.806,13.917,7.143,167,12
askdocs_1urgiz1,fdc13518913c13e1,8.498,20.647,11.602,351,17
askdocs_1urgqz4,d84dda77fad8eae7,11.854,25.556,9.654,690,27
askdocs_1urgrvl,f307901f8953b173,9.039,22.125,9.605,177,8
askdocs_1urgsoh,15f4904cc89fc3a6,8.099,18.923,8.468,246,13
askdocs_1urgui0,0a6e4b063fe88f77,10.153,24.75,4.95,99,4
askdocs_1urgxhz,07c9b8881eeb44b7,6.478,12.353,10.9,210,17
askdocs_1urgxlf,a68d8202339a97e1,10.584,27.143,9.278,190,7
askdocs_1urgy3q,a3256a5272a2ff31,4.86,13.818,8.861,152,11
askdocs_1urgya6,f5ce77c8b212f125,10.376,18.778,11.628,169,9
askdocs_1urh2pg,471e95acb49e2d8a,16.136,41.333,4.8,124,3
askdocs_1urh3ez,65faa2b4e2cdd394,5.057,12.6,10.938,63,5
askdocs_1urh46f,fec155542cef0c8f,5.836,16.471,8.475,280,17
askdocs_1urh570,f5e1f8dc6331cc75,6.442,15.5,8.025,155,10
askdocs_1urh5jq,190e51ee185da1aa,5.083,13.308,11.429,173,13
askdocs_1urh5ox,e10e0577fb6b51b8,6.442,15.5,8.025,155,10
askdocs_1urh60t,832fb0e9672d0cb5,8.393,20.0,12.329,140,7
askdocs_1urha2f,434742e3eb267c99,6.54,8.333,8.0,25,3
askdocs_1urhdzu,c94a73bf3a0d64d4,11.13,25.5,9.174,102,4
askdocs_1urhg6q,d93872aa1a9676bb,7.398,12.333,10.256,37,3
askdocs_1urhhuy,6d40094eec1ad636,5.354,12.353,7.763,210,17
askdocs_1urhmiw,30b8480d90892e47,8.162,19.25,11.839,385,20
askdocs_1urhmni,886d197cbd1e6f3c,8.549,16.73,7.384,619,37
askdocs_1urho3w,1a4b49d119ded487,4.282,13.636,8.553,150,11
askdocs_1urho9t,34b5264b75bb5969,16.412,39.0,13.58,78,2
askdocs_1urhom6,141a1678d94d5a87,4.093,13.083,8.696,157,12
askdocs_1urhook,f393041aeb1d20c0,10.739,19.714,9.524,138,7
askdocs_1urhorm,3819d1418458d288,9.705,14.0,6.977,210,15
askdocs_1urhr94,d8aa1a32a97fd003,9.079,14.412,9.8,490,34
askdocs_1urhrpi,70c5ce84770cba4f,7.709,17.583,5.189,211,12
askdocs_1urhszh,2b761a3bf48d3aa1,6.834,10.308,6.618,134,13
askdocs_1urhzxj,61129fae4fe1747c,8.143,19.067,7.292,286,15
askdocs_1uri0z8,77fccbb0bcf45a85,8.977,19.4,14.461,388,20
askdocs_1uri1vx,7efefc784df77c55,10.429,25.105,9.205,477,19
askdocs_1uri27g,9b5725e8ec1818e0,5.759,13.706,9.664,233,17
askdocs_1uri6w8,4d3f06382007edfe,6.162,12.375,11.881,99,8
askdocs_1uri9me,09f21a5964643670,7.394,14.788,9.221,488,33
askdocs_1urib2m,4ca6881b3924b9fa,11.215,11.364,20.635,125,11
askdocs_1uribtw,59831d3280d370bd,10.767,22.6,17.094,113,5
askdocs_1uricwu,5974020366779a65,5.158,12.7,7.519,127,10
askdocs_1urih6x,79bbec0b2ca079b4,8.687,19.714,8.571,138,7
askdocs_1urijxe,1b85cb1ac3f52460,9.43,17.867,14.545,268,15
askdocs_1urikl3,c4cb6fc6a03f2390,5.863,16.5,8.824,33,2
askdocs_1urim83,4392a34c3b82e2ec,8.91,16.381,8.649,344,21
askdocs_1urimg4,3432c226d7acecaf,9.639,19.5,16.667,156,8
askdocs_1urimvt,3fb7d7a7678a62dc,10.267,21.2,5.778,212,10
askdocs_1uripw3,6aa44f5ad810894e,2.829,8.875,11.268,71,8
askdocs_1urisok,e88953b911c99f67,5.742,11.52,12.04,288,25
askdocs_1uriv27,b4aa016df07fdd40,5.233,12.4,22.581,62,5
askdocs_1urix4u,6abce7d01ad9e9e6,4.422,7.091,14.103,78,11
askdocs_1urixzt,863ef501bf3ed4a9,5.062,13.0,9.494,156,12
askdocs_1uriyd4,4c66077d33ebbb21,8.494,22.556,9.346,203,9
askdocs_1urj0pg,7af0e8e1e027cac3,6.433,13.667,8.203,246,18
askdocs_1urj14j,6b56b135a35d63e4,3.435,10.0,9.649,110,11
askdocs_1urj1gt,11048392f3804b2c,7.394,15.5,16.129,62,4
askdocs_1urj1pq,818ff1ea99c4f06f,5.216,16.0,7.812,64,4
askdocs_1urj5pz,f23672a478bc161a,9.26,18.333,14.414,110,6
askdocs_1urj77q,f1ba8f7e7dfba526,8.306,18.091,8.955,199,11
askdocs_1urj7km,70e18225d226198f,7.494,18.667,8.772,112,6
askdocs_1urj8tu,f6908c2238fb7eb5,3.513,7.25,13.793,29,4
askdocs_1urjavd,8d5e004e83b04e02,5.997,13.769,10.056,179,13
askdocs_1urjeiv,bc413000a5dd0860,8.654,21.667,11.94,65,3
askdocs_1urjey7,2e829c78beb1a3e4,6.239,13.154,9.884,171,13
askdocs_1urjfqo,497587de2bd40d0d,8.509,20.0,5.556,160,8
askdocs_1urjhfz,35e4edcc1cbb8193,7.946,16.111,19.048,145,9
askdocs_1urjqyu,87ba6cc4454296b4,5.551,15.0,9.544,240,16
askdocs_1urjuhj,3243774a47b7b868,7.983,22.733,7.558,341,15
askdocs_1urjvtv,3664d42553d20be2,8.289,17.167,10.577,103,6
askdocs_1urjym5,9a2f32f58ac6a0b0,3.697,8.429,12.5,59,7
askdocs_1urk1tz,3f94aac6338e250c,9.494,19.0,7.391,456,24
askdocs_1urk6ed,e61a6c2a96d56fce,9.768,22.214,12.102,311,14
askdocs_1urk72m,e762833fbc0782cd,8.322,19.571,6.294,137,7
askdocs_1urk78q,655aa7d3a24a88a7,10.177,23.4,7.627,117,5
askdocs_1urk8fi,8e0256638ee0b23b,8.743,14.286,9.36,200,14
askdocs_1urk95g,c5016075e5150cba,8.71,20.75,8.235,83,4
askdocs_1urkbnn,fd5fbead9126ea9e,7.048,19.471,9.226,331,17
askdocs_1urkfd6,b7ab0c9e9e13a1fd,4.288,12.625,10.577,101,8
askdocs_1urkgsm,53a480012d128509,19.774,53.0,7.547,53,1
askdocs_1urkj0o,fb0c93cf7a1301fa,10.083,21.5,22.222,43,2
askdocs_1urkj7b,0ca676e8430d1fa5,6.933,7.786,16.667,109,14
askdocs_1urklo4,89c5b0af677d0122,7.671,18.625,9.333,149,8
askdocs_1urkmbi,f3e4cddc69961c6e,11.541,22.5,17.021,90,4
askdocs_1urkp8x,d4e84a7bc75a8ddd,3.395,10.5,8.333,84,8
askdocs_1urkx6v,80b2a152a7d56846,4.801,15.25,9.29,183,12
askdocs_1urkxmf,e6eb25c367fa9a53,11.424,28.75,11.765,115,4
askdocs_1urkyb4,ad2835e4b8ebee8a,9.634,24.857,9.091,348,14
askdocs_1url0yr,8bfc90b2aec0405f,15.552,40.667,5.691,122,3
askdocs_1url4w2,74c56c32e365fad5,9.114,22.636,11.494,249,11
askdocs_1url5sr,7d5f8bb83ecfc818,6.073,18.143,10.769,127,7
askdocs_1url8wh,b3d6e982bab15922,14.71,34.5,11.348,138,4
askdocs_1url92a,77dc5e4c0a425765,5.44,13.8,6.757,138,10
askdocs_1urlc9a,2e7d2fa9a50c2845,6.124,17.75,2.817,71,4
askdocs_1urlchg,5ab76ba02168726a,6.078,13.75,8.772,55,4
askdocs_1urldnv,427d3186830e321c,2.077,10.0,16.667,30,3
askdocs_1urlnl8,f6dcf7bfc583eb82,11.666,26.0,12.088,182,7
askdocs_1urlo0p,af024df8b442b9fb,7.292,23.2,10.345,116,5
askdocs_1urlqo2,805312817b8d9aa1,7.572,15.2,11.25,76,5
askdocs_1urlvzw,66e402355b978c32,2.506,9.0,9.722,72,8
askdocs_1urlxj9,6f8547252ac5560c,9.5,24.222,9.589,218,9
askdocs_1urm1ef,2fbcc2859aaffe8b,5.639,15.25,10.236,122,8
askdocs_1urm69v,7898e34d02717979,16.168,21.714,19.355,152,7
askdocs_1urm6i9,fa0dd42b5caf41ea,6.006,13.75,7.229,165,12
askdocs_1urm97o,5963da7669001657,13.755,16.311,15.939,1207,74
askdocs_1urm9xm,e8c79856cfc81c52,7.483,15.917,7.692,191,12
askdocs_1urmiar,3f4324b9fedef2d7,7.801,11.357,15.951,318,28
askdocs_1urmjr7,aa5140c005e5a08e,10.122,17.167,15.663,309,18
askdocs_1urmktd,3c8e6baab58b17b6,10.08,19.667,16.949,59,3
askdocs_1urn7ph,f5d9c190bbcb46c6,7.698,11.167,13.669,134,12
askdocs_1urn7ty,78694428b6cab319,1.157,9.5,3.448,57,6
askdocs_1urnbh6,264d4f23f0528fab,7.524,19.0,6.015,133,7
askdocs_1urndzi,45622fc988ad362f,8.728,23.714,5.988,166,7
askdocs_1urne9r,aab9843df4a2aea2,8.4,14.15,14.035,283,20
askdocs_1urngwl,8c178672e4e0375d,4.397,13.2,10.606,66,5
askdocs_1urnnb0,04ca231f460a1594,6.256,15.0,8.696,45,3
askdocs_1urnr5n,e4b6300bc7032d41,10.209,14.611,11.776,526,36
askdocs_1urnu4v,c4f1fa7639964a24,7.3,13.556,11.741,244,18
askdocs_1urnvtp,88d2e30357ddde81,13.957,13.25,19.82,106,8
askdocs_1urnwbw,52dcc2e0f920abb8,8.704,19.429,8.295,408,21
askdocs_1uro540,3725b0926d2c3fc3,6.062,15.238,5.12,320,21
askdocs_1uro5jy,5f489a6ad91f13aa,1.359,9.0,8.108,36,4
askdocs_1uro9lh,091f929eb1f8aacd,6.594,13.286,8.602,93,7
askdocs_1uro9xi,15780d553803cfed,8.092,17.5,8.571,70,4
askdocs_1uroe8f,b9b53b3f3a782d1f,7.15,19.0,11.892,361,19
askdocs_1uroezh,369e9779e1d9e51c,6.578,18.333,3.636,55,3
askdocs_1urog3v,0e4a01e4f6572620,6.47,16.375,12.03,131,8
askdocs_1uroh2s,c1a9e764070ed53f,6.347,8.8,12.5,44,5
askdocs_1uros5w,7d277c0ada53fd54,10.231,24.2,8.992,363,15
askdocs_1urowtl,89775916ee789eed,3.213,6.75,26.667,27,4
askdocs_1uroxsy,f980be1c5ccf4097,7.49,16.0,7.0,96,6
askdocs_1uroyy1,3263fed8b77a00e8,5.326,17.667,11.321,53,3
askdocs_1urozwl,1971669db509f7be,9.364,18.6,12.435,186,10
askdocs_1urp3cv,1edb9b88eebeb426,10.956,15.176,19.318,258,17
askdocs_1urp6m0,f78a64b8e802f1a5,8.609,14.65,14.426,293,20
askdocs_1urpazh,7485dbe9e334ed91,9.882,12.364,17.518,136,11
askdocs_1urpecg,b847747f4ca0728e,5.128,17.125,7.534,137,8
askdocs_1urpehc,cc5d7e00d24cfecb,8.763,12.857,10.989,180,14
askdocs_1urpl8w,ec4c17290b93f571,7.238,13.7,3.401,137,10
askdocs_1urpp7m,e54aa124f45c5bd8,14.633,23.75,13.198,380,16
askdocs_1urpq70,6bd7eb1ef3a5cb4d,8.942,17.8,11.397,267,15
askdocs_1urptz7,3d2e873b343f769e,9.916,21.429,6.954,600,28
askdocs_1urpw4z,2bbeafea9b1e5d49,5.316,10.538,13.986,137,13
askdocs_1urpyp3,a1177bec0f3f380c,8.41,15.417,12.308,185,12
askdocs_1urq1u0,2d5e28456df19df9,8.772,16.286,12.931,228,14
askdocs_1urq431,99f62c7980553752,18.1,48.667,8.904,146,3
askdocs_1urq6du,579429a45df269b0,3.43,12.0,5.556,144,12
askdocs_1urq7m0,9f4526d570de6711,5.97,9.5,10.0,76,8
askdocs_1urqdpz,3abf4049f6d13cfd,12.868,31.0,6.383,186,6
askdocs_1urqdqh,201e132f8f563044,10.988,17.773,9.406,391,22
askdocs_1urqfk5,3c633b246c7774ec,12.172,26.833,17.901,161,6
askdocs_1urqjqj,4de87bd13ab9a068,10.273,15.806,12.257,490,31
askdocs_1urqn1z,c3d0526c6d9ca4bc,7.634,15.083,12.912,362,24
askdocs_1urqnaq,780703f1df63af99,8.202,19.5,7.317,156,8
askdocs_1urqouw,f3863e8c2c2169cf,6.551,15.333,2.083,46,3
askdocs_1urqu2x,c2fc0eda9832e63c,9.442,19.0,10.39,152,8
askdocs_1urqwbp,41d3079c30999c73,10.312,21.5,13.9,258,12
askdocs_1urqx0r,8d0f3a6ed654decb,8.822,22.571,9.494,158,7
askdocs_1urr3ri,27341c5c6b960af8,6.045,12.25,14.0,49,4
askdocs_1urr71t,869e956a6792c389,7.233,14.2,7.042,71,5
askdocs_1urr74h,bd56ea263b12abde,3.605,12.062,8.29,193,16
askdocs_1urr7q8,2cac3585bdaaa02a,11.316,28.4,9.507,284,10
askdocs_1urr84t,40fad5933438d474,9.08,19.667,4.839,59,3
askdocs_1urra0i,cbe5d9146df38cc5,9.027,18.122,9.922,743,41
askdocs_1urrakv,86076f24a77bfe54,16.804,42.0,2.326,42,1
askdocs_1urrhpq,02130161d29d91a7,8.282,20.5,17.004,246,12
askdocs_1urrhq1,5ed95440a377c053,3.612,11.8,5.085,59,5
askdocs_1urrk6c,f1133264b7350f06,13.85,33.2,7.345,166,5
askdocs_1urrkqh,a4e6831663a0326d,4.793,10.75,12.593,129,12
askdocs_1urrlfn,8ac8991e5824e6ff,8.039,18.556,9.524,167,9
askdocs_1urrp54,2e2486a131b5bbb8,6.936,12.167,7.094,365,30
askdocs_1urrpf8,33a58bf290638e6d,5.739,11.857,6.587,166,14
askdocs_1urrppm,e6a64d34d79cb9fc,7.314,11.786,15.988,330,28
askdocs_1urrqi8,1e1c6a08113733d2,4.791,10.917,11.679,131,12
askdocs_1urrs8k,499abfcabf112d1d,5.608,13.25,10.909,53,4
askdocs_1urrv3h,b01cd589f833b541,8.244,15.6,10.169,234,15
askdocs_1urrwhe,72156e2b2d216556,4.809,10.308,12.857,134,13
askdocs_1urry4j,3b739b66d3a5c92a,15.866,30.667,20.761,276,9
askdocs_1urrzos,b8d06c359815caf3,8.86,20.8,12.963,104,5
askdocs_1urs10b,242bb991209a7e52,13.376,22.5,10.638,45,2
askdocs_1urs10e,33987a28ad02da19,2.029,12.5,20.0,25,2
askdocs_1urs159,7c34461c4ae62d0b,5.697,12.333,9.91,111,9
askdocs_1urs1yt,15e42063e613c646,3.913,10.056,12.637,181,18
askdocs_1urs2ak,f5c54c3d6afe5c76,6.182,14.222,17.829,128,9
askdocs_1urs4ys,bf0c54ca740dfeb7,8.041,18.2,11.351,182,10
askdocs_1urs5x1,a36bc8f79df7cc20,12.411,15.658,16.612,595,38
askdocs_1ursa7g,88b65768ac24b5da,8.771,23.0,13.043,23,1
askdocs_1urscl1,16d5dce8f31d2ccf,5.163,6.7,5.97,67,10
askdocs_1ursg3p,ff5f49a7af5c9d64,3.348,12.778,13.913,115,9
askdocs_1ursg40,23b4b47996948754,5.278,12.955,6.667,285,22
askdocs_1ursidr,d243393544fbec50,7.787,13.28,14.118,332,25
askdocs_1ursilf,f17d0a2b3864f2e9,7.387,15.19,8.15,319,21
askdocs_1urslpf,e9e5d2347bf5a0b5,7.125,15.615,9.179,203,13
askdocs_1ursm4n,063c118e965d9ba4,6.421,12.0,7.532,384,32
askdocs_1urso9g,0fa0aa260a8b8c9d,12.308,18.806,12.438,583,31
askdocs_1ursqw5,1706671f67cd2e6a,9.521,18.692,8.943,243,13
askdocs_1ursrkn,ccf2816c0182e161,8.023,17.286,8.73,121,7
askdocs_1urst9h,99cc5be81dac6c31,7.771,21.0,8.989,84,4
askdocs_1ursvl1,80c5a5f900394ccf,5.303,10.375,8.523,166,16
askdocs_1urt3xg,4c37dc97813d0639,8.771,21.333,7.179,192,9
askdocs_1urt8by,b8d40064f53431cb,17.001,31.2,10.256,156,5
askdocs_1urt8tf,780f383e5c3084ce,2.662,9.231,11.667,120,13
askdocs_1urt9ft,85b134d81efa4621,4.492,13.875,9.483,111,8
askdocs_1urtd0k,c1016b081181b9d9,7.819,18.0,11.111,90,5
askdocs_1urte3q,f653d5c8375da498,9.746,18.824,14.286,320,17
askdocs_1urtens,3fe6139d21eb35b7,6.025,14.0,11.561,168,12
askdocs_1urtf74,6d01391109a1edad,4.884,12.75,7.692,51,4
askdocs_1urthqs,4a71af93e826407a,8.315,21.05,7.346,421,20
askdocs_1urtjp2,7f8c27c175a94506,3.257,10.0,9.677,30,3
askdocs_1urtmy7,7470503ca85a2aab,8.207,13.667,12.955,246,18
askdocs_1urtpjd,c3d90d0792fe9f33,5.92,9.909,12.821,109,11
askdocs_1urtqzf,59717c4be6426d98,10.115,17.5,11.429,35,2
askdocs_1urtr0b,ee998264981fc9f8,8.447,13.667,11.905,41,3
askdocs_1urtrte,3578b5c117e4b95e,6.936,16.5,6.061,33,2
askdocs_1urtsec,308b25ea2121e44a,7.603,15.857,10.619,111,7
askdocs_1uru78x,c9728f183e817b5b,6.761,15.16,13.232,379,25
askdocs_1uruaji,e1b1cea2798449d4,17.192,39.25,8.723,314,8
askdocs_1urueuz,7f06851d755799ca,8.302,18.857,16.667,132,7
askdocs_1uruohu,68560688f439271a,5.158,13.6,4.167,68,5
askdocs_1urupqu,745c9d43728752e3,4.841,14.857,9.346,104,7
askdocs_1uruyr4,fe5541016b7098a8,9.708,21.9,17.597,219,10
askdocs_1uruzer,b327417278becd4c,11.06,27.25,9.91,109,4
askdocs_1urv0ek,23bf8c81c82f6171,5.807,12.625,9.524,101,8
askdocs_1urv2x6,d68009158e936534,8.876,16.357,11.966,229,14
askdocs_1urv4ke,8c376f5910123b5a,6.274,13.143,6.383,184,14
askdocs_1urv5s5,7d83225704c745e4,7.878,19.118,6.433,325,17
askdocs_1urv6la,662471b750a3235a,7.288,15.82,12.235,791,50
askdocs_1urv8rr,5226143adeb362a5,9.472,16.308,13.563,424,26
askdocs_1urvhu8,cc55c1d60b9b1e47,3.528,9.273,9.804,102,11
askdocs_1urvm9g,2aaf154d6e54d384,6.675,16.122,8.555,661,41
askdocs_1urvpi1,fde63adace920447,13.377,15.25,16.129,61,4
askdocs_1urvsx8,d8c0f9b85c2430ca,16.565,37.333,10.714,112,3
askdocs_1urvvt3,9e056dab118ac667,6.527,12.867,13.185,579,45
askdocs_1urvwhq,ac5ebccb9720a14a,7.36,17.429,8.065,122,7
askdocs_1urw0p8,83877bbc40d08599,7.921,19.188,14.377,307,16
askdocs_1urw30q,59338f844eb0226e,5.622,14.167,13.636,85,6
askdocs_1urw589,4fe666235334fbf5,14.798,29.286,10.74,410,14
askdocs_1urw8w1,c7f923f347ded614,8.108,16.9,12.353,169,10
askdocs_1urwar9,8f7c11d41dadb8f9,5.116,12.75,15.385,51,4
askdocs_1urwjuv,8785d9aad2130e44,7.748,15.333,13.043,138,9
askdocs_1urwkwz,9f0ad6c81b154cff,5.187,12.667,2.564,38,3
askdocs_1urwldl,7dcb12d47a81161d,8.235,14.0,12.545,266,19
askdocs_1urwmws,d4b3e2e22df94dbc,5.643,14.0,7.143,98,7
askdocs_1urwpwp,333127a936defada,9.447,12.417,22.667,149,12
askdocs_1urwqec,73483f8530f2902a,3.731,11.125,3.333,89,8
askdocs_1urwsv6,195be4edb114cb53,12.054,31.5,7.937,63,2
askdocs_1urwt20,b8fd9560e5d6e008,6.682,10.714,13.158,150,14
askdocs_1urwve8,0224fda5b6fe1ec6,7.584,15.5,9.677,62,4
askdocs_1urwvq0,58cf65d6b84f6375,7.124,15.31,9.438,444,29
askdocs_1urww4p,a231286fa6768cce,9.758,18.375,11.675,588,32
askdocs_1urx2e0,e3d0d5ea0b821da4,10.435,25.5,10.577,102,4
askdocs_1urx3bp,0d06fbead50a2e17,10.043,18.308,11.508,238,13
askdocs_1urx3s3,03d98253e19258a7,11.673,16.789,18.806,319,19
askdocs_1urx4vt,55e90e104cd7ad33,11.26,21.625,9.195,173,8
askdocs_1urx79h,ffb90868efeb263b,8.055,16.429,7.317,115,7
askdocs_1urx8py,c267679a564541ec,7.538,15.806,12.646,569,36
askdocs_1urx9vw,38bb8f65c099f303,6.267,14.0,7.097,154,11
askdocs_1urxbdx,531b3c6f0c82b550,5.011,12.062,6.701,193,16
askdocs_1urxesn,740d76fc50f6ccdd,9.272,15.3,12.258,153,10
askdocs_1urxetl,1dd12e01326b0325,6.708,17.571,6.426,246,14
askdocs_1urxku7,5b0e85d5cb35a609,10.066,22.857,12.346,160,7
askdocs_1urxojp,9590ae2ec510040c,10.936,16.923,17.188,440,26
askdocs_1urxqsz,4ce3473d7e2edac8,2.645,11.0,5.882,33,3
askdocs_1urxuub,5cd11004f69c0235,9.32,20.0,8.0,100,5
askdocs_1urxw3p,b6a674c2af01c336,6.465,15.0,8.609,150,10
askdocs_1urxy4m,6176d246633779b8,8.242,21.444,11.5,193,9
askdocs_1urxzzy,58e9f33c710689bd,17.803,42.429,11.037,297,7
askdocs_1ury1cj,d512b773f4c60939,6.337,15.667,7.692,47,3
askdocs_1ury37a,47da5ea168ef28ff,6.601,11.387,10.082,353,31
askdocs_1uryd0f,c7ac93b5416bc6ec,6.347,16.4,10.976,82,5
askdocs_1uryel3,40ca21e4e7ea7798,7.715,12.346,10.651,321,26
askdocs_1uryfiw,5108bef093644956,10.499,23.412,7.627,398,17
askdocs_1uryl59,e595cb5763540acc,6.538,12.714,12.849,178,14
askdocs_1urymal,ab870178e6e2389f,6.508,15.357,14.806,430,28
askdocs_1uryr4d,1fc9edffae7e4d06,8.795,22.333,4.478,67,3
askdocs_1urytcj,3647e0fc7318ea81,4.066,10.833,8.571,65,6
askdocs_1urytfx,34465144576074cc,8.927,13.667,14.634,123,9
askdocs_1urytzg,ce448fb7b6c169cd,14.027,33.2,10.588,332,10
askdocs_1uryygp,56ac7cf8b6c8e6d7,10.53,13.292,20.606,319,24
askdocs_1uryylp,bb4203989267be68,6.236,15.375,12.698,123,8
askdocs_1urz254,709c26dcbd5f4390,4.685,9.273,10.577,102,11
askdocs_1urz3vx,4a1faba091ea2fef,9.831,19.0,4.762,19,1
askdocs_1urz6ov,21614e0f68b403c3,5.268,14.4,10.667,72,5
askdocs_1urz7nx,39aefaf02a60d84b,5.649,11.0,10.714,55,5
askdocs_1urz9s9,10c7a1f44809b3e7,10.095,21.111,8.333,190,9
askdocs_1urzjg3,752f0ecf12f04a5d,7.402,16.0,15.517,112,7
askdocs_1urzkpj,b1f6cd552dbf5fc1,6.739,12.667,10.526,76,6
askdocs_1urzp5w,2f503a1744528af6,0.591,6.75,13.793,27,4
askdocs_1urzr9m,345c71a5af68a0de,6.821,16.846,5.909,219,13
askdocs_1urzsmk,5879b87c8c649aca,15.37,34.0,17.143,34,1
askdocs_1urzsr8,6d1867b43bb16603,10.336,21.217,9.722,488,23
askdocs_1urzur7,10a4ef685dffeb0e,9.713,20.0,23.14,120,6
askdocs_1urzv0o,1fa62b99b4609e1b,7.045,18.25,7.792,73,4
askdocs_1urzvar,bcdaf0b879227b36,14.086,33.0,15.152,33,1
askdocs_1us007w,eed6510974a49c99,11.764,27.125,7.143,434,16
askdocs_1us075c,96f2b914df7413ac,6.415,19.0,7.732,190,10
askdocs_1us0a26,f46742d153ea3622,6.165,14.0,14.444,84,6
askdocs_1us0d20,c317248bedbdaea7,14.109,22.6,25.833,113,5
askdocs_1us0fbb,91dcbf1158790575,5.91,10.6,10.526,53,5
askdocs_1us0giz,76f99d6cf00921f4,8.514,18.375,15.232,147,8
askdocs_1us0gt4,5e7a858e3fe2667c,18.934,42.667,10.687,128,3
askdocs_1us0i6p,cc638550669a558d,5.827,13.182,10.274,145,11
askdocs_1us0ivr,1b938bd94d4163a9,14.787,19.062,13.968,305,16
askdocs_1us0se2,93485cf6204952ff,9.171,13.741,15.183,371,27
askdocs_1us0sp8,62bd847d193c526b,3.676,12.0,3.896,72,6
askdocs_1us0tdg,cd054d0702f82470,8.152,17.136,7.853,377,22
askdocs_1us0uv9,034915ec3a6c7a8e,9.786,26.0,14.595,182,7
askdocs_1us0xee,372a7b9f1e5ad084,9.796,32.0,3.03,32,1
askdocs_1us108v,336e6740972ffd9a,5.37,12.0,13.889,108,9
askdocs_1us170x,c7fb3dc139dfd9ea,10.196,21.143,12.5,148,7
askdocs_1us17xw,0a6417274df19b6f,2.313,8.667,0.0,26,3
askdocs_1us19yz,ca021d2c706e771f,6.83,15.907,8.322,684,43
askdocs_1us1aa8,8242c0fac5577e36,7.981,16.0,11.458,96,6
askdocs_1us1ds9,38525b721831af44,13.757,23.833,13.793,143,6
askdocs_1us1fsf,f91803e2118e0775,2.442,6.167,2.632,37,6
askdocs_1us1g1s,3ad59d761ad213b4,5.175,10.5,12.5,63,6
askdocs_1us1jso,06c6cba1bcef51c4,10.928,25.3,14.173,253,10
askdocs_1us1n65,989fff76ba359a6f,12.378,32.0,8.824,32,1
askdocs_1us1o9f,a5d26b787d462955,3.905,13.625,14.22,218,16
askdocs_1us1od0,6e41c4d25eeacc8d,14.548,33.111,8.525,298,9
askdocs_1us1p3h,ff313084104212e4,10.068,20.536,6.736,575,28
askdocs_1us1pgo,cc1f1750e3d8e7f4,8.215,20.4,12.037,102,5
askdocs_1us1q61,f1ce6e4df9a6b579,7.806,22.75,13.187,91,4
askdocs_1us2a8p,9f48e441985b66cc,3.289,11.0,5.263,55,5
askdocs_1us2bdn,5e09fb304ddec1fc,7.645,21.143,7.237,148,7
askdocs_1us2djt,f10e698a0a7f8043,6.747,16.545,6.557,182,11
askdocs_1us2epn,281409c66d4c4140,5.4,16.0,8.333,80,5
askdocs_1us2es7,d36ae8627f523ed3,4.087,11.818,8.397,130,11
askdocs_1us2fu0,6c8944b3c32cc21f,8.767,16.667,11.613,150,9
askdocs_1us2jgr,17480bd0714e9de3,5.223,10.0,0.0,30,3
askdocs_1us2l1l,23ebd6ffd5a85ae5,10.021,12.0,18.605,84,7
askdocs_1us2m2a,3d40606076e64999,22.484,62.0,5.97,62,1
askdocs_1us2mf5,8dbfabb77bd2a1f6,5.365,13.0,13.021,182,14
askdocs_1us2mip,c1d9a28355f20833,10.614,25.25,10.891,101,4
askdocs_1us2opw,fce37ee481411de6,4.075,14.667,7.692,88,6
askdocs_1us2pzc,a3574bf3f88bb24e,5.204,12.889,13.115,116,9
askdocs_1us2rbp,4b1d5c847b12d82d,6.913,13.889,16.923,125,9
askdocs_1us2vb7,c40c7d7a374cb8bb,6.956,13.909,5.66,153,11
askdocs_1us2ys5,2c0e969954ab6577,7.635,17.857,6.754,500,28
askdocs_1us30pu,dfb8803742185cb3,3.871,11.0,10.227,77,7
askdocs_1us31t2,0b93bf3e36da81a0,6.451,12.167,10.738,146,12
askdocs_1us332g,226abe401ad66084,4.793,12.0,4.623,384,32
askdocs_1us3byh,aac9f0e12bfedf00,7.667,15.125,15.079,121,8
askdocs_1us3crx,81ab582bec075d75,7.156,16.333,12.245,49,3
askdocs_1us3djx,24a8631cef86c77d,6.123,12.333,12.821,37,3
askdocs_1us3eaf,1683623290af9e08,5.815,15.125,11.382,121,8
askdocs_1us3fxn,c09d3a85430aa569,4.753,12.846,9.884,167,13
askdocs_1us3gqa,bcf4183dcf00cdde,11.591,21.222,4.124,191,9
askdocs_1us3gtl,beaa90cb967954bf,10.822,26.286,6.25,184,7
askdocs_1us3o3o,7e87840c9e7ea24e,10.072,23.1,9.244,231,10
askdocs_1us3pah,6219e207f33e9077,9.349,19.545,9.459,430,22
askdocs_1us3rhf,ee4a872522fb97db,5.368,11.667,10.377,105,9
askdocs_1us3usx,d0e516a01f99485b,7.211,12.895,15.079,245,19
askdocs_1us3xmz,71e107b14a49a2f7,7.616,13.2,11.268,66,5
askdocs_1us3xs8,bd2db6b0255ae7f7,9.334,21.308,9.028,277,13
askdocs_1us3yib,b05d2548debcffcf,10.132,26.0,9.756,234,9
askdocs_1us3ypz,e0eec6d4722c1d19,8.192,16.308,7.009,212,13
askdocs_1us423h,bb8966d3b47a0e81,10.261,22.0,17.699,110,5
askdocs_1us44jd,f80c7b805fe99ce2,9.653,20.333,8.871,122,6
askdocs_1us4535,5369f5d0099a8671,8.303,17.231,13.12,672,39
askdocs_1us478q,86b87dce6a914310,6.429,12.667,21.053,38,3
askdocs_1us47tw,83ac3d0955b4ed54,3.397,15.5,12.5,31,2
askdocs_1us499f,cdfe1b5fc2f8bc27,11.039,6.706,23.529,114,17
askdocs_1us4aaw,688111c63f49b7f8,11.393,20.3,22.535,203,10
askdocs_1us4aix,bc05636ee499ad40,3.897,7.333,9.091,22,3
askdocs_1us4fxt,f59edc593b487676,8.806,14.25,16.129,57,4
askdocs_1us4fye,9954185fa876454b,7.328,18.2,10.87,91,5
askdocs_1us4gd3,c7c58abe4c2b38bb,11.425,28.889,7.985,260,9
askdocs_1us4hlx,fa1afbba5f464c64,6.369,11.875,9.694,190,16
askdocs_1us4ne1,a5381b991cabd247,36.292,90.0,4.396,90,1
askdocs_1us4nnm,6f25899b73653f68,5.354,13.8,7.042,69,5
askdocs_1us4nuh,fdd9b2bf8c58c7a3,5.623,13.957,8.358,321,23
askdocs_1us4o58,eaabd710f87cf506,9.32,23.167,6.475,139,6
askdocs_1us4tys,60717b7d923fb049,7.726,17.25,2.667,69,4
askdocs_1us4u2x,94a7fd944fa06835,4.627,15.857,15.254,111,7
askdocs_1us4ug4,63cb468fd26b149b,7.747,15.091,8.382,332,22
askdocs_1us4zcx,65ec925b67668db0,5.063,12.176,3.865,207,17
askdocs_1us51i3,b9e0e7e4953ad144,5.419,13.446,8.355,753,56
askdocs_1us53li,b480e8ef6eb7e415,8.606,17.1,11.299,171,10
askdocs_1us53tn,2749240144d041a6,9.921,19.333,13.333,174,9
askdocs_1us549z,f318d4fa6a95ab1f,8.582,20.0,11.045,320,16
askdocs_1us54m9,eb8ff4df24923e9f,9.297,15.5,5.6,124,8
askdocs_1us55tq,26f21a5c3014d3fd,10.275,26.143,7.568,183,7
askdocs_1us57ld,8056a4f7ff82bff3,6.282,13.5,3.448,27,2
askdocs_1us5855,140ffead37c78069,4.43,14.727,3.395,324,22
askdocs_1us5adj,58fbc35afa6b55b5,4.791,11.0,21.739,22,2
askdocs_1us5ae4,5fd1e8beb6c02bd2,11.283,28.818,10.429,317,11
askdocs_1us5ajb,8521d60cdb9d0bfe,5.354,8.75,13.889,35,4
askdocs_1us5c1j,700682614b69725d,9.355,14.364,18.072,158,11
askdocs_1us5e8o,9928daf9c44a1635,11.592,14.35,10.39,287,20
askdocs_1us5g8b,ee58d4d8e5041e37,5.383,11.714,8.835,246,21
askdocs_1us5h19,52709c404387388e,10.348,9.261,19.149,213,23
askdocs_1us5hic,a03bd27360de6ffd,6.9,19.75,9.639,79,4
askdocs_1us5oyf,86b14a2eea269132,18.079,33.125,19.048,265,8
askdocs_1us5qqk,45629ba4b28690ea,11.09,27.1,6.569,271,10
askdocs_1us5sa9,b6e574df659b5291,7.874,22.0,8.696,88,4
askdocs_1us5szn,2e017e015d52ded0,5.82,11.6,19.672,58,5
askdocs_1us5u9h,f1b0ea24b0289324,3.396,9.6,10.204,48,5
askdocs_1us5v7e,cc7da5c8ff6e0fe0,7.592,13.52,11.272,338,25
askdocs_1us5wsh,c3a4dc7b6fdf7ec9,10.774,18.826,14.412,433,23
askdocs_1us5yp7,9cb8fd810eafe7ea,7.951,24.4,7.2,122,5
askdocs_1us5z8z,a6f89a5158f2ba1a,5.627,13.926,9.84,376,27
askdocs_1us61h3,ca712f74156604b7,9.217,19.591,10.227,431,22
askdocs_1us62ga,78cfe12c1a022b88,4.306,14.5,10.345,58,4
askdocs_1us64h0,8d443086c258d3ca,7.887,16.16,15.181,404,25
askdocs_1us64h8,11a2ddc32cd37eba,7.18,13.0,11.538,26,2
askdocs_1us64hm,35bc9fc770f232a5,11.095,28.667,12.644,86,3
askdocs_1us658m,04417afde8ce5189,4.722,11.818,6.716,130,11
askdocs_1us6937,50e2e8ecb58f0569,7.262,17.583,13.575,211,12
askdocs_1us69y3,6eb00890083a21aa,7.556,13.143,9.14,184,14
askdocs_1us6dc2,a995b73bac619032,6.611,11.375,14.13,91,8
askdocs_1us6g1g,971f455cbe16223c,12.258,24.8,6.299,124,5
askdocs_1us6hnn,a3ee3d925c138faa,7.376,14.455,12.158,318,22
askdocs_1us6hqc,874734531e05ee86,9.496,21.6,10.86,216,10
askdocs_1us6hzg,a1267db0537e00cd,7.767,14.814,9.722,637,43
askdocs_1us6jfr,dafd53fdd71d43dc,8.504,18.286,10.606,128,7
askdocs_1us6kdf,ea50b15289d7a9fc,10.541,20.556,10.995,185,9
askdocs_1us6my1,d07750ddbede88d5,12.851,32.167,4.663,193,6
askdocs_1us6nuo,4f3d36dc06cac118,10.579,21.735,8.499,739,34
askdocs_1us6pvj,6d3d6d129abf3660,45.017,114.0,15.789,114,1
askdocs_1us6rc9,95005f2818d38a2b,9.699,17.269,14.912,449,26
askdocs_1us6rrn,a311a28006f8f499,3.559,12.0,8.791,84,7
askdocs_1us711s,a7554c801890227b,3.391,9.4,4.808,94,10
askdocs_1us72pi,8b76005da913a17d,4.522,14.222,11.852,128,9
askdocs_1us73t0,30cffc2763b616fb,7.663,14.75,17.5,118,8
askdocs_1us75g2,9bb3e4ecf2057e78,5.574,10.786,6.962,151,14
askdocs_1us768u,e36f45e4601609c4,6.849,18.4,14.894,92,5
askdocs_1us77yd,c3ec0aacac466056,7.962,15.375,17.323,123,8
askdocs_1us79w4,1015d11359839160,6.233,16.571,5.172,116,7
askdocs_1us79w9,6f5f1ed68d1c244b,4.437,10.0,12.308,60,6
askdocs_1us7avl,ec268716b1a87c9b,5.96,15.667,9.278,94,6
askdocs_1us7bj2,366a13b24591403c,4.659,9.667,9.375,116,12
askdocs_1us7cip,df56c40972d8fb53,8.234,20.5,6.548,164,8
askdocs_1us7crh,d6ca5e034c155412,8.291,11.154,17.105,145,13
askdocs_1us7ddp,5cbc7a2693f18073,7.038,12.833,15.19,154,12
askdocs_1us7gnx,c4ce4742d25c389d,10.771,20.75,9.581,166,8
askdocs_1us7gw3,8e32086be437c88a,4.916,10.923,8.784,284,26
askdocs_1us7nmw,e582de033e1c7d19,8.431,20.034,10.455,581,29
askdocs_1us7oa3,40ebcc22fdbbcdf5,8.682,22.048,8.12,463,21
askdocs_1us7ptn,5a02609abba92338,10.189,21.25,14.035,170,8
askdocs_1us7q9v,ad312fab8c792278,5.427,11.0,12.662,297,27
askdocs_1us7syg,fe1045660a0a4b2e,10.492,16.75,5.797,67,4
askdocs_1us7xk9,c232f370d49c2813,8.963,15.636,9.917,344,22
askdocs_1us85vi,dad955107259f274,7.569,17.531,7.563,561,32
askdocs_1us87aa,66ba28a47336eba1,7.885,14.6,9.615,146,10
askdocs_1us89e3,a86c8d4bfccdec17,8.789,15.5,16.043,186,12
askdocs_1us89xc,2a5da2d5cfc3c5f0,13.401,34.182,9.044,376,11
askdocs_1us8a2t,0b8ebaf4f4a62bac,9.189,14.5,10.345,58,4
askdocs_1us8ahv,38f4b60b96a530c3,7.055,15.038,8.564,391,26
askdocs_1us8bjq,5c4b0fae35278030,5.969,16.545,9.424,182,11
askdocs_1us8c9d,8f9b830bd5b6699a,4.352,11.611,6.849,209,18
askdocs_1us8f1r,2f0c995ec25a1f1b,8.16,13.368,20.0,254,19
askdocs_1us8g26,60ff90937b842c6a,7.101,11.0,11.565,143,13
askdocs_1us8i05,4c6e41a038b4d7e0,12.192,27.467,14.382,412,15
askdocs_1us8koa,d28beda5f112486e,5.818,13.0,7.407,26,2
askdocs_1us8lvc,cbdfd03bf987bd05,4.269,11.25,10.638,45,4
askdocs_1us8nud,e27c8036152ace26,5.802,14.111,7.422,254,18
askdocs_1us8o5m,49fcb399224b31d8,8.758,18.061,6.146,596,33
askdocs_1us8p07,41a1d5a30271eaff,5.979,12.818,6.294,141,11
askdocs_1us8qcp,72eae7811ed6aa71,4.956,8.154,7.273,106,13
askdocs_1us8r8a,5f11efc484ec285d,7.79,18.4,12.681,276,15
askdocs_1us8rta,b07819594f53d0fe,11.879,28.5,8.191,285,10
askdocs_1us8t46,40100611177a3561,5.298,12.724,7.087,369,29
askdocs_1us8xz6,0c66ff748944740d,2.32,8.75,14.286,35,4
askdocs_1us8y1y,270aacd79f2b9718,6.695,16.8,13.483,84,5
askdocs_1us8yi8,a086eb42eff5b286,5.464,13.429,11.579,94,7
askdocs_1us8z4k,b49b733491d804b1,8.792,15.417,16.043,185,12
askdocs_1us91nb,ec9e7f59389cdc7a,5.171,13.655,4.739,1980,145
askdocs_1us93iz,45028bce66838a8e,6.874,14.25,9.302,171,12
askdocs_1us96g7,0ac70cbcf1bb07b4,2.311,7.0,9.091,21,3
askdocs_1us96lu,a06a98f19f3a80af,7.907,16.733,15.564,251,15
askdocs_1us99lx,2ece070b9d074cb4,9.335,17.0,5.858,238,14
askdocs_1us9a8s,9b568c1693e7dd62,11.501,26.182,14.041,288,11
askdocs_1us9arj,8ac196e931c04659,9.123,19.167,14.876,115,6
askdocs_1us9cah,d590f08fc0b3c30b,9.081,17.875,7.292,286,16
askdocs_1us9d7s,a9703bda5c6f24be,2.996,8.5,14.286,34,4
askdocs_1us9dyz,5dcc1f1a5e99ce3b,7.352,18.727,6.731,206,11
askdocs_1us9ewz,f64a83f9f14aa77d,6.665,13.929,8.586,195,14
askdocs_1us9fm5,c88d963b4044075d,7.652,18.714,10.687,131,7
askdocs_1us9fo4,4b4725adb8cd7c5f,7.963,13.722,9.63,247,18
askdocs_1us9h67,0c690d530d749584,6.35,13.643,10.363,191,14
askdocs_1us9ik7,9cb19b7d81a9ecd7,7.592,15.667,11.675,188,12
askdocs_1us9lkb,cbbafea6734ebce5,3.038,9.75,15.0,39,4
askdocs_1us9mio,2245871ea54ba4aa,7.372,21.625,6.742,173,8
askdocs_1us9owu,a616fe86e8eb3f6c,6.793,18.333,7.759,110,6
askdocs_1us9rfj,11fe2ebcaf4b322e,3.379,11.6,14.286,58,5
askdocs_1us9rgm,42ef2148c2183e20,6.782,19.0,7.143,209,11
askdocs_1us9rk1,e4785ad46e61399b,10.505,18.2,17.368,182,10
askdocs_1us9s3s,dd6db193768143a6,9.139,21.333,11.538,128,6
askdocs_1us9ttz,baf4515663790f2e,6.761,18.909,7.656,208,11
askdocs_1us9ugu,41594087e0e068ae,6.289,14.571,10.185,102,7
askdocs_1us9wou,820e1a9c38a0bfb8,12.594,34.0,8.824,34,1
askdocs_1us9xq3,e81e857c63b578de,6.918,17.6,7.609,264,15
askdocs_1us9xv7,0427697539a94f44,6.977,16.385,8.314,426,26
askdocs_1usa3k7,0723ed279357c141,12.402,25.5,11.538,51,2
askdocs_1usa788,4ce4b57376d0cf23,4.706,11.889,11.215,107,9
askdocs_1usa80t,b381b223f05dba6f,8.275,13.818,16.883,152,11
askdocs_1usaayv,9e956a4566de0624,4.044,8.143,13.821,114,14
askdocs_1usahr8,f56cec2ce79fa65c,3.244,8.222,10.127,74,9
askdocs_1usai0r,ab6b7af23ab6af75,5.032,10.889,16.0,98,9
askdocs_1usak51,7b9e4c542763f020,6.286,14.133,9.133,424,30
askdocs_1usapmg,96b8ee69c8b5cf29,8.964,23.0,6.486,184,8
askdocs_1usapzs,b0c858cc1b68de94,4.832,12.125,7.547,97,8
askdocs_1usatv0,ac0d374b460d86ed,4.841,13.8,7.857,138,10
askdocs_1usawnb,401f4fd32e4dc9f2,5.908,14.25,9.184,285,20
askdocs_1usawwb,386dca7071f3ebb6,7.128,12.667,13.58,152,12
askdocs_1usay19,25394fc37acaf476,6.236,13.556,6.349,122,9
askdocs_1usayl4,d3001452235bab78,4.304,10.9,8.219,218,20
askdocs_1usb0dy,f9b0ce170df7e8e1,5.879,13.941,7.983,237,17
askdocs_1usb0z3,4ea7793838def64d,5.804,12.357,11.236,173,14
askdocs_1usb3s6,78afc1ed8159a8ce,7.58,15.417,7.812,185,12
askdocs_1usb6m0,a4bc89807a87e70e,6.913,15.621,11.597,453,29
askdocs_1usb6ra,9d044a972c039ea9,6.598,16.286,8.299,228,14
askdocs_1usb720,677e58ab28146cb4,7.072,18.667,3.509,56,3
askdocs_1usb7ai,1ec3dfc786fd121a,9.429,23.2,15.447,116,5
askdocs_1usb7d5,d645364abdfde239,5.1,14.375,13.675,115,8
askdocs_1usb7zz,90a67634a7e3124b,8.159,18.217,11.215,419,23
askdocs_1usbbwu,6baf94a5d8cca941,7.794,17.385,12.719,226,13
askdocs_1usbc2r,d9de1aceccb64c3c,20.54,52.25,11.905,209,4
askdocs_1usbfir,0ac46893255e5ca9,8.955,13.733,12.442,206,15
askdocs_1usbgf0,4a15d2917831ccb0,5.755,17.0,4.396,85,5
askdocs_1usbgxy,0c8cd2eb88e497a0,4.612,14.4,9.589,72,5
askdocs_1usbgzk,67ee211df7061a97,7.764,21.154,4.811,275,13
askdocs_1usbh1f,5edccc889e1bf99d,5.711,9.5,12.069,57,6
askdocs_1usbive,563a0e6281e7ac0b,5.675,13.778,10.4,124,9
askdocs_1usbjwr,fc09e3528af63efd,4.787,15.75,7.937,63,4
askdocs_1usbk0p,d50c692ed3dd84a5,7.366,14.875,11.667,119,8
askdocs_1usbkd0,f6c9bab44d1c5ae6,12.217,36.0,2.703,36,1
askdocs_1usbkja,6c09b16025e0b8ad,5.525,13.8,9.859,69,5
askdocs_1usbl3w,4e3e60a9e80b3728,4.285,15.25,9.836,61,4
askdocs_1usblew,83744d9d0de0523f,9.479,23.571,10.651,165,7
askdocs_1usblti,9acae290062f9446,2.167,9.6,10.0,48,5
askdocs_1usblv0,ae82e6ebc26b6d68,37.503,97.5,6.796,195,2
askdocs_1usbpt4,2c64b95531e167f3,6.095,15.111,12.23,136,9
askdocs_1usbpv9,a98bf272be1bfcc2,10.336,17.667,15.741,106,6
askdocs_1usbrua,88315f0adaa2966c,10.904,21.778,8.955,196,9
askdocs_1usbtgh,afaa32d0011ba38d,3.396,9.6,9.259,48,5
askdocs_1usbxp9,67fe951927ce5f23,9.579,25.0,9.877,75,3
askdocs_1usbz9q,0b9404ae63ff1578,17.298,24.471,27.66,416,17
askdocs_1usbz9u,7389d226681f870b,7.438,15.6,10.127,78,5
askdocs_1usc0yq,736600b6850d3602,5.934,14.5,6.224,232,16
askdocs_1usc2t1,249fc38c69cd935c,8.735,22.308,9.667,290,13
askdocs_1usc4ho,7694ecf9c2d49b9c,4.897,9.4,2.041,47,5
askdocs_1usc4uv,69c3c2772d1c7c31,11.544,20.5,14.458,82,4
askdocs_1usc60x,977b85d4293bf1ab,5.141,11.5,9.859,69,6
askdocs_1usc8uy,32e24cffae7d0a31,4.909,11.222,15.686,101,9
askdocs_1usc8vn,8a6dd1bb925e2bf9,15.468,18.8,25.654,188,10
askdocs_1usc8xu,ec75cef58f1fba4e,9.148,29.0,10.345,29,1
askdocs_1usca3q,6d676a2d8605f0c3,6.175,15.2,16.456,76,5
askdocs_1uscbqr,efcddcde9f434e62,5.836,15.0,12.5,75,5
askdocs_1usccmt,e173111b75edb1f6,5.694,11.824,7.246,201,17
askdocs_1uscdrn,c8077f2d5b2615ed,9.504,20.3,13.735,406,20
askdocs_1uscg95,e7000c2fe06729c4,8.168,16.846,11.211,219,13
askdocs_1uschap,48cab771adc22392,27.589,66.2,9.61,331,5
askdocs_1uscif2,90925d1c8969f380,18.759,38.625,16.508,309,8
askdocs_1uscj3j,e9331efa145c8cf7,7.401,17.0,10.833,238,14
askdocs_1usck97,ab800ae9b80f6228,9.11,21.077,8.072,822,39
askdocs_1uscniy,b7a9e3949c2a5449,7.245,16.308,8.145,212,13
askdocs_1uscq7n,1c05ddf461c68662,5.564,16.0,3.472,144,9
askdocs_1uscqsy,5b7301392384cf2f,12.205,29.2,6.04,146,5
askdocs_1usctes,e6ed8101ee58f63f,10.19,15.842,6.688,301,19
askdocs_1usctxr,6f803a8ea727f0cf,6.212,8.8,18.182,88,10
askdocs_1uscujp,5537e261ee16443e,12.122,27.333,6.866,328,12
askdocs_1uscv4e,6bc564d238a24d02,9.894,23.5,5.674,282,12
askdocs_1uscvea,914e564176220bdb,5.87,13.346,9.222,347,26
askdocs_1uscwux,878d2c1a2306b74d,18.617,48.0,12.371,96,2
askdocs_1usczlz,1dde1e3d5d19fbc5,4.911,15.8,13.75,79,5
askdocs_1usd18c,e3af4009edb1a05d,8.012,13.406,9.663,429,32
askdocs_1usd26q,4bb50609e99f9f1f,8.281,18.778,12.353,169,9
askdocs_1usd354,51fce49841fe3591,5.055,14.091,9.375,155,11
askdocs_1usd40j,f60ed30be539c0bb,9.409,21.833,9.848,131,6
askdocs_1usd4dc,5148cbbdbe5aa31a,8.959,19.5,10.256,195,10
askdocs_1usd7vk,97e9a30f63d16dd2,3.528,11.2,1.754,56,5
askdocs_1usda95,406d367ed13a90a5,8.851,19.25,7.006,154,8
askdocs_1usdaji,5a65d68d426bd0ec,7.878,11.5,6.667,138,12
askdocs_1usddmc,18d823abd7c8ba86,9.124,21.581,10.441,669,31
askdocs_1usdj5n,59cddf36cfd9fbfd,11.763,22.0,11.364,44,2
askdocs_1usdj7w,f4eabaaccc2b7d52,11.366,17.333,3.636,52,3
askdocs_1usdjnj,a8f60a1ea14c7ea4,11.271,24.778,5.603,223,9
askdocs_1usdmao,b2e87affa829df64,6.229,13.15,8.824,263,20
askdocs_1usdmcj,e4f8effde952a5d3,3.513,7.25,17.241,29,4
askdocs_1usdmuq,4192cfc95c53c454,9.425,21.846,8.247,284,13
askdocs_1usdp7u,3078dc941dffc733,3.921,10.571,10.067,148,14
askdocs_1usdqqh,6e6d69b971a6f726,5.089,9.8,16.327,49,5
askdocs_1usdzst,f545012c06b58d04,8.483,21.714,10.976,152,7
askdocs_1use6w0,045d9bff3c566c40,8.76,16.111,18.493,145,9
askdocs_1usebk2,cce49ae98aaeeca3,19.109,48.0,6.122,48,1
askdocs_1usedoy,240ccdbe2300759e,6.17,16.2,4.651,81,5
askdocs_1useiof,72f842d0704e01ed,6.893,15.333,10.87,138,9
askdocs_1useknk,264db7b3eb693105,6.715,17.111,9.554,154,9
askdocs_1useqd1,0481291a85de72dc,7.527,17.8,9.677,89,5
askdocs_1user9y,a39ff15b2f4d3fb1,10.89,11.125,13.37,356,32
askdocs_1useuob,36e3a7d63cb9f765,8.283,17.0,13.19,323,19
askdocs_1usewti,734ff664d5fa7811,8.763,14.75,11.745,295,20
askdocs_1useyw9,ff20b9c203ea84ee,5.69,9.333,13.004,196,21
askdocs_1usf58x,9f0abdddc89514fc,4.62,14.0,7.143,28,2
askdocs_1usf7w9,83414b677429e6d4,8.692,19.0,5.833,114,6
askdocs_1usf9s7,70255366e52b0f97,8.497,19.778,5.801,356,18
askdocs_1usfd9w,26650d4f4debebe3,6.172,17.0,21.053,170,10
askdocs_1usfkkx,fee627ee0f1eb790,8.117,18.0,7.843,198,11
askdocs_1usfm4h,13f2d4e7fa76a4a6,6.228,12.24,4.207,306,25
askdocs_1usfpwn,0e750b6cc8a4276d,6.86,14.708,11.549,353,24
askdocs_1usfqzi,4d5bd54eeb88ddf7,39.923,101.0,9.901,101,1
askdocs_1usfu65,0138afebc04d5067,17.956,45.0,13.187,90,2
askdocs_1usfuom,87de14617eab675a,8.5,18.25,2.703,146,8
askdocs_1usfv7a,1a2720fbc01da11d,7.361,12.667,5.932,114,9
askdocs_1usfxjc,3245e373dce5ce9f,5.218,12.385,10.119,161,13
askdocs_1usg6qw,1b2d14cd8560abf0,7.613,16.0,4.167,96,6
askdocs_1usg6r4,4b871cb47add7151,8.303,17.333,10.377,104,6
askdocs_1usg8tz,7f67b97685873eb9,6.906,17.0,7.5,119,7
askdocs_1usg9fp,24b6e36f994625a3,3.957,10.5,3.297,84,8
askdocs_1usgh8j,42d0c953744bf9ff,8.411,20.2,11.65,101,5
askdocs_1usgitk,ed8e472203b63cba,4.129,10.6,15.094,53,5
askdocs_1usgkvs,8d8430ec87970b51,7.152,13.667,14.943,82,6
askdocs_1usgo0u,f3e31f5af1d48b44,8.846,16.667,16.129,150,9
askdocs_1usgpf2,d3acc92ca56cee93,11.234,23.0,17.5,115,5
askdocs_1usgrgs,d7cf5c1f20879d71,8.313,18.375,10.169,294,16
askdocs_1ush503,348bdcf4a4845765,6.52,15.941,11.073,271,17
askdocs_1ush5se,e75da7ec7d92e006,6.796,17.312,11.419,277,16
askdocs_1ush8is,e0fd29a2f250c076,7.366,16.75,9.747,268,16
askdocs_1ushb6f,806a12c628de34e6,9.982,19.222,8.571,346,18
askdocs_1ushb6q,01ce8f51b5cdd89b,3.755,8.0,13.559,56,7
askdocs_1ushbld,58e2e63b50331903,9.199,18.889,8.197,170,9
askdocs_1ushd34,2f8a68da693d2c1e,12.496,30.929,6.726,433,14
askdocs_1ushejc,d6db138bb47c7f44,3.757,10.552,5.247,306,29
askdocs_1ushj51,d172d773346d7854,7.609,12.143,7.778,85,7
askdocs_1ushlpr,3df2692e103f9480,3.351,12.5,7.937,125,10
askdocs_1ushnl1,f5db51f2646c2132,7.981,17.357,10.484,243,14
askdocs_1ushr7i,69bcc164357c2465,5.483,19.0,12.821,38,2
askdocs_1ushrjw,7963f6003e6774c8,12.115,29.5,12.432,177,6
askdocs_1ushrsq,05a012ed8ad44867,8.37,20.9,9.302,209,10
askdocs_1ushvlo,cb58bd281f6d96d3,8.815,19.167,8.547,115,6
askdocs_1ushyfs,4fef438416ff6eef,6.743,15.846,4.306,206,13
askdocs_1ushyid,c8dca2762f2a7ecd,4.027,15.0,16.129,30,2
askdocs_1ushyuq,dbac298c04cc3589,6.945,16.571,10.169,116,7
askdocs_1usi1f3,4a66e4e2894a6245,14.324,33.0,15.686,99,3
askdocs_1usi3z3,0d9a50eedfab1d97,4.792,10.8,10.714,54,5
askdocs_1usi6ex,4268b080ff2bec7f,7.159,9.471,16.168,161,17
askdocs_1usi87t,6fd10bfb31c9166b,5.363,14.571,6.542,102,7
askdocs_1usicb6,6269feee2a66ee65,9.995,23.5,14.768,235,10
askdocs_1usihw5,aa32642f635c2f2b,0.372,7.4,7.692,37,5
askdocs_1usijnf,afa48a6b62e5eee5,5.791,16.333,11.184,147,9
askdocs_1usilt9,bcca6bee451082cc,8.23,15.781,10.058,505,32
askdocs_1usime0,1825c2c8ee1ca929,9.174,19.889,16.393,179,9
askdocs_1usin4t,0afd4d1544fecdbe,9.926,22.25,7.836,267,12
askdocs_1usinte,d7e5fc5201862a75,9.107,22.857,9.756,160,7
askdocs_1usiw61,f2b769c278c86473,10.895,19.5,12.183,195,10
askdocs_1usixc6,79a05153f8a57c17,11.424,21.0,7.095,294,14
askdocs_1usj4sc,4afa389fea84c7d6,6.399,22.0,18.182,22,1
askdocs_1usj8kx,25c49d3ff69654ba,8.474,18.0,15.282,288,16
askdocs_1usj91h,631fe423694e092d,6.455,18.5,3.896,74,4
askdocs_1usjc2h,9320b916cbfa4b76,10.733,24.259,10.015,655,27
askdocs_1usjdng,d5d30e902319b3b6,6.806,18.222,11.145,328,18
askdocs_1usjes4,ba82078c6d2e45a2,11.941,33.0,3.03,33,1
askdocs_1usjk71,2ae7b80302cc6552,7.081,18.0,11.034,144,8
askdocs_1usjlhe,137d1d5b67ff68a5,7.128,14.533,18.919,218,15
askdocs_1usjooy,9558512be5fbcf9c,7.762,18.5,12.632,185,10
askdocs_1usju5l,1c130e1ea42f877a,5.115,13.895,7.491,264,19
askdocs_1usjyew,2e6dddeebd24bb00,8.341,17.333,8.589,156,9
askdocs_1usjz8v,bf46b55c35e2e031,4.666,9.769,7.519,127,13
askdocs_1usk5ac,d06f65084828f7b1,5.994,12.6,4.688,63,5
askdocs_1usk7ul,02189708d3ff2fb8,5.807,15.8,11.111,79,5
askdocs_1uskb2k,06d282ae58c3d06e,4.506,8.118,9.79,138,17
askdocs_1uskhdm,fe7e01d09224f91e,7.435,12.067,16.129,181,15
askdocs_1uskjyl,27ab317d43530d91,9.384,12.692,9.77,165,13
askdocs_1uskk2k,307aa832d811e841,8.673,23.125,11.828,185,8
askdocs_1uskoby,ba320313052acf4d,5.398,14.222,9.728,256,18
askdocs_1uskpnz,b8c68e79478e4de6,12.545,28.571,8.333,200,7
askdocs_1uskt6s,1c1f69d2483852cd,7.755,16.778,13.245,151,9
askdocs_1uskuri,5b554aca70410ed7,8.556,22.25,9.353,267,12
askdocs_1uskyr6,a896047303fbe0ca,6.398,17.1,9.942,171,10
askdocs_1usl1x9,962f141b6bb74958,9.972,25.0,3.883,100,4
askdocs_1usl5a6,1b0d7344c0141143,19.111,49.75,7.0,199,4
askdocs_1usl7kp,649cde697b6aa2ae,15.951,41.6,8.612,208,5
askdocs_1usl9lk,ee8d92195742eac0,4.795,11.333,7.692,102,9
askdocs_1usle9j,55ca82dc5933bfd1,6.645,12.955,6.62,285,22
askdocs_1uslqv1,b9c124de155a6701,4.245,9.833,14.286,59,6
askdocs_1uslqw3,09e52ed358801735,8.738,20.846,16.423,271,13
askdocs_1uslqx5,6492719a53caf3fb,9.981,26.0,7.692,52,2
askdocs_1usltla,2ee8925c6d5e2b5d,15.387,29.0,18.182,87,3
askdocs_1usluul,15de92037985a252,10.26,19.0,19.691,247,13
askdocs_1uslwrt,6e5d9138fef3434b,10.253,21.0,5.769,252,12
askdocs_1uslwty,aac5de57259eb65c,7.846,19.353,7.273,329,17
askdocs_1usly2p,0b7c057f0a744fd8,9.01,17.0,11.039,153,9
askdocs_1uslz7m,86f81a88ab7bc743,8.32,25.0,16.0,25,1
askdocs_1usm2ik,3364ad4a33ef417b,19.699,48.333,11.684,290,6
askdocs_1usmim5,95bd6ed2e679fa9a,8.746,24.833,3.165,149,6
askdocs_1usmir1,dd192a8ee5f4b545,9.508,22.643,9.063,317,14
askdocs_1usmkb9,c9b36d07eaeb883e,3.718,11.0,15.556,44,4
askdocs_1usmlms,fc282ecd16643c07,8.796,17.143,7.337,360,21
askdocs_1usmqw5,1c07b5067a3190a5,8.414,17.3,9.04,173,10
askdocs_1usms51,13c30f70e92904a5,6.743,17.1,10.405,171,10
askdocs_1usmt4w,43b4812bf2aac5eb,7.53,22.6,7.895,113,5
askdocs_1usn4ql,3dc4c2064c421bed,5.22,13.75,9.091,55,4
askdocs_1usn5y6,5cccda80ceff925f,8.576,17.409,8.838,383,22
askdocs_1usncaa,b7f169a7c0c9ed7d,5.914,17.0,9.016,119,7
askdocs_1usnmjh,368ed36f2cd6094b,8.543,19.192,14.229,499,26
askdocs_1usns36,3d95bf23ffc9d9a7,8.188,20.75,9.127,249,12
askdocs_1usnt7j,8cd6664f5669efcb,13.241,28.0,10.0,56,2
askdocs_1usnxbg,0024494e1914ad9e,3.602,11.5,10.145,69,6
askdocs_1uso057,caa7b1d20d49855b,6.343,12.0,9.091,132,11
askdocs_1uso05x,d3bdad206b210ed2,8.99,13.684,10.943,260,19
askdocs_1uso0gj,75d7e27b66cedc25,6.434,18.167,7.339,218,12
askdocs_1uso0i0,e64a8d41bbf79e73,8.08,18.125,6.04,145,8
askdocs_1uso1ra,de10b101e153b985,8.541,15.25,14.286,61,4
askdocs_1uso26u,728028aec875e241,9.414,17.462,8.817,454,26
askdocs_1uso556,3ae7b9f6f548a87a,3.754,11.333,16.176,68,6
askdocs_1uso5wd,ffc4b86260c674ba,6.31,15.273,8.824,168,11
askdocs_1uso6ey,2bb26b7636bb703b,9.252,15.0,7.944,210,14
askdocs_1uso7vj,2444a091aaf4035c,5.093,14.333,8.889,43,3
askdocs_1uso7xl,605607b4747dc710,12.819,18.071,11.802,759,42
askdocs_1usoauh,62a3ce4267d2e694,13.455,18.2,17.054,364,20
askdocs_1usoe9f,db72231f9128b8d2,7.885,14.278,11.152,257,18
askdocs_1usoee8,f1575f3e1b978ade,5.589,12.958,10.224,311,24
askdocs_1usog6j,0064916873bbbc39,7.235,13.8,5.714,69,5
askdocs_1usogw5,4d3f78df1bcd95e5,5.622,14.167,4.706,85,6
askdocs_1usok63,576400ca6a85b716,5.65,14.8,6.41,74,5
askdocs_1usoml4,5290dedf95bca5d1,7.089,13.857,6.774,291,21
askdocs_1usopmb,1c6e796eb16b660b,9.018,19.8,7.358,297,15
askdocs_1usor8y,d514735c67bb65c7,7.776,14.867,6.009,223,15
askdocs_1usovp1,0a101ca895749df9,6.406,17.5,15.0,35,2
askdocs_1usp1ew,9820f63d95882d0b,9.521,16.2,12.805,162,10
askdocs_1usp51q,2f982e1668d277e6,8.392,14.25,8.772,57,4
askdocs_1usp6ws,4c224bfe8b71e28b,8.047,24.4,10.656,122,5
askdocs_1usp917,6f12448df11d6465,7.657,19.385,10.039,252,13
askdocs_1usp940,e8bc962bb5a50d80,10.5,20.0,15.0,20,1
askdocs_1usp9l5,1dac331558afc0fb,4.122,10.0,16.0,50,5
askdocs_1uspfm8,9ffa6699b54d5903,8.734,18.917,12.719,227,12
askdocs_1usph4k,b19074af7620a156,65.663,168.0,4.762,168,1
askdocs_1usphio,ad6f5873199fb96f,6.436,15.727,9.14,173,11
askdocs_1uspiaa,9109b30f21a3c203,5.259,15.286,6.422,107,7
askdocs_1uspk86,a7b0f3eed55860ba,8.413,14.0,6.283,182,13
askdocs_1uspljo,c3bfc20008f27340,9.246,17.429,20.866,244,14
askdocs_1usplxs,1b23547b4360518e,9.366,21.043,11.861,484,23
askdocs_1uspmwa,966c6c63540e6083,10.809,25.625,6.047,205,8
askdocs_1uspnoi,c394d15e4bc5da69,7.937,18.333,5.233,165,9
askdocs_1uspq4u,e3a6d1c23e2e9cc3,9.96,18.929,10.417,265,14
askdocs_1usq0e8,96b3ffbf1385d98b,5.747,14.733,10.48,221,15
askdocs_1usq16z,3b6dfa126331d3b3,22.149,53.0,10.0,159,3
askdocs_1usq1xj,f140dd0a75980db3,6.392,10.571,10.39,74,7
askdocs_1usq663,e468e3b56f00470b,10.149,17.889,8.284,161,9
askdocs_1usq7or,5be1e0c5088eb91d,6.967,18.0,9.444,180,10
askdocs_1usq89m,672ee939610f8433,10.697,21.308,13.287,277,13
askdocs_1usqbmc,c9f7a656c3489d2f,2.996,6.143,15.556,43,7
askdocs_1usqbuc,917ce790515b5415,4.648,11.833,5.405,71,6
askdocs_1usqd25,a9c3960ed33a5591,5.827,18.333,9.402,110,6
askdocs_1usqdyq,4ff025dba0948bbc,6.508,18.0,9.467,162,9
askdocs_1usqfmj,8fc4ef2ae4a31125,10.099,14.0,4.762,42,3
askdocs_1usqg0n,f041715797459b49,8.311,18.0,15.068,72,4
askdocs_1usqjl3,6bf82c20c0348f8b,9.705,22.5,7.292,90,4
askdocs_1usqjvt,595f66b52513284e,8.881,20.429,15.172,143,7
askdocs_1usqkgm,06ac8e7c73528807,12.143,23.0,16.463,161,7
askdocs_1usql5d,1538e37082b6a0b6,9.779,17.143,11.429,240,14
askdocs_1usqnl1,f902f3f23527025d,9.896,13.682,18.038,301,22
askdocs_1usqru8,2c200f6ba1eb9f24,4.876,12.667,11.0,190,15
askdocs_1usqsrf,abac123714d4aa58,8.545,16.5,8.696,66,4
askdocs_1usqxqc,394675c555d6c704,3.252,12.333,16.216,37,3
askdocs_1usr4zq,6a563898aba6b029,7.224,16.0,4.416,304,19
askdocs_1usr5fo,cada7af9a5ef648e,8.298,18.45,14.628,369,20
askdocs_1usr6w3,49cb77fca4599688,8.953,19.458,13.265,467,24
askdocs_1usr6yc,058c632b929987e4,11.144,17.273,15.385,190,11
askdocs_1usr9ki,592d1ed5275e41ea,6.425,12.889,9.091,116,9
askdocs_1usrenn,fc0e8edd6757d47c,8.562,15.571,12.931,109,7
askdocs_1usrg7p,28ba5e1fd29892ca,8.933,19.0,6.215,171,9
askdocs_1usriqo,232b32d9e55b2931,4.51,14.5,11.475,58,4
askdocs_1usrjxa,be44d441954e63c5,4.054,11.077,8.667,144,13
askdocs_1usrk51,dbdcf2a35bc6227a,5.567,12.417,9.272,149,12
askdocs_1usrkak,a0b27e697c343443,11.936,20.571,14.483,144,7
askdocs_1usrkca,dcb8175a6043aab9,6.364,20.667,11.29,62,3
askdocs_1usrl5y,231b1a3f3252fa85,7.231,17.6,8.989,88,5
askdocs_1usrm6m,e12d3c3a9df47132,8.169,19.75,5.389,158,8
askdocs_1usrs4s,f58e005f00fec5f8,10.279,18.333,14.097,220,12
askdocs_1usrsqv,a4c3e30439f49c3f,5.938,12.933,10.606,194,15
askdocs_1usrsrd,ac7f284422384c1a,9.481,13.429,19.792,94,7
askdocs_1usrt2w,8c887a250e1c910d,4.307,11.75,10.638,47,4
askdocs_1uss1j4,2774208a9e0981a9,6.328,16.364,9.444,180,11
askdocs_1uss3ai,e2264f30ee793e48,6.17,16.2,6.098,81,5
askdocs_1uss41m,2a4f85dce5f9c1ad,7.503,15.474,15.738,294,19
askdocs_1uss9ll,11d020cfd899ad01,7.052,17.778,12.346,160,9
askdocs_1ussfy3,07c46e1142279478,6.944,13.25,7.143,159,12
askdocs_1ussipb,3bbe589f885f3c1b,8.33,16.846,12.069,438,26
askdocs_1ussiyo,096ac4b0d4edad41,9.741,15.143,19.369,212,14
askdocs_1ussjiu,efcf0835b5d4a25c,8.872,18.75,12.174,225,12
askdocs_1ussnkj,f90a209497bb0ea5,61.973,153.0,9.446,306,2
askdocs_1ussp7o,31289d07f3d29bb4,7.64,15.778,10.959,284,18
askdocs_1usssbc,a1ff316ae7177b93,9.239,16.778,14.935,151,9
askdocs_1usssxl,476c4468c5ac1021,7.943,19.167,7.391,230,12
askdocs_1ussue8,62c2632470c528b8,5.928,12.062,9.137,193,16
askdocs_1ussyfv,5704d1f500b8f68f,22.984,53.333,10.059,160,3
askdocs_1ust0f3,7f04d31a660522ef,9.095,23.3,9.829,233,10
askdocs_1ust5iv,7e92b813852bda15,9.703,17.692,8.282,460,26
askdocs_1ust6eg,dffe8d01cfbb5f4a,12.067,17.588,16.825,299,17
askdocs_1ustbk6,6d03ac1f992ebd68,6.657,17.095,7.859,359,21
askdocs_1usti25,23baa791ee05c588,9.898,19.667,8.623,649,33
askdocs_1ustio7,d0ffadfeb935a679,2.733,10.2,9.615,51,5
askdocs_1ustk06,cf3166a11408b773,6.757,16.5,14.493,66,4
askdocs_1ustkei,c340f16be93ca760,10.192,19.833,8.696,238,12
askdocs_1ustp88,79a59341496ffc45,7.434,11.167,10.448,67,6
askdocs_1ustrxr,04a134d27f481d98,4.058,10.667,12.5,32,3
askdocs_1usts67,6a1eaeeb7f0ad2da,9.261,18.0,13.587,180,10
askdocs_1ustuo8,b259d0066201818c,13.967,30.0,10.458,150,5
askdocs_1ustxy1,81c7c7ee14a9384e,9.926,15.824,12.545,269,17
askdocs_1usu2pi,899a65561187fca1,8.927,17.567,13.504,527,30
askdocs_1usu3bh,fe42c09d0bfc5c9d,9.387,15.455,5.78,170,11
askdocs_1usu6sh,97e8e2610714b350,6.951,15.2,9.091,152,10
askdocs_1usu8pg,4f5e54a4c9afb723,7.612,18.909,14.218,208,11
askdocs_1usuaqt,0ad7c252d069bc47,2.994,8.75,5.128,35,4
askdocs_1usuddg,5926d55a39f0041b,10.797,14.586,12.414,423,29
askdocs_1usug2l,c471f7caf97f70da,5.148,11.889,3.478,107,9
askdocs_1usug4a,4b8f6b42d1e2b6c5,10.991,20.286,12.054,426,21
askdocs_1usug57,4afda4f3538d3af6,4.559,5.333,24.242,32,6
askdocs_1usuh6w,acc404c5504c3840,6.73,20.25,10.976,81,4
askdocs_1usuhcr,35d6cf5bf432a841,9.814,16.167,9.709,97,6
askdocs_1usujn1,d94078033a061c82,5.236,12.083,9.032,145,12
askdocs_1usukq2,f4b4b057873ec3ca,4.385,10.875,8.696,87,8
askdocs_1usuwhv,deeb885a73a2c0fb,4.911,13.0,11.538,52,4
askdocs_1usuxlt,52dbaf4cc42c1898,5.597,14.25,11.111,114,8
askdocs_1usv16l,e2f69387d5b1fc3b,6.441,14.818,8.092,326,22
askdocs_1usv1qs,83230e81b0717367,3.949,12.0,7.339,108,9
askdocs_1usv1x6,0427a8c593fac094,2.488,8.75,12.5,70,8
askdocs_1usv2gl,80ad946ca13c6e11,9.347,16.293,11.713,668,41
askdocs_1usv64h,95c90ed8d2c0258a,8.411,12.875,14.329,309,24
askdocs_1usv6lz,03748d51489db36e,4.157,13.143,10.87,92,7
askdocs_1usv83t,347f12c33f76319d,8.846,26.0,10.909,52,2
askdocs_1usvafl,5099657db402d8ff,10.464,11.632,14.655,221,19
askdocs_1usvao5,0334f0d58c06a855,6.742,13.5,11.9,513,38
askdocs_1usvdml,d617029efdc0ff0a,8.376,12.9,14.615,129,10
askdocs_1usvgpf,7cdbaacd62681244,7.976,20.167,7.317,242,12
askdocs_1usvjkd,7ed8446a91de6699,5.191,12.158,12.712,231,19
askdocs_1usvl99,77a977cb046c1e9e,7.266,15.111,9.783,272,18
askdocs_1usvm5l,e353bf310afb73d5,7.491,17.0,12.308,170,10
askdocs_1usvnt9,e9b4d627d1f0fc6f,13.947,30.1,9.804,301,10
askdocs_1usvo8v,2f5f29ec0c849d1d,12.727,33.5,9.254,335,10
askdocs_1usvqz1,04d30389efab0f56,19.75,35.0,13.393,105,3
askdocs_1usvt2n,428f04b0fbdd929a,7.748,16.429,11.017,115,7
askdocs_1usvulb,206974bdd1096353,6.191,14.333,7.692,129,9
askdocs_1usvwr9,5296b36daaa9b2d0,30.663,76.0,14.474,76,1
askdocs_1usvy83,f32f927f72a38bfa,8.763,14.75,12.705,236,16
askdocs_1usvz1z,409853b81b896ce7,11.888,34.5,10.145,69,2
askdocs_1usvzlt,4e6d6c3167262806,3.976,10.273,5.128,113,11
askdocs_1usw07h,3ef2d08570002cbb,6.142,11.4,12.712,114,10
askdocs_1usw2ws,dd976fb1fc11c6eb,10.915,29.5,10.317,118,4
askdocs_1usw4ka,abf52771f1394edd,4.961,12.25,9.091,98,8
askdocs_1usw6eq,ee1d9a148e2acafd,10.87,22.875,11.749,366,16
askdocs_1usw73m,dc299469f20c6f11,3.634,12.667,7.5,76,6
askdocs_1usw7cz,da82233c89a14599,7.222,13.429,17.347,94,7
askdocs_1uswa7j,552f55e90ea24121,8.517,13.474,17.148,512,38
askdocs_1uswdsb,0085540b87763d6a,9.155,10.5,22.093,84,8
askdocs_1uswegs,8c4ac121cdc8d5b6,4.698,9.571,11.268,67,7
askdocs_1usweo3,39e3804f9c226091,4.931,9.188,4.777,294,32
askdocs_1uswfeq,1a280d75bbc76f0e,9.155,10.5,22.093,84,8
askdocs_1uswgya,8874f8df188359c0,5.081,10.5,9.302,42,4
askdocs_1uswh2v,ad72d9e3c24ab5ae,4.316,13.5,12.727,54,4
askdocs_1uswjov,1112d9726fc4caef,17.302,43.0,8.889,172,4
askdocs_1uswm6l,6e3a8e5cd79338f3,9.324,18.786,9.489,263,14
askdocs_1usx2ed,3301455a520950b9,9.277,17.625,9.79,141,8
askdocs_1usxc6x,b2afdbad67929b68,5.379,12.333,11.712,111,9
askdocs_1usxdt8,2d5e994000a68170,13.51,26.5,10.753,371,14
askdocs_1usxf2k,a1f6798e79f96ace,7.633,17.6,13.483,88,5
askdocs_1usxghq,1b4f8af2411df990,5.947,12.0,3.529,84,7
askdocs_1usxjb9,e39c824a813ff20c,6.986,13.3,9.559,133,10
askdocs_1usxloc,97ae2c141ee968ed,3.877,12.25,8.0,49,4
askdocs_1usxluo,bef223746b22a4ef,11.174,19.85,11.222,397,20
askdocs_1usxp2e,431388794ed047ff,8.519,16.5,12.712,231,14
askdocs_1usxp2y,fd3f039e63029d89,4.105,17.333,19.231,52,3
askdocs_1usxpum,892d295c45784e31,6.938,14.0,13.025,224,16
askdocs_1usxqr7,00938003c1340633,6.793,13.75,6.667,165,12
askdocs_1usxqwe,60153b2f97d6a332,16.041,19.0,40.0,19,1
askdocs_1usxt0y,b7f2187c01800996,8.1,16.8,10.714,84,5
askdocs_1usxt4m,5d4a5306ed77b372,6.551,16.684,7.879,317,19
askdocs_1usxugz,a8db0f91b96c0e62,12.219,15.875,17.172,381,24
askdocs_1usxurw,e2398e1b2caaf825,120.314,308.0,5.732,308,1
askdocs_1usy1em,eb0f608ba808d3e9,7.873,11.708,7.744,281,24
askdocs_1usyaik,aff53626817392ec,5.239,12.5,13.846,125,10
askdocs_1usyc62,231b82b734e9c8e5,7.273,15.714,10.0,110,7
askdocs_1usyfss,797c82c6db392bc9,7.748,19.5,17.949,39,2
askdocs_1usyhoy,40d0bdec669bce10,7.472,16.5,9.722,66,4
askdocs_1usyhqc,23c845c4fae36ef9,5.523,14.111,8.209,127,9
askdocs_1usyj6s,613dc23582b7902f,5.889,14.05,10.69,281,20
askdocs_1usyl4x,4ffa104ec151028e,9.598,20.857,17.763,146,7
askdocs_1usymsb,2e371fc114f80809,26.713,70.0,3.846,70,1
askdocs_1usyn7f,80150e57cece6fe2,7.168,16.286,13.734,228,14
askdocs_1usyn7k,a3bf79bdeedaecb7,13.538,39.0,27.5,39,1
askdocs_1usyr6h,ce386d79422461a9,8.579,20.211,7.198,384,19
askdocs_1usyruh,778c169cc0fee800,5.445,9.833,15.0,59,6
askdocs_1usyyl1,b181c1443e018ac1,12.907,23.5,12.0,47,2
askdocs_1usyynv,c728ed2813d6074e,10.225,17.667,9.259,53,3
askdocs_1usyzuv,85147640d2323583,5.335,11.478,9.981,528,46
askdocs_1usz1eh,88a1407a5543bbb4,10.154,16.5,5.556,33,2
askdocs_1usz3cz,141538a2f4d38582,7.436,18.333,19.643,55,3
askdocs_1usz3s8,e6b3aa63fa19393d,7.316,14.875,10.042,238,16
askdocs_1usz6pc,feeb633b42dbe87d,7.259,12.167,12.0,73,6
askdocs_1usz79h,adcb01c7eabd745f,10.668,21.364,16.736,235,11
askdocs_1usz7k9,a77b15d4ba8e0862,7.497,19.75,11.111,79,4
askdocs_1usz8rq,d5d2a999559c9104,9.048,16.619,9.296,349,21
askdocs_1uszbye,6ad2af72d9717872,11.113,26.143,10.695,183,7
askdocs_1uszh8g,4666b84601772e49,2.91,9.143,19.403,64,7
askdocs_1uszo03,da3fd89b19f9263c,7.453,14.333,12.444,215,15
askdocs_1uszoxq,e86f0afc049573dc,6.944,13.25,12.15,106,8
askdocs_1uszpbv,e9f1903aa797991e,8.149,14.0,9.565,224,16
askdocs_1uszqfi,5ae2f9fd1b7cb109,3.184,12.0,11.111,36,3
askdocs_1usztki,fc1e4a50ce18f6ae,4.543,11.5,4.348,46,4
askdocs_1uszzpb,445d6fe01bba0cee,5.167,13.091,12.245,144,11
askdocs_1ut001n,1a979905248e725e,8.489,20.833,3.15,125,6
askdocs_1ut004t,749b3893b6eeb346,6.432,15.091,9.524,166,11
askdocs_1ut00lb,ecfda6a5b1c9bf8d,7.337,16.429,6.723,115,7
askdocs_1ut01iy,9d1b8d1b6d522fb5,5.884,14.0,4.706,84,6
askdocs_1ut01qn,8a0ba3eacdd6f0b2,11.506,18.458,17.673,443,24
askdocs_1ut0bc6,4dc49732af466391,4.286,11.5,4.286,69,6
askdocs_1ut0c1n,9bd401dce76d26d7,6.78,15.0,7.692,90,6
askdocs_1ut0enj,66eb956995189fcb,2.645,11.0,11.364,44,4
askdocs_1ut0htp,d2e345a0d58a3afa,12.389,24.167,7.333,145,6
askdocs_1ut0ikf,96ebe938973e383e,6.55,11.571,16.049,81,7
askdocs_1ut0lm5,abb04dc0604bd3b6,10.037,19.75,13.415,79,4
askdocs_1ut0np5,b02e743c33b566a7,13.246,21.125,13.021,169,8
askdocs_1ut0o89,6bba36e6cc70004b,11.133,22.6,14.194,452,20
askdocs_1ut0ogf,55b64466dd1a7af2,7.763,14.938,14.286,239,16
askdocs_1ut0p74,73ce7bda60aea6a0,14.015,27.5,10.526,55,2
askdocs_1ut0pet,4ddb32eeaf906d84,7.855,16.667,12.451,250,15
askdocs_1ut0t56,d8e66d1d57174391,5.079,13.167,9.816,158,12
askdocs_1ut0yp5,e6f6d046e77b02ad,5.067,14.167,12.791,85,6
askdocs_1ut0yyg,01d460877364c61f,8.708,21.091,5.983,232,11
askdocs_1ut1117,d97548072d55dad6,9.226,17.0,9.302,85,5
askdocs_1ut11hc,878dae679efac2c3,13.064,21.857,15.142,306,14
askdocs_1ut12vx,e794dfe2949a8c42,2.681,9.556,4.598,86,9
askdocs_1ut13f4,0ac95d407f84bbd9,7.675,17.28,16.486,432,25
askdocs_1ut13tc,a9dd1854415785e8,8.181,19.9,12.56,199,10
askdocs_1ut14he,cb046c7fe2782f8d,7.598,16.778,6.098,151,9
askdocs_1ut1580,b9115652d1107824,11.03,21.0,6.604,105,5
askdocs_1ut15g1,2d526ce99cfc7175,2.65,9.222,4.762,83,9
askdocs_1ut15gw,4c066a7d741200e2,3.158,10.833,13.235,65,6
askdocs_1ut1brc,144b804a429d74a7,8.567,18.833,14.407,113,6
askdocs_1ut1crg,e7b15af76df1abf6,5.759,14.829,8.976,608,41
askdocs_1ut1el5,f87da33ee2c4e34c,27.335,71.0,7.111,213,3
askdocs_1ut1eua,ef3cda7b2ad44beb,5.12,14.5,0.0,29,2
askdocs_1ut1ewb,2959de099b35143a,13.22,23.611,16.856,425,18
askdocs_1ut1g9w,7b9a5cd7b1645ea4,9.099,18.333,9.829,220,12
askdocs_1ut1j9o,515e41a4eae6fcfe,12.301,29.0,1.55,116,4
askdocs_1ut1lmd,0b3b998fe53c78c4,6.608,14.231,9.14,185,13
askdocs_1ut1lsf,cf3de83a667331e0,6.513,15.143,9.217,212,14
askdocs_1ut1nrn,fccf9383b5be11e7,13.862,32.625,7.491,261,8
askdocs_1ut1og0,b2a819642a52de91,6.291,15.462,8.033,603,39
askdocs_1ut1pjz,15d1cc2924fc063c,8.064,16.571,12.903,116,7
askdocs_1ut1qpt,84baff2281e7c5b6,7.851,19.4,8.673,194,10
askdocs_1ut1rmr,9d7335f28181bd74,8.688,22.111,9.375,398,18
askdocs_1ut1str,4ae87ad6e0e51249,9.084,18.125,10.658,435,24
askdocs_1ut1x30,d8624d5e941d781b,10.584,31.0,9.677,31,1
askdocs_1ut1zb2,5181683925f9deac,4.945,11.429,8.537,80,7
askdocs_1ut238z,9265201f2ae697db,5.21,11.467,2.89,172,15
askdocs_1ut2dln,823df63fff421283,14.018,35.0,13.761,105,3
askdocs_1ut2l1d,b4e1ee90f94d836a,1.873,12.0,8.108,36,3
askdocs_1ut2qt2,1cc2ce708f3cfdd0,7.562,14.4,9.722,72,5
askdocs_1ut2r02,6dc4326c80651ef0,9.616,21.125,14.62,169,8
askdocs_1ut2sql,3c4bc886c312aeed,3.144,9.5,6.931,95,10
askdocs_1ut2t9m,2466357f77ef9d66,10.049,20.0,5.263,340,17
askdocs_1ut2u74,4db704f689998a83,5.119,13.889,13.636,125,9
askdocs_1ut2ug7,2a1107f6981fae59,7.315,16.769,11.642,654,39
askdocs_1ut2uxu,4eb1ac51699fe9a7,9.194,20.857,15.541,146,7
askdocs_1ut2vz9,0bce9ef5be3f3861,9.295,17.611,8.012,317,18
askdocs_1ut2ydg,f76dadde79c259e9,6.588,14.295,5.124,629,44
askdocs_1ut3056,746fc84c2557b4cc,8.454,17.789,5.915,338,19
askdocs_1ut30l7,feca448204875d02,4.1,8.615,5.983,112,13
askdocs_1ut31qg,8749f45e5f75f43b,5.194,9.5,10.526,38,4
askdocs_1ut3283,a095cd96848120d4,8.946,6.973,5.054,258,37
askdocs_1ut3699,41207efd8d464107,6.904,25.0,26.923,25,1
askdocs_1ut36dr,7d0576efa5bb4add,6.601,15.188,3.689,243,16
askdocs_1ut36wb,83dbd09d333df7e2,6.818,20.8,8.491,104,5
askdocs_1ut39b4,e715fce5e1d531f7,7.295,15.72,13.418,393,25
askdocs_1ut3df8,3565c155aa696f15,7.945,10.733,9.827,161,15
askdocs_1ut3ek9,2a01818bde484a79,6.864,16.789,5.31,319,19
askdocs_1ut3ju3,f96b132836728cbf,16.812,40.5,4.938,162,4
askdocs_1ut3lmb,97d543d9d89a32fa,5.37,12.0,10.909,108,9
askdocs_1ut3m55,00184f3106725a4b,9.458,18.545,14.218,204,11
askdocs_1ut3mjg,c1fc1b0a12442b8f,7.547,19.4,11.34,97,5
askdocs_1ut3p4h,01cffe15804f8f26,8.08,14.043,16.049,323,23
askdocs_1ut3pdx,f2815f3918e7f151,3.373,10.25,7.143,41,4
askdocs_1ut3pe6,c9a5fdc769bced1b,4.641,13.31,8.229,386,29
askdocs_1ut3pld,f73b0a8783468263,6.601,12.333,11.25,74,6
askdocs_1ut3tii,6502fb43dea764aa,5.863,14.75,9.524,118,8
askdocs_1ut3xue,560ad56665ef5a35,4.569,12.286,8.092,172,14
askdocs_1ut3zew,6cb4545c0474bae7,23.159,52.333,16.481,1570,30
askdocs_1ut3zg7,33e231cd310f8c88,9.657,24.667,8.387,148,6
askdocs_1ut417s,b94af2645dcaa09f,9.462,22.526,7.442,428,19
askdocs_1ut44q0,4bc08c4cd6327cba,12.538,31.2,6.173,156,5
askdocs_1ut45t4,8209c4efb9503070,9.25,19.833,10.042,238,12
askdocs_1ut462t,7e45dc1de10e4ef8,5.019,15.667,9.474,188,12
askdocs_1ut477a,db61914d3d9e8357,8.029,19.0,12.871,190,10
askdocs_1ut48ep,22accb82f83e5574,9.047,22.545,9.237,248,11
askdocs_1ut4aie,15758f4ead46d4a5,6.222,15.385,15.0,200,13
askdocs_1ut4bgd,73dbf981ef597920,8.883,22.526,8.966,428,19
askdocs_1ut4cea,4bb5e0896bd7bcce,8.401,17.579,8.772,334,19
askdocs_1ut4foa,d57208aaddfc9f60,7.635,20.733,4.23,311,15
askdocs_1ut4jqh,711c01b886ec5328,3.963,13.375,6.14,107,8
askdocs_1ut4jx8,4c9f7bc25fbf4e27,7.108,11.5,16.413,322,28
askdocs_1ut4kfq,5487fbd3601d66d2,4.274,13.071,7.812,183,14
askdocs_1ut4mh6,efd67df2d04c3ecf,8.765,16.818,10.152,185,11
askdocs_1ut4nmp,bbbe43ce897b71be,6.645,15.357,13.488,215,14
askdocs_1ut4rc4,7dd87b92828e2ebf,7.056,18.429,11.236,258,14
askdocs_1ut50u7,50ec6b066c4ae01b,6.742,18.5,9.091,185,10
askdocs_1ut52ag,e2d32c5f9a169036,6.413,9.143,15.152,64,7
askdocs_1ut56ws,18587dbe4fce3af2,2.834,10.5,18.605,42,4
askdocs_1ut5cyd,88c9f5b984ad3227,9.327,16.923,15.778,440,26
askdocs_1ut5des,759254248e8ce29b,13.03,28.0,10.345,28,1
askdocs_1ut5fxg,b4a6fb2cebf39c8c,5.133,7.75,10.769,62,8
askdocs_1ut5fzr,1d815c2155c55dfb,7.4,17.533,4.364,1052,60
askdocs_1ut5ke2,0db9985a7627bd7b,9.047,11.583,20.548,139,12
askdocs_1ut5kha,f71894c33b2fdeb4,5.714,15.444,9.353,139,9
askdocs_1ut5meu,bc59f7e5bcc81fa8,15.62,35.7,12.948,357,10
askdocs_1ut5q6t,f5167e7e01dde50f,4.797,10.6,12.264,106,10
askdocs_1ut5vka,72e3a2a9c27909c6,12.152,25.375,11.511,406,16
askdocs_1ut5wet,12d35d72e1355d88,8.95,18.9,9.845,189,10
askdocs_1ut5z8f,373f497ead678b81,7.687,13.556,10.843,244,18
askdocs_1ut5zy6,e1546360f6bf4418,9.35,11.0,28.261,44,4
askdocs_1ut625s,1eb8f112881a17e9,9.434,13.922,14.362,710,51
askdocs_1ut6b5g,81cf6fce9543dfbd,6.729,11.167,5.882,67,6
askdocs_1ut6bn2,8e3420a0b3598d6e,7.211,12.0,18.182,84,7
askdocs_1ut6j7n,423278606eb1f298,6.525,14.283,10.224,1614,113
askdocs_1ut6kaj,cea68abb9ccaff51,15.23,36.667,12.821,110,3
askdocs_1ut6mby,10d5e4f7359babd6,5.61,12.714,10.326,178,14
askdocs_1ut6ni8,3efa6c2ae6d68811,8.429,23.333,2.113,140,6
askdocs_1ut6o5s,9b3efe81c206aed9,5.753,11.688,10.363,187,16
askdocs_1ut6pbd,98d78e418685b470,4.255,11.0,1.515,66,6
askdocs_1ut6q1l,23f537837d2dfd3d,6.45,10.882,10.695,185,17
askdocs_1ut6rp9,2910cbc1c96e571f,5.755,10.889,3.061,98,9
askdocs_1ut6t6p,7dc4eb43c3631217,6.984,18.75,7.692,75,4
askdocs_1ut6tn7,01161944ee08042c,7.234,12.136,16.039,801,66
askdocs_1ut6wf0,7c775af4e81b715f,7.512,16.243,10.779,601,37
askdocs_1ut6yq5,e17f9e7a024a3807,7.219,14.526,10.036,276,19
askdocs_1ut72on,f0c56c696704f071,8.335,20.077,9.594,261,13
askdocs_1ut74l6,f338e68db3da793d,6.761,12.333,13.333,74,6
askdocs_1ut750i,dd5c11f924b2132a,5.8,13.667,5.742,205,15
askdocs_1ut77r8,58d2cd8a5fae4844,4.101,11.333,12.963,102,9
askdocs_1ut7ay5,d781da1f990f8343,6.818,15.455,8.092,170,11
askdocs_1ut7csb,609cc5696770ee6b,7.91,17.267,13.208,259,15
askdocs_1ut7f24,43f9fa7d5501df73,2.327,8.833,10.526,53,6
askdocs_1ut7i0r,59b7473b564d61cc,12.23,34.5,8.451,69,2
askdocs_1ut7jmt,d12a690a9380b440,13.013,33.0,11.594,66,2
askdocs_1ut7n4s,50751737a455904b,9.246,20.0,10.429,160,8
askdocs_1ut7o3n,326d6ab5ca68fa21,5.572,16.8,2.299,84,5
askdocs_1ut7op3,86d966a0c96c476c,6.553,24.0,16.667,24,1
askdocs_1ut7orp,5ca065740810d357,5.642,14.172,12.0,411,29
askdocs_1ut7xs5,f0960246607ea774,3.571,12.333,4.878,37,3
askdocs_1ut80bx,36e9a47313b57e50,11.441,23.091,7.752,254,11
askdocs_1ut80yr,7a9d5471f1844708,24.863,62.0,14.286,124,2
askdocs_1ut813t,f466aeeb6538e01f,4.885,11.5,8.904,138,12
askdocs_1ut82bb,ad76ecc691afb071,6.737,15.4,10.127,154,10
askdocs_1ut82u2,181487233bb4cb86,8.184,19.636,8.889,216,11
askdocs_1ut835y,6139fd7cfe16b2e6,7.506,15.167,15.344,182,12
askdocs_1ut8965,2e22a6ee45a0775a,5.208,12.375,7.071,99,8
askdocs_1ut8act,d22d35d1136fddaa,9.591,23.25,6.25,93,4
askdocs_1ut8afv,03dff8ad28dac6c0,7.012,11.8,13.333,59,5
askdocs_1ut8fn0,804a2acc78b2f2aa,1.638,6.8,8.333,34,5
askdocs_1ut8g82,745ffa1c485a20e1,6.137,16.0,6.145,176,11
askdocs_1ut8gyi,c7abfd95ca9e48d6,9.097,24.087,14.655,554,23
askdocs_1ut8h8t,102a798d7f3a56a1,6.579,7.333,22.727,22,3
askdocs_1ut8i1m,ca34d9097c894e6c,6.598,16.286,7.5,114,7
askdocs_1ut8lwe,bd49397dfd8a9288,5.294,13.545,10.738,149,11
askdocs_1ut8q5j,3763cfe2ed122813,7.151,14.333,11.538,172,12
askdocs_1ut8tlz,2b00103790f63e3c,6.737,15.714,7.627,110,7
askdocs_1ut8w3m,cfe36ef7e1622027,9.891,16.1,16.867,161,10
askdocs_1ut8x43,8cba204ae7545fcf,5.231,17.0,4.43,153,9
askdocs_1ut8zme,db154dd506963d39,5.544,12.714,9.474,89,7
askdocs_1ut90lq,42fe50d831d89c7c,9.032,20.857,5.442,146,7
askdocs_1ut96a9,4af917d13febd565,5.214,9.875,15.625,158,16
askdocs_1ut9a32,52684b4481f3ee1f,9.141,18.167,12.387,327,18
askdocs_1ut9a4f,2431431fe3117fd6,6.221,16.5,11.765,33,2
askdocs_1ut9euw,404379dd417b32af,8.413,14.0,17.241,84,6
askdocs_1ut9fco,e30680895e6ef749,7.784,14.13,9.118,325,23
askdocs_1ut9ffu,2018eceee0feda01,4.946,11.5,9.756,161,14
askdocs_1ut9go4,bcdb44a225e6920b,7.478,15.65,9.192,626,40
askdocs_1ut9h1g,fa744798d3af51fc,3.689,10.667,14.286,32,3
askdocs_1ut9ipq,c756b6997d6f49c3,6.336,8.0,6.25,32,4
askdocs_1ut9jdz,9bb09b283a5ab28c,13.204,38.0,5.0,114,3
askdocs_1ut9o81,c0d8cb0430cb8477,7.382,18.0,7.273,54,3
askdocs_1ut9of6,1461933291f9fc49,6.022,13.958,8.934,335,24
askdocs_1ut9p7y,6d29cf383c4b6273,13.073,30.714,8.444,215,7
askdocs_1ut9s7f,d215f79757f8fc87,11.607,31.25,9.023,125,4
askdocs_1ut9veu,663bc78588b9869f,12.444,30.133,8.423,1356,45
askdocs_1ut9wl4,6dbee43aaee3189e,9.233,22.5,8.83,450,20
askdocs_1utadh7,153f541dcca85b6a,9.694,20.667,10.345,248,12
askdocs_1utahwy,0b7975f46ce98c29,7.767,15.25,8.065,61,4
askdocs_1utaiqh,942a2a6893ec0db7,7.665,15.6,12.5,156,10
askdocs_1utajgm,8e93154d5960b511,8.874,21.107,9.076,591,28
askdocs_1utaky0,9d7339abeb4da3f8,7.598,16.778,8.333,151,9
askdocs_1utamby,59d0add64dd0affe,9.49,17.571,8.333,123,7
askdocs_1utamg0,ae694bf0ea8fcd32,5.864,11.0,13.636,22,2
askdocs_1utamr3,53030bc33dd8c67b,5.144,11.167,4.225,67,6
askdocs_1utamtu,4e3c56b58a443f2e,9.584,15.917,25.628,191,12
askdocs_1utao5z,5e7d870e20eb7dad,4.011,10.786,5.844,151,14
askdocs_1utazrl,63eeadff54ad1d36,5.924,10.5,13.636,21,2
askdocs_1utb0f1,7d432e18c56a1e14,7.976,19.533,6.376,293,15
askdocs_1utb3vd,925698d43ceea3b5,5.264,9.273,10.185,102,11
askdocs_1utb43s,15824ea333322f7c,3.11,11.375,12.766,91,8
askdocs_1utb59x,4438d17c24d3cdec,6.604,14.154,12.834,184,13
askdocs_1utb6ff,360ccb1b631548e6,5.928,10.471,6.452,178,17
askdocs_1utb8qm,44e2058af4dc2ed4,6.392,12.583,9.936,302,24
askdocs_1utb9n1,9e47f4fa94b18192,11.281,19.704,14.391,532,27
askdocs_1utbdrl,dac3a1707eeab757,7.167,20.833,8.661,125,6
askdocs_1utbgvq,c749ad0c125ec570,6.718,10.622,9.045,393,37
askdocs_1utbgwq,afb5deaf2bdde2ea,4.003,13.0,17.073,39,3
askdocs_1utbhtb,38cb654bbb19fb19,9.246,22.5,12.366,180,8
askdocs_1utbijh,29a79dd4ea3530ff,3.84,6.25,0.0,25,4
askdocs_1utbkbr,71f27492ab95fa76,7.834,17.824,7.313,606,34
askdocs_1utbm3c,1382b2a8be630d61,6.096,19.167,10.87,230,12
askdocs_1utbqfm,81d46375822c6e8b,6.405,15.8,6.098,79,5
askdocs_1utbsks,2c89d11190ae6f4b,14.712,27.4,19.58,548,20
askdocs_1utbtnq,2fdff3fda96e846c,9.557,16.0,22.222,176,11
askdocs_1utbvae,ff4b92f70d63bd3d,7.008,13.667,10.714,82,6
askdocs_1utbvfq,60a9db117c283e77,32.098,79.0,5.814,79,1
askdocs_1utbwe7,a6bb1d61603c0db5,5.179,9.733,7.742,146,15
askdocs_1utbzo3,a4e2af3a19c4ecfd,5.026,11.333,10.68,102,9
askdocs_1utc19h,ede7483c2a64523b,7.719,10.167,18.462,61,6
askdocs_1utc1m7,085d62be368a9503,11.6,27.121,9.923,895,33
askdocs_1utc26a,c0f7da5e38367fef,11.37,17.692,15.353,230,13
askdocs_1utc2hp,c9898299ee3d4dc7,13.744,17.067,11.722,256,15
askdocs_1utc3hp,2dc6b4a222105c85,11.285,17.462,15.546,227,13
askdocs_1utc5bl,f7afad94f5ac1244,8.511,12.0,3.922,48,4
askdocs_1utc6fv,dfe17124d2efc16a,6.3,14.333,11.364,215,15
askdocs_1utc8xl,644f00bdf23c4f23,8.52,24.0,21.488,120,5
askdocs_1utc9vm,bca4cb0a35460d3b,7.156,13.5,10.714,27,2
askdocs_1utceal,0c5f27623d44aa44,9.065,17.833,10.86,214,12
askdocs_1utcg6u,8d69bb4a45f8da2e,8.07,18.385,11.618,239,13
askdocs_1utch6s,3015b5fa62072ae0,3.165,8.625,15.493,69,8
askdocs_1utchms,626c9e57590fa141,9.795,33.0,6.061,33,1
askdocs_1utcl46,1a02012bd41d5a1e,7.878,19.135,10.905,1703,89
askdocs_1utcls0,7b0b22591b310bdd,6.695,14.533,12.227,218,15
askdocs_1utcpcp,4cef7e748506d24d,11.048,29.5,4.42,177,6
askdocs_1utcs54,2d3abe257d24a328,6.796,10.375,6.122,83,8
askdocs_1utcsv3,a9313cbb681e0f0c,9.408,23.1,7.692,231,10
askdocs_1utcvaw,4f39ec183b877c6d,5.092,12.0,14.286,132,11
askdocs_1utcx39,91c7158c81348c5c,6.5,13.417,12.281,161,12
askdocs_1utcyj7,c0807166c7c27423,12.499,30.0,7.636,270,9
askdocs_1utcyt9,3ae8caf9cc61bc0b,22.208,59.2,4.918,296,5
askdocs_1utd1n0,929f91592d6cb881,8.552,22.429,7.9,942,42
askdocs_1utd435,cf7f5984a9d27c48,7.705,15.333,20.43,92,6
askdocs_1utd4x3,8ea9cfe07082f1c8,5.562,10.824,8.152,184,17
askdocs_1utd5oa,4aafded1602761d3,8.672,14.429,16.509,202,14
askdocs_1utd9ky,4e1d693c22518c96,7.173,15.0,6.349,60,4
askdocs_1utdgv2,9336d3ac4df7f820,6.44,18.667,19.643,56,3
askdocs_1utdjux,0989e1fb62768806,7.071,15.091,6.759,498,33
askdocs_1utdskl,7294cf02c2ff8917,12.835,22.0,22.727,22,1
askdocs_1utdt5d,9d93ee8b808c8f75,4.584,9.111,8.046,164,18
askdocs_1utdugb,1503b43917808739,5.905,13.25,9.877,159,12
askdocs_1utdwqd,66748c6cdc159b13,5.844,17.4,9.677,87,5
askdocs_1utdwwu,580385f5f42b80d4,14.892,34.133,11.111,512,15
askdocs_1ute285,a36065631b84b58b,7.435,15.55,10.625,311,20
askdocs_1ute46l,d69088823a785c21,15.136,42.333,8.661,127,3
askdocs_1ute7y8,f7e7754cd581e300,8.758,18.667,6.195,112,6
askdocs_1ute7yg,3ee8fa7dc8b62d32,4.136,12.7,10.078,127,10
askdocs_1utebjk,2dd0f65e9898e2dd,6.125,12.25,11.565,147,12
askdocs_1utebqu,5daa5f7ee57775e9,11.277,26.0,10.417,182,7
askdocs_1utekcp,85001e9ff5ea8da7,8.122,12.444,16.071,112,9
askdocs_1uteovq,d800266e1b38fd1d,9.116,15.333,17.021,46,3
askdocs_1uteq7q,998718da393a4386,5.936,16.25,5.392,195,12
askdocs_1uteu79,f3ead11c96abc0ac,6.834,15.952,7.038,335,21
askdocs_1utf4bx,5992e28ea5adbd2d,6.253,10.778,14.0,97,9
askdocs_1utf78b,fcd7fad78f172113,6.285,10.286,13.889,72,7
askdocs_1utfgpb,bf27ada5a600945f,7.043,14.0,7.627,112,8
askdocs_1utfhs3,622bac5084d5ad7c,3.252,12.333,10.526,37,3
askdocs_1utfkty,829ea4bc1e962a04,5.49,10.273,15.254,226,22
askdocs_1utfom3,aaaa70c3f4be8b12,3.561,7.4,18.421,37,5
askdocs_1utfoss,0ff7c8017f66c8a9,8.035,22.375,8.649,179,8
askdocs_1utfus4,4b6e4c99985f6ec9,10.26,13.333,17.0,200,15
askdocs_1utg76k,93525e7a1c81a35e,9.675,18.312,5.592,293,16
askdocs_1utg9ay,d2ea28718fbec58e,12.652,30.786,9.491,431,14
askdocs_1utgb5p,f4efa25cd719ee3e,8.046,14.6,13.333,73,5
askdocs_1utgdsp,135a5b02332a7255,11.914,31.667,4.211,95,3
askdocs_1utgf0n,3bdf882d08ec9c46,5.854,9.6,9.278,96,10
askdocs_1utghnv,a194afc3e3fa0f77,6.698,15.889,8.609,143,9
askdocs_1utgi1p,86cd3b6a7350166c,8.666,19.0,12.987,152,8
askdocs_1utgitb,7a506433c6a7aac7,7.129,14.818,5.085,163,11
askdocs_1utgktq,5e60568eaacf3697,8.147,19.667,11.299,177,9
askdocs_1utglpr,87a4a9444978b8c4,9.995,24.0,22.222,24,1
askdocs_1utgnss,72cd0200236f7b59,10.615,19.4,10.658,873,45
askdocs_1utgo28,b9d73ac230ddc92c,13.469,32.5,9.615,260,8
askdocs_1utgq0k,64a722b0793e16e8,6.685,17.9,8.29,179,10
askdocs_1utgqgm,83a6ef4bad7e2dac,11.087,26.5,9.811,265,10
askdocs_1utgu58,96873e8664154e21,9.855,21.5,9.818,258,12
askdocs_1utgvcw,723fdac5dc81eac3,30.78,82.0,6.818,82,1
askdocs_1utgw3w,c350adcb41f422cc,9.372,19.4,11.705,388,20
askdocs_1utgz7m,0bbdc901bd6bdf70,12.532,30.0,3.876,120,4
askdocs_1utgzx2,d108cb5399abccf4,60.238,155.0,6.811,310,2
askdocs_1uthe0q,bb16877f4d4d3b14,6.919,16.667,13.826,300,18
askdocs_1uthl49,ab8af19c7f3e0849,5.948,13.0,12.871,91,7
askdocs_1uthls3,c978eb0b97fec625,4.735,16.286,9.649,114,7
askdocs_1uthn40,c8a79a5a28cc75b7,8.472,19.429,8.108,136,7
askdocs_1utho1r,a4035c7ce53e01eb,7.602,13.375,18.919,107,8
askdocs_1uthquc,499f97433b06041e,8.644,21.357,8.117,299,14
askdocs_1uthqv6,9790c2a4827469ae,5.408,13.5,5.405,108,8
askdocs_1uthu0x,b6602bc8ac7c9803,6.375,16.875,10.87,135,8
askdocs_1uthvnv,7acbc79380032ba3,8.707,23.0,10.326,184,8
askdocs_1uthzln,bf0f1db826187fe3,6.017,11.7,11.667,117,10
askdocs_1uti043,f85bfb03766e5a65,6.726,13.0,16.364,52,4
askdocs_1uti8sp,dd30e29a61f95f30,11.524,19.0,9.955,209,11
askdocs_1uti8zn,dc4fef00f1a5c2d8,6.859,17.636,13.3,194,11
askdocs_1uticoo,4541250ef9bc0bd1,13.874,34.25,7.534,137,4
askdocs_1utifdp,ef715b9871575542,11.373,24.286,9.551,170,7
askdocs_1utiggw,71b5c66450926bc1,5.017,8.75,16.667,35,4
askdocs_1utihwc,8e5868ecc34f64a9,10.082,26.4,5.882,132,5
askdocs_1utingz,1524b2272c6ffa7c,7.104,10.778,8.333,97,9
askdocs_1utioup,69fb4ee6d855138f,9.566,22.6,7.234,226,10
askdocs_1utiqk4,5c51ea1f75115f59,9.407,18.083,22.727,217,12
askdocs_1utiqru,099270abc7c5d663,7.362,15.6,15.924,156,10
askdocs_1utisnx,5ceae1be569eeae6,4.873,11.0,9.091,143,13
askdocs_1utiwzo,142248d18f804ad6,8.82,15.909,12.36,175,11
askdocs_1utixya,6ce9ee1b57514ad5,3.717,14.0,6.796,98,7
askdocs_1utiyyt,3154e0f984686c0c,12.707,28.5,12.281,57,2
askdocs_1utj2a0,e44c7db71edb1863,10.328,22.615,12.925,294,13
askdocs_1utj5l2,bca13f10630c1d42,8.331,20.333,6.771,183,9
askdocs_1utj5xf,6bdd84b76ecb3f9c,17.12,40.0,12.27,160,4
askdocs_1utjbr6,c08c429816c6e59e,7.24,17.2,4.046,172,10
askdocs_1utjc04,0acf6bf1f77586e6,6.056,16.0,8.904,144,9
askdocs_1utjdgn,30525ab66b310d17,8.118,17.75,4.225,71,4
askdocs_1utjebo,4f39887dcf8cb81b,8.207,10.857,16.832,380,35
askdocs_1utjf3n,c3e6a7dcede85e85,4.508,12.133,7.853,182,15
askdocs_1utjfb0,e6cf71c0b88e6a0e,6.452,11.4,12.069,57,5
askdocs_1utjjd5,1f47e19c73835530,7.149,14.0,6.452,28,2
askdocs_1utjpz4,8e596ede7df3ba64,5.118,14.909,11.243,164,11
askdocs_1utjwl0,9a0302c2a5ba58d3,7.447,11.652,11.808,268,23
askdocs_1utjwwv,1798fa048c29f2df,4.076,8.571,9.836,60,7
askdocs_1utjxbw,67979bc8b22df8bb,9.24,18.154,10.879,236,13
askdocs_1utk33z,6e21813dc5fceec6,6.053,13.25,10.619,212,16
askdocs_1utk3je,b15fc25ffa5b39c7,18.724,41.0,8.502,246,6
askdocs_1utk6za,75b731b6255a1c3d,3.406,8.6,11.364,43,5
askdocs_1utkdvy,fe5777dc7fef42d8,12.344,23.214,13.595,325,14
askdocs_1utkhr7,f74f78e74996d4fb,9.863,22.8,12.069,114,5
askdocs_1utkkej,83a819a474b43066,8.431,19.778,9.444,178,9
askdocs_1utklfu,3a0213a0c749cab1,9.693,23.333,15.493,70,3
askdocs_1utkmvj,8635971d1ef4314f,6.426,17.6,3.261,176,10
askdocs_1utkst0,1b0de4f3082d1935,5.96,15.667,5.051,94,6
askdocs_1utkvjw,9b1265f309a37bfe,8.464,16.381,8.857,344,21
askdocs_1utkykx,59642024abbd24b8,3.355,10.0,4.651,40,4
askdocs_1utkyl1,e984f8e512552f0d,12.72,33.455,7.337,368,11
askdocs_1utkze1,819fbbd903a69fbc,4.415,9.2,19.565,46,5
askdocs_1utl0os,86112cb68b345e52,4.128,8.667,7.692,26,3
askdocs_1utl4le,e7a1daa63efebb1f,11.415,20.833,12.879,125,6
askdocs_1utldsd,2472be763cb7a9fb,6.722,16.667,6.931,100,6
askdocs_1utlf4g,72a6553603ef60e4,8.516,18.4,15.957,92,5
askdocs_1utlfns,64fd6ecc02e36de4,6.698,16.5,7.0,99,6
askdocs_1utloi8,66a07840f97590fd,8.969,16.526,12.579,314,19
askdocs_1utlv0x,c09889cb82171b9b,4.199,14.0,7.143,56,4
askdocs_1utlxun,e2c0ef6b47b84869,12.775,22.824,10.976,388,17
askdocs_1utlytj,e4c5b1a3b126c8a0,8.483,16.107,12.473,451,28
askdocs_1utm13q,d7c668921b20ccdd,8.483,20.6,9.91,103,5
askdocs_1utm3a6,7a7e44d2e90470fd,6.803,15.286,9.91,107,7
askdocs_1utm491,0ab1b4db07075012,8.345,21.5,7.971,129,6
askdocs_1utmfcp,abc6548d343cdc1b,6.623,17.2,4.545,86,5
askdocs_1utmlhf,db5f55f6d9133608,5.926,12.75,11.765,102,8
askdocs_1utmok4,82edc91200d73c81,7.967,15.6,11.18,156,10
askdocs_1utmt1w,a1d2a321ec0e6e03,6.912,14.818,13.095,163,11
askdocs_1utmw4a,5e72ca57296dc85e,5.965,10.786,8.387,151,14
askdocs_1utn053,b5150335ec4ae518,5.113,10.892,11.033,403,37
askdocs_1utn0f1,7d1a1992dc0b0435,3.475,10.333,16.129,62,6
askdocs_1utn0qm,4851fabb2327f332,6.322,16.0,12.121,128,8
askdocs_1utn47z,b43e82e357146fab,6.163,14.75,10.246,236,16
askdocs_1utn4au,6f01986e07638748,6.704,16.438,10.985,263,16
askdocs_1utn5yt,c01863e717578728,7.225,16.917,10.698,203,12
askdocs_1utn87k,6ce6c3aeb5947aeb,6.633,15.0,8.264,240,16
askdocs_1utnad7,0cc51eeb967d3c99,6.346,16.373,8.169,966,59
askdocs_1utnb8p,ccf0f99f9ff48705,9.207,9.4,13.333,282,30
askdocs_1utnegk,45e4a8c89522d755,8.666,16.0,6.897,224,14
askdocs_1utnhvb,50bb0c96fff08b54,6.403,13.286,6.952,186,14
askdocs_1utnjnd,2c6e1a7ea37303e1,8.009,20.333,13.115,61,3
askdocs_1utnmei,498291c4f7fa5274,9.3,20.962,12.59,545,26
askdocs_1utnr93,70e149280d93d3e7,19.129,48.333,5.517,145,3
askdocs_1utnuf2,61201d8996fb8576,9.292,16.471,13.605,280,17
askdocs_1utnxo4,6e405e1f13e18346,6.035,16.778,8.28,151,9
askdocs_1utnzzk,49dd190f3f400770,12.184,18.889,20.571,170,9
askdocs_1uto1uj,6ba037d00294354d,9.161,23.8,9.917,119,5
askdocs_1uto1z0,ad64f103c5d6e8e4,3.389,9.2,12.245,46,5
askdocs_1uto2jd,61828d5914480992,9.144,21.545,11.345,237,11
askdocs_1uto33h,70cc1ba0d99ae774,7.276,17.938,6.04,287,16
askdocs_1uto5hj,5ddd520ba0815ec2,7.817,12.571,10.227,88,7
askdocs_1utoadl,6025e6bfe71a0193,12.216,20.13,16.49,463,23
askdocs_1utocnw,c81b438e5b54b430,2.188,12.4,7.812,62,5
askdocs_1utoeyt,d8029aadf255f9db,8.918,22.5,4.082,45,2
askdocs_1utof57,bdc711645888c36c,3.2,11.125,8.696,89,8
askdocs_1utojqq,acd8e651eb0b1f9c,8.401,15.857,16.444,222,14
askdocs_1uton9a,23d054d58d41ad5a,11.462,29.9,6.09,299,10
askdocs_1utonvh,0648b1c01732e029,5.997,16.25,10.769,130,8
askdocs_1utoo2w,8b289dc770e4fed7,8.854,13.429,8.333,94,7
askdocs_1utos42,9f95bee09e8e7487,8.074,12.435,11.644,286,23
askdocs_1utowcu,b2f8493de64c8cb1,11.04,26.0,11.392,78,3
askdocs_1utp0bf,9b20f6a865648706,35.243,90.0,11.111,90,1
askdocs_1utp27q,00b9b03d57f92a16,11.216,23.714,11.976,166,7
askdocs_1utp2p0,1209407c2b24e97a,9.26,23.8,4.418,238,10
askdocs_1utp3ap,152bf67805040f04,9.643,21.75,5.479,348,16
askdocs_1utp3tk,a4b3230ca0a77056,4.16,10.571,12.0,74,7
askdocs_1utp429,be0235622993692c,9.379,19.786,7.797,277,14
askdocs_1utp4kg,2f3eaa373906fefb,3.406,8.6,6.667,43,5
askdocs_1utp7c3,6fb2d9318b5d6197,5.0,12.889,7.563,116,9
askdocs_1utp86b,18cfde58042d2ae0,7.107,18.118,8.777,308,17
askdocs_1utpb37,2650632efbfc2f53,4.758,8.818,9.091,194,22
askdocs_1utpgbg,b9459cc4f98b6076,10.68,25.0,4.95,100,4
askdocs_1utpmd7,847ed5147959249b,13.364,38.25,11.111,153,4
askdocs_1utpnyv,b824af323a405395,3.921,7.9,7.317,79,10
askdocs_1utpo4d,408fd4daea3b3c72,10.928,22.364,11.067,246,11
askdocs_1utpojp,d1cdf03d2cd99f63,8.85,16.833,22.33,101,6
askdocs_1utpqb7,6a29b9e1914a3386,6.79,12.0,22.449,96,8
askdocs_1utps6p,936cc51a6e18486a,5.818,13.0,12.821,39,3
askdocs_1utpsxi,b50df5022ef049d0,5.301,13.3,5.839,133,10
askdocs_1utptj2,9ca2e4d109b05a0f,10.144,16.667,23.301,100,6
askdocs_1utptm4,3e33376c32103f5e,5.785,14.917,12.088,179,12
askdocs_1utpvxb,332b9e2a8096d0af,9.063,8.75,5.714,35,4
askdocs_1utpzj5,842bc4fd765de77f,9.348,24.125,3.483,193,8
askdocs_1utq073,7c4f14a93fa4c17f,5.09,9.5,8.197,114,12
askdocs_1utq5w7,e06ebf47f4a761fa,9.875,10.755,20.578,1140,106
askdocs_1utq641,c53ad4373df3bd0c,6.038,15.333,6.383,46,3
askdocs_1utq72s,27f38765ea8b3612,7.839,17.5,8.451,140,8
askdocs_1utq942,af94aac27ed551ca,8.128,17.833,9.346,107,6
askdocs_1utq9hk,b613560120fb677c,3.063,10.714,7.895,75,7
askdocs_1utq9ko,9205fc93ba143c65,4.31,13.286,5.376,93,7
askdocs_1utqbq3,28a41adeac61af73,6.252,15.2,12.739,152,10
askdocs_1utqf1d,1025f6ae2a1ba269,7.469,13.167,16.25,79,6
askdocs_1utqfsj,8df43e9b6d932b0a,6.341,6.722,18.382,121,18
askdocs_1utqhac,3cd68ade65fed3fc,9.634,19.133,9.689,574,30
askdocs_1utqk02,5a923c10e77d9d44,6.37,20.0,15.0,20,1
askdocs_1utqn7w,0204d93d2be1af55,4.411,12.667,7.692,76,6
askdocs_1utqnig,262c40ee42613bf3,4.199,14.0,3.448,28,2
askdocs_1utqntx,cc5a6341b8c56f27,4.433,11.0,2.857,66,6
askdocs_1utqoxo,c2206aea459822eb,4.644,15.125,12.097,121,8
askdocs_1utqroz,0738855c17c99058,6.967,16.0,7.914,128,8
askdocs_1utqrs8,e3b0c97955d48405,3.7,8.4,4.348,42,5
askdocs_1utqvru,c3c7403d76b0efe9,8.108,13.6,11.888,136,10
askdocs_1utqvwq,5b807f681f608527,7.353,17.923,10.373,233,13
askdocs_1utqxjy,04f984006c71cec1,8.108,13.6,13.287,136,10
askdocs_1utqz8e,47137072d387dd8a,6.757,14.667,15.217,44,3
askdocs_1utr34t,3d930c450afad4f1,18.684,47.636,9.888,524,11
askdocs_1utrdeu,72a12d995559df12,9.232,22.75,10.989,91,4
askdocs_1utrdqg,3214f3bd0a0673e2,6.115,13.857,7.071,97,7
askdocs_1utrij1,ae2096640f19d4fa,16.822,43.0,6.522,43,1
askdocs_1utrjll,a28fbe091914b1f6,5.468,8.32,12.705,208,25
askdocs_1utrjz8,765ea33fa3bd4cc8,8.839,14.8,9.211,74,5
askdocs_1utrl4s,c309140fa6b3489f,5.243,15.2,10.39,76,5
askdocs_1utrn8o,fc64f96a422925dc,6.776,15.615,9.756,203,13
askdocs_1utrncl,621d0482317a6730,6.403,13.545,14.103,149,11
askdocs_1utrnpc,7e42831c3361fbdb,3.773,12.2,10.156,122,10
askdocs_1utroez,902e85101ad8a308,4.005,8.75,16.216,35,4
askdocs_1utrr93,2ebd327ac516e822,10.361,28.0,6.977,84,3
askdocs_1utrub9,53294e4056f44dbb,2.288,11.0,11.429,33,3
askdocs_1utry6h,e460f83014976c23,2.421,9.667,9.677,29,3
askdocs_1utrz3d,bd5c66caeb870569,5.922,13.455,7.097,148,11
askdocs_1uts25k,52890ac161b4811d,6.323,13.692,11.538,178,13
askdocs_1uts49h,86f0366cf49ca929,4.312,15.2,1.282,76,5
askdocs_1uts5k5,588c2a6c116d382f,15.822,37.8,9.137,189,5
askdocs_1uts658,f0841d88cd7d2aa6,1.495,7.5,9.375,30,4
askdocs_1uts66i,798bdde919f24f8e,10.272,23.476,7.031,493,21
askdocs_1uts95x,905c47473d01a6ed,3.7,10.8,21.667,54,5
askdocs_1uts9c0,c29a6bebb612f104,10.244,25.0,8.257,325,13
askdocs_1utsab4,251bfbe64499a780,13.66,23.5,12.766,47,2
askdocs_1utsc7y,f21ac961a2d29d89,7.613,13.886,10.191,611,44
askdocs_1utscze,20bf83205757ac6a,11.701,27.429,7.772,192,7
askdocs_1utshrw,0886aaded923461f,13.476,31.091,5.172,342,11
askdocs_1utsjnu,f320e020c5dfb15d,7.394,14.857,7.109,208,14
askdocs_1utso5l,3b5174e42eb46441,8.911,15.333,13.389,230,15
askdocs_1utssj9,4ce1a94384b072d8,4.585,13.429,12.766,94,7
askdocs_1utssvh,678424f02becc877,6.601,15.364,14.205,169,11
askdocs_1utszjp,a114e337353405a9,28.056,70.667,11.211,212,3
askdocs_1utt143,797c1de9171b5ed2,5.379,14.0,14.286,70,5
askdocs_1utt4nk,e240342be68fbac9,15.82,30.333,14.894,182,6
askdocs_1uttaqt,e64fb2aae7300f5f,9.713,19.714,9.286,138,7
askdocs_1utte1z,5bef44ba871abde8,2.313,8.667,11.321,52,6
askdocs_1utte57,1137243663b64f50,10.829,20.571,12.745,288,14
askdocs_1uttinj,5015529add42d45e,6.284,16.857,11.2,118,7
askdocs_1uttl3x,8447048e75041ab4,19.994,50.5,8.824,101,2
askdocs_1uttq41,c7d245bc3c3568cc,7.73,18.5,10.127,74,4
askdocs_1uttqal,2649b1a05a4209d6,8.724,18.333,9.565,110,6
askdocs_1uttrey,07da8902a162264d,6.848,14.0,6.189,294,21
askdocs_1utttgd,6ace1b0428641057,7.731,13.938,9.17,223,16
askdocs_1uttvmi,ca90595f89110fc0,9.794,23.455,9.023,258,11
askdocs_1uttx2c,5a9f140b30e6792b,8.311,20.6,12.857,206,10
askdocs_1uttymb,d6fbbe3a9a04a942,7.692,19.429,6.569,136,7
askdocs_1uttyx8,e6a0fa6308a5f96a,3.871,11.0,4.819,77,7
askdocs_1uttzr5,3a3de923d97eeb32,4.396,11.6,8.333,58,5
askdocs_1uttzvs,3015976949c46a64,3.398,13.0,7.692,39,3
askdocs_1utu0jx,ccd4cedee40d2339,3.897,7.333,17.391,44,6
askdocs_1utu0jy,a7e86211dd29d111,7.108,13.765,7.133,702,51
askdocs_1utu0wp,0c0cb0e42c3c2a6f,5.732,17.5,14.286,35,2
askdocs_1utu259,a1e5e3aa53c5ceb9,9.915,25.04,9.494,626,25
askdocs_1utu2iw,87d628fea2599f70,6.258,14.48,7.317,362,25
askdocs_1utu3h5,71c4e2b8a06b253d,7.811,17.294,10.561,588,34
askdocs_1utu4wp,b928b3a23bb837a5,18.568,51.0,7.792,153,3
askdocs_1utu67b,f4b7a0e9da613a2b,8.939,14.522,11.143,334,23
askdocs_1utu8mp,86e5ea1a42e84560,12.305,10.633,20.958,638,60
askdocs_1utugbx,fb982eb1de7f9cbd,2.717,9.0,12.698,63,7
askdocs_1utuk9o,fe9ea4d6f623e7ba,5.315,9.217,8.658,212,23
askdocs_1utuohg,efa9e2b35f6de80d,6.819,15.462,2.956,201,13
askdocs_1utupvv,89c03d8e582e5e73,10.205,20.0,17.284,80,4
askdocs_1utuq2v,89097cd1e0cb688d,8.294,10.727,11.45,118,11
askdocs_1utursu,22cff2f527955fff,7.783,24.0,8.333,48,2
askdocs_1utuyot,feab15f256ad0312,7.498,13.65,6.522,273,20
askdocs_1utv1k7,0f4f1e666650bcff,5.341,11.286,8.907,237,21
askdocs_1utv3t4,d7bca1525ed1aae3,14.061,36.333,7.339,109,3
askdocs_1utv4gl,6ee040846884b0c8,8.19,14.167,14.124,170,12
askdocs_1utv74j,924875a5cb65c9e8,5.66,15.375,7.752,123,8
askdocs_1utv81n,411ae4c7c3f9ea56,12.045,23.609,16.33,543,23
askdocs_1utv8b4,4162ef86ff1dfe2e,11.823,18.5,14.912,111,6
askdocs_1utv8h5,4029e4d3b6115f89,8.614,21.0,9.091,42,2
askdocs_1utv9ba,4b92d807bcd27c34,10.236,27.0,7.407,27,1
askdocs_1utvagg,364dfbba9cdbb03c,9.231,14.167,16.854,85,6
askdocs_1utvct6,5d4d82e782a33caf,6.221,12.944,13.75,233,18
askdocs_1utvh73,bcd23362102595ee,11.483,20.0,17.46,120,6
askdocs_1utvhe3,92995bb051bdc539,9.099,15.667,8.163,47,3
askdocs_1utvhqq,a037ef140b82a07b,9.509,12.76,10.694,319,25
askdocs_1utvlwg,a887987b100124bd,8.346,15.4,10.924,231,15
askdocs_1utvn13,e7c9688b9f69de7d,9.311,21.188,6.534,339,16
askdocs_1utvne2,9ef3e5d3ade3cb20,8.532,18.077,8.871,235,13
askdocs_1utvplq,f9b1600c4e1a74c4,5.644,12.333,5.0,74,6
askdocs_1utvrfi,deed2c437b40f017,7.43,14.0,7.865,84,6
askdocs_1utvupe,fbb308632a5c8b20,8.801,21.25,7.778,170,8
askdocs_1utvwui,a0612dbb5c501fb8,15.807,41.5,5.952,83,2
askdocs_1utw0wf,724b02f93b02e128,9.285,19.708,7.863,473,24
askdocs_1utw17p,e0612d8ead30514f,5.81,8.8,22.222,44,5
askdocs_1utw18f,fd700ce0664d0943,8.087,20.133,9.868,302,15
askdocs_1utw335,0d7e4a0b75774584,8.969,20.125,14.371,161,8
askdocs_1utw4pz,530a7da5c01bd1ef,7.483,13.6,14.286,340,25
askdocs_1utw5sk,579c887e0737a635,26.579,64.5,13.953,129,2
askdocs_1utw8pg,a132959eb4f41eb8,7.279,12.444,13.043,112,9
askdocs_1utwep2,9c4d0eb35ff069d0,9.849,25.368,6.832,482,19
askdocs_1utwj8w,a3ac751232fab1af,9.73,16.545,9.511,364,22
askdocs_1utwmz8,0e78415565edec4f,7.163,18.0,8.219,144,8
askdocs_1utwn9b,d3dd99611baa1da8,10.24,24.4,7.337,366,15
askdocs_1utwnuj,291ee54258ee75d7,6.4,11.0,19.403,66,6
askdocs_1utwr7e,dad9104142f90a04,11.009,25.945,11.863,1427,55
askdocs_1utwv15,c0cf29eb4c18eab5,8.519,22.727,10.728,250,11
askdocs_1utwyoo,82a92113538cb109,6.487,15.333,8.421,184,12
askdocs_1utx0cd,974af28d6d9c84a3,4.09,9.0,6.122,135,15
askdocs_1utx24c,8d1a784c3950a3c6,9.32,20.0,16.25,80,4
askdocs_1utx26f,28a3d7a37cfab59d,7.944,16.6,8.434,83,5
askdocs_1utx4hr,a91f199547c0865a,7.583,17.2,3.448,86,5
askdocs_1utx5mo,e7d6c8182d8bddb7,10.569,18.6,19.355,93,5
askdocs_1utx6l3,7b8c79c87b126687,8.803,15.207,17.295,441,29
askdocs_1utx6vl,89d59bb0578d2eef,3.149,8.2,11.364,41,5
askdocs_1utx7pg,6ae497d74a616cd3,4.439,14.0,6.931,98,7
askdocs_1utx8nr,5b7b22a41ab2ae10,3.914,13.125,3.774,105,8
askdocs_1utxakh,8f996661e7d9414f,5.248,11.071,5.732,155,14
askdocs_1utxavg,b7427799e6ca669d,5.279,12.273,11.029,135,11
askdocs_1utxcgo,8f16ddfceb4ce884,9.216,24.167,12.583,145,6
askdocs_1utxgqi,d74f594f022f884c,1.061,8.375,8.955,67,8
askdocs_1utxkc7,9ce7930fd970a2b0,6.91,11.143,20.253,78,7
askdocs_1utxn12,843d5cd7287bf56e,5.151,10.5,11.696,168,16
askdocs_1utxn8v,eaccab9f2b311d96,6.49,14.071,11.594,197,14
askdocs_1utxoo7,65e9333ad2b220c0,10.877,24.909,8.571,274,11
askdocs_1utxse4,3b215dd34ccdb695,6.601,17.333,3.774,104,6
askdocs_1utxwi5,a241cbf4e5f9367b,10.784,22.423,7.521,583,26
askdocs_1utxymq,788c18be52291ade,4.035,7.833,10.417,47,6
askdocs_1uty3uw,77f5e8bc767d33de,3.703,10.833,16.418,65,6
askdocs_1uty44p,57969440eefa8fb7,5.96,25.0,0.0,25,1
askdocs_1uty5lr,313ee88b1477c5ae,6.449,13.871,6.682,430,31
askdocs_1utycbs,a3682c34dda83dfe,16.723,36.75,11.613,147,4
askdocs_1utyf0f,fd00bff5ceebc37a,11.705,25.857,10.87,181,7
askdocs_1utyf51,d68fe117dcd4fa81,6.522,17.4,12.644,87,5
askdocs_1utyfgm,76cf6674ab72f38f,8.413,14.0,16.667,112,8
askdocs_1utyfyg,eddae8245fb4803a,5.358,11.818,6.569,130,11
askdocs_1utyo7i,b8998c13b10ffb7d,6.607,15.25,7.576,61,4
askdocs_1utyq5w,dbaff584c4c004c4,11.439,25.2,5.97,378,15
askdocs_1utyqn8,ac037af065cfd1f3,5.408,13.5,7.407,27,2
askdocs_1utysu3,a247ea93e20c87ce,4.389,12.5,8.0,25,2
askdocs_1utywhv,6578dd8fb65cb0b1,2.86,8.8,9.091,44,5
askdocs_1utyxdo,cb3b9a04c85aebad,7.721,13.68,11.236,342,25
askdocs_1utz0z7,a9539ceffe1bdfca,6.727,14.0,17.105,70,5
askdocs_1utz1g8,9085cb2fe6a04016,6.756,12.4,14.062,62,5
askdocs_1utz1r9,ebe5d61d9aebfa61,8.707,17.111,9.585,308,18
askdocs_1utz4fn,d84d75123df135aa,9.683,22.375,9.497,179,8
askdocs_1utz5zq,e8ea25139659d484,7.993,14.6,9.292,219,15
askdocs_1utz7nj,24696e0da8afc073,6.062,14.75,16.529,118,8
askdocs_1utz9jk,f2ff1b26e8c9f5a5,8.661,15.412,9.398,262,17
askdocs_1utzelo,27d9ec9252155887,12.899,18.0,22.768,216,12
askdocs_1utzjkl,87dc041208745982,7.213,13.714,19.388,96,7
askdocs_1utzjsp,c7a95c318146ebc0,9.158,19.318,9.259,425,22
askdocs_1utzmfa,0fb539ec4e954d91,5.794,11.283,13.469,519,46
askdocs_1utznav,270a92b87b5f4dae,5.176,12.5,11.392,75,6
askdocs_1utzr9b,37c67a8de997d538,6.918,16.364,10.249,360,22
askdocs_1utzrmj,ce22bed6ef2a6e78,14.677,29.25,17.227,234,8
askdocs_1utzszr,a1a4c47d8bdb134e,5.949,15.75,8.815,315,20
askdocs_1utzuw4,6d47759048616140,6.857,15.833,7.216,95,6
askdocs_1utzv1o,27705a7bfae5f25d,7.692,15.535,13.709,668,43
askdocs_1utzxbo,e55a93b915e0bc2f,7.264,13.1,6.87,131,10
askdocs_1utzxk6,4ea83bdba002013a,8.184,12.636,11.429,139,11
askdocs_1uu014n,5b634b7d388ed842,4.218,12.714,10.989,89,7
askdocs_1uu04e9,baf83ee55ed8c7e8,5.563,11.75,3.03,94,8
askdocs_1uu0dp5,ec48bdc848d89558,7.357,15.615,12.255,203,13
askdocs_1uu0enw,e14c623f703ae085,7.927,11.562,14.362,185,16
askdocs_1uu0hbh,7c5bba312ffec461,9.503,24.0,2.778,72,3
askdocs_1uu0huh,da00723015e11945,7.032,15.053,15.232,286,19
askdocs_1uu0jw5,0483a36fd06f7558,6.286,15.75,3.175,63,4
askdocs_1uu0kux,e1bf6f952f98a72f,8.59,18.583,9.333,223,12
askdocs_1uu0lmg,f5318969b48e064b,8.833,23.083,8.362,277,12
askdocs_1uu0sdb,7e70ea871889f5a1,8.207,10.857,14.474,76,7
askdocs_1uu0tr2,35235eb08f755d12,3.535,11.625,5.825,93,8
askdocs_1uu0xom,f6801d8b21766344,7.19,10.0,13.333,30,3
askdocs_1uu0xpg,f7e7c03dd9bd8ebf,7.878,16.933,11.628,254,15
askdocs_1uu0zci,5f4934eb4f4d817f,4.862,19.0,7.5,38,2
askdocs_1uu0zhv,da0204a825c846d5,12.12,25.167,12.987,151,6
askdocs_1uu124m,46651d8a2214419a,4.706,13.667,9.524,123,9
askdocs_1uu12lt,3332ae69df5b9c55,4.992,14.429,11.65,101,7
askdocs_1uu12qe,21d3db74aa3f3115,7.973,16.714,12.821,117,7
askdocs_1uu13uk,4b423061459b0c96,15.63,34.667,20.465,208,6
askdocs_1uu164n,a7412f42051f87ff,8.008,18.333,10.303,165,9
askdocs_1uu16kf,967b8d196c79c6fe,21.401,47.667,8.333,143,3
askdocs_1uu18bd,7c1eff060ec1382b,5.845,13.5,12.727,54,4
askdocs_1uu1cn1,85492ac9c349c390,19.059,47.0,18.367,47,1
askdocs_1uu1g08,7c5bd64a388ffbac,5.039,11.17,8.918,525,47
askdocs_1uu1h6m,4e43778bb2e9db31,9.205,17.875,11.724,143,8
askdocs_1uu1j0z,9cad7cda8fa1432a,7.263,16.2,11.446,162,10
askdocs_1uu1jas,d5ed91435364b6ed,10.417,26.6,10.48,665,25
askdocs_1uu1m8a,157b13d12e00fabe,6.669,14.071,8.5,197,14
askdocs_1uu1n3n,ccde37ab1e7e00be,8.345,15.5,15.625,31,2
askdocs_1uu1p7h,4b6e84ffd5be0cc9,10.516,19.304,12.798,444,23
askdocs_1uu1qin,1dfbb010e79447a7,7.473,11.0,16.667,66,6
askdocs_1uu1r0k,8022e2fbf6474bec,11.496,21.812,11.409,698,32
askdocs_1uu1rlv,e9740930da49567b,5.3,8.7,8.989,87,10
askdocs_1uu1tcg,b707d0923053f59a,5.554,15.5,9.474,93,6
askdocs_1uu1wtq,5b2065051afa4d68,4.966,12.048,8.812,253,21
askdocs_1uu1z6g,ae2acb1d08b30fac,4.022,13.833,4.706,83,6
askdocs_1uu221r,95d69b96cc285f44,6.037,13.444,9.091,121,9
askdocs_1uu222h,4f244c9505d459d8,49.169,123.0,8.594,123,1
askdocs_1uu22q2,c7f73c04a0e1c34c,0.748,7.714,10.909,54,7
askdocs_1uu23n6,c933b5b2a109f26b,5.287,14.25,8.333,57,4
askdocs_1uu256a,73a59da6fac5c4f8,3.696,10.75,10.0,86,8
askdocs_1uu272r,68eba2d47857f028,7.902,16.667,15.333,150,9
askdocs_1uu2d8v,87ab22d21b69b9c8,7.567,15.0,19.149,45,3
askdocs_1uu2h1q,471266fc572dcee7,4.366,9.5,13.248,228,24
askdocs_1uu2k3q,066e648c66a689e9,10.369,24.4,12.0,122,5
askdocs_1uu2keg,51ff9da5f6111811,6.145,12.556,9.808,452,36
askdocs_1uu2kkd,bd4af74834a4cf02,10.507,26.308,3.601,342,13
askdocs_1uu2nbx,bd05faf39e977aa1,5.668,15.667,9.655,141,9
askdocs_1uu2ogi,1edfdce89a89e4e9,4.806,11.667,8.333,70,6
askdocs_1uu2pss,3bd67f06fdd21cc2,6.892,16.143,8.936,226,14
askdocs_1uu2qy1,9de89cf9e39cdd12,9.041,18.226,13.636,565,31
askdocs_1uu2siv,a6f752f3ea154ff5,16.325,38.467,4.159,577,15
askdocs_1uu2sot,55b2aa38e4ea85d2,7.334,16.615,11.468,216,13
askdocs_1uu2u5p,a914138882f2a3c8,5.863,16.5,10.448,66,4
askdocs_1uu2u99,c0dedbd7fe6c65a7,5.842,11.25,11.111,90,8
askdocs_1uu2ww1,20b13001979e1aa5,8.111,12.833,15.584,77,6
askdocs_1uu2xn0,952875679d5bb7fb,6.53,15.6,10.127,78,5
askdocs_1uu3258,d1368ad0bad55bbe,4.382,18.5,5.405,37,2
askdocs_1uu32x4,17e37a94c0d0484d,8.458,13.812,12.5,442,32
askdocs_1uu3e6u,55da95bed4ae3562,9.073,26.0,7.547,52,2
askdocs_1uu3ifi,c94927467c8f73b2,14.602,36.333,9.735,109,3
askdocs_1uu3iuh,f93d250dffababe8,6.463,14.462,14.021,376,26
askdocs_1uu3j34,c5edd3d28359d69a,10.055,21.286,2.564,149,7
askdocs_1uu3jac,eea0afad41b520c7,9.815,25.464,9.65,713,28
askdocs_1uu3jtl,03c27fa077e7f7c5,6.559,13.273,14.286,146,11
askdocs_1uu3nfk,8f6f753107451f18,8.748,15.846,11.594,206,13
askdocs_1uu3o54,4c2d546647073e5b,8.032,20.714,8.114,435,21
askdocs_1uu3ou3,f408f413a0980826,5.726,15.923,10.329,207,13
askdocs_1uu3qxv,243d0ab44b382b37,5.971,16.75,6.075,201,12
askdocs_1uu3w3e,03cffeadaca930f5,41.35,106.667,6.211,320,3
askdocs_1uu3wjy,1bfa3b13e42e9c8d,49.271,127.0,5.512,127,1
askdocs_1uu40ok,b3e91fe90b5a991e,8.879,20.333,8.871,122,6
askdocs_1uu42vn,dc51a054102f0b50,2.128,8.5,1.449,68,8
askdocs_1uu43lf,31170e16e26db0b9,8.509,17.556,13.208,158,9
askdocs_1uu48fj,4106b69ff06e34df,5.104,12.0,8.287,168,14
askdocs_1uu4b54,8a28dd8cbfcc20d3,7.819,18.0,26.316,36,2
askdocs_1uu4krh,7a3c1854daf3cd48,6.153,19.75,2.41,79,4
askdocs_1uu4mdn,e82b6f4a148c53d9,8.921,22.294,6.283,379,17
askdocs_1uu4qbg,ec224f63e621ae90,10.071,19.423,11.538,505,26
askdocs_1uu4rfh,0210cbb23d294f46,11.371,22.209,14.654,955,43
askdocs_1uu4sa1,9c0fd7987ee551fd,6.148,14.15,10.406,566,40
askdocs_1uu4vmc,eef2e4ece6cf14bc,13.292,12.818,14.673,1833,143
askdocs_1uu4vps,4ee761ae3f1810e4,9.777,22.636,7.937,249,11
askdocs_1uu4vsn,312de1506855c5cd,4.921,14.0,8.911,98,7
askdocs_1uu4x0k,b9c6d2a80b32f149,6.637,19.0,7.353,133,7
askdocs_1uu4zc6,94002d38dcb3682b,6.165,12.25,13.131,98,8
askdocs_1uu55fn,45395ae4d962d0ca,9.235,22.333,13.433,134,6
askdocs_1uu55qx,246ed23247d166a3,9.557,17.667,9.346,106,6
askdocs_1uu59gj,868263abc379aa6e,4.469,11.935,6.933,370,31
askdocs_1uu5c0y,7fe241c20f282665,14.494,38.667,9.914,232,6
askdocs_1uu5eir,23063dcaa52bf861,9.118,16.214,8.866,681,42
askdocs_1uu5ha0,869ae6af4191fcfd,14.115,32.273,4.507,355,11
askdocs_1uu5mjq,6506bdb2539c3532,11.26,26.333,11.952,237,9
askdocs_1uu5n2d,d31544caf8c19d3a,9.676,19.852,6.273,536,27
askdocs_1uu5q3o,395d4b75f08e733c,5.892,13.794,13.191,469,34
askdocs_1uu5rou,02724054f4bf5507,9.926,24.8,4.183,248,10
askdocs_1uu5td9,8686da5af3db3af8,9.259,21.8,10.714,109,5
askdocs_1uu5vcs,ae945bc7817fa12f,4.964,9.0,22.222,36,4
askdocs_1uu67s8,8650599eff7f2abf,6.959,12.091,14.599,133,11
askdocs_1uu69dj,ce0c04ae2b22fe23,6.553,14.625,11.966,117,8
askdocs_1uu6bf0,251df506b3ccdc25,7.063,17.385,8.787,226,13
askdocs_1uu6cdx,4474208bc4ea76b2,4.101,11.333,11.765,34,3
askdocs_1uu6e4c,027822aadc29d87c,5.716,12.182,9.091,134,11
askdocs_1uu6hi8,719a9ae5852e4f3d,15.269,35.75,9.934,143,4
askdocs_1uu6hr4,5f824d2cb1da0950,6.069,14.2,9.272,142,10
askdocs_1uu6j3g,44daa4e7ab5a5573,7.194,16.667,8.805,150,9
askdocs_1uu6l1e,1b20cf81c29cb4c9,4.512,11.364,9.524,125,11
askdocs_1uu6nt1,5413415ead0fd30f,4.804,10.4,12.883,156,15
askdocs_1uu6qys,9674a098abba139b,11.866,22.556,12.802,406,18
askdocs_1uu6rp9,ff8d10809abb3600,5.063,14.143,17.822,99,7
askdocs_1uu6s6m,9166ff0de2c53c0a,11.865,15.97,13.849,527,33
askdocs_1uu6uan,f357ae8a5a2927a6,12.722,26.125,12.264,209,8
askdocs_1uu6uzd,7df522873ea0b184,8.94,21.25,12.644,85,4
askdocs_1uu7124,eae85ff29567ecc9,8.058,15.125,17.213,121,8
askdocs_1uu729e,5569862e184c918c,10.649,21.182,15.041,233,11
askdocs_1uu737n,bd9a0564c84d5ae4,8.312,20.263,8.205,385,19
askdocs_1uu75s7,b0781b253172950b,6.72,13.636,10.248,300,22
askdocs_1uu76rf,2403ad5ecd321f62,10.695,23.571,10.119,165,7
askdocs_1uu78fy,152133e9b9b178f6,6.118,16.25,10.66,195,12
askdocs_1uu79an,7a600c1a86dcc7c2,5.338,11.737,11.354,223,19
askdocs_1uu7e59,f84d9b2915c721ad,4.655,13.333,5.0,40,3
askdocs_1uu7gre,bcb4908b3203f8a8,7.537,20.167,8.871,242,12
askdocs_1uu7gxb,7f5ba8e48bad72d3,6.118,12.667,7.692,38,3
askdocs_1uu7kvj,f54f3b2e3ca40407,4.957,10.571,6.25,74,7
askdocs_1uu7q00,c05758d3652be2c1,8.048,21.067,7.229,316,15
askdocs_1uu7qiv,4c4bb7c4ee711ef3,9.507,20.643,13.782,578,28
askdocs_1uu7r7f,458f7701bc7300b0,3.917,12.5,8.0,25,2
askdocs_1uu7rfk,f79a396d29568ee2,7.948,17.93,9.339,1022,57
askdocs_1uu7txz,abceae53e7a3fcba,5.844,15.625,8.519,250,16
askdocs_1uu7xpr,3727f9e63962b676,30.53,79.0,4.79,158,2
askdocs_1uu80a2,97f97129df195afd,7.182,15.167,11.579,91,6
askdocs_1uu82ur,02298e9010b50967,4.447,11.842,9.292,225,19
askdocs_1uu83ex,0a4bf45ec2fd4d67,7.659,20.5,1.149,82,4
askdocs_1uu84r0,e8050babd789d6c2,9.493,22.636,9.562,249,11
askdocs_1uu85gi,fbcb297abcf22ca6,8.129,15.571,6.422,109,7
askdocs_1uu89qv,387e7c57cd254b3a,5.322,14.0,16.279,42,3
askdocs_1uu89y2,f35fe71b40850807,9.995,24.0,13.203,408,17
askdocs_1uu8bn7,4f893119c7f35ae9,6.592,13.846,7.853,180,13
askdocs_1uu8brd,cefbaf3d4a64d867,6.518,15.5,7.5,155,10
askdocs_1uu8d9u,5ce3186c7e09d1c2,6.256,15.0,17.391,45,3
askdocs_1uu8dnt,9055e493dd43b2d3,9.047,23.857,3.529,167,7
askdocs_1uu8dwm,bcc2934ddd8c3657,3.274,11.222,10.377,101,9
askdocs_1uu8fqv,19c872361aed3a78,9.883,18.143,15.625,127,7
askdocs_1uu8jmr,9eca45d1b1cd28cc,6.722,13.8,2.899,69,5
askdocs_1uu8m9w,481442b2018cd8b6,13.281,33.2,13.69,166,5
askdocs_1uu8rdu,4e70bb47391d4314,22.869,56.444,4.12,508,9
askdocs_1uu8u54,b8ac5c8d4b97211e,17.167,26.0,14.464,780,30
askdocs_1uu8uw8,dd0c8858846fe251,4.323,9.267,6.081,139,15
askdocs_1uu8ve1,ae61d66b8791e11a,7.455,13.48,9.687,337,25
askdocs_1uu8wa5,657910a5ca20dd89,27.39,71.0,8.451,71,1
askdocs_1uu991z,e14bc7ae3d388e3d,6.734,16.231,10.849,211,13
askdocs_1uu9d0y,110e944b564d5757,4.574,10.8,0.0,54,5
askdocs_1uu9d7x,4657201c5cb51e30,9.51,25.5,5.357,102,4
askdocs_1uu9dop,f7bf3d364882870c,26.024,63.0,16.058,126,2
askdocs_1uu9fo0,eb090e6ef96bca02,10.621,19.323,15.447,599,31
askdocs_1uu9j2s,40e9b737ca352e36,6.46,21.0,6.931,189,9
askdocs_1uu9nj2,0bfefda38b28576f,16.468,43.333,6.767,130,3
askdocs_1uu9nm9,a6985f4a2231e0e6,3.718,13.75,7.143,55,4
askdocs_1uu9p17,32a4b3aef4d78d8c,6.487,17.9,7.821,179,10
askdocs_1uu9saj,175d914e3d4f3a96,9.328,22.857,8.589,160,7
askdocs_1uu9shf,1da136cbf618df64,13.472,19.75,28.75,79,4
askdocs_1uu9sxw,7133ebc23ff39402,5.928,12.875,20.388,103,8
askdocs_1uu9vp3,593a4a4a2e0904fe,6.927,17.143,9.167,120,7
askdocs_1uu9ww4,5eedb29b1f14f649,9.025,20.4,10.429,306,15
askdocs_1uu9zze,46dd627fc9292e54,7.687,16.889,11.656,152,9
askdocs_1uua8ae,e83e948d93c833a4,8.239,10.0,9.474,90,9
askdocs_1uua8ox,15028098e1fa445e,5.77,13.778,11.628,124,9
askdocs_1uuab6d,6351ba5925e5cb99,10.233,20.333,13.386,122,6
askdocs_1uuaej1,13771694e48cce4e,4.745,15.833,4.04,95,6
askdocs_1uuag39,44833deecd1ad5d9,6.617,11.556,15.094,104,9
askdocs_1uuagyw,f4e722444fed4adc,6.442,15.5,14.516,62,4
askdocs_1uuahuk,792deb434ee32a42,6.534,16.952,10.028,356,21
askdocs_1uuaps4,d33573fd4c1eccb8,9.985,15.75,15.354,252,16
askdocs_1uuaqd9,eb64e212ed64a85c,15.515,44.0,8.889,44,1
askdocs_1uuatzs,5927c2ad84d31bc4,8.698,22.0,8.974,154,7
askdocs_1uuayev,81e2d436395ff992,10.234,21.469,9.497,687,32
askdocs_1uuayyn,2be02d78a2ecadce,6.523,13.222,4.918,119,9
askdocs_1uuazjg,a501e39649491b42,9.346,22.8,6.087,114,5
askdocs_1uuazsc,b26162e5e8469119,11.147,21.533,13.58,323,15
askdocs_1uubcci,3a1db5262bead16d,16.32,44.0,3.409,88,2
askdocs_1uubda7,2d9ad1073337219c,10.977,26.8,8.824,134,5
askdocs_1uubfcz,3e652188dd6121fb,7.802,20.909,5.785,230,11
askdocs_1uubhwo,3d1c6d83b0b82f73,6.387,15.0,4.545,60,4
askdocs_1uubkl2,6d6318ebf0909a84,6.985,17.786,8.268,498,28
askdocs_1uubm8h,12fb27e1dff13066,7.759,19.034,7.914,552,29
askdocs_1uubowu,6ad4a90d4c415014,8.57,17.688,10.801,283,16
askdocs_1uubsqe,cb8d52e2f991a49b,16.559,27.182,19.565,299,11
askdocs_1uubt9f,b383e42e75f1ddf7,9.22,14.25,16.763,171,12
askdocs_1uubto9,26a1ce280e3f175e,6.492,10.692,15.278,139,13
askdocs_1uubzwo,d0213c042f611b46,9.04,14.933,13.248,224,15
askdocs_1uuc0mv,968dd9507642486b,5.027,13.9,5.755,139,10
askdocs_1uuc877,ad05aaeb4ef83972,28.998,73.667,6.335,221,3
askdocs_1uuc9sp,0e8c198980f890a6,7.055,17.333,14.815,52,3
askdocs_1uuceg0,148c6554533d3fb4,7.877,18.81,5.556,395,21
askdocs_1uucgt8,2fa6c647a75981e6,6.623,13.111,10.924,118,9
askdocs_1uuci0x,ff5324599926cfe4,7.084,16.857,12.653,236,14
askdocs_1uuciuh,8972214aafa0e3c4,16.014,32.25,21.642,129,4
askdocs_1uucotw,a98aefa8ffb04697,8.063,15.923,8.966,414,26
askdocs_1uucox0,f20371cb3dc66b63,6.121,13.0,9.524,39,3
askdocs_1uucpce,2c4c96af0ed54f40,7.326,11.8,8.776,413,35
askdocs_1uucpuq,e6d67fce79fecdaf,6.287,14.25,8.163,342,24
askdocs_1uucwbp,36654fcc01e3789c,6.812,11.8,9.677,59,5
askdocs_1uud0rl,109905a8eb06c08f,9.258,24.0,7.292,96,4
askdocs_1uud6qt,c323048aeb3464cd,4.688,12.333,18.182,74,6
askdocs_1uud7vp,5b7a72cf7ded4fe5,10.078,20.867,9.434,313,15
askdocs_1uudpnd,faa7eac2e7350a47,8.365,18.2,8.854,182,10
askdocs_1uudq7w,2943044a05fb3fbc,4.12,6.667,14.286,20,3
askdocs_1uuds5x,0df4f762ab9cb127,8.776,16.571,11.934,232,14
askdocs_1uudyoo,4bf459ac22cd0fac,6.574,13.5,13.415,81,6
askdocs_1uue052,0ec583c834f73447,5.112,13.071,15.026,183,14
askdocs_1uue2ou,cb2bc8180735933d,7.178,12.04,9.836,301,25
askdocs_1uue5bf,47d4a557e7167317,8.461,19.8,9.524,99,5
askdocs_1uue7qb,0f84ddc4deec7669,3.211,10.778,7.921,97,9
askdocs_1uuejyg,dee8d90ac6d05b13,5.302,10.286,13.889,72,7
askdocs_1uuekpz,b88fa28c3c567d1c,5.471,14.583,4.545,175,12
askdocs_1uuem7s,84bc958422da1a08,7.897,14.2,16.438,71,5
askdocs_1uuep3y,2519d61201bfebba,11.152,30.333,7.071,91,3
askdocs_1uuepq1,bb967558071e1ed7,3.559,12.6,1.471,63,5
askdocs_1uuet44,44c3610ca96d289e,9.259,21.875,7.955,175,8
askdocs_1uueu7k,3cf445f9b973a29d,3.466,9.0,7.937,63,7
askdocs_1uuevw1,088fd11310c0e938,8.265,18.312,6.515,293,16
askdocs_1uuewmc,df4ca44480f20583,9.362,22.75,6.452,182,8
askdocs_1uueyvs,75be34b5faa3b39f,11.338,15.241,11.422,442,29
askdocs_1uuez4w,687f3b7a330ebf6e,12.714,35.5,2.778,71,2
askdocs_1uuf4y4,8685e77afad66982,10.5,23.8,7.563,238,10
askdocs_1uuf5bl,ba49acda4cb2e20f,7.171,17.2,5.319,86,5
askdocs_1uuf99x,57bda4d30adf344e,9.533,15.0,16.129,30,2
askdocs_1uufcyy,d227da4dd0447409,11.599,32.667,6.667,98,3
askdocs_1uufe28,2ada75410d105862,5.135,13.222,5.691,119,9
askdocs_1uufg23,ec1547a2f5b36c63,8.267,16.692,8.295,217,13
askdocs_1uufhhi,f9d718c8fec95e34,12.018,29.571,6.818,207,7
askdocs_1uufj8a,7937b43a8f7c1de8,7.812,13.5,12.963,54,4
askdocs_1uufjry,996759ae1da90cda,4.519,10.75,0.0,43,4
askdocs_1uufmit,6e4cdd0c323eae0b,2.446,7.778,7.895,70,9
askdocs_1uufntm,be7c13593b093bef,8.638,16.385,14.798,213,13
askdocs_1uufq80,0761a316705b2925,6.862,17.4,5.618,174,10
askdocs_1uufx3t,a87cc5009e92400c,5.535,10.257,9.116,359,35
askdocs_1uug5w6,bf3be04f379e11ca,3.32,10.667,5.882,32,3
askdocs_1uug61p,9cf4e2d040477cb9,10.721,20.0,13.665,160,8
askdocs_1uug6j7,4670512a6b9186da,5.516,13.0,3.846,78,6
askdocs_1uug9ci,02d8a9303651e056,5.744,11.0,9.524,99,9
askdocs_1uug9i5,36aa5e31a4cc746c,2.445,9.833,8.197,59,6
askdocs_1uugbef,461e6b3fe21257be,13.564,25.917,12.074,311,12
askdocs_1uugc60,7295fd97c964155b,5.883,12.417,7.285,149,12
askdocs_1uugejm,ada6314545fd6ef2,7.041,14.571,11.707,408,28
askdocs_1uugesc,4a3a208a1f5c9608,10.172,17.143,9.167,120,7
askdocs_1uugix2,237f21066593aa14,8.412,20.571,6.536,144,7
askdocs_1uugqda,0e6ac698508462e4,4.121,10.2,16.981,51,5
askdocs_1uugxvi,f4f9a195463d5cca,8.7,21.0,7.216,483,23
askdocs_1uugy3m,ec3c72296295d72a,7.972,19.6,9.252,490,25
askdocs_1uugywf,56ff1511d8994be5,7.996,19.6,9.252,490,25
askdocs_1uuh1iu,057a573c5756343a,5.994,12.7,16.279,127,10
askdocs_1uuh2pv,4403111ed60be744,3.211,7.6,12.821,38,5
askdocs_1uuh32w,3f7f93d7fb17305e,8.832,17.125,3.65,137,8
askdocs_1uuh4ih,1b6625202c54848a,12.503,31.125,8.161,747,24
askdocs_1uuh5fd,3c192a9b8e4741c2,4.151,11.545,11.364,127,11
askdocs_1uuhdip,8915dd1f431363a3,7.333,23.333,16.0,70,3
askdocs_1uuhirx,c43219520166e5ef,1.515,10.8,11.111,54,5
askdocs_1uuhk50,a496b2865fbe6af2,4.697,11.5,12.288,230,20
askdocs_1uuhkds,d0d8b3619b34e9be,10.937,23.323,11.513,723,31
askdocs_1uuhm3w,31ac5c375837acde,17.754,27.714,1.57,388,14
askdocs_1uuhmiu,dc9144ad95e9d18f,5.707,14.833,7.778,89,6
askdocs_1uuhozp,308c77dbf68c63e5,5.396,13.375,7.826,107,8
askdocs_1uuhp7t,6c1d16d0f94b0cd6,1.765,7.667,11.429,69,9
askdocs_1uuhx57,dad7a0b5c9fc5aa6,6.766,14.8,14.667,74,5
askdocs_1uuhy1f,b2e280bbfed91249,7.033,15.194,10.197,547,36
askdocs_1uuhzg9,2aaba62beea4fc10,6.285,15.846,3.81,206,13
askdocs_1uui0c8,c6693af99130f6f0,17.055,31.0,1.064,93,3
askdocs_1uui5e4,4cea6e7bdcd3f56c,6.026,15.25,7.937,61,4
askdocs_1uui5q1,d50048840b0acf11,6.73,11.556,18.519,104,9
askdocs_1uuiazs,0da75068522b0a85,10.103,19.25,12.033,231,12
askdocs_1uuibd9,4f3d8340665eee9b,5.367,14.333,4.348,43,3
askdocs_1uuic92,980dac2ea644f9ae,5.001,13.267,13.0,199,15
askdocs_1uuigzf,e2d6f8f621fc0f70,6.256,15.0,10.204,45,3
askdocs_1uuiicr,7b66c6a2aae294ca,8.14,20.0,20.0,20,1
askdocs_1uuikd0,0c2a48b14de1bb3d,10.07,24.167,14.828,290,12
askdocs_1uuikpt,caa433d161711c1c,8.14,20.0,25.0,20,1
askdocs_1uuikxz,35cbfa3add76389e,8.738,22.857,10.976,160,7
askdocs_1uuilx9,600afef74e7745c6,7.747,20.0,11.475,120,6
askdocs_1uuimgb,96df2c7f9ba08d09,12.864,18.25,29.333,73,4
askdocs_1uuin6b,d99041f8f53ea015,5.324,14.5,8.475,58,4
askdocs_1uuink6,44f11eb7669d8f95,7.843,16.455,12.568,181,11
askdocs_1uuipm7,13298dede750bb4b,8.797,20.091,13.656,221,11
askdocs_1uuisc4,62209d6b50ec6922,8.98,20.1,9.804,201,10
askdocs_1uuisqw,4b27deb4f71e7368,8.975,24.8,7.605,248,10
askdocs_1uuiwk5,cd88862c7227c21a,3.922,12.0,7.483,144,12
askdocs_1uuixxq,43aaf338aff5c1a0,7.434,16.857,6.809,236,14
askdocs_1uuj1zb,e06388b005a0b725,10.69,22.0,20.0,44,2
askdocs_1uuj5b4,8eb06f3d33f1c270,7.278,15.238,8.036,320,21
askdocs_1uuj5jo,af1486caf6854173,11.874,23.857,13.609,167,7
askdocs_1uuj5zs,3818dd2db4372d83,5.003,11.4,15.517,57,5
askdocs_1uuj6q5,290d5727d3d8015b,6.399,22.0,18.182,22,1
askdocs_1uuj7kq,6ab33e314f213bd6,7.518,16.938,7.527,271,16
askdocs_1uuj9w5,ba914570a72f98c5,5.685,14.667,11.236,88,6
askdocs_1uuja95,90d56b42145f2003,6.563,14.444,4.545,130,9
askdocs_1uujb09,6036e6b41746b4c5,11.105,21.667,14.286,130,6
askdocs_1uujbc5,2092f7f62c955594,7.131,18.067,10.394,271,15
askdocs_1uujfii,6a0703655d164722,8.119,18.3,10.053,183,10
askdocs_1uujl7t,b3f677836df95ae8,12.019,27.6,7.143,138,5
askdocs_1uujqjd,fa73a2c4be5d5621,4.994,13.667,9.756,123,9
askdocs_1uujs1e,60626beab58f7d39,9.788,20.364,9.052,224,11
askdocs_1uuju6o,47ec8b3d191384d4,5.557,16.05,9.877,321,20
askdocs_1uujvu6,dcda7c8fc5e41e81,6.9,13.2,0.0,66,5
askdocs_1uujy74,cdbd1c22390bafc8,2.999,8.375,4.286,67,8
askdocs_1uujyp3,c1715c81fc0032fe,6.984,18.75,6.25,75,4
askdocs_1uuk37j,5f81c7f3a36f284d,10.551,20.667,15.873,62,3
askdocs_1uuk5o6,b97b4e5f6155f26c,6.206,23.0,8.696,23,1
askdocs_1uuk7u2,ee9b3c0b1a62ae8d,10.06,22.474,13.134,427,19
askdocs_1uuka2s,a472b6ca6a74837f,11.27,21.651,14.286,931,43
askdocs_1uukeek,48585c3491db075a,9.747,23.267,8.832,349,15
askdocs_1uukfnp,df831eeacdb86829,7.685,18.8,6.25,94,5
askdocs_1uuki3i,5289a8cf46c80d8a,6.523,15.375,4.032,123,8
askdocs_1uukk1c,e271d7560b63b162,9.814,26.4,8.955,132,5
askdocs_1uukkn4,af74afef959a1b89,5.906,11.727,12.977,129,11
askdocs_1uukn32,4e35d1d65b018786,13.117,31.25,10.4,250,8
askdocs_1uukpyj,1c37a40e3971bdfc,6.253,15.667,12.676,141,9
askdocs_1uukwx3,f11c08cb5a284fb7,7.993,20.0,17.284,80,4
askdocs_1uul3k5,b3d7c0c6a3e6e9e4,17.157,38.545,11.703,848,22
askdocs_1uul5jt,d7346c97a26e9a2d,6.72,13.3,14.388,133,10
askdocs_1uul5tb,b3dbb8c79f62a024,10.833,26.75,7.477,107,4
askdocs_1uul7o7,601ef4a173caac04,8.423,13.111,11.765,118,9
askdocs_1uul9vq,74e2b1d31bff05a4,8.355,16.2,10.976,81,5
askdocs_1uulhkh,de3092cb34b4df6e,11.807,29.333,6.452,88,3
askdocs_1uulktr,85985e83415051b1,9.761,23.667,4.196,142,6
askdocs_1uuluka,602eaa67da038c41,6.373,17.75,10.563,142,8
askdocs_1uulwpb,ac6de515093384a4,19.722,50.0,8.824,100,2
askdocs_1uulxi2,d8d81f72f875c7ff,9.305,22.6,6.14,113,5
askdocs_1uum230,661e018db9405501,8.872,18.75,7.792,75,4
askdocs_1uum3vs,730b846cee65287f,3.53,6.667,4.762,20,3
askdocs_1uum4ah,24a20571b09c5555,8.09,15.333,13.265,92,6
askdocs_1uum6tb,33196e6336b7306e,10.204,17.727,7.921,195,11
askdocs_1uum9nz,067b6aad1ce48aa5,9.413,26.667,3.704,80,3
askdocs_1uumc0t,5b3d9978a12d0ba4,13.376,22.5,46.667,45,2
askdocs_1uumeml,4ee73854456bdad2,6.594,16.333,11.765,147,9
askdocs_1uumhgl,fd5702a3d1c2ee52,6.936,17.364,7.576,191,11
askdocs_1uumjql,e9bc6e551f12604f,9.416,19.0,10.0,57,3
askdocs_1uumoql,e7ace8d3f00ddef6,7.751,15.444,5.674,139,9
askdocs_1uumq0k,871f9e8ff8fd7bff,7.659,20.5,9.756,41,2
askdocs_1uumq2e,fad1c8ef4726469e,8.555,17.667,10.526,106,6
askdocs_1uumsht,5fadbab01086bad8,9.866,19.5,16.667,78,4
askdocs_1uumtqi,c07a3f3c45b761b9,8.73,20.0,11.667,60,3
askdocs_1uumtxr,53b384a9a83f54bb,8.58,14.833,11.765,267,18
askdocs_1uumvsa,01f5a0c665721f4b,5.892,14.083,13.372,169,12
askdocs_1uumz7h,3023874c685344ff,7.687,15.061,10.485,497,33
askdocs_1uun2sn,f4b361e125e260ba,4.507,12.5,7.547,100,8
askdocs_1uun3ko,0a20b8e5c27faf3b,1.776,7.833,10.417,47,6
askdocs_1uun3v3,cd79f5004ecd6f3b,6.043,14.429,7.921,101,7
askdocs_1uun76i,4b473d3740934315,8.771,26.5,7.407,53,2
askdocs_1uun79l,b02cb33206035e40,8.402,17.143,11.29,120,7
askdocs_1uun8cu,f2d438dd8a571be7,9.463,19.139,15.603,689,36
askdocs_1uun91a,e0c4231c23102ea1,8.127,15.429,5.53,216,14
askdocs_1uuna4u,12201727b79d1b23,6.694,17.6,6.417,176,10
askdocs_1uunbuj,043b70ac267a6d5c,5.735,11.534,6.914,1338,116
askdocs_1uunfu6,3348ba6beb2f899d,5.579,13.286,7.921,93,7
askdocs_1uunlxg,ae27d951f2820de4,11.145,24.625,4.0,197,8
askdocs_1uunm7x,45ff51584ad5fe42,4.139,12.143,7.955,85,7
askdocs_1uunnjn,96490287fad89da6,7.645,21.625,6.286,173,8
askdocs_1uunsge,6d116810714b33a0,6.915,16.333,12.245,49,3
askdocs_1uunsil,63b1d0c9c7672cf3,9.581,27.0,9.174,108,4
askdocs_1uuntli,c7cd121f6462f805,4.107,10.75,11.494,86,8
askdocs_1uunuiy,3ea22e78c741647a,5.635,11.2,11.017,112,10
askdocs_1uuo1ac,e82754202dddb5b1,4.521,12.0,5.128,156,13
askdocs_1uuo265,be040eba1211de93,11.446,28.684,8.893,545,19
askdocs_1uuo2fx,20750f60ae8dc910,9.13,18.0,13.889,72,4
askdocs_1uuo55v,734a9cba7c474854,8.74,17.0,17.143,34,2
askdocs_1uuo6cn,1911370d40234d92,7.621,14.276,13.857,414,29
askdocs_1uuo7cf,989fa79092c0abb9,6.694,17.6,10.795,176,10
askdocs_1uuo7hb,53ce66dda51272dc,3.643,9.75,10.0,39,4
askdocs_1uuo851,ef5764e27d1ac6f9,10.441,18.5,8.0,74,4
askdocs_1uuoc5t,98879e3e6bbd66f8,5.804,14.25,8.475,114,8
askdocs_1uuoga9,d6489d5e86264c78,6.421,11.278,13.235,203,18
askdocs_1uuoi1o,2d8d58eba8ce34a9,8.995,18.375,6.783,441,24
askdocs_1uuooav,a5b3b36a38895630,4.094,8.4,8.837,210,25
askdocs_1uuop05,a425de042bed9785,7.729,16.179,10.191,453,28
askdocs_1uuoqwp,fefede091ce0f2ac,8.042,17.12,15.695,428,25
askdocs_1uuorvt,955ca8af6e4d0431,6.632,12.214,11.429,171,14
askdocs_1uuosn2,27d77a09f34f0b36,9.116,15.333,16.162,92,6
askdocs_1uuou42,ee008afa057edb92,5.138,10.286,6.757,72,7
askdocs_1uuozdn,511fdc5fc5238b61,5.24,5.0,15.385,25,5
askdocs_1uuoziq,3cf5bd0094a753d2,10.435,26.0,6.329,78,3
askdocs_1uuozzd,60ca4b81a8b9aef1,8.177,18.25,11.392,146,8
askdocs_1uup28s,dc1d048bf748cdd5,0.501,5.6,3.571,28,5
askdocs_1uup2pv,2231ac217c7c6767,5.404,11.0,14.286,77,7
askdocs_1uup4oc,e7c3851dac888e2c,3.571,12.333,10.256,37,3
askdocs_1uup4ux,6f7b95245ad7d3b8,5.15,13.846,8.287,180,13
askdocs_1uup5kn,c8f7f9f3601ee246,4.343,8.75,9.722,70,8
askdocs_1uup74j,b6fd2f95fa30f7e6,15.072,37.833,5.702,227,6
askdocs_1uup7ki,cdd4c1811feb9306,5.781,15.333,12.143,138,9
askdocs_1uupda7,9e9722b99f179d23,9.885,16.412,9.215,279,17
askdocs_1uuph6b,136908f142bda868,9.12,22.2,3.54,222,10
askdocs_1uuphje,501dedaebfbd136d,5.818,13.0,7.246,65,5
askdocs_1uupi1d,b065d65215222fc2,2.675,7.5,1.639,60,8
askdocs_1uupj11,333f14cc0475b03d,0.55,6.4,8.824,32,5
askdocs_1uupk1u,8ca807c6006d4ba1,3.512,8.889,10.843,80,9
askdocs_1uupk6h,1f3e50df3b40606e,5.685,14.667,9.091,44,3
askdocs_1uuplwl,02a0bc6e0190ff91,7.677,14.714,10.476,103,7
askdocs_1uupmy8,86d51af8ef79d83c,8.252,16.35,12.952,327,20
askdocs_1uuppvg,9c7df6f1cba42ad4,10.278,23.4,9.917,117,5
askdocs_1uupt5z,7547a44f62445165,5.245,12.0,13.636,84,7
askdocs_1uupwvq,c4997e3d5108db9e,5.483,14.667,10.112,176,12
askdocs_1uupxb9,61cbdc8432e95456,10.468,17.125,11.806,137,8
askdocs_1uupxib,b85dc010c4891cd3,4.983,11.917,11.644,143,12
askdocs_1uuq0v0,703414500b584e74,6.715,15.9,12.5,159,10
askdocs_1uuq4do,0fd40732045397f2,9.201,16.5,13.725,99,6
askdocs_1uuq5fa,03b0b71c2fa7b749,10.287,18.176,14.511,309,17
askdocs_1uuq5gs,d9c8de7cce63bc50,9.526,5.667,40.0,34,6
askdocs_1uuq5ye,f1c02b40bce41b59,8.095,19.75,12.658,158,8
askdocs_1uuq62l,d6f1215d45ad9e21,8.028,24.0,20.0,24,1
askdocs_1uuq6f0,4213b4b5471bb7eb,6.643,16.667,11.842,150,9
askdocs_1uuq9do,03b288cb5b0bfb3b,8.494,12.625,6.931,101,8
askdocs_1uuqcne,b4057c35dca6c95e,8.618,16.0,12.5,176,11
askdocs_1uuqel2,36ff80c315859ba0,9.131,14.364,16.109,316,22
askdocs_1uuqfcg,6e8ffbec44dc40a8,5.327,12.375,9.091,99,8
askdocs_1uuqft3,c82220b6fbfaf8f9,12.835,22.0,21.739,22,1
askdocs_1uuqgey,8c640a65134f2058,5.813,10.0,8.333,60,6
askdocs_1uuqh4h,5ccfdd6b3021ee3d,8.181,19.208,12.102,461,24
askdocs_1uuqisn,757d1c8fd22e105b,12.586,19.55,11.852,391,20
askdocs_1uuqk1u,7672789eb6471c37,9.443,16.357,4.49,229,14
askdocs_1uuqn5j,a25d2bcbbafbb6b6,6.722,16.667,9.486,250,15
askdocs_1uuqoht,2135f8e8e6627776,7.812,15.5,9.877,310,20
askdocs_1uuqprc,fa09d7025085da3b,11.919,25.833,8.917,155,6
askdocs_1uuqrtc,5b857998b4575f69,7.543,13.579,9.924,258,19
askdocs_1uuqss9,806fa8d1b780c46a,8.22,15.167,6.593,91,6
askdocs_1uuqvnd,753c932b955b272a,8.164,17.033,9.1,1022,60
askdocs_1uur03o,8c4e1838fc0e479b,11.465,28.5,5.814,171,6
askdocs_1uur239,8319d38d5dc2b787,25.282,65.0,11.94,130,2
askdocs_1uur4jr,e4ed1134813211e2,8.159,17.312,6.786,277,16
askdocs_1uur6g1,6093144574dcf1c4,5.584,15.667,6.25,47,3
askdocs_1uur7pj,9ef2098d220ba3cc,9.047,14.103,15.641,550,39
askdocs_1uur931,9644eed7d11cf41c,7.517,18.167,7.339,109,6
askdocs_1uuraf5,27d4da7253483144,2.234,11.5,0.0,23,2
askdocs_1uurath,075af4e502999bc0,5.041,14.0,17.241,28,2
askdocs_1uurbxj,a4631a87b9f1a679,5.041,14.0,17.241,28,2
askdocs_1uurco0,0e2d15f3e4e5a6f5,13.604,24.667,13.0,296,12
askdocs_1uurek6,0773b784e4be019b,8.038,15.267,12.771,458,30
askdocs_1uurjbj,916bc207751eb9c0,6.482,10.273,15.385,113,11
askdocs_1uurkj5,a39af034a8372557,8.394,18.211,13.973,346,19
askdocs_1uurlsh,fbc938d7682aa9d4,11.271,32.0,12.5,32,1
askdocs_1uurmlm,9fce0852ef90552a,6.399,18.25,12.329,73,4
askdocs_1uurn3p,38f93b0bf74969a0,7.086,12.657,10.11,443,35
askdocs_1uurwa3,b053057c393102df,9.527,26.0,11.538,26,1
askdocs_1uurwnv,7bc45f988ad64c04,15.938,40.333,13.115,121,3
askdocs_1uurwyo,e92ba79431a4a788,6.162,11.0,22.0,198,18
askdocs_1uurx9f,394f244e35a05f89,10.435,26.0,7.692,26,1
askdocs_1uurxw7,c9aabaa3630bfa14,7.056,15.222,11.888,137,9
askdocs_1uurz29,1dbfbabbec8cf3bf,6.489,14.667,8.824,132,9
askdocs_1uus02x,529b9df344ab37e3,4.049,9.667,1.667,58,6
askdocs_1uus1h2,3b1ea9d0d79cf6ee,7.203,15.5,6.693,248,16
askdocs_1uus2n6,14de79b5a20daf1b,6.879,12.571,8.889,88,7
askdocs_1uus6yc,aae361923be54be4,43.603,109.5,10.502,219,2
askdocs_1uusbd0,c2f44f823572c67c,9.739,20.846,10.662,271,13
askdocs_1uusbtp,80840dc636699a67,4.344,14.667,11.765,44,3
askdocs_1uuscsb,4f0358be1a230e19,8.392,16.056,10.299,289,18
askdocs_1uuseby,529f4ec663d55cc1,6.535,12.125,8.081,97,8
askdocs_1uusfha,68c2585013f21779,4.377,14.286,7.767,100,7
askdocs_1uusg12,12e3743c7079c2bb,8.974,18.5,10.995,185,10
askdocs_1uusg8n,bfee7eda490e3065,5.579,12.75,7.759,102,8
askdocs_1uusi0w,52161cd3435bd3dc,6.462,12.0,8.182,108,9
askdocs_1uusjnt,9dc895053a698810,6.88,19.667,7.937,59,3
askdocs_1uuskku,ecd15ed39479b6fc,6.457,15.143,10.0,106,7
askdocs_1uuskml,c1265a18aa982b9b,3.319,8.143,12.069,57,7
askdocs_1uusnod,060b5ada0c778127,6.984,14.759,5.298,428,29
askdocs_1uussoj,839a8fa79806996c,5.173,14.364,8.176,158,11
askdocs_1uust9f,5f7a532e0e6dfa49,9.289,22.286,6.329,156,7
askdocs_1uusthr,a10145e38fc55aca,5.699,16.667,8.442,150,9
askdocs_1uut3ek,079241279f2380ef,9.833,25.4,6.154,127,5
askdocs_1uut5lw,91be0b9727a3fedf,4.643,12.2,14.516,61,5
askdocs_1uut722,8a8301cbe7fcfab4,3.419,8.4,9.524,42,5
askdocs_1uut7sq,d9603c59415103fe,13.722,35.667,9.568,321,9
askdocs_1uutbrj,4fb5fd245442c045,9.279,21.778,16.346,196,9
askdocs_1uutf19,33f8371c4ec1002b,6.012,15.143,11.607,106,7
askdocs_1uutgf1,c1d79471f90fcb7b,4.437,10.0,10.0,30,3
askdocs_1uutiog,7863b0e2e6368a1c,7.352,12.2,9.375,61,5
askdocs_1uutma9,86e5995b66a76bf8,8.046,17.0,17.544,170,10
askdocs_1uutqyw,5ad96076d1bd2220,17.38,43.5,11.828,87,2
askdocs_1uutug7,b46747a84022373d,7.372,21.625,10.44,173,8
askdocs_1uuty85,74cf55c45095788d,8.014,17.4,17.143,174,10
askdocs_1uutyjh,2443e6f92dee84d1,7.005,15.0,15.094,105,7
askdocs_1uutyoa,be0015368b911e4d,6.141,14.0,11.89,322,23
askdocs_1uuu3k9,adf5652a7afa4b87,3.129,9.0,10.989,90,10
askdocs_1uuu46c,26bd818755d436ca,7.262,13.385,9.659,174,13
askdocs_1uuu6oi,1b7b7d0d3fb14cfd,7.887,20.0,6.803,140,7
askdocs_1uuu8sj,5ff4e37dfbed1a2e,12.284,27.958,9.415,671,24
askdocs_1uuudnu,17ae046e6909e456,8.718,18.529,9.063,315,17
askdocs_1uuuebc,a8578249a756dc96,8.53,13.7,12.245,137,10
askdocs_1uuufup,5bcfa0db1975b779,7.844,18.367,10.086,900,49
askdocs_1uuulc5,e2d8ec0d795e18a5,9.972,25.0,15.686,50,2
askdocs_1uuut0n,9527d2de796302f8,5.185,9.2,16.667,46,5
askdocs_1uuuyom,567fa5a173d13718,7.866,16.5,13.253,165,10
askdocs_1uuv0es,204254d225ab567d,9.135,19.143,10.145,134,7
askdocs_1uuv0yg,6e41c69a5b54ebe2,5.957,15.8,9.167,237,15
askdocs_1uuv1bw,d24c75afe6edb9be,13.207,29.714,8.141,624,21
askdocs_1uuv2nw,85713704b931b517,5.943,11.3,11.739,226,20
askdocs_1uuv5gj,901c215ab0586455,8.138,19.462,8.494,253,13
askdocs_1uuv6ua,a700e78fd26f6aca,5.311,13.4,7.246,67,5
askdocs_1uuv84z,88a1b4432694dbfc,4.793,11.25,15.556,45,4
askdocs_1uuvdow,3799631b4f4137dd,5.616,17.0,7.865,85,5
askdocs_1uuvg15,d4d03b74586b260a,11.796,26.0,17.857,26,1
askdocs_1uuvg8q,6a6af369afe18881,8.961,19.0,5.226,285,15
askdocs_1uuvsqe,1fd1c43711bbd33d,10.297,21.562,9.859,345,16
askdocs_1uuvtqh,9cffcd90b5c31108,6.517,15.385,13.366,200,13
askdocs_1uuvvyw,60cd453c0ea1d2b7,9.738,21.222,12.121,191,9
askdocs_1uuvwv2,ae8a97f1ce02513f,5.229,13.571,9.0,95,7
askdocs_1uuvx5m,b9ba45980ffa4951,4.524,14.429,4.673,101,7
askdocs_1uuvxs2,a4f5de2bdf49f0f1,5.478,14.125,7.692,113,8
askdocs_1uuvyhu,03aa29c149e0727b,7.512,13.4,11.511,134,10
askdocs_1uuvzfk,2a7d3520a4993015,10.223,23.739,9.836,546,23
askdocs_1uuw2lj,6a8de2721a2682eb,4.908,11.909,19.259,131,11
askdocs_1uuw5a9,df4bc2d3dc3cb8d3,7.791,14.714,12.56,206,14
askdocs_1uuw5tp,598eb303de87d9d5,6.963,14.75,11.475,118,8
askdocs_1uuw625,c69d5324e20e5135,6.26,14.818,10.119,163,11
askdocs_1uuw6au,c11385b0d3df2406,5.919,15.667,15.646,141,9
askdocs_1uuwd7w,f8509619f895afbd,7.245,17.875,7.931,572,32
askdocs_1uuwe6b,7f9f387cd352ea03,5.784,10.818,11.57,119,11
askdocs_1uuwhd1,9f87241567de84f9,5.664,14.091,8.696,155,11
askdocs_1uuwkoy,e04f9a8132dd772e,5.486,10.0,19.355,90,9
askdocs_1uuwl8h,f5f438748b294088,10.001,22.7,11.404,227,10
askdocs_1uuwm0l,26a4c380c69c1d7d,8.636,11.588,12.563,197,17
askdocs_1uuwom4,891d1330816d1a74,6.382,10.688,7.955,171,16
askdocs_1uuwtgg,4629a0b7051c2fb2,5.648,12.5,11.538,75,6
askdocs_1uuwyao,b6da2d377aa585b1,4.627,12.0,7.937,60,5
askdocs_1uux2r2,1ef3c4b3530f3d49,4.043,10.0,7.353,60,6
askdocs_1uux2z3,84ba8ef52d27773f,5.205,10.167,4.286,61,6
askdocs_1uux3bi,4c09f22c7e60d43d,15.1,36.286,6.836,508,14
askdocs_1uux68f,97d67f15fd8a95fb,5.601,8.6,15.909,86,10
askdocs_1uux6ep,e6207d6f292d24ee,5.918,12.706,12.719,216,17
askdocs_1uux6p3,8cf5418cd2977c4e,45.621,116.0,6.466,232,2
askdocs_1uux6v3,a94b6262c584f190,4.045,9.833,7.692,59,6
askdocs_1uux708,7dcb8fcd2c2b4a85,9.659,28.0,13.333,28,1
askdocs_1uux7s6,3dc7a84d53357ce0,4.968,11.333,16.176,68,6
askdocs_1uux7zh,b4f95a5a76aff897,3.983,11.833,9.211,71,6
askdocs_1uux8zg,4a2e816502e67618,5.11,12.364,2.083,136,11
askdocs_1uuxac2,b5f73c631d2e356f,9.437,18.583,8.898,223,12
askdocs_1uuxbo6,7c35b4d489c404af,12.291,12.48,18.196,624,50
askdocs_1uuxemf,04ea83979dc064b1,9.295,10.5,33.333,21,2
askdocs_1uuxjdg,bf66e2de53c8cdf0,8.688,20.625,6.706,330,16
askdocs_1uuxk5t,eeff00017a9789a9,10.824,26.0,9.836,182,7
askdocs_1uuxkkl,3cc0ea3ee62d60d5,4.698,9.571,7.353,67,7
askdocs_1uuxldk,3f115d217ec9f2b4,6.082,11.5,16.0,46,4
askdocs_1uuxozl,1fd078a473d939cc,8.808,18.571,7.914,130,7
askdocs_1uuxr6z,dd8cc8c8c851933f,8.494,18.875,7.792,151,8
askdocs_1uuxuoy,6af18efafcb4aec1,6.133,11.5,11.475,115,10
askdocs_1uuxv5e,cff1d98e8d55fbf9,13.973,32.125,9.108,514,16
askdocs_1uuxvjy,57f3f956fa361ee7,11.838,18.6,16.58,186,10
askdocs_1uuxvv7,beaaadb624b93467,6.124,15.0,2.747,180,12
askdocs_1uuxxwd,90fef57ff3b3f18a,8.729,23.429,10.909,164,7
askdocs_1uuxyk9,418094ca9b2f62c1,5.836,11.333,11.111,34,3
askdocs_1uuxzwi,0776b5f3b4f42e10,12.642,29.167,10.615,175,6
askdocs_1uuy2h7,04419369e4b80f58,9.731,17.036,6.288,477,28
askdocs_1uuy361,2240303c95293aa6,6.563,13.636,4.459,150,11
askdocs_1uuy36s,5c0dfb1c81c5b969,8.06,17.4,9.579,261,15
askdocs_1uuy4zx,65a69ed2b18b5f56,6.049,19.556,5.587,176,9
askdocs_1uuy5x0,c437a80ce90d744a,6.276,9.0,18.182,54,6
askdocs_1uuy9e2,d1769649915a9714,5.265,14.833,9.328,267,18
askdocs_1uuya9d,c15a8ba34599e0e8,9.163,25.5,7.643,153,6
askdocs_1uuyb5c,a0c3d15176e5b908,5.604,10.522,8.454,484,46
askdocs_1uuycbr,031a81e57e720026,8.79,20.133,7.619,302,15
askdocs_1uuycn3,3399e6ae6a14dd21,5.107,14.625,6.704,351,24
askdocs_1uuycoh,4e80d0ff62146eeb,8.814,17.1,13.45,171,10
askdocs_1uuydtn,0ead9048deb5ba19,4.965,10.429,12.987,73,7
askdocs_1uuyf6o,97a19815261ea666,4.794,17.75,9.859,71,4
askdocs_1uuyf9x,b15327c21433fe23,2.717,6.6,4.478,66,10
askdocs_1uuyfmr,3f2d414810109c0e,6.517,12.765,7.623,217,17
askdocs_1uuygtj,71526ae3bc0c45c0,7.667,22.0,3.719,242,11
askdocs_1uuyhb9,e18d779700ff642f,9.187,23.333,13.986,140,6
askdocs_1uuymah,a2f6cfdf99922392,9.43,21.533,14.328,323,15
askdocs_1uuynzf,e5d3407d5e55ddd7,5.094,11.143,7.059,78,7
askdocs_1uuyo79,c7f0fe65c6acc566,15.918,27.0,18.182,54,2
askdocs_1uuyogn,a989d1727cb17ca3,6.661,16.778,9.868,151,9
askdocs_1uuypmz,b22f8edd42c3ecbd,2.624,7.2,18.421,36,5
askdocs_1uuyt0n,8586bcc812cf8b1c,7.812,19.833,9.091,119,6
askdocs_1uuyvym,695934346a89c4bb,5.01,15.0,9.524,60,4
askdocs_1uuyyjk,97a10aa95e122eb3,5.191,10.105,9.548,192,19
askdocs_1uuyzdi,6ae3d3fbda5dd028,6.758,15.545,8.671,171,11
askdocs_1uuz0hl,4c4d42170c956a6f,7.448,11.6,17.241,58,5
askdocs_1uuz55p,bd05a7827614cb74,9.897,24.0,11.57,120,5
askdocs_1uuz75i,389da0f9e195300b,8.09,20.5,13.253,82,4
askdocs_1uuz7ba,58f2f922ef2fbcc5,7.455,18.444,4.192,166,9
askdocs_1uuzbpm,1d564c35cacb2114,8.811,18.667,9.292,224,12
askdocs_1uuzewn,f4872c27ea8097f4,6.833,16.923,7.456,220,13
askdocs_1uuzeyq,8ba6f5ee5149084a,7.58,13.75,24.324,110,8
askdocs_1uuzfjb,1411f08abd4052b7,7.93,13.056,9.388,235,18
askdocs_1uuzh5v,cff4175b03bc750f,2.617,11.571,19.512,81,7
askdocs_1uuzjug,4e254899b8c15633,10.511,26.111,6.911,235,9
askdocs_1uuzkmn,7affd849e7c61785,10.046,20.2,8.293,202,10
askdocs_1uuzm1c,75478c106ba24a2b,20.016,49.0,2.041,98,2
askdocs_1uuzpoe,55f3dbe1c3c06c61,9.477,20.083,6.173,482,24
askdocs_1uuztrj,974ed8c4e599c53d,6.491,12.667,11.558,190,15
askdocs_1uuzv7v,126561792029d603,9.828,22.6,12.605,113,5
askdocs_1uuzxkj,b83e27d88ec9ceff,10.498,21.182,5.128,233,11
askdocs_1uv02m0,bde9355a6b02fbd7,8.899,19.0,21.053,38,2
askdocs_1uv052o,131e010a99336fda,8.41,21.1,10.86,211,10
askdocs_1uv07qf,092ac8b849124218,10.145,20.875,15.73,167,8
askdocs_1uv081h,1431d6a499a675d5,5.886,12.923,9.249,168,13
askdocs_1uv08bz,31269e191eaf7b54,7.274,16.067,14.919,241,15
askdocs_1uv08fx,434d95faad628ee3,2.791,7.667,8.0,23,3
askdocs_1uv0929,0684f11ecac820ef,7.613,16.0,10.0,48,3
askdocs_1uv0973,a5646910c6326f88,10.046,20.2,11.058,202,10
askdocs_1uv09bm,9fbfeeda61a8f524,1.469,7.0,10.714,28,4
askdocs_1uv0drr,9ad46af1991a06aa,10.147,20.444,10.326,184,9
askdocs_1uv0eer,57eea3a886d586c4,6.375,12.4,7.2,124,10
askdocs_1uv0ilk,8e276145ab8cf017,5.767,15.238,12.349,320,21
askdocs_1uv0iob,ef3d7d20308e9feb,7.895,20.25,9.524,81,4
askdocs_1uv0j9j,4b95947868422908,4.988,13.625,8.929,109,8
askdocs_1uv0jhc,29a86aefb58d6894,9.13,22.25,8.333,89,4
askdocs_1uv0ldu,165d7cb54374ad0f,6.891,8.2,13.953,41,5
askdocs_1uv0llx,62051882aff2d20a,8.317,20.091,13.901,221,11
askdocs_1uv0pwi,9479c9c0b63c775c,8.606,19.833,8.333,119,6
askdocs_1uv0ra3,dc02c788937698b3,9.063,18.542,11.778,445,24
askdocs_1uv0vun,fb1ba7a96734b5bd,3.981,12.3,17.46,123,10
askdocs_1uv0vy7,318f762aaf943807,7.57,16.714,5.882,117,7
askdocs_1uv0ztf,c2263b9205b7f685,23.255,59.6,7.718,298,5
askdocs_1uv11ve,9025a381d70b161d,7.965,19.583,4.743,235,12
askdocs_1uv11yb,1cdd55414ddae1c2,5.417,11.4,15.909,171,15
askdocs_1uv12e5,31e5de1b085d0f26,4.598,8.0,28.07,56,7
askdocs_1uv13bg,f18ec2cfad144e5f,5.668,10.938,14.857,175,16
askdocs_1uv143a,0c8dce2620333687,4.257,12.2,13.043,61,5
askdocs_1uv14ee,e387120895da868e,7.6,17.0,14.754,119,7
askdocs_1uv15yd,62acd12c119f2254,7.699,17.0,15.574,119,7
askdocs_1uv18hc,f5751ee64af1c085,3.863,11.125,4.444,89,8
askdocs_1uv1laj,88a3b8c7c50c6b95,3.675,8.667,15.385,78,9
askdocs_1uv1mro,2b9f1c4579bdb921,7.999,20.75,7.143,83,4
askdocs_1uv1qvr,d3f3b0fdeca26f1b,3.51,10.429,6.757,73,7
askdocs_1uv1r71,f7f2a97f18a1f314,22.322,57.0,8.261,228,4
askdocs_1uv1u46,00b1ed5b97f7cc43,9.053,21.857,12.179,153,7
askdocs_1uv1vlj,82e94c2cd2902fa0,3.845,9.833,18.033,59,6
askdocs_1uv1vmo,6b02d8bec4806ec7,7.13,17.333,6.79,156,9
askdocs_1uv1w1v,300305bf2a81f639,7.615,17.95,11.02,718,40
askdocs_1uv1y6q,b33f9c6fb8a0eca9,6.646,14.714,16.19,103,7
askdocs_1uv224j,8d7fc68f8f0c37c1,9.661,22.25,12.632,89,4
askdocs_1uv2385,84fa41f77fc0b95d,11.428,20.765,11.111,353,17
askdocs_1uv277u,c88688fad2bcd77b,6.136,14.143,12.121,99,7
askdocs_1uv27iq,2dac50f295bcb278,2.535,7.667,10.0,46,6
askdocs_1uv28to,9ce45751e9272780,2.66,9.333,7.059,84,9
askdocs_1uv29sd,35f65f5fd61968aa,8.235,20.304,7.446,934,46
askdocs_1uv2dn6,b85b1d3367b1abef,5.493,15.0,7.273,165,11
askdocs_1uv2gkk,cf3c622c95d19f9a,5.717,11.389,12.195,205,18
askdocs_1uv2hv5,5a47f9fd93459cb7,4.427,10.333,3.125,31,3
askdocs_1uv2jg3,ac7de361cbf7d2cf,27.302,66.25,6.792,265,4
askdocs_1uv2zhi,7a70fe0eeb3d1a9c,11.154,24.154,9.792,314,13
askdocs_1uv34d9,e5f7cc7e7b26df48,11.316,27.7,6.786,277,10
askdocs_1uv3768,2cb01d096bc82fcb,9.714,23.6,8.73,118,5
askdocs_1uv3ase,688a76002541c98c,4.637,9.0,9.589,72,8
askdocs_1uv3bsj,7c5cf935a8043302,14.983,24.286,16.959,170,7
askdocs_1uv3g07,506b544b37d10b06,8.634,16.857,6.883,236,14
askdocs_1uv3owz,2938cf47a6ec5e77,17.661,44.0,3.333,88,2
askdocs_1uv3rq4,9c449def86189620,5.993,13.273,9.804,146,11
askdocs_1uv3s8a,ae159764ce2e41d3,8.281,14.8,14.0,148,10
askdocs_1uv3tsc,9dd8960c13f08c2d,15.868,39.474,12.368,750,19
askdocs_1uv3uyi,d8f4fe934e2134e1,6.86,16.235,11.151,276,17
askdocs_1uv3x1l,ba5d7aec5455eaa5,4.863,12.702,5.647,724,57
askdocs_1uv42gg,d712fa0db6cf3ece,9.084,16.818,15.508,185,11
askdocs_1uv453r,c765a9bac7dbd042,5.434,15.4,9.091,77,5
askdocs_1uv48f3,7b9b71cc9aaf4b88,9.032,19.6,9.0,98,5
askdocs_1uv48n9,868c476ded1f965c,6.137,16.0,4.386,112,7
askdocs_1uv49ip,58ceccdabd2cf36a,8.239,22.125,9.14,177,8
askdocs_1uv4bzy,79d87c1d62c01fb9,7.902,16.667,13.462,200,12
askdocs_1uv4fri,5bd244ea59e69944,4.232,12.5,7.5,75,6
askdocs_1uv4hf6,6722b1295492a5af,15.293,30.176,9.038,513,17
askdocs_1uv4jnj,8933bf2121b8b910,7.829,15.067,9.524,226,15
askdocs_1uv4onu,56e54e6c313c8581,12.685,32.0,5.051,192,6
askdocs_1uv4qyz,49fa20a53e4c5024,9.016,21.417,3.891,257,12
askdocs_1uv4tl9,b0eb67d183972237,8.755,21.0,8.571,168,8
askdocs_1uv4w6d,34f4bba5eed7aee5,4.368,10.385,8.108,135,13
askdocs_1uv4znt,641c47321ecdc077,7.182,19.4,10.959,291,15
askdocs_1uv50e9,69e53e36069dad33,6.821,15.12,7.105,378,25
askdocs_1uv51s2,cdfa230139260884,12.115,25.733,10.54,386,15
askdocs_1uv58ht,426264e52d9c774f,8.971,22.333,14.925,67,3
askdocs_1uv58wh,7c82e1cfb120007d,11.755,26.5,15.613,265,10
askdocs_1uv5a0v,3ff683157bf9a760,7.051,16.111,10.135,145,9
askdocs_1uv5c5d,dc89966bb227de7b,6.045,14.316,11.029,272,19
askdocs_1uv5i89,65057c1bd80d0dab,10.609,21.286,8.054,298,14
askdocs_1uv5j8l,27a22ad6fc756916,5.854,13.625,14.414,109,8
askdocs_1uv5m6j,c503974b47415232,5.154,16.0,4.167,48,3
askdocs_1uv5njd,2c3c133cfca7c1ad,2.379,9.333,3.226,28,3
askdocs_1uv5pz2,1b616fe0ff330491,2.834,10.5,4.348,42,4
askdocs_1uv5ual,83de2ba5787b210c,9.645,24.923,7.122,324,13
askdocs_1uv5voq,bda889184dc4cf25,9.023,19.0,7.5,190,10
askdocs_1uv5vrn,4fe546ec12cf68a3,5.058,17.5,8.571,35,2
askdocs_1uv60e9,0c1aadb940b76fea,32.462,81.0,13.415,81,1
askdocs_1uv62k8,b60b918a537730e9,5.761,9.75,20.513,39,4
askdocs_1uv645p,c11833d31eb9f925,6.875,17.0,3.191,272,16
askdocs_1uv64ph,7d0a35117d827c02,5.908,13.182,7.097,145,11
askdocs_1uv66qx,2615407ba7e7ed34,8.013,19.667,7.692,531,27
askdocs_1uv67ov,8722389191a10b3d,3.861,12.143,6.977,85,7
askdocs_1uv6824,007895cdc0f076df,6.489,14.667,4.444,44,3
askdocs_1uv6b3z,be0992532c976e8f,8.68,21.264,9.819,1531,72
askdocs_1uv6cph,4ec18109bb2cac01,7.265,20.571,10.738,144,7
askdocs_1uv6czm,43cffc88c732d2ff,4.252,14.25,13.793,57,4
askdocs_1uv6dtc,01f89cf27cae60e3,3.007,9.25,12.5,74,8
askdocs_1uv6fft,0ca0ac6e56f5919b,59.948,154.0,7.097,154,1
askdocs_1uv6hce,8fc85abd8750d9a3,6.807,7.0,4.762,21,3
askdocs_1uv6kep,ef01f6524218f703,9.777,6.167,22.5,37,6
askdocs_1uv6kij,6caa976952a2acc2,11.715,16.179,12.236,453,28
askdocs_1uv6mjt,f3c5a79b79203642,32.414,85.0,14.118,85,1
askdocs_1uv6npn,435339a22b0893bc,8.442,19.417,9.877,233,12
askdocs_1uv6sz2,8a881149acdf12a0,6.6,15.379,8.279,446,29
askdocs_1uv6vn1,1d1db530ec7e7880,7.508,19.2,13.542,96,5
askdocs_1uv758r,08e5ebf05956f6c9,94.974,239.0,9.11,478,2
askdocs_1uv77h8,5871a72967fb4523,14.278,16.75,20.438,134,8
askdocs_1uv7amp,71d02046938793d5,7.005,17.0,9.091,170,10
askdocs_1uv7apl,c253c3f77c0d1952,7.041,11.6,11.864,58,5
askdocs_1uv7b0l,ce54434f7807b0f5,9.272,17.5,14.045,350,20
askdocs_1uv7bug,3f3453243e581dff,7.38,15.25,16.667,61,4
askdocs_1uv7g18,43aa573b7fb151e0,8.938,19.0,4.902,304,16
askdocs_1uv7hz0,2e064de6bca9a8fd,9.298,11.077,16.327,288,26
askdocs_1uv7ldu,d43f6c0f168e60f0,6.262,11.864,1.901,261,22
askdocs_1uv7mrs,8f55e6ca50b996f6,3.182,11.0,4.167,22,2
askdocs_1uv7q9o,16addedc588981cb,9.023,17.947,9.827,341,19
askdocs_1uv7tzq,c8c404e9cb2699f3,8.471,15.583,5.641,187,12
askdocs_1uv7uk5,ef3fd892018e8b8b,4.917,13.875,10.619,111,8
askdocs_1uv7y7l,afbdafb964c153af,10.844,14.381,16.129,302,21
askdocs_1uv7zfw,f0fb06f7c4634a2c,10.245,25.167,15.287,151,6
askdocs_1uv8bu7,088b68cfd468fd5c,2.503,8.571,1.613,60,7
askdocs_1uv8h0x,8e9a780c6ae14d91,7.57,14.0,11.905,42,3
askdocs_1uv8kys,07391f40ce52bb8b,45.93,118.0,10.204,236,2
askdocs_1uv8l7o,ccb1bebbfc559931,19.777,43.2,12.329,216,5
askdocs_1uv8ocq,d1890937224e98fc,8.458,21.6,3.67,108,5
askdocs_1uv8qp2,d5918d78118568e9,7.532,16.5,2.913,99,6
askdocs_1uv8rdh,5c651be0965b5fb3,11.831,14.0,12.891,252,18
askdocs_1uv8rp6,e0c45a6544606ec5,4.392,13.0,6.186,91,7
askdocs_1uv8sl0,7d56f35a44f47b3c,7.367,12.846,20.455,167,13
askdocs_1uv8stg,f2d9d7f129aeee04,7.382,18.714,9.42,262,14
askdocs_1uv8tpo,28932fbbb1064b29,11.702,18.0,13.655,234,13
askdocs_1uv8ypz,ae59ef5479694aa6,7.911,19.074,12.5,515,27
askdocs_1uv90rg,f634ca4b0295c234,9.111,21.167,6.299,127,6
askdocs_1uv930y,cd10664a39692c6c,6.302,14.714,10.577,103,7
askdocs_1uv94jl,133b4805e2f8b93f,4.631,9.533,6.122,143,15
askdocs_1uv952w,e1bd1637e7cab8b6,11.342,26.0,17.293,130,5
askdocs_1uv95kw,62ecabc645bb9f95,4.804,10.4,11.818,104,10
askdocs_1uv9eyx,5ddf040f78ed93e8,8.424,23.636,6.985,260,11
askdocs_1uv9h1d,2f94d258bf498ebd,8.915,20.25,10.714,81,4
askdocs_1uv9iir,0b115ff4d485c4f5,3.091,8.714,16.26,122,14
askdocs_1uv9n0f,1c4de32dbb7c5c81,7.893,17.722,11.692,319,18
askdocs_1uv9n66,724f37ab5132ddf4,23.739,56.0,13.559,56,1
askdocs_1uv9teo,352d2334e1fdf412,10.517,19.19,5.61,403,21
askdocs_1uv9uxo,795e30390b945b18,6.852,11.5,25.0,23,2
askdocs_1uv9zui,1b4e412b0b8ead43,5.711,16.333,15.534,98,6
askdocs_1uva42g,d548cab7f082b342,4.191,10.636,12.903,117,11
askdocs_1uva5l4,78e03a08cc87c9ad,3.0,8.333,1.852,50,6
askdocs_1uva7b0,3cbd3ea4a0418b45,8.547,18.667,13.687,448,24
askdocs_1uvaenx,9e107716e18ea5fd,15.727,37.25,3.774,149,4
askdocs_1uvajcu,3e515ee66544a8b0,7.482,16.256,6.849,634,39
askdocs_1uvaqvj,6bbcb1ed6bb80d1b,10.702,14.611,13.919,263,18
askdocs_1uvarkb,d92c29a8fa1d6258,10.053,12.875,15.455,515,40
askdocs_1uvarv1,8c0d45f19f96d4cc,5.805,12.5,11.905,125,10
askdocs_1uvatzt,4fdd9db12935ba4c,6.767,10.5,11.111,42,4
askdocs_1uvawei,28445e71f3ba280c,8.497,15.6,17.722,78,5
askdocs_1uvazb7,343bf015a23c77f7,4.312,6.25,8.0,25,4
askdocs_1uvb4tj,b529194e8f411283,9.23,17.2,9.783,86,5
askdocs_1uvba39,67337a5acfcbedc9,12.179,29.286,10.28,205,7
askdocs_1uvbar8,e7a08c0e5abf9992,10.854,22.25,12.432,178,8
askdocs_1uvbb47,353a26c9f360e522,7.074,12.387,11.266,929,75
askdocs_1uvbe0a,ec497994e0c37878,10.142,16.333,12.5,490,30
askdocs_1uvbf8l,75c21e43daf85d66,7.262,15.474,7.667,588,38
askdocs_1uvbh9l,e8b2841e64448cc3,13.363,27.643,10.75,387,14
askdocs_1uvbiut,b93fcfe68d28c2a3,7.76,19.0,6.897,57,3
askdocs_1uvbkar,cafda89e1cfd81d5,5.153,12.889,10.656,232,18
askdocs_1uvbm6k,627c05308506b0c9,11.181,22.667,7.692,204,9
askdocs_1uvbmot,61a2da39aa6a0481,10.09,21.267,9.668,319,15
askdocs_1uvbo3w,3d8a3ff7f9556663,5.487,13.4,14.706,67,5
askdocs_1uvbpux,05f7da99645f3a94,11.344,28.0,7.143,84,3
askdocs_1uvbq8o,e3c8f48e6a35491b,5.397,15.333,7.609,92,6
askdocs_1uvbqb0,0ac925d606bc53ce,10.054,25.889,8.678,233,9
askdocs_1uvbqqy,37b4d35868fffff4,9.251,11.25,10.87,45,4
askdocs_1uvc2ix,9eb46be0408a8e6f,23.773,55.75,11.161,223,4
askdocs_1uvc6a4,e0001a09fcb9c047,6.559,14.867,10.169,223,15
askdocs_1uvccua,1999f30b04253164,9.927,15.0,21.875,30,2
askdocs_1uvccvx,5ebb6b73c2db6304,8.74,18.5,5.932,111,6
askdocs_1uvces0,d031bb5fc4205eb1,8.761,21.75,6.186,87,4
askdocs_1uvcf6v,ec31430469090b8c,9.231,15.718,9.061,613,39
askdocs_1uvcj3h,b541e021142eb499,8.905,13.5,23.81,81,6
askdocs_1uvck7h,ae62f50de7e2da6f,6.639,19.5,10.656,117,6
askdocs_1uvckfu,47b92c84d4331d76,9.283,24.222,6.009,218,9
askdocs_1uvclhh,86d391a78ef90fce,6.668,15.0,11.009,210,14
askdocs_1uvclus,e7a6eac3ebbad182,11.085,24.625,15.196,197,8
askdocs_1uvcpyp,99f0b222fc3a5efd,8.879,13.667,23.81,82,6
askdocs_1uvcylh,c74f8045a4db4c9a,7.819,19.333,15.517,58,3
askdocs_1uvd07c,722844fd586489a6,5.48,11.667,17.143,35,3
askdocs_1uvd0wk,27355cc85642971e,4.792,11.182,12.0,123,11
askdocs_1uvd2or,f6444b6503eb98c8,9.509,18.588,13.777,632,34
askdocs_1uvd555,924c48d4cfe026c7,3.706,10.875,4.598,87,8
askdocs_1uvd6d6,b8f751dc70b83561,5.173,19.0,18.421,76,4
askdocs_1uvd9no,570345d7b0477a5c,10.405,25.0,8.917,300,12
askdocs_1uvdbj5,7175b27bf28ce91f,11.793,24.786,9.348,347,14
askdocs_1uvddv4,2a0c251abf801c11,6.44,18.667,7.143,56,3
askdocs_1uvdf3y,8a01587b7f9607f6,6.946,15.733,7.438,236,15
askdocs_1uvdfbz,f6a8a41261998519,5.964,17.0,5.714,34,2
askdocs_1uvdj02,a4a6943e0369ab99,9.798,24.0,7.5,120,5
askdocs_1uvdj9z,8fa24cf3f36996eb,5.746,14.625,16.807,117,8
askdocs_1uvdm92,4788d37ebe86074e,8.386,14.333,17.045,86,6
askdocs_1uvdsv7,600be4e3a9bd77b6,4.121,10.2,9.434,51,5
askdocs_1uvdvsc,4353794d60556477,11.733,15.429,16.514,108,7
askdocs_1uve29c,186fe4fb538dbc01,15.535,38.444,12.392,346,9
askdocs_1uve4vh,8370f98c887f34e9,5.723,10.857,10.39,76,7
askdocs_1uve8oa,eade8b26292e46a6,6.678,9.5,10.0,171,18
askdocs_1uve98u,8b797a0f6061fa83,8.459,19.188,7.692,614,32
askdocs_1uve9ob,7673f6dbc3105391,7.542,17.273,9.326,190,11
askdocs_1uvea7p,fd94a820df961f4e,7.79,19.4,8.824,97,5
askdocs_1uvecf9,22eb6d9be83c8978,9.186,17.0,9.167,119,7
askdocs_1uvehd4,c34006c3b5cdca12,4.922,17.0,5.882,34,2
askdocs_1uvep8g,b880d01f1b128be5,6.314,12.818,12.752,141,11
askdocs_1uvesc6,b5ba6a9f71f22d66,33.868,86.667,11.111,260,3
askdocs_1uvev81,85c478768941f091,7.365,17.308,12.664,225,13
askdocs_1uvevz6,9b9aaef7383a5a7a,5.751,9.0,4.348,45,5
askdocs_1uvexcq,e570a25e1a5f45ee,11.169,17.0,13.468,289,17
askdocs_1uveyaf,3d732075814811a8,8.605,13.585,17.052,557,41
askdocs_1uveyoh,b702b6ac4971ee27,3.65,10.0,9.615,50,5
askdocs_1uvf3sj,8a3c1599c85b841c,4.673,11.111,12.5,100,9
askdocs_1uvf5zv,8e75c61477819c72,25.088,61.5,3.226,123,2
askdocs_1uvf6z7,19707437645ad7dc,8.626,18.8,9.574,188,10
askdocs_1uvf7xn,ba222400544aa7be,7.155,14.5,20.225,87,6
askdocs_1uvf81i,141546c250a7279f,8.041,20.25,11.523,243,12
askdocs_1uvf8vv,dedc94d28cc30002,5.697,11.5,5.376,92,8
askdocs_1uvf9l9,70bce341e0384d4d,10.549,25.75,8.182,206,8
askdocs_1uvfg8v,9cb4dfc604c9a43d,7.155,14.5,20.225,87,6
askdocs_1uvfij1,d1bf077619f4d321,4.779,14.833,9.574,89,6
askdocs_1uvfjt5,8c82e43a4e78861a,8.818,20.25,9.312,243,12
askdocs_1uvflu2,58031917e012fe91,6.232,14.778,12.177,266,18
askdocs_1uvfmtq,fb918fa8c3cfb216,6.626,16.333,10.078,245,15
askdocs_1uvfq66,e189bccab5349149,5.567,10.0,14.286,80,8
askdocs_1uvftes,96e0451176c83e6d,7.804,21.438,6.414,343,16
askdocs_1uvfuvz,12f0c9999ef19e80,9.399,19.833,10.165,357,18
askdocs_1uvfw3u,c99b1932f26cfe0d,8.569,20.6,11.408,412,20
askdocs_1uvfygg,2764f176a4fc91b6,4.651,13.0,15.385,91,7
askdocs_1uvg16m,6b40d86d45ceba11,10.716,23.3,11.523,233,10
askdocs_1uvg2rq,976fed7b98750a67,7.999,14.538,10.309,189,13
askdocs_1uvg4nu,4b49e75e44f58a70,10.729,20.857,20.805,146,7
askdocs_1uvg6g4,252c439398ac8be0,7.973,12.52,12.103,626,50
askdocs_1uvgb5q,c10d1c2498307e1b,12.772,22.125,14.433,177,8
askdocs_1uvget9,73e795cb60a35254,13.846,31.846,10.588,414,13
askdocs_1uvgg1c,1a92a5c0ff0de810,15.68,42.0,6.667,42,1
askdocs_1uvgi1w,2463f56dfa5ce71e,8.784,17.767,13.43,533,30
askdocs_1uvgibw,936e7a3074b1d06b,10.939,27.2,12.0,272,10
askdocs_1uvgjgr,a93cd7966fd973da,20.438,53.571,7.692,375,7
askdocs_1uvgkmo,7832635fc499a1e1,6.272,14.529,8.765,247,17
askdocs_1uvgsbz,5915c199e458de94,0.305,10.5,0.0,21,2
askdocs_1uvgsya,eadc5190ae050600,8.3,20.833,12.687,125,6
askdocs_1uvguv3,d5e1dfea6f1da38e,10.061,22.412,7.417,381,17
askdocs_1uvh1wj,ab64e87324e45d07,11.272,22.071,8.228,309,14
askdocs_1uvh1zl,736f3650b1bd474a,8.419,15.0,11.29,180,12
askdocs_1uvh2x3,4b046163b9a43742,9.347,19.667,6.383,177,9
askdocs_1uvh5lr,d7be3a4b75b8aa2c,6.661,14.4,15.972,144,10
askdocs_1uvh69n,05de214216b85553,3.66,7.0,25.0,35,5
askdocs_1uvh9r4,f6296657e7225590,6.015,13.4,10.949,134,10
askdocs_1uvhiys,d3d193ad4c27e7dd,11.186,13.214,17.01,185,14
askdocs_1uvhkti,43b0598bc47a1985,9.073,26.0,3.704,26,1
askdocs_1uvhlyz,a88a0927951d7fb4,10.754,27.889,9.804,251,9
askdocs_1uvhvwy,aee1271a94eb625f,7.728,12.833,4.516,154,12
askdocs_1uvhweo,ec5b26039f39109a,13.829,37.0,8.642,74,2
askdocs_1uvi0rj,dd761fb122738c64,3.163,9.8,7.843,49,5
askdocs_1uvi24g,c35fb9b0927d58ea,8.187,13.182,9.74,145,11
askdocs_1uvi4w4,53f029cd2884fdfe,7.49,16.0,15.625,96,6
askdocs_1uvi7w8,7241792044af9de2,4.857,13.571,3.922,95,7
askdocs_1uvi8nb,5c870e132fe15bd8,8.195,14.1,7.368,282,20
askdocs_1uvi8tk,fd584ef27600d0e3,4.483,12.182,15.672,134,11
askdocs_1uviab9,c131a65dc5df8ad3,8.397,14.19,13.565,298,21
askdocs_1uvib5m,7ec4e7528530d8f5,7.19,10.0,17.5,40,4
askdocs_1uvib6q,2204e2f383105c5d,10.266,21.5,10.0,129,6
askdocs_1uvicgf,6b32e2543f157799,5.231,11.579,7.658,220,19
askdocs_1uvij5m,78c645c79eb727d2,8.623,19.857,7.56,278,14
askdocs_1uvil23,fad5c8839e14ce9f,4.373,14.167,11.364,85,6
askdocs_1uvil2h,afec4f1656a47c38,10.482,15.0,7.576,255,17
askdocs_1uvim4x,1c79905341256013,6.405,14.038,8.943,365,26
askdocs_1uviqqx,a0997d715983c00e,9.39,22.5,7.111,225,10
askdocs_1uvixe2,8c1cde83de2f4804,8.09,15.111,8.029,136,9
askdocs_1uvixzp,791f222a90cefb83,5.352,14.6,4.911,219,15
askdocs_1uviycm,b235842a72f50dbb,8.764,23.5,12.0,94,4
askdocs_1uvizwt,a5d44e321adcfc15,5.005,13.75,5.333,220,16
askdocs_1uvj10x,1c2d0c449bef2119,15.918,27.0,32.099,81,3
askdocs_1uvj19b,33659bb47da813be,4.974,15.4,8.861,77,5
askdocs_1uvj24j,a733eebf26f7b3a4,12.132,16.333,17.049,294,18
askdocs_1uvj3l7,6932ee19b7812857,6.329,22.333,10.294,67,3
askdocs_1uvj48v,5967817bd7bcc503,8.671,15.913,6.186,366,23
askdocs_1uvj56r,c994c98e211c64a7,8.674,12.333,11.659,222,18
askdocs_1uvjbor,e0ae11ce25b4a02b,6.647,13.25,20.988,159,12
askdocs_1uvjc71,b10cd6f44eb29352,5.352,12.294,9.39,209,17
askdocs_1uvjde4,52637ecb2dab25b5,8.172,10.5,22.727,21,2
askdocs_1uvjdzv,9bc07e23fcb79d46,9.237,28.0,7.143,28,1
askdocs_1uvjf4z,6c2bda7f4cbc4af9,6.917,14.517,12.706,421,29
askdocs_1uvjfh2,1b5b53af1c5abbb9,11.586,26.833,8.537,161,6
askdocs_1uvji87,0e7344e9252221fd,9.737,24.6,7.031,123,5
askdocs_1uvjjxx,0b47355dcfe38b15,18.055,47.0,3.0,94,2
askdocs_1uvjliu,267c718400cfd386,5.325,13.857,9.794,194,14
askdocs_1uvjlrs,c209d3c12e5254ef,10.44,18.333,0.0,55,3
askdocs_1uvjonu,7201ad4f9a877a68,4.62,14.0,6.897,28,2
askdocs_1uvjsmn,678b9e74bfc1b971,10.503,26.1,6.985,261,10
askdocs_1uvjy9l,0362d8918bf91f93,5.018,12.429,7.675,435,35
askdocs_1uvjz09,6b1cc42e27027cda,5.804,12.375,15.049,198,16
askdocs_1uvk0i9,f891c31f1e5e8000,8.241,17.455,10.396,192,11
askdocs_1uvk1qh,7710bfa8ee0c959b,6.181,15.111,5.072,136,9
askdocs_1uvk8sl,6637c3ea2956de8f,5.815,16.25,4.478,65,4
askdocs_1uvkaxi,0e1237af80950f1e,13.376,24.143,22.353,169,7
askdocs_1uvkeh9,84f9bbd8b7ebca08,5.653,12.667,8.974,76,6
askdocs_1uvkg2x,a87b026848620bf1,8.48,13.824,13.559,235,17
askdocs_1uvkjm3,372be148450c630a,4.657,11.0,15.385,88,8
askdocs_1uvkp0n,702cf21d3f35019f,137.025,344.0,14.08,344,1
askdocs_1uvkpik,e6b7d8cf5172b023,11.022,25.667,18.487,231,9
askdocs_1uvkq3r,fcf8082c727b8898,4.747,11.611,15.962,209,18
askdocs_1uvkq4a,062f0e5178337507,3.256,11.619,5.328,244,21
askdocs_1uvkseo,cc99e4322767a770,6.721,18.667,4.571,168,9
askdocs_1uvkugs,1c9d2a343a951047,8.405,18.037,12.008,487,27
askdocs_1uvkwqu,9ddd79cd1d970620,7.989,17.857,8.527,125,7
askdocs_1uvl27a,d8da3e9a3bc74124,8.267,16.118,7.168,274,17
askdocs_1uvl3v1,07edefc0e61c0c07,20.547,51.667,3.165,155,3
askdocs_1uvl8ud,4de12c8eea13a926,6.045,13.9,3.597,139,10
askdocs_1uvl9yo,5f24f68beddb77e6,11.329,27.053,9.756,514,19
askdocs_1uvlbop,e70699bd035cb102,12.854,26.571,12.183,186,7
askdocs_1uvlbv9,2923a05dfc6d2cd7,6.023,15.222,10.87,137,9
askdocs_1uvle91,4281928538b6c7bd,2.432,10.833,4.615,65,6
askdocs_1uvlgkn,3255112b981304fb,9.158,21.611,7.805,389,18
askdocs_1uvli4z,cb86399c49c32a99,6.283,9.571,10.145,67,7
askdocs_1uvlkft,f2afb9e0b3dde4bb,10.334,19.316,10.818,367,19
askdocs_1uvln8k,62c48a6adc2cd894,7.084,18.167,3.67,109,6
askdocs_1uvlqb6,71601af009b25fac,19.732,51.5,10.185,103,2
askdocs_1uvlqky,43446b04d4f9c3a4,6.304,18.8,4.04,94,5
askdocs_1uvls1j,3707126a41ee46e8,11.199,23.833,8.219,143,6
askdocs_1uvls3t,467568498e6a3228,2.824,11.0,4.545,66,6
askdocs_1uvls9i,58d2dae6aacb4230,6.675,15.348,8.757,353,23
askdocs_1uvltc0,4ca8fe5767911aa0,6.446,14.0,11.494,84,6
askdocs_1uvlttp,505e133af6da41f5,6.114,15.071,10.329,422,28
askdocs_1uvlu3b,50d6a1d093ed0ebb,11.031,20.0,11.33,200,10
askdocs_1uvlxeg,caf476b5e9a4c196,5.663,14.5,13.333,87,6
askdocs_1uvlyit,d700738661751d40,6.342,12.571,12.632,88,7
askdocs_1uvlzej,dc0058f8746a9bbc,7.662,16.625,11.94,133,8
askdocs_1uvlzpd,db138eb679fd0e09,3.549,13.0,11.111,26,2
askdocs_1uvm1zj,1fb1ae28d2eb086b,7.425,18.818,3.365,207,11
askdocs_1uvm44u,5dfc3880083b7834,8.23,14.455,11.455,318,22
askdocs_1uvm5la,616f27d610edf8a5,10.24,21.85,12.108,437,20
askdocs_1uvm63b,c34387e1aa0d5cd1,9.091,20.458,9.146,491,24
askdocs_1uvm73x,c329387cdb3ef881,4.545,10.308,15.328,134,13
askdocs_1uvm7tc,a7d5bc9529323d13,8.96,18.167,10.264,327,18
askdocs_1uvm984,82408c130ac9f08e,5.323,7.75,18.75,31,4
askdocs_1uvm9xh,e1025982cf513a2e,7.143,19.5,9.756,39,2
askdocs_1uvma15,c45443d438072639,10.412,23.4,12.5,351,15
askdocs_1uvmac0,1e101d12ddf13068,6.001,13.667,4.878,82,6
askdocs_1uvmdwy,606af876bc86afd2,9.081,22.0,9.091,44,2
askdocs_1uvmf53,dd0d67c68c34acc1,8.36,19.783,8.497,455,23
askdocs_1uvmi9v,22e4a12d59885080,11.748,23.25,11.702,93,4
askdocs_1uvmie9,5fa67cea4bd1285c,6.741,16.0,8.021,176,11
askdocs_1uvmk9g,667a3cabd34b8c3e,10.993,28.0,15.205,168,6
askdocs_1uvmkta,0c3bb59b0a632a05,13.702,20.182,13.274,222,11
askdocs_1uvmmke,a4df7f38ede25b85,9.259,15.5,13.291,155,10
askdocs_1uvmo3r,8285605e0d409758,5.568,13.143,11.301,276,21
askdocs_1uvmt0p,624b233fb3c752a1,14.382,33.5,7.143,67,2
askdocs_1uvmtz6,d4428347507c57b9,11.535,31.0,19.355,62,2
askdocs_1uvmu3d,dc3928bf8a9db530,8.494,19.136,10.956,421,22
askdocs_1uvmvv2,79fdf72159da2e44,7.524,8.0,8.861,144,18
askdocs_1uvmyfw,b8082f35469021be,8.403,17.154,8.889,446,26
askdocs_1uvn059,5eb0581afc36bc4d,5.411,14.5,9.179,203,14
askdocs_1uvn1ie,6724d874df90df8c,10.287,20.875,10.714,167,8
askdocs_1uvn267,ef5d7169bd1e0e6a,4.737,8.8,4.444,44,5
askdocs_1uvn4bi,865accfc05386d90,7.653,14.444,13.682,390,27
askdocs_1uvn4x4,bf88f6fb4e76272a,6.683,13.95,7.5,279,20
askdocs_1uvn5xd,ac17ffed9d16f27f,2.703,12.667,7.692,38,3
askdocs_1uvn6k2,4ff0da4d4d6ce224,3.554,8.125,19.118,65,8
askdocs_1uvn8ro,7fb74d431d5b3bcf,9.205,21.5,10.138,215,10
askdocs_1uvnavz,6cbffc24cf02c6ea,7.803,20.5,12.048,82,4
askdocs_1uvnf6y,71a77a5ac6536e7e,10.774,15.474,13.836,588,38
askdocs_1uvnfgx,14f91f3a932f74b3,3.559,9.267,15.714,139,15
askdocs_1uvnror,0f304e00d6f7169e,5.643,11.529,13.065,196,17
askdocs_1uvnw6g,a13e99a1ceb36fc2,7.498,16.75,11.429,201,12
askdocs_1uvnwl1,ea7a3ff9e41bea99,10.007,21.846,8.421,284,13
askdocs_1uvnxau,96740dd3ec7860d4,7.444,15.053,10.239,286,19
askdocs_1uvnxgb,3016d1baf535d86b,5.934,15.091,9.302,166,11
askdocs_1uvnxu0,2b747546be339bb0,6.385,13.9,8.134,417,30
askdocs_1uvnygp,b4620d6a50cf41bf,5.472,14.812,9.544,237,16
askdocs_1uvnzrg,25828f40899df0f4,5.674,13.846,9.89,180,13
askdocs_1uvo036,1582441b389d67d7,3.303,11.75,12.5,47,4
askdocs_1uvo6dh,8192ed1af9af6ccc,1.633,9.4,10.204,47,5
askdocs_1uvo80o,68c055aa7ce5634c,10.614,21.333,7.729,192,9
askdocs_1uvo9gv,ad81d26c7c89f11f,8.597,17.9,7.778,179,10
askdocs_1uvoa99,d94f3f697fca580d,10.098,22.5,11.111,90,4
askdocs_1uvoc7m,68829d4b3c69a9cd,10.396,23.5,6.0,47,2
askdocs_1uvocyo,19b656138fda651b,5.032,12.667,6.25,76,6
askdocs_1uvodrq,65fdd5f64db623b9,8.386,16.889,5.882,152,9
askdocs_1uvoe2a,53e8f86805632cc3,8.043,15.6,7.692,78,5
askdocs_1uvohkl,f26455bd62019976,7.174,16.5,17.822,99,6
askdocs_1uvoixk,6ccd4c6f7b62dd7d,6.184,14.421,11.191,274,19
askdocs_1uvokj4,90d2f1033d8c7426,7.92,16.889,5.195,152,9
askdocs_1uvokl0,f448950de26e442a,9.068,21.0,11.511,273,13
askdocs_1uvonvx,0ea33b8c41cce11d,6.163,14.75,5.085,59,4
askdocs_1uvoo18,a2a0831393a97928,44.807,116.0,9.016,116,1
askdocs_1uvop7d,17cc0a85df6322db,4.533,12.59,6.897,491,39
askdocs_1uvoqrl,cc88e7132cb73f79,9.345,19.41,12.37,757,39
askdocs_1uvoulf,68880dd2927cb690,6.843,19.273,8.451,212,11
askdocs_1uvouys,42f46b7b620a24d6,11.248,21.167,15.789,127,6
askdocs_1uvox1n,1d4e9e66f10292f7,9.32,20.0,6.452,60,3
askdocs_1uvp0k7,51865e2eca4b91ed,4.529,10.125,11.905,81,8
askdocs_1uvp0ru,75efc8dd8152d624,5.41,14.8,5.921,148,10
askdocs_1uvp68l,e1c537bb111e39c1,14.64,37.6,12.06,188,5
askdocs_1uvpahp,59bf54d7f5223467,10.991,28.444,10.0,256,9
askdocs_1uvpdeu,fa9b70ca0e70c698,10.875,15.75,11.194,126,8
askdocs_1uvpezn,f827c769474281a0,9.858,19.389,13.649,349,18
askdocs_1uvpiz4,bbbaa60eb8a165b5,12.411,31.0,12.179,155,5
askdocs_1uvpjud,4ffadd03ec31a212,5.835,15.667,7.447,94,6
askdocs_1uvpjx5,9009ee379eb2ce8a,4.055,11.2,13.158,112,10
askdocs_1uvpo49,cc1d858e5687187e,8.68,18.818,11.111,207,11
askdocs_1uvpp6z,aaa65210dfecaf55,7.755,18.881,6.634,793,42
askdocs_1uvptm3,d6090bfc4db22124,7.1,16.267,12.5,244,15
askdocs_1uvpu9b,ccf4dcf083b8bcbb,7.32,15.333,6.25,92,6
askdocs_1uvpvdn,ea2de327c8c125b1,4.88,9.524,7.075,200,21
askdocs_1uvpxtj,932f4d09a4e7fb73,10.568,24.429,9.714,342,14
askdocs_1uvq4zs,fb717324708b157e,7.426,14.222,9.266,256,18
askdocs_1uvq5by,0dd4fd87ce324113,9.743,21.667,6.061,65,3
askdocs_1uvq7dr,6444c21ddda2c773,10.352,22.769,13.087,296,13
askdocs_1uvqapu,8e7031ade99defba,9.659,21.417,9.302,257,12
askdocs_1uvqd52,59ecc579acf43bb1,5.271,16.25,14.925,65,4
askdocs_1uvqdab,778db9f16ffcb589,6.664,16.0,6.957,112,7
askdocs_1uvqea6,f83bc34319efa58d,9.842,23.231,11.438,302,13
askdocs_1uvqh6b,3fc87c8048e9a532,9.873,19.353,8.175,658,34
askdocs_1uvqioy,6e9383d39655d25f,6.244,14.889,13.043,134,9
askdocs_1uvqldh,6fb6a8e945381b67,6.179,10.0,10.0,70,7
askdocs_1uvqpr7,df0be18b06b92e22,3.68,8.6,6.977,43,5
askdocs_1uvqqf4,6fc16dda7eb79458,5.403,9.571,11.429,67,7
askdocs_1uvqrwp,a7688f1131a54b25,11.66,28.0,7.627,224,8
askdocs_1uvqsun,f561fa354c2d7052,3.998,10.118,11.561,172,17
askdocs_1uvqwue,7f806d8969a92870,9.398,16.143,14.783,113,7
askdocs_1uvqx3n,0006489092b53aca,9.515,11.364,12.23,125,11
askdocs_1uvr24z,24d2c53adc2f84a5,6.742,14.385,14.286,187,13
askdocs_1uvr2q9,d73cb5ab5059003a,23.964,63.0,3.175,63,1
askdocs_1uvr4uc,6b78b59086a70858,5.914,8.125,24.242,65,8
askdocs_1uvr56q,d9ba65eb42674e13,14.301,31.5,7.937,63,2
askdocs_1uvr7gp,bd993a164302c286,11.515,29.5,7.576,59,2
askdocs_1uvr8fi,8a49f4b3b2914951,5.878,9.939,13.293,328,33
askdocs_1uvr9vc,38481c7e1e9be529,8.072,20.727,11.739,228,11
askdocs_1uvrcot,067895936142a44d,11.763,27.333,17.073,82,3
askdocs_1uvrfvd,0ff3718043ef4bbc,12.009,32.0,11.765,32,1
askdocs_1uvri2s,014cd3eb1b3258b6,3.396,12.25,3.738,98,8
askdocs_1uvrj5n,4501cde1a1d5bddb,6.302,17.222,5.144,465,27
askdocs_1uvrmyw,1608c5f396dd20df,6.124,13.8,12.95,138,10
askdocs_1uvrq8l,d1b2b7363ebea084,9.673,20.5,9.655,287,14
askdocs_1uvrrg2,f26ebb3892cd8043,7.608,18.182,12.56,200,11
askdocs_1uvrsn9,b79a796daf04a906,8.897,21.75,6.897,174,8
askdocs_1uvrswe,e612b5a158d5bfdc,4.836,12.188,13.5,195,16
askdocs_1uvruis,b6aabf75101ac819,8.036,12.333,2.703,37,3
askdocs_1uvrxde,8aa464bea3d283be,7.562,14.5,13.333,29,2
askdocs_1uvryj1,f2fad27cb1ab0396,4.147,11.0,8.929,55,5
askdocs_1uvs5h2,a153156e3cbbef0f,3.464,10.167,17.742,61,6
askdocs_1uvs5hh,cc99dcacbaf6826b,7.263,15.571,10.0,109,7
askdocs_1uvs8ra,f2b77786083e7fe4,7.92,21.4,6.452,214,10
askdocs_1uvs9bs,ccf4c6eba690408a,4.551,11.136,11.336,245,22
askdocs_1uvsa52,668b4862af2fee79,5.946,13.7,14.286,137,10
askdocs_1uvsalc,72b7f472a4ef612e,3.343,8.5,3.306,102,12
askdocs_1uvsana,3aa09124948525c7,12.844,11.75,17.021,47,4
askdocs_1uvsb5n,df76751674ab53ba,29.535,74.0,11.392,74,1
askdocs_1uvsc5g,d437171d09eb8707,5.574,7.2,19.444,36,5
askdocs_1uvsggz,c6a87c1e928cd263,6.344,13.053,11.2,248,19
askdocs_1uvsjkf,1a7746fb9e934d6a,11.876,18.5,9.211,148,8
askdocs_1uvsl3t,7a3003e4d84fce0e,7.791,18.875,9.032,151,8
askdocs_1uvsm3v,1362986317961ada,8.348,13.833,14.237,581,42
askdocs_1uvsmhd,6f447f9cec2cc12d,1.252,7.667,3.704,23,3
askdocs_1uvsmia,b8e547c969037939,6.17,15.667,9.722,141,9
askdocs_1uvspcm,2d379a0f2f2d8f59,5.459,9.286,8.696,65,7
askdocs_1uvsqrv,57ac7ed5fdbf34ee,8.61,17.667,10.599,212,12
askdocs_1uvsqtm,4053a60f0bb901a0,9.775,16.032,16.865,497,31
askdocs_1uvst9c,83d4d1ce42b0ae48,6.875,16.0,8.163,48,3
askdocs_1uvstx6,9631f0f21b687c13,8.349,15.2,18.868,152,10
askdocs_1uvstyz,3942d59b71db0028,8.329,19.556,9.189,352,18
askdocs_1uvsv9m,2b0a575153790004,6.033,17.182,8.718,189,11
askdocs_1uvsx9e,25bbb1c4459e82fc,6.744,14.429,6.481,101,7
askdocs_1uvsypq,42c4383785bb492c,9.884,13.071,16.216,183,14
askdocs_1uvsz7i,2c270481e222c49b,9.476,22.4,5.128,112,5
askdocs_1uvt09t,bbf27f958f1d565f,8.878,20.2,8.911,101,5
askdocs_1uvt0gl,95278d7a0cd56b91,9.014,19.111,9.249,172,9
askdocs_1uvt1x7,471070a822e4a552,7.555,11.1,20.796,222,20
askdocs_1uvt883,adf06f390dd60119,7.57,14.0,8.108,70,5
askdocs_1uvt96v,82fcf62b449bfff2,8.739,21.167,8.88,254,12
askdocs_1uvt9mn,b48b9db8b6f8f092,8.379,20.875,10.92,167,8
askdocs_1uvta94,44318f3d3eecde25,7.114,14.146,8.029,679,48
askdocs_1uvtfl7,7ba1550e45db1954,3.066,7.941,7.407,135,17
askdocs_1uvtgso,f3e4133e8aee774f,3.163,9.8,12.0,49,5
askdocs_1uvti8r,de47ee8ef787ff6a,8.735,19.294,7.101,328,17
askdocs_1uvtmq0,1ad5ffe2316cda6a,7.818,13.167,11.475,237,18
askdocs_1uvtohp,9170368a6d821525,12.871,34.0,7.386,170,5
askdocs_1uvtqaa,288b1f4985d88759,5.968,14.8,7.432,148,10
askdocs_1uvtrhb,3b137460e993c4c0,10.995,20.143,11.007,705,35
askdocs_1uvtsgg,4ec2a787b52f46ab,6.221,11.0,5.882,33,3
askdocs_1uvtxvo,ca4a06b7ba6f9d8f,9.063,19.083,15.086,229,12
askdocs_1uvtykd,5e17308ebe0adbfd,9.091,17.167,10.9,206,12
askdocs_1uvu5sy,df00a75e15ab6053,6.302,12.618,11.601,429,34
askdocs_1uvu5x0,d9d66bd4cbd74364,10.201,18.438,8.414,295,16
askdocs_1uvu5xx,d97700dc842977f4,8.022,19.333,10.294,522,27
askdocs_1uvu7ph,6c82149f76c38593,8.513,21.857,8.307,306,14
askdocs_1uvu7sp,a6a61248917080e7,6.827,18.5,7.759,222,12
askdocs_1uvuad6,c21ce08af22ece8e,6.75,19.75,8.537,79,4
askdocs_1uvuce4,ffe478f79d0bc621,8.022,20.0,14.0,100,5
askdocs_1uvuch9,8460413b0ef6efac,23.525,52.0,26.549,104,2
askdocs_1uvue7e,89bc3c7311843569,5.773,11.474,13.362,218,19
askdocs_1uvuems,f57392c936a739e9,9.751,25.909,10.105,285,11
askdocs_1uvuhoi,ce592d9520ee6bc8,5.342,12.667,3.704,76,6
askdocs_1uvunoi,e30d7584ebe788e8,12.736,20.133,13.592,302,15
askdocs_1uvuo4g,84d6fede6e31610b,6.072,16.333,7.071,98,6
askdocs_1uvupkl,4027f50cf3b9997b,6.153,12.273,7.353,135,11
askdocs_1uvupok,cc41e44917811d42,7.465,15.818,15.909,174,11
askdocs_1uvuqxd,6f7c0e18082ed9fc,7.294,19.5,4.819,78,4
askdocs_1uvur0b,9a9612b44dc01172,3.412,11.8,6.557,59,5
askdocs_1uvus3j,16ed0917684134e2,5.485,11.444,8.612,618,54
askdocs_1uvv0bv,d33f142d89d2b820,6.69,14.375,2.4,230,16
askdocs_1uvv3td,b33a7cddf3dd5b75,2.339,6.75,17.857,27,4
askdocs_1uvv836,6fbd90a9b27f7d43,4.493,10.0,13.889,70,7
askdocs_1uvvblc,0725ed2ef15dff47,10.29,24.111,11.111,217,9
askdocs_1uvvcjk,1c070c4433db8a0a,8.827,16.118,12.238,274,17
askdocs_1uvvcta,97487b483051937e,16.116,31.286,17.904,219,7
askdocs_1uvvdhk,59a9a3a7268432e8,4.292,14.0,6.202,126,9
askdocs_1uvvdxs,ac3f3fe5095ebd46,7.045,20.8,10.092,104,5
askdocs_1uvves1,00b67c71644f83b3,8.822,16.875,11.522,675,40
askdocs_1uvvhcx,aef57e05cfbc0d84,6.091,13.0,12.782,130,10
askdocs_1uvvk0c,464d30942a23ac22,6.92,13.769,10.582,179,13
askdocs_1uvvkre,c3c6ac55d6d4747d,22.369,54.0,9.467,324,6
askdocs_1uvvn90,54b3f1eca84a7917,11.888,26.5,7.477,106,4
askdocs_1uvvqd6,3af0300f422623ee,5.556,16.167,5.882,97,6
askdocs_1uvvqoz,ee1934433fb28d02,5.844,15.625,7.905,250,16
askdocs_1uvvr00,6ac35da81431cd2c,7.275,17.286,11.413,363,21
askdocs_1uvvs4d,1e43b0fb223f1adc,8.016,15.286,8.036,107,7
askdocs_1uvvtir,a8f69143e0e246e4,5.969,15.444,9.929,139,9
askdocs_1uvvuyi,d3d01aac1284d1ff,3.789,10.0,10.405,170,17
askdocs_1uvvwl6,d2bbf43af5250c46,5.714,11.444,11.009,103,9
askdocs_1uvvx8p,11b8882312172633,4.693,11.667,12.15,105,9
askdocs_1uvw0dg,fda5ece85fa31f52,10.472,24.267,9.686,364,15
askdocs_1uvw2yt,a3754bd5a3cd5500,13.719,23.375,9.326,187,8
askdocs_1uvw3sj,3b64a29fc563372b,6.96,14.912,12.476,507,34
askdocs_1uvw4be,a4ba1c59bed0be36,18.691,49.0,7.0,98,2
askdocs_1uvw4cr,22bf914813925eb6,8.06,16.846,10.222,219,13
askdocs_1uvw4hi,9c2400667dff8e9c,11.743,27.1,7.581,271,10
askdocs_1uvw5yu,76a32c787f9a2abd,7.773,12.0,19.608,48,4
askdocs_1uvwbp1,5810d46e2f2e13ba,7.55,15.8,9.677,237,15
askdocs_1uvwdv6,062fa593a488d051,12.043,25.667,7.792,308,12
askdocs_1uvwdxz,2cbd340fdf71c40f,5.712,11.353,15.736,193,17
askdocs_1uvwf7v,14532834e9ebc479,9.821,23.125,9.14,185,8
askdocs_1uvwfvf,9d4e9584fa28e1bb,8.865,16.1,9.816,161,10
askdocs_1uvwfzs,933001e81bff5700,6.867,13.333,7.5,80,6
askdocs_1uvwi2m,b52de1e481e90a2b,14.906,37.0,5.98,296,8
askdocs_1uvwjor,2de03048425a0e3f,5.167,10.0,6.944,70,7
askdocs_1uvwk69,a91f530ab749bac1,18.691,49.0,7.0,98,2
askdocs_1uvwkv2,d853462d71347cf4,6.753,14.6,9.589,146,10
askdocs_1uvwl9k,67fa36abbe63c026,7.258,13.2,10.072,132,10
askdocs_1uvwqcl,ed44d20d5a7cfb46,11.426,29.0,3.947,145,5
askdocs_1uvwre8,118c58801535fd08,9.025,20.0,12.195,80,4
askdocs_1uvwu9v,1a4b0f3b98dfc74b,4.546,12.5,10.39,75,6
askdocs_1uvwv9e,16be339302ddedc9,12.388,13.0,16.071,273,21
askdocs_1uvwx56,21e94b0bcf3ddaf1,4.155,12.364,6.429,136,11
askdocs_1uvwxn4,162fd7a3236be046,6.423,15.333,10.541,368,24
askdocs_1uvwyf6,5dbecd0a7b32fd1f,9.769,12.35,14.786,247,20
askdocs_1uvx0jj,d7917de3ffd667b3,7.104,9.375,8.861,75,8
askdocs_1uvx1mm,f055b17c994c60f3,6.748,18.75,12.102,150,8
askdocs_1uvx5yk,05cd87f76ff2cbc8,7.363,14.75,13.333,59,4
askdocs_1uvx60l,0da029abfab963a0,7.345,18.3,7.527,183,10
askdocs_1uvx7g1,8400e2419406434a,5.212,11.8,11.382,118,10
askdocs_1uvx86q,acdc33021042ac98,4.645,9.833,18.644,59,6
askdocs_1uvx8jt,583ba4fd23f20f0a,7.62,16.817,8.742,1379,82
askdocs_1uvxbjl,201361b4c0d33c0f,10.162,26.714,12.755,187,7
askdocs_1uvxbjq,768dff75d31db427,8.726,19.0,12.291,171,9
askdocs_1uvxctu,dbc23df40eccc7c4,4.908,11.909,14.286,131,11
askdocs_1uvxd5l,83703342fc25e7b8,7.865,18.333,8.621,55,3
askdocs_1uvxfcq,3d56488d1b87f618,7.813,17.667,9.821,318,18
askdocs_1uvximq,cc8183f0164fc25d,6.822,13.588,16.309,231,17
askdocs_1uvxiwe,2a9d59f7a0205364,14.359,41.0,8.434,82,2
askdocs_1uvxjpa,2a9bba0e067ed99e,2.675,7.5,5.691,120,16
askdocs_1uvxm6m,b468fe660d1ac233,3.718,11.0,4.545,44,4
askdocs_1uvxmqt,34939a752ed0ed99,7.613,16.0,25.0,32,2
askdocs_1uvxogp,eedca9b1451bd388,4.629,7.0,16.667,56,8
askdocs_1uvxu4t,685168b8cb57af5a,6.187,13.362,6.576,775,58
askdocs_1uvxuo6,70ae65fcea1373bd,4.94,12.3,6.818,123,10
askdocs_1uvxved,31750830c3dba8fe,8.679,22.0,5.208,88,4
askdocs_1uvxvvo,58ea356bcd4ddb54,7.989,16.154,5.701,420,26
askdocs_1uvxx2q,17d3bd1fbc1dfbb4,4.097,13.5,7.229,81,6
askdocs_1uvxzwf,863249797218791b,10.396,23.5,14.583,94,4
askdocs_1uvy4bc,02d332ce614c94a8,7.876,20.357,8.276,285,14
askdocs_1uvy4j3,1678c608792c1539,6.713,12.5,13.636,325,26
askdocs_1uvy5of,14c3d1d9ae349a8b,4.496,12.0,12.162,72,6
askdocs_1uvyb8j,376e78053c8883a7,9.153,20.529,12.291,349,17
askdocs_1uvyfuw,229e02af6f88da86,4.731,10.833,7.035,195,18
askdocs_1uvygir,a8d94475836fe187,7.521,16.487,8.296,643,39
askdocs_1uvygu7,a93f24ea25572a59,11.929,27.667,9.127,249,9
askdocs_1uvyhqi,a60f6beec994b598,9.562,22.667,6.944,68,3
askdocs_1uvyiw3,4826b004eb0fe883,10.666,22.059,8.247,375,17
askdocs_1uvyl31,383c3a919b095447,7.765,14.5,5.882,116,8
askdocs_1uvym6b,596c0c98078be54e,4.726,13.053,9.843,248,19
askdocs_1uvymld,894dccceaf0c64d7,12.684,22.8,12.577,456,20
askdocs_1uvymz0,a218025be3cf4ea5,12.385,29.889,6.593,269,9
askdocs_1uvyoum,84265254861e374c,7.574,13.875,5.172,111,8
askdocs_1uvyp60,986feac79aee3a32,11.094,26.8,8.959,402,15
askdocs_1uvyrx0,4511c5a16eb45260,8.863,18.083,8.636,217,12
askdocs_1uvytf8,de57ea958bd39107,10.345,19.4,17.734,194,10
askdocs_1uvyuiu,3928d621c9266038,6.546,12.231,10.909,159,13
askdocs_1uvyvum,258d769bf27a4cf5,10.76,23.417,7.167,281,12
askdocs_1uvz3ix,c673f6d2cdda6149,5.441,9.2,8.602,92,10
askdocs_1uvz785,ed41518a91988776,11.611,11.49,17.317,563,49
askdocs_1uvz818,53af220e3209996b,9.925,24.25,10.891,97,4
askdocs_1uvz8ey,2a6bfd5745fa196c,9.099,13.233,9.242,397,30
askdocs_1uvzgxc,569ecb7dac46ba07,5.473,13.667,7.317,123,9
askdocs_1uvzi2e,50d260401abfc54a,5.54,13.333,9.917,120,9
askdocs_1uvzisg,6a208afe2b4bdb72,8.928,18.0,8.936,234,13
askdocs_1uvzmje,defd30587bc7b910,6.997,11.667,15.068,70,6
askdocs_1uvzrkv,06195867a8e92f55,6.226,14.722,6.62,265,18
askdocs_1uvzu2h,9eac96999a0c2a9c,4.97,7.333,4.348,22,3
askdocs_1uw00jo,ee3af5ed481617ec,11.438,27.167,9.091,163,6
askdocs_1uw06ng,a4c4e110d1ebdd0f,5.222,9.532,13.111,448,47
askdocs_1uw07tm,9090a9449e2a7bcd,7.699,17.545,8.586,193,11
askdocs_1uw0adq,2aa65fc1a8a151a6,20.843,52.5,8.133,315,6
askdocs_1uw0c0v,8ca0f6e99a4ddeda,19.705,45.667,8.451,137,3
askdocs_1uw0el4,4ccd16641643f8d3,8.185,14.25,9.6,228,16
askdocs_1uw0gl1,51a829b42da7816f,7.874,17.65,5.744,353,20
askdocs_1uw0hzf,d1ebcc082c96cfa3,6.207,12.857,5.435,90,7
askdocs_1uw0i6a,f46f9ec2dffa3092,8.187,18.8,5.911,188,10
askdocs_1uw0j2t,2571e7ae83d18c1e,6.66,15.75,6.349,63,4
askdocs_1uw0k58,a82c53ab57ae74a3,13.771,15.3,14.059,459,30
askdocs_1uw0rkk,4c699aef2b76b524,5.627,13.5,9.259,54,4
askdocs_1uw0vpj,df8e87baa8bd842c,8.848,21.5,2.857,172,8
askdocs_1uw14e4,65b027751795c18f,1.556,9.0,6.25,45,5
askdocs_1uw14lr,0dd27ba49bf11856,9.472,17.692,10.204,230,13
askdocs_1uw16da,471f566043bcc11c,4.075,14.2,16.667,71,5
askdocs_1uw16fi,24eea1e21742e35a,6.124,15.077,9.0,196,13
askdocs_1uw19h8,151227f16a66377c,7.047,16.923,6.335,440,26
askdocs_1uw1f6w,7fde4e2e2ac03801,6.286,13.6,11.765,136,10
askdocs_1uw1grd,94c0d737c29ef836,10.152,21.778,12.405,392,18
askdocs_1uw1if7,e181754d54256d6d,5.92,11.889,14.159,107,9
askdocs_1uw1lg5,91461b13b28d35ea,8.65,18.125,6.122,145,8
askdocs_1uw1m7m,91b9200c92acc5e7,10.965,31.0,7.373,217,7
askdocs_1uw1o6p,ba0ca54b78ef5ac4,9.449,19.643,9.507,275,14
askdocs_1uw1p8w,d2740ff089408de0,4.346,11.286,9.756,79,7
askdocs_1uw1rvu,71ca07bb8451acf1,10.462,19.281,15.008,617,32
askdocs_1uw21bi,2ff9b1d7ef78af8a,8.841,20.882,6.197,355,17
askdocs_1uw21zl,b012fc04b6800528,8.539,16.946,7.895,949,56
askdocs_1uw22yi,ed4ebc706716b3f0,5.665,19.2,15.625,96,5
askdocs_1uw24tt,dbf2c8086c156447,3.297,8.429,1.695,59,7
askdocs_1uw25av,6558b833b68773ae,6.272,11.429,14.634,80,7
askdocs_1uw26bd,0c3544e62e13edd1,4.823,12.0,11.667,60,5
askdocs_1uw276u,644a729d7373aa0b,7.113,11.091,11.382,122,11
askdocs_1uw29r5,478f8d5b82e13a71,5.15,11.952,10.465,251,21
askdocs_1uw2a5i,d9bd9249c7c93338,6.44,17.667,5.505,106,6
askdocs_1uw2ije,d1a4d15e6a498e5e,6.574,14.414,5.8,418,29
askdocs_1uw2l9v,eae96e61eca67ed3,5.681,15.5,7.812,62,4
askdocs_1uw2lr0,95ad7625d588ae62,4.284,11.13,8.915,256,23
askdocs_1uw2m5r,9d82f9b570a2093d,5.112,8.375,7.246,67,8
askdocs_1uw2psd,f8fa56788749f934,8.778,15.571,8.257,109,7
askdocs_1uw2vev,9917d37a9484d5af,8.66,18.857,16.667,132,7
askdocs_1uw2wxd,837b9187cb4b1569,7.05,12.667,9.211,76,6
askdocs_1uw2xdy,fef991ab2e23c527,7.045,18.25,9.589,73,4
askdocs_1uw30ht,49980a774fba098f,13.263,31.0,6.386,806,26
askdocs_1uw3333,c19551420aa3bae1,1.324,11.333,8.571,34,3
askdocs_1uw33gg,5e3e8d6938e7bf73,5.373,10.923,10.738,142,13
askdocs_1uw345k,31e716a99f548a1b,7.929,14.792,11.382,355,24
askdocs_1uw35dn,b73333d802999562,8.279,14.1,6.597,282,20
askdocs_1uw35m2,b51bf135f96c0987,9.527,24.625,3.571,197,8
askdocs_1uw3csq,fd3616f5b5a2b33c,23.238,59.667,6.417,179,3
askdocs_1uw3cwr,9487b5fdb5bde413,6.86,9.625,11.765,77,8
askdocs_1uw3fid,c895420dc4d78033,5.071,10.222,13.978,92,9
askdocs_1uw3fnc,6e6cda1ed394333d,8.409,17.846,7.328,232,13
askdocs_1uw3gvd,38d60f39e4612196,7.263,14.75,8.787,236,16
askdocs_1uw3j5q,7ab39ff590257c38,5.191,10.588,10.471,180,17
askdocs_1uw3kag,7928e9d980189d83,8.271,14.154,7.035,184,13
askdocs_1uw3lwg,324fbfbdfa7fba83,7.151,12.167,14.932,219,18
askdocs_1uw3t35,9492410d63a5cab1,6.739,12.667,17.949,38,3
askdocs_1uw40gp,92f7691fb0ef7025,3.45,11.0,6.667,44,4
askdocs_1uw41do,c93ab96feea46231,7.332,13.857,8.163,97,7
askdocs_1uw45rb,69753b3e997dfcde,8.873,18.286,10.156,128,7
askdocs_1uw4d9m,2d1c7d033dea96c0,8.092,17.5,19.444,35,2
askdocs_1uw4iq8,6d7abb1e46b6445a,1.251,6.875,8.772,55,8
askdocs_1uw4k04,3787bf403cee5f50,9.337,19.5,11.111,156,8
askdocs_1uw4nfu,bb957b8d38a61809,2.839,8.769,5.042,114,13
askdocs_1uw4p5p,457152d83870c906,10.475,17.0,12.963,51,3
askdocs_1uw4s0j,e5086d87de7928c4,9.564,22.235,8.29,378,17
askdocs_1uw4u7h,3187d2e21d7d948d,5.928,16.571,8.403,116,7
askdocs_1uw53n5,0ddf21038f99a115,2.404,7.792,10.053,187,24
askdocs_1uw57cf,047dffea80c4438b,5.523,14.25,11.028,399,28
askdocs_1uw5914,8bf987c508929171,7.647,19.75,10.127,79,4
askdocs_1uw5jsu,2f155050292ef749,9.256,15.229,9.821,533,35
askdocs_1uw5k3u,edb82f46313eaa4b,9.662,26.5,10.714,53,2
askdocs_1uw5km1,844b388c263833e8,5.11,10.455,9.524,230,22
askdocs_1uw5m9o,eaeb2b3de584814b,8.76,21.889,8.586,197,9
askdocs_1uw5mwa,9d175b061bb905f2,8.009,20.333,6.504,122,6
askdocs_1uw5og6,eb8bb77fab3d4c27,13.671,24.6,16.935,123,5
askdocs_1uw5oge,89fd9f73af899bce,5.953,14.667,14.894,44,3
askdocs_1uw5u8g,e051693753c3ab2c,5.622,15.6,12.821,78,5
askdocs_1uw5w0y,499ccc5e8cb2992f,16.517,41.0,14.634,41,1
askdocs_1uw5xy6,d1129199a73bc253,5.954,16.6,13.253,83,5
askdocs_1uw66xp,bea94fdb74e4c9e6,11.016,22.5,16.304,90,4
askdocs_1uw67d4,16120177ef2b1e4c,7.078,20.143,3.401,141,7
askdocs_1uw697n,cef5c29a19275c7f,7.887,17.667,5.357,106,6
askdocs_1uw6ab5,e57ceea68dd11c43,3.242,7.4,10.256,37,5
askdocs_1uw6fia,1a7d28af92360faa,6.391,16.286,9.322,114,7
askdocs_1uw6ijz,16c5f2b02fe03c09,10.018,27.0,6.897,54,2
askdocs_1uw6it0,ce38548937b3a7b9,6.272,13.0,5.769,104,8
askdocs_1uw6kg2,971278b9868a9d3d,8.746,19.417,12.821,233,12
askdocs_1uw6nvk,3ded784011c93eb6,6.719,13.455,18.954,148,11
askdocs_1uw6ocm,721b1a1b1041e4fc,4.456,9.667,17.241,29,3
askdocs_1uw6p13,8ef434d12dc3b1f0,7.352,17.0,11.765,34,2
askdocs_1uw6p3h,66362b251c58479f,9.088,16.0,12.651,160,10
askdocs_1uw6r5k,0a83c2032c03b7df,4.987,12.0,5.517,144,12
askdocs_1uw6s7o,396624c6a83666b1,7.296,13.667,7.143,82,6
askdocs_1uw6u7z,7fc9e0a30d0084f5,7.692,16.182,8.947,178,11
askdocs_1uw72er,b98326256106633a,19.274,45.667,10.638,137,3
askdocs_1uw72qc,4bd04508b5a64ac6,7.886,23.5,5.769,47,2
askdocs_1uw74e3,c28a2d2a3f958772,3.122,10.091,10.714,111,11
askdocs_1uw759n,cc99d5cb4a4461f8,8.43,18.826,11.697,433,23
askdocs_1uw77w6,887ccf880476bd2e,10.572,29.0,3.125,58,2
askdocs_1uw7h21,4c0be564dafff404,9.012,24.0,5.769,48,2
askdocs_1uw7m0r,c7aad166dc883f67,8.86,20.581,7.87,638,31
askdocs_1uw7p7s,e98cdf1aed2303ce,7.754,12.111,10.811,109,9
askdocs_1uw7t60,1bfe34ed9278dadb,5.517,12.577,7.295,327,26
askdocs_1uw7vqj,13abba04bbd0523c,8.455,16.0,6.897,112,7
askdocs_1uw7wk8,91beebebd1e62c28,12.914,34.5,8.696,69,2
askdocs_1uw7zcq,21047e16647943e8,1.734,8.4,2.381,42,5
askdocs_1uw81wo,b5ea6efa73732110,8.694,17.294,7.432,294,17
askdocs_1uw8410,e33e7a940d58bde9,5.354,8.75,12.676,70,8
askdocs_1uw841c,8fcf6304a157090b,8.933,20.667,10.0,124,6
askdocs_1uw854z,e895d3fa6c04f1f3,8.833,14.5,13.136,232,16
askdocs_1uw86rc,5fb0355b672835c8,10.869,22.0,10.606,66,3
askdocs_1uw88w0,a77d5184eef71866,10.983,27.2,10.274,136,5
askdocs_1uw8ep4,515eb8125f4f20c1,12.337,20.375,27.108,163,8
askdocs_1uw8gg7,d759905f5ed4ed65,6.9,8.321,14.022,233,28
askdocs_1uw8ki3,7556f5c2b832e46a,5.953,14.667,13.333,44,3
askdocs_1uw8nxq,da1b5aa835b92b30,14.957,38.333,7.563,115,3
askdocs_1uw8qnr,4ccc6471b280a229,8.236,15.429,7.407,108,7
askdocs_1uw8utb,26456d6c2e0e44a2,8.93,18.7,7.653,187,10
askdocs_1uw8v2x,0f82ad62d61081e7,7.351,16.667,24.684,150,9
askdocs_1uw8zkf,c88194866ab1a3e0,7.178,15.857,13.514,111,7
askdocs_1uw92av,472b037b5a0b2b1b,5.526,12.0,15.116,84,7
askdocs_1uw93kb,203532cdf89be893,5.818,13.0,8.547,117,9
askdocs_1uw94gw,7ff9ef79bdc7e67a,3.475,10.333,10.938,62,6
askdocs_1uw96rk,1b6fc178e073a0cb,12.615,27.214,16.125,762,28
askdocs_1uw96vk,c4a7a46a2a7c59ee,7.677,19.9,9.95,398,20
askdocs_1uw998i,a1df75178bf7bf71,8.36,16.333,8.163,49,3
askdocs_1uw9gew,e8d7298f7108f014,28.231,68.667,8.159,412,6
askdocs_1uw9gfs,716f7038a808984f,7.791,15.684,9.03,298,19
askdocs_1uw9i58,6d2d5f9e40d66c2a,8.873,18.286,8.594,128,7
askdocs_1uw9ini,89b6aa5e3cd93291,10.031,10.655,13.079,586,55
askdocs_1uw9jdg,c8a2804e2e56648e,12.187,28.0,13.793,28,1
askdocs_1uw9pqe,0924959be2b401a6,7.251,16.083,8.0,193,12
askdocs_1uw9qdb,7f0d6d03dc2cee61,4.608,7.6,9.211,76,10
askdocs_1uw9sez,8227f4632c3083a0,6.406,17.5,6.422,105,6
askdocs_1uwa06f,6723fa613ae3b667,5.325,16.143,12.174,113,7
askdocs_1uwa3xq,6563f69b754d01ad,6.991,14.588,11.328,248,17
askdocs_1uwajbp,544ec00c7978d4eb,6.462,17.286,6.173,242,14
askdocs_1uwall9,9f1cb4f94378d527,3.586,8.273,6.0,91,11
askdocs_1uwamy5,dd109becc45ff4a8,5.279,12.714,10.0,89,7
askdocs_1uwao0u,9381ba6c4e1e3d0a,4.502,9.6,12.245,96,10
askdocs_1uwaqe5,2b4a0453aa101f59,6.499,12.143,12.644,85,7
askdocs_1uwas8u,32916a3be8c3021d,8.071,15.938,8.077,255,16
askdocs_1uwaw0y,f36ba66a0ebe6fe6,7.391,15.857,9.735,111,7
askdocs_1uwaw9e,42150cea490a1190,5.484,11.476,11.789,241,21
askdocs_1uwawii,9546b0619f6e2bff,8.826,21.8,8.257,109,5
askdocs_1uwb393,00f93913ae88c815,6.793,16.75,18.056,67,4
askdocs_1uwba10,6846fd098f25c6b1,5.966,12.833,11.538,77,6
askdocs_1uwbajy,669a5fcac8b8d226,5.113,11.0,4.167,110,10
askdocs_1uwbbgl,fcac1df95b3692cd,8.96,21.889,12.397,591,27
askdocs_1uwbci5,b2a0b1ac2e2e86d1,9.43,18.357,9.455,257,14
askdocs_1uwbg6g,4917f8dd7026ac29,2.342,9.0,5.556,18,2
askdocs_1uwbguz,736d1f99ca0b7551,8.649,17.857,15.625,125,7
askdocs_1uwbhnu,146215ce0d455af3,6.441,15.316,4.73,291,19
askdocs_1uwbj1p,686cccd0fbf842d5,5.584,16.857,10.656,118,7
askdocs_1uwbkok,31bbad10ac10a872,9.418,14.774,11.158,458,31
askdocs_1uwblif,b6c2d5a5dd558692,7.78,10.0,15.0,20,2
askdocs_1uwbmba,ad44657b156ceb9c,2.795,10.833,4.286,65,6
askdocs_1uwbn56,46c660a3c2108b72,7.496,14.75,15.084,177,12
askdocs_1uwbow2,6e3c91992203920d,5.042,12.0,16.514,108,9
askdocs_1uwbqlb,0799cecf59e99d37,7.181,19.545,6.757,215,11
askdocs_1uwbtiw,fbde6ac80a7c1380,11.52,22.8,9.544,228,10
askdocs_1uwbxae,5dada266c8eefaf9,11.506,23.667,13.287,142,6
askdocs_1uwbz2r,3889d4a19f0de2fb,8.545,14.083,17.341,169,12
askdocs_1uwc34i,12d65aefba32c690,6.069,9.727,11.009,107,11
askdocs_1uwc3c6,6c1a678b9c93d43d,8.909,21.812,9.859,349,16
askdocs_1uwc4ca,ccc6e776b44400da,20.904,52.333,6.135,157,3
askdocs_1uwc54c,5870056dc1ad209a,5.563,11.75,6.122,47,4
askdocs_1uwcce1,8fefcc759611c5ca,3.445,9.833,3.333,59,6
askdocs_1uwccry,8e61b80cc5a79c08,1.785,6.333,12.903,57,9
askdocs_1uwcd0r,4d1f8ab53cd1f958,12.099,27.789,8.303,528,19
askdocs_1uwcffi,6361bddf212f0891,3.283,6.5,10.87,39,6
askdocs_1uwchtw,a3cb3ce53218b7f9,5.776,13.636,7.453,150,11
askdocs_1uwcl6p,7d3a809e3fe50083,4.668,11.438,8.955,183,16
askdocs_1uwcmdg,93df9fad9c41aabf,5.318,16.571,13.793,116,7
askdocs_1uwcnlz,62a6faecc174c869,7.932,16.773,9.211,369,22
askdocs_1uwct7r,540e2597ff9acfcd,7.528,11.333,9.524,272,24
askdocs_1uwcx1w,01e364fa8d06c8fd,6.108,14.167,12.088,170,12
askdocs_1uwcx5u,25d127dfa1645b33,8.119,16.333,12.183,196,12
askdocs_1uwcxl5,25321dcff01655dd,10.678,24.643,14.409,345,14
askdocs_1uwd21s,f503c58b89d5e4c8,2.995,8.833,7.547,53,6
askdocs_1uwd394,b494d7f99a49ac84,3.943,13.6,7.353,68,5
askdocs_1uwd3vw,ef243d8a256bec49,10.413,23.0,9.565,115,5
askdocs_1uwde80,66b5657da42aa9b0,9.88,16.625,16.176,133,8
askdocs_1uwdl26,9ca890a3d4aa8a49,10.078,22.375,8.939,179,8
askdocs_1uwdori,2b1350adbd9c3614,5.889,11.286,6.198,237,21
askdocs_1uwdqpi,a1b66dfe1fea9fc9,5.822,11.571,7.229,81,7
askdocs_1uwdsv8,94a0bd8dc93fce73,4.124,8.0,6.061,32,4
askdocs_1uwdszh,4ba274716c20429a,10.435,25.5,6.481,102,4
askdocs_1uwdwek,33348c821ffbd276,7.235,20.333,15.261,244,12
askdocs_1uwdx2a,e6e728b94db2a2e0,6.624,15.783,7.143,363,23
askdocs_1uwe0al,7f4b05dee4f1ceb7,7.358,18.5,7.5,111,6
askdocs_1uwe12y,d7fdf83b0dd402d3,7.255,20.417,15.6,245,12
askdocs_1uwe15g,f8efde99ab2eb4ea,5.805,12.5,12.0,50,4
askdocs_1uwe6al,40fea781e9af4cbd,7.415,16.727,6.989,184,11
askdocs_1uwe95u,487b8ccd0322fdbe,8.388,14.75,14.226,472,32
askdocs_1uwe9bp,c8af1199ee89a8ff,2.857,12.0,8.333,24,2
askdocs_1uweeaz,ae83bab57f768c77,6.827,16.077,13.333,209,13
askdocs_1uwehmi,3b2a9acc26edfeeb,9.867,22.917,10.469,275,12
askdocs_1uweirv,8e53734d9ae08ce0,7.59,13.556,9.449,122,9
askdocs_1uwejxp,a8ac21f788965045,7.55,20.0,5.714,100,5
askdocs_1uwekj5,9c439d648963279a,4.242,15.333,6.25,46,3
askdocs_1uwemdg,908d28f6b694976a,6.704,15.8,16.049,79,5
askdocs_1uwenc7,2e45be2212d8b711,12.633,25.5,13.351,357,14
askdocs_1uwer7b,9a84acca822b60ab,9.321,19.083,4.132,229,12
askdocs_1uwevov,25eafe56d24571c2,3.647,6.571,6.383,46,7
askdocs_1uwexn9,2fa5c826922c1933,6.137,16.0,9.167,112,7
askdocs_1uwf3af,91aacf1ba5af1a0d,7.533,16.167,9.367,388,24
askdocs_1uwf3v0,2442e5416a7abb9a,8.342,14.737,13.043,560,38
askdocs_1uwf8gv,c1017107469056fa,5.393,13.333,9.877,160,12
askdocs_1uwfacl,d6fd9b9d79d1d0fb,8.185,15.714,11.765,220,14
askdocs_1uwfbmt,ba4d69f04c5cdf15,6.752,17.333,7.006,156,9
askdocs_1uwfe7i,e4e2387934e1c481,8.964,22.355,8.069,693,31
askdocs_1uwfg11,8f2c8270b46afff5,9.017,21.667,12.308,65,3
askdocs_1uwfh29,63ae55e4213ab525,3.013,9.375,7.895,75,8
askdocs_1uwfi48,6588c8ba088aad25,7.6,18.0,4.167,162,9
askdocs_1uwfitr,223c660c1f4f9055,4.091,12.8,10.881,192,15
askdocs_1uwfjf6,147b42961917f1f6,8.766,17.5,10.256,35,2
askdocs_1uwfm46,8fcf5b800390d2ac,6.731,17.143,13.333,120,7
askdocs_1uwfpi6,a1a069fb3ffcc751,10.573,17.217,14.369,1188,69
askdocs_1uwfpiv,838b52d6784549a6,3.182,11.0,11.94,66,6
askdocs_1uwfs2y,ae1ed2fc36e9f7b3,6.822,9.0,16.667,108,12
askdocs_1uwfuzm,ce4cb00b3f18a981,12.577,25.571,15.135,179,7
askdocs_1uwfw5w,56a2bfca3549cb20,17.18,42.333,7.634,254,6
askdocs_1uwfxrf,4b2865b07cfe8f5f,6.294,15.333,14.894,46,3
askdocs_1uwfzl5,8051af7ef2208036,8.545,16.5,9.091,66,4
askdocs_1uwg22c,f06c3136257e47c3,9.256,24.333,4.11,73,3
askdocs_1uwg2kf,ab9ef5bb4678f1d5,9.698,24.273,13.433,267,11
askdocs_1uwg87t,e299e085680c9c3b,9.595,23.667,12.676,71,3
askdocs_1uwg8wa,1714f73a7496892f,8.176,23.333,11.538,70,3
askdocs_1uwg961,9e3011f4168e75b1,8.118,17.75,8.591,284,16
askdocs_1uwgbrm,51f92f1e56fe03ed,6.36,15.195,6.677,623,41
askdocs_1uwggdb,15cbb2da5ae0cc54,9.947,18.594,11.935,595,32
askdocs_1uwgjn7,1d5545eed1516d48,10.882,24.5,6.03,196,8
askdocs_1uwglzl,f156db3ec5e9673d,8.068,21.2,10.648,424,20
askdocs_1uwgnmk,018eef2833974dbf,4.354,8.143,8.772,57,7
askdocs_1uwgp3d,34acfecf8730c370,8.96,10.0,20.0,20,2
askdocs_1uwgs5a,6ce18841298a5c69,9.412,17.385,10.213,226,13
askdocs_1uwgsef,6d4d7631fbc5a013,29.202,78.0,8.861,78,1
askdocs_1uwgsg1,ed467d917618273a,4.594,10.0,11.538,50,5
askdocs_1uwgv7c,6b1b8a23fe097114,8.547,18.667,6.609,336,18
askdocs_1uwgw9c,dea346283100bbae,9.367,18.333,12.1,275,15
askdocs_1uwgyae,d34931d242dcb752,44.284,111.0,7.207,111,1
askdocs_1uwh09c,0527c202c828e7a5,27.725,71.45,8.061,1429,20
askdocs_1uwh1ky,7b3c1f69c86fb7b6,4.022,10.7,12.15,107,10
askdocs_1uwh654,3245e560579d4081,13.477,31.0,10.494,155,5
askdocs_1uwh7qq,bcddcbb6eeb88105,4.345,12.75,10.759,153,12
askdocs_1uwh85h,0eeaf8b8f25b4479,6.074,14.6,7.609,365,25
askdocs_1uwhc7n,4f1a2fc19001b942,9.861,23.333,6.723,350,15
askdocs_1uwhcfm,b2de2f2debee7595,6.54,14.438,13.025,231,16
askdocs_1uwhhtj,00e2b938c6ef3ff7,11.388,25.0,9.804,100,4
askdocs_1uwhifs,f72fee54ac2a4fb0,3.541,11.3,11.304,113,10
askdocs_1uwhim7,6527a104a7596716,9.379,17.923,9.091,233,13
askdocs_1uwhk55,d7b4b394309adbb1,6.546,13.6,11.189,136,10
askdocs_1uwhktm,76192358fc350718,6.933,18.5,3.974,148,8
askdocs_1uwhlza,167996512106d525,5.076,15.0,7.778,90,6
askdocs_1uwhmkt,f5d302a6875f3f78,25.803,61.0,12.403,122,2
askdocs_1uwhqf0,a515aa27b292b2ff,5.09,9.5,14.035,57,6
askdocs_1uwhrlt,6ed973345731e88a,2.62,9.2,8.333,46,5
askdocs_1uwhsen,ecb1f610cf2d16b5,10.999,17.034,14.764,494,29
askdocs_1uwhtvp,748b076df071bd86,10.146,21.316,13.139,405,19
askdocs_1uwhunn,3e89e8ab2052ae64,18.372,48.0,10.417,48,1
askdocs_1uwhxo4,deac72811bf6a664,26.762,68.714,8.121,1443,21
askdocs_1uwhyla,eeee9ab5818aec85,8.24,14.5,20.879,87,6
askdocs_1uwhzwo,bafcd2133d72f0c7,10.467,28.588,7.8,486,17
askdocs_1uwi0lg,40a2f9f74f374f87,9.989,20.75,23.256,83,4
askdocs_1uwi3jc,79bbc730ef22487a,11.555,31.2,9.615,156,5
askdocs_1uwi4i8,6114b4b4e2455654,11.21,21.833,5.97,131,6
askdocs_1uwi4yv,d7b3d4dcbb6757b0,7.748,17.444,9.572,471,27
askdocs_1uwi5cz,3e7189497bc9c64f,6.633,9.875,7.447,79,8
askdocs_1uwi8g6,bcff977d89a92b85,19.721,45.2,9.677,678,15
askdocs_1uwid56,ef869c695217891e,9.3,23.333,7.092,420,18
askdocs_1uwiept,c277a0d99809fdaa,6.103,13.4,6.618,134,10
askdocs_1uwiigq,ed1ff255dcb82963,10.441,18.5,8.824,222,12
askdocs_1uwiimw,a250f5f17701799d,12.209,20.1,15.854,402,20
askdocs_1uwilba,24345ada38335834,5.8,16.167,11.224,97,6
askdocs_1uwimq2,a8d3d71c8fce19d0,10.662,26.0,8.491,104,4
askdocs_1uwiofy,398bbf7116737172,11.85,23.0,12.5,23,1
askdocs_1uwiqo0,dc2be2306896f750,5.864,11.0,8.772,55,5
askdocs_1uwiqzk,ec9682b3db916148,3.893,9.4,10.638,47,5
askdocs_1uwirfi,d6dfb5b4ec1d4d8a,3.369,11.375,7.527,91,8
askdocs_1uwisdd,042cbb2794d2e303,7.185,13.412,11.765,228,17
askdocs_1uwivm1,087cc62d36f223fb,14.01,33.103,8.786,1291,39
askdocs_1uwivnk,4a7f4129f09eedb0,2.422,8.583,9.615,103,12
askdocs_1uwivvd,854e56109aa076cf,6.383,16.0,12.5,48,3
askdocs_1uwixhf,04a72890eedd5bec,7.331,15.0,13.816,150,10
askdocs_1uwj2jt,7c4e59ad60d19c20,10.762,19.0,13.158,38,2
askdocs_1uwj3aj,eaec8cac4ee40289,9.123,21.5,12.139,172,8
askdocs_1uwj5kc,ad37146455095687,7.925,15.182,11.834,167,11
askdocs_1uwj6vq,d39318178f0fe41b,11.745,25.375,7.177,203,8
askdocs_1uwjcjy,c0c23cad0c56d1f5,7.257,15.1,7.947,151,10
askdocs_1uwjdms,e2b6875b71cae4f5,4.78,7.429,18.182,52,7
askdocs_1uwjhqo,61ce469575ed0bd0,10.139,15.692,12.322,204,13
askdocs_1uwjll9,06859ea8b23d272d,7.483,15.375,15.504,123,8
askdocs_1uwjrps,ac294d6f7a938bb6,7.774,15.5,19.141,248,16
askdocs_1uwjrsl,0e9859d4d8a78d22,5.856,14.552,10.829,422,29
askdocs_1uwjtwj,de33e719a854f2df,8.48,19.667,5.028,177,9
askdocs_1uwjugy,01fdcae26f500b17,8.553,18.714,3.817,131,7
askdocs_1uwjzu1,464f713dd08f981f,7.57,14.0,7.921,98,7
askdocs_1uwk55s,730ce2dee857944c,7.338,17.333,8.654,208,12
askdocs_1uwkb17,14dea85fd08c4340,8.732,22.25,11.236,178,8
askdocs_1uwkc7r,25d1e0f6559acd1f,4.671,10.926,14.61,295,27
askdocs_1uwkhgi,c3780411c5754061,6.824,16.429,10.169,115,7
askdocs_1uwkht2,f0b79e19e0129ac7,6.516,16.611,9.03,299,18
askdocs_1uwkl82,c306c1a52b1d8baf,6.563,14.444,8.333,130,9
askdocs_1uwkmhp,c154cb5caede0759,10.394,21.0,18.045,126,6
askdocs_1uwkwxh,e9b49748dd8795a0,3.641,9.5,18.421,38,4
askdocs_1uwkyye,4562aeecbeee4689,3.77,12.429,6.897,87,7
askdocs_1uwl0y7,9587f2a003957e0e,8.616,19.81,8.173,416,21
askdocs_1uwl1ns,a55a0b4d1bf9d397,6.092,13.429,8.421,94,7
askdocs_1uwl22v,f1a21405f7a1bdbb,6.529,16.167,5.769,97,6
askdocs_1uwl51r,614691ed7f2daf5f,10.1,24.5,3.922,49,2
askdocs_1uwl6nf,357892a1b5a09365,3.94,8.143,1.639,57,7
askdocs_1uwl8b0,0ab55bfb0abece29,7.92,16.889,17.532,152,9
askdocs_1uwl8ga,b168ed010d552808,10.817,23.3,18.298,233,10
askdocs_1uwlbph,53b3c180fbc63791,11.05,16.8,13.295,168,10
askdocs_1uwlceo,8dd764aba04403f3,6.053,10.714,12.719,225,21
askdocs_1uwlh0n,4c65f7e44528ff9c,8.341,21.889,7.576,197,9
askdocs_1uwliif,c50b3af7a6466e01,7.399,18.188,4.762,291,16
askdocs_1uwlm0q,219c7ccf6b1bc2ac,9.24,19.611,8.311,353,18
askdocs_1uwlpe3,96fd4233cbc61c74,2.863,10.0,6.667,30,3
askdocs_1uwltvl,2487117312993541,5.94,9.625,11.859,308,32
askdocs_1uwlz2r,99846f2f56a3bb21,10.558,13.667,9.6,123,9
askdocs_1uwlz7s,44d5adcb59d297c8,8.458,17.833,12.5,107,6
askdocs_1uwm10p,dff3c7977b9988f7,8.553,21.167,16.406,254,12
askdocs_1uwm2l1,e74397e3f47e951e,7.696,18.429,10.078,129,7
askdocs_1uwm2t6,76aae5709abadd6d,8.621,18.625,11.465,149,8
askdocs_1uwm2yi,98cbaf60e72404a3,16.374,40.75,9.146,163,4
askdocs_1uwm3ma,11534c76ff470f14,8.98,16.143,4.598,339,21
askdocs_1uwm40t,63cd8917f075da62,4.409,14.0,10.526,56,4
askdocs_1uwma5y,99377572f5df1575,7.609,13.977,9.823,615,44
askdocs_1uwmbac,0bddf703087bb63a,5.908,13.182,9.655,145,11
askdocs_1uwmc5r,0406b4be3559c95d,6.936,11.0,9.091,33,3
askdocs_1uwmdpj,7a0388f2c339e580,6.658,13.846,9.89,180,13
askdocs_1uwmexi,338dbd72dce4572a,3.997,10.059,11.111,171,17
askdocs_1uwmi66,5575d741fa555d1e,7.152,17.222,7.668,310,18
askdocs_1uwmnaa,599d413fd996da60,11.562,26.2,7.519,131,5
askdocs_1uwmo3l,327947990025f969,6.448,15.545,6.849,342,22
askdocs_1uwmt0k,72787b0b2eb7fe6d,9.504,17.2,8.14,86,5
askdocs_1uwmtxw,47e3bf2ab0277b7a,7.074,16.235,9.286,276,17
askdocs_1uwmwyg,2de13c7ab6717cc7,5.382,10.3,13.333,103,10
askdocs_1uwn0z7,056f8b8aab4e65bb,8.546,10.5,16.923,63,6
askdocs_1uwn21g,65cee6aaaa430a40,8.752,16.0,4.52,176,11
askdocs_1uwn398,e909092512b262fd,9.973,20.509,12.647,1087,53
askdocs_1uwn46h,7b16efd6dd7e298e,6.172,17.0,10.0,85,5
askdocs_1uwn4wg,660496c9162aa950,9.394,18.455,15.254,406,22
askdocs_1uwn56r,c00f9126e42c6b65,4.585,12.083,7.566,290,24
askdocs_1uwn5ir,0e943ca8f611ff20,4.92,15.5,6.061,31,2
askdocs_1uwn7ix,139d37f791a6f7f4,11.509,19.429,16.084,136,7
askdocs_1uwn8q9,855fc97be5224e50,14.785,26.308,16.667,342,13
askdocs_1uwng2j,8dc048861c78d2da,7.439,16.632,10.127,316,19
askdocs_1uwnh9a,4006278eb246ff77,9.639,13.286,11.498,279,21
askdocs_1uwnidv,42eccb3ced5d8dc9,10.442,23.538,9.804,306,13
askdocs_1uwnl67,db789f69174168f3,3.757,9.364,11.538,103,11
askdocs_1uwnljn,6f83e74be582237f,8.127,15.286,9.091,107,7
askdocs_1uwno7c,ed8ca3a48e446990,6.866,17.0,6.742,85,5
askdocs_1uwnpd9,c01056353777d146,11.325,18.8,11.34,94,5
askdocs_1uwnqok,b454221664fccc22,9.239,20.8,9.585,312,15
askdocs_1uwnrgn,52fdc92f87c0db7f,7.674,16.75,16.176,67,4
askdocs_1uwnsht,980f03b02ff64e44,6.565,12.4,13.534,124,10
askdocs_1uwnso1,9f2470eee978f6c2,16.344,25.0,4.0,25,1
askdocs_1uwnvaq,66a8f5cf3f8b8169,6.595,11.5,10.204,46,4
askdocs_1uwnwbi,55c917eccfaa67ce,5.112,13.0,9.016,117,9
askdocs_1uwo57o,fe07b05fa3c9e551,6.347,16.4,4.651,82,5
askdocs_1uwo753,368609238a53aa32,5.805,12.5,7.634,125,10
askdocs_1uwo7ew,6f642ac208b4f8e4,2.845,9.833,10.169,59,6
askdocs_1uwo7sl,1e23441aa3d4ed3f,58.833,148.0,7.095,296,2
askdocs_1uwo7yb,f87eb2e7167fca6a,8.886,19.179,4.797,1074,56
askdocs_1uwo824,c6c94e3d42e0d165,3.856,10.333,16.129,124,12
askdocs_1uwo88u,e1df96117169d106,4.457,13.0,9.774,130,10
askdocs_1uwo8fb,01ff1181c5811b21,6.726,13.0,5.797,65,5
askdocs_1uwobkk,1025c58c834edf1e,7.464,12.867,10.945,193,15
askdocs_1uwobvg,96d94cd97fc60c7e,6.13,13.333,4.762,40,3
askdocs_1uwociq,4471f8847d60204d,8.283,20.105,10.633,382,19
askdocs_1uwodbb,06e0520082c208cb,6.968,16.278,10.066,586,36
askdocs_1uwof7b,1c952613d77ae966,5.415,12.1,7.087,121,10
askdocs_1uwokrn,32f4c511cc660c58,7.959,21.0,12.698,63,3
askdocs_1uwokyr,4dce7091b43e7d75,8.222,15.0,16.23,180,12
askdocs_1uwol2b,16a64cf56e93321b,4.034,11.0,12.632,187,17
askdocs_1uwolvl,aa652248a18d3e0f,9.55,17.0,27.184,204,12
askdocs_1uwoo54,d2e9eda6d585d69a,5.879,15.3,8.367,459,30
askdocs_1uwoq92,aef04ad08d74b7da,12.267,29.0,15.73,87,3
askdocs_1uwosfa,baa5257f14dd00d4,10.342,20.364,16.486,448,22
askdocs_1uwou9v,21196eb29d192780,5.94,9.625,17.5,77,8
askdocs_1uwoux7,754eaeaa87c917c1,7.123,15.913,9.485,366,23
askdocs_1uwowfp,9784fc4344a6f3be,6.189,10.857,13.158,76,7
askdocs_1uwoz4r,3c252119f7ff218b,6.807,15.333,10.417,46,3
askdocs_1uwp1x1,e5401a59d3a08df3,15.119,42.0,5.541,378,9
askdocs_1uwp354,5c6ce089063fa79d,5.227,11.417,5.072,137,12
askdocs_1uwp43l,1c644f921155c78b,7.625,19.25,8.442,154,8
askdocs_1uwp7jv,0f6c625bfb8670ed,7.711,14.235,14.961,242,17
askdocs_1uwpabh,4a9eec7dabbe516b,3.425,8.562,12.414,137,16
askdocs_1uwpfqt,74ff3ced87621477,3.355,5.8,10.0,29,5
askdocs_1uwpjwb,74c334e52a5a079f,6.282,13.5,5.0,54,4
askdocs_1uwplid,0ede6f9668edf58f,7.995,18.818,3.286,207,11
askdocs_1uwplp1,3cf2b683db8a0aea,7.678,9.5,16.883,76,8
askdocs_1uwpr1g,babce29b08cfd125,14.131,33.0,8.286,528,16
askdocs_1uwprj8,1982cc289bd3d867,9.097,22.6,6.195,113,5
askdocs_1uwpt19,8daf703cc64334eb,7.118,11.828,8.527,343,29
askdocs_1uwpus1,f2d152660778855d,5.786,11.067,13.559,166,15
askdocs_1uwpwcb,2b0bc0bccb7b67cf,7.254,17.474,7.059,332,19
askdocs_1uwpwtz,bb334c4d750f874a,6.8,18.625,10.526,149,8
askdocs_1uwpx3y,ab2478d839134b1e,6.429,14.857,8.654,104,7
askdocs_1uwq0p5,1857bb94a5f69906,7.038,12.833,13.313,308,24
askdocs_1uwq1gy,91db94640236a7b9,6.671,14.455,16.25,159,11
askdocs_1uwq1i5,2a5a13662de9b15a,8.646,19.429,4.861,136,7
askdocs_1uwq31u,f3f693d909a65adb,21.2,54.5,7.306,218,4
askdocs_1uwq4bd,41823a295969e987,6.045,13.9,9.333,139,10
askdocs_1uwq4h7,15a3142f592ecc88,4.991,12.9,15.267,129,10
askdocs_1uwq4i6,ce5774b7733b14ca,12.257,28.0,10.386,336,12
askdocs_1uwq5hd,f2ca0f6283e083cd,7.852,21.0,9.428,294,14
askdocs_1uwq7lq,a25fe9a84c5d5c10,6.486,10.5,12.5,21,2
askdocs_1uwq802,7609b7ca8de32230,11.613,31.4,9.494,157,5
askdocs_1uwq89s,5b07da1669128c64,13.526,33.409,8.424,735,22
askdocs_1uwq9vs,7acc48f0c0876894,8.22,20.429,7.432,143,7
askdocs_1uwqcqc,925d131cfb0fb077,9.033,12.636,12.95,139,11
askdocs_1uwqcqn,4772ec6c912d3a64,9.393,13.25,14.545,53,4
askdocs_1uwqd6w,575c0bd352cfed7d,8.823,18.64,14.65,466,25
askdocs_1uwqf6j,a33c1796a59a0cfd,4.749,17.0,4.054,68,4
askdocs_1uwqg97,cd2db230b8ec6569,6.843,15.46,8.991,974,63
askdocs_1uwqgj6,d598abdd9b97289a,3.154,7.0,3.571,28,4
askdocs_1uwqh1e,a07e671c7cd56d37,6.408,16.167,5.351,291,18
askdocs_1uwqi6j,c80170dab3f77502,7.025,14.0,9.244,238,17
askdocs_1uwqplv,1195ebe81f431f72,10.134,24.2,9.091,121,5
askdocs_1uwqpyh,52f2b7b10283c8a3,7.65,15.2,10.625,152,10
askdocs_1uwqqpj,f6552a3098721e1f,4.633,10.0,13.115,60,6
askdocs_1uwqvk2,18e6099d3b425833,8.708,21.0,3.175,63,3
askdocs_1uwqvvg,34e0c226cb9eb616,4.834,12.167,12.0,73,6
askdocs_1uwqvwi,7f6e73ea7501a1c0,6.34,12.429,13.387,1653,133
askdocs_1uwqwz0,c7a851ceeb573ca0,10.584,31.0,17.647,31,1
askdocs_1uwqxy0,cde9541d98378e75,4.429,10.833,10.294,65,6
askdocs_1uwqyg1,8cbcc666989091e9,9.785,23.2,11.667,232,10
askdocs_1uwqzg2,341d56c7fac25d36,6.743,18.083,5.53,217,12
askdocs_1uwqzut,3691405d903429a3,6.516,10.0,9.459,70,7
askdocs_1uwr1jh,1d5f5e036db4043a,6.106,11.9,11.628,119,10
askdocs_1uwr2dz,4a425f0e47076805,1.348,8.333,11.538,25,3
askdocs_1uwr2t5,587d516347ef8fa2,7.448,12.2,13.821,122,10
askdocs_1uwr4nu,e3f5216089ea9dd3,3.559,12.6,10.606,63,5
askdocs_1uwr565,9acdf9b41bdea2d2,13.115,29.5,6.349,118,4
askdocs_1uwr8tk,6784e00d064244f5,10.582,27.5,10.714,55,2
askdocs_1uwr9sv,004bf4a232ebdbd6,10.381,18.7,10.0,187,10
askdocs_1uwrene,ba0344b9707288e6,8.5,15.5,10.012,837,54
askdocs_1uwrfzh,5c31441f192864f3,4.542,13.143,8.911,92,7
askdocs_1uwrib3,98fce664f50158af,9.716,17.318,14.103,381,22
askdocs_1uwrizd,f9fe5acaa7b58956,7.786,17.75,12.676,142,8
askdocs_1uwrjh3,a3bec8eae5f37a33,10.167,13.5,16.996,243,18
askdocs_1uwrjvb,2434a3ef750efe9d,5.942,14.571,6.796,102,7
askdocs_1uwrk8q,643175a91933462e,9.551,17.333,17.197,156,9
askdocs_1uwrkpy,eafe01c28e794177,8.139,17.938,11.111,287,16
askdocs_1uwrkyl,a2405212e7829f76,6.722,13.75,5.172,55,4
askdocs_1uwrtf8,1be12ebc1019188a,7.163,18.0,9.406,198,11
askdocs_1uwrvlp,d6793496a74e01d5,5.006,8.8,17.978,88,10
askdocs_1uwrxc4,9682e9c1273ce134,6.723,13.833,20.238,83,6
askdocs_1uwryci,bfdecd4d604bb6ee,10.149,17.833,10.693,963,54
askdocs_1uws064,1cfb4bd3f85c6557,16.238,34.0,15.714,68,2
askdocs_1uws25b,2591fa7df3c9eefc,4.892,15.0,4.0,75,5
askdocs_1uws4wb,9e05c28ee6f9dd2c,7.718,20.154,10.305,262,13
askdocs_1uws510,6dd7a0c2d2ec0862,8.553,11.3,18.333,113,10
askdocs_1uws724,bd90da9c0dd48abc,5.806,12.571,5.495,88,7
askdocs_1uws8ni,242a6461398a9390,8.512,12.2,17.829,122,10
askdocs_1uwsa86,d2bde55d54bba5ae,8.742,20.64,11.174,516,25
askdocs_1uwsawx,eae7ff14d48e84aa,7.36,16.846,9.13,219,13
askdocs_1uwsb1t,eda6d30ddd0259aa,2.649,8.0,18.462,64,8
askdocs_1uwsbif,7f0ddaed9cd360aa,6.956,17.25,6.522,138,8
askdocs_1uwse9b,9bd9c25b1bf4ecaf,14.119,25.25,15.842,202,8
askdocs_1uwsf6i,718430c39574f50c,8.369,16.556,11.111,149,9
askdocs_1uwsf9r,d62dd6e8cf64ccee,14.074,36.0,6.596,756,21
askdocs_1uwsfsm,2b8900620e2aaaf0,9.367,13.0,21.154,143,11
askdocs_1uwsg1o,5836017254e55c21,7.642,14.7,16.779,147,10
askdocs_1uwsgil,7f2173c79954a60d,7.583,17.2,7.778,86,5
askdocs_1uwshz5,15b19b98d119a1e4,3.711,12.4,4.762,62,5
askdocs_1uwsj5a,a1d8e506a1b0989a,8.016,19.909,5.856,219,11
askdocs_1uwskyw,69f6b0100614c8dc,9.639,18.6,6.969,279,15
askdocs_1uwsm2b,bb93c4b1f2b7c464,11.964,20.44,14.035,511,25
askdocs_1uwsm3y,5b08a8c508fdf553,4.055,8.375,10.294,67,8
askdocs_1uwsoft,93bfae7b376afc50,8.813,22.0,8.696,44,2
askdocs_1uwsqid,3ed32b4261303700,13.49,33.0,17.647,99,3
askdocs_1uwsqxy,0b2a8de354797fa8,7.55,20.0,9.091,20,1
askdocs_1uwsul5,d6a4e4e68cf834ff,6.195,11.545,11.636,254,22
askdocs_1uwszgp,781a33e42ca7d311,5.717,15.125,18.033,121,8
askdocs_1uwt037,505cf3e0ae881056,10.061,21.333,14.062,64,3
askdocs_1uwt22t,9c49f724162d64b9,2.908,11.571,11.111,81,7
askdocs_1uwt4nr,17124543788fc36d,57.48,145.0,7.483,145,1
askdocs_1uwt57l,6ad9799937e1bb42,12.009,32.0,9.091,32,1
askdocs_1uwt7qa,89f191abf9d050bd,8.865,22.25,7.865,178,8
askdocs_1uwt7wo,475332ac55a7126d,6.207,15.947,10.224,303,19
askdocs_1uwt8jj,0c55f60a0c3a1454,4.42,15.0,8.696,45,3
askdocs_1uwt9cc,4f89550986b53e07,4.386,13.714,4.167,96,7
askdocs_1uwta7x,454a38d5621dd453,5.047,10.2,3.922,51,5
askdocs_1uwta8e,69e09817bf0f62ad,5.699,14.44,6.349,361,25
askdocs_1uwte6u,6283c4828083e4dc,6.311,17.0,12.644,85,5
askdocs_1uwth4g,9bc14e964ec4d412,4.835,13.0,11.041,312,24
askdocs_1uwtp3x,0a33f86bf53d02fb,9.392,23.5,10.417,47,2
askdocs_1uwts6m,33e4c5f0e27a9078,8.016,16.316,11.963,310,19
askdocs_1uwtvov,f5eda887a4a0aee4,6.103,11.714,5.882,82,7
askdocs_1uwtwqh,81e74301edae58b8,18.281,47.4,8.787,237,5
askdocs_1uwty4f,cbecbcc656d54e87,8.429,25.75,7.477,103,4
askdocs_1uwtymz,95830106384c22e0,9.808,23.429,8.383,164,7
askdocs_1uwtyre,39da3f2039116961,6.915,14.941,13.027,254,17
askdocs_1uwu07u,f0e6998f4089d050,7.308,18.8,12.5,94,5
askdocs_1uwu0sr,bc66099cbfb7822b,6.915,16.333,14.0,49,3
askdocs_1uwu2lw,27815544c48dcec5,6.197,16.364,13.228,180,11
askdocs_1uwu2u4,3d37207f3db2c4ec,7.458,15.9,14.11,159,10
askdocs_1uwu66r,c2232759bb75d4fd,5.852,18.0,10.127,72,4
askdocs_1uwu778,4056dd237c16f9e0,9.727,18.667,10.105,280,15
askdocs_1uwu8ex,f42b1c3631dcd3c7,5.738,16.364,12.105,180,11
askdocs_1uwudi8,3639829671f897a4,6.061,15.5,12.903,31,2
askdocs_1uwugdt,6a704a66740c6088,7.125,13.273,18.493,146,11
askdocs_1uwuilh,b1cadcd7bee9fbfe,5.944,11.529,10.784,196,17
askdocs_1uwul3k,a65f00e112800b8b,8.442,15.375,10.37,123,8
askdocs_1uwumqn,4b127a1634626624,7.911,17.68,7.675,442,25
askdocs_1uwumru,6ebb39b5cd40fe0d,7.911,16.375,9.774,131,8
askdocs_1uwuqhq,1f274a82f1278b18,6.776,16.414,6.653,476,29
askdocs_1uwuqtl,fa43fd920488782d,32.411,81.5,13.253,163,2
askdocs_1uwuqvb,dd717278bf8296b0,8.261,15.5,10.638,279,18
askdocs_1uwus3x,1a6ba66a946e2fce,7.613,16.0,13.636,64,4
askdocs_1uwuujp,bd482ad200f173e5,8.058,17.8,11.111,89,5
askdocs_1uwuuuh,f4ed889202ae072c,6.936,15.333,9.184,92,6
askdocs_1uwuv2t,02c8ef9960bf61c9,3.373,11.667,6.897,140,12
askdocs_1uwuv93,21fb264d042eab14,7.864,14.143,12.06,198,14
askdocs_1uwuxa4,36c9e576b7e98d2a,10.077,24.714,10.983,173,7
askdocs_1uwv0yn,5fe22dba7f5a8372,7.372,19.533,4.762,293,15
askdocs_1uwv2tr,28dac339db667e1e,4.895,13.263,7.393,252,19
askdocs_1uwv32x,3ef5ac4457423deb,7.685,15.286,13.761,107,7
askdocs_1uwv7y7,78c6205c03acce31,10.073,15.812,15.146,506,32
askdocs_1uwvctx,8116da6aa93aafa1,13.96,40.25,7.229,161,4
askdocs_1uwven2,e13be377db0ec027,6.057,8.667,25.962,104,12
askdocs_1uwvlij,68be4e816fa7adc1,3.634,12.667,10.526,38,3
askdocs_1uwvo9s,a866cf54a4255eae,3.252,12.333,10.526,37,3
askdocs_1uwvotv,373946dfb7c8188e,7.777,12.75,14.286,102,8
askdocs_1uwvp30,fa42c45288069603,5.279,13.067,4.831,196,15
askdocs_1uwvp4v,606fd713104f7b1a,7.32,15.333,6.25,46,3
askdocs_1uwvr7j,9f254e2e691ee4a8,3.643,9.333,0.0,28,3
askdocs_1uwvri3,2e962b6d1ea73ddc,4.568,11.444,5.607,103,9
askdocs_1uwvrqz,012594abced4c610,7.768,17.0,4.094,170,10
askdocs_1uwvs20,5bede14201dbe47c,3.395,10.5,7.143,42,4
askdocs_1uwvy2u,3e96835814de961f,8.076,14.941,14.662,254,17
askdocs_1uww1h4,c86114b0397db965,4.42,15.0,11.842,75,5
askdocs_1uww50z,92035725cb8bbfd9,5.763,13.455,8.054,148,11
askdocs_1uww5sx,187274dc694ca465,7.952,17.75,10.959,71,4
askdocs_1uww6c3,00390bb34bbbb854,5.312,11.75,12.245,47,4
askdocs_1uwwi9n,25e4bd58b210828d,9.209,19.0,11.688,76,4
askdocs_1uwwjz5,d8774afd2c7a8511,4.326,7.429,11.429,104,14
askdocs_1uwwlcr,65efc14d0ed0b9ce,6.782,13.429,16.146,376,28
askdocs_1uwwmm0,ba9fcf98cf2243ec,10.647,26.727,4.422,294,11
askdocs_1uwwrtc,f44b6573733d4c19,9.395,28.5,9.836,57,2
askdocs_1uwwud1,81fb2064eb85afea,14.875,35.5,12.5,71,2
askdocs_1uwwvcy,85bde2a6d56bc502,11.386,11.87,17.544,273,23
askdocs_1uwx1me,b232d1328512bbc1,4.404,11.091,7.752,122,11
askdocs_1uwx1vy,71d743c3e705e5ee,7.424,17.917,13.761,215,12
askdocs_1uwx4bw,5034c285b63a163d,5.492,13.714,9.0,96,7
askdocs_1uwx5kh,0926caa84ef08c66,10.768,15.0,12.695,435,29
askdocs_1uwx7dn,ff27873ca10e1095,10.924,14.897,12.556,432,29
askdocs_1uwxdh6,5f3ac797b059bb78,7.922,19.889,13.514,179,9
askdocs_1uwxerh,3b0698dbb17cd710,6.757,14.667,12.5,176,12
askdocs_1uwxmy6,4d91cc63f2217d71,3.445,9.833,6.78,118,12
askdocs_1uwxp1i,1c14eca7bacb365e,5.968,8.0,9.375,64,8
askdocs_1uwxq50,257e4f2785c45092,5.666,10.8,14.545,54,5
askdocs_1uwy41e,7b9f83cb078d7e2c,4.498,10.273,10.0,113,11
askdocs_1uwy4nq,73e63efe2e5ba578,5.919,13.733,7.692,206,15
askdocs_1uwy5q7,79c3e92b816841e2,6.768,15.778,13.793,142,9
askdocs_1uwy8n5,744360c559fc4277,5.094,11.143,15.385,78,7
askdocs_1uwya39,3095bd5b5b14aca2,7.033,16.1,13.174,161,10
askdocs_1uwyd5c,c18399310d9f0f5b,9.288,13.8,19.718,69,5
askdocs_1uwyg0w,40731482e462e847,10.341,24.5,12.121,98,4
askdocs_1uwyg7e,9cac2e0f7d921344,6.115,14.25,0.877,114,8
askdocs_1uwyh2f,cfdca2888fe69475,7.664,18.786,13.308,263,14
askdocs_1uwykfy,cbc1c603b28ffea4,7.884,21.0,9.346,210,10
askdocs_1uwyp54,fc275210f2f33579,9.939,22.333,4.138,134,6
askdocs_1uwyqg2,8ab978c191cc7dfb,11.964,20.44,14.035,511,25
askdocs_1uwys96,183d2012517fe94a,10.423,21.714,13.9,456,21
askdocs_1uwywiy,fd4194a1b6666f9b,8.056,13.533,17.359,406,30
askdocs_1uwz0vs,56c44e394d8cab5e,34.195,80.0,9.756,80,1
askdocs_1uwz2u4,363ab81561d7a610,4.837,13.222,10.526,119,9
askdocs_1uwz571,b677190c3deb32a4,5.115,11.9,10.757,238,20
askdocs_1uwz8at,acde75c1fa3e890f,7.133,11.889,16.822,107,9
askdocs_1uwz8w7,0535f87ac38f6f8d,7.58,12.091,12.409,133,11
askdocs_1uwza68,10ff8dc883be36c5,5.69,15.857,7.965,111,7
askdocs_1uwzbb3,ea72734f11c8a654,1.957,9.333,17.857,28,3
askdocs_1uwzc9o,80c583bf5cd589fa,4.955,13.375,6.897,107,8
askdocs_1uwzch2,39a811e3d841e345,4.426,10.5,9.231,63,6
askdocs_1uwzcup,fc5cb02bdec670b9,7.784,15.75,23.81,63,4
askdocs_1uwzd71,4253ccf670a65835,6.322,14.25,11.864,57,4
askdocs_1uwzf7q,5b7c8f94f2ffe22e,4.142,10.9,12.174,109,10
askdocs_1uwzib2,3ca2d3d3ffecfc7d,10.053,16.426,10.022,887,54
askdocs_1uwzku1,d22d4867684b296a,6.702,15.071,6.532,422,28
askdocs_1ux01ba,ea9d237626334072,6.017,14.143,13.0,99,7
askdocs_1ux03um,fca2d84bba045b77,6.778,14.059,7.851,239,17
askdocs_1ux06dx,3fced9c5b6f10b6d,7.212,11.8,6.25,59,5
askdocs_1ux07cv,014ad6575635a0de,5.585,12.875,9.434,103,8
askdocs_1ux07kp,31c144f6d5108526,9.016,16.364,6.593,180,11
askdocs_1ux07p2,f8d73655112925e5,7.823,13.111,7.377,118,9
askdocs_1ux07u2,51f0c8780712c541,11.899,34.0,11.765,34,1
askdocs_1ux0fbx,af36f7412c0daa3a,10.212,21.561,13.443,884,41
askdocs_1ux0jiy,d75f23d81631eee6,4.339,10.235,14.857,174,17
askdocs_1ux0lud,df4c540fa92e0a21,4.334,14.357,7.477,201,14
askdocs_1ux0qx5,1e0477b51cc83bdb,4.927,14.714,10.714,103,7
askdocs_1ux0rzm,cc7631e924714b2f,5.104,17.667,20.37,53,3
askdocs_1ux0v4j,da26fd42bc93974f,10.744,16.385,16.972,213,13
askdocs_1ux0zcm,173bee05e04eab38,7.19,16.75,6.618,268,16
askdocs_1ux15vb,a73164669448da56,18.808,47.0,14.583,47,1
askdocs_1ux1845,6b20ea3ce7a995dc,10.871,22.975,13.565,919,40
askdocs_1ux19sy,7d80e5dc98d87fee,6.071,18.0,12.963,54,3
askdocs_1ux1jke,2f7ae007ec161574,10.865,18.667,16.071,56,3
askdocs_1ux1lfa,ef670b8c6b3b6ae2,8.278,15.758,10.28,520,33
askdocs_1ux1ltx,1f2ef13cb3ecc9cd,9.812,17.762,12.234,373,21
askdocs_1ux1nuy,d460c944dc106686,17.447,43.5,9.809,348,8
askdocs_1ux1qqt,82c3eb2501c4190c,10.126,18.356,13.064,826,45
askdocs_1ux1rsv,56bdc781726a98f1,7.755,14.412,15.175,245,17
askdocs_1ux1w1e,f0b695e53ded24ad,8.848,26.75,7.207,107,4
askdocs_1ux1xeq,9fc7f66a63c774b9,9.373,12.125,16.556,291,24
askdocs_1ux1z9l,cefede970d6e1198,7.163,18.0,6.79,162,9
askdocs_1ux2198,23161945bb9c188a,9.111,22.947,8.219,436,19
askdocs_1ux22al,3f276e5c97408e07,8.486,21.2,10.811,106,5
askdocs_1ux26xd,de96bee8b9f0d636,5.145,10.4,6.195,104,10
askdocs_1ux2b2l,1fdefba6a543c0bf,4.121,10.2,5.882,51,5
askdocs_1ux2db3,f02df56c51f79611,9.715,23.444,9.39,211,9
askdocs_1ux2eki,de73893bbcbe906a,3.624,11.222,9.615,101,9
askdocs_1ux2mu2,9ea6806f9810157c,9.83,25.0,7.087,125,5
askdocs_1ux2w9c,ef1a5dcf57651b83,36.117,95.0,6.186,190,2
askdocs_1ux2xaf,675615f7581e44eb,9.191,18.8,12.766,94,5
askdocs_1ux2xlr,3185707fa69e8559,5.027,10.0,1.639,60,6
askdocs_1ux2ytz,2380f620aa344c2b,4.876,8.2,11.628,41,5
askdocs_1ux2zgr,0df249fbab949165,4.8,10.5,9.524,21,2
askdocs_1ux2zs9,66c082bf050ef4ef,15.144,38.0,10.458,152,4
askdocs_1ux33im,f4eed53f4354cc15,4.131,11.667,11.215,105,9
askdocs_1ux34o7,1c13611d6143e78d,11.408,19.727,10.55,217,11
askdocs_1ux37mz,21d30b2c4f407cc7,7.753,13.333,22.222,80,6
askdocs_1ux38h6,841b701b37e71ecb,39.75,108.0,10.092,108,1
askdocs_1ux3i2f,7965e2de3163bfb1,8.054,21.625,8.427,173,8
askdocs_1ux3rm3,477fc8a314596463,7.008,13.667,24.39,41,3
askdocs_1ux3sl2,912d2a3d378924a6,7.454,15.0,4.386,105,7
askdocs_1ux3v0j,cb89a696d3bab252,4.732,9.083,10.435,109,12
askdocs_1ux3vml,f556515fd2da9548,6.876,17.429,17.46,122,7
askdocs_1ux3w4b,8381bc4c315b80c8,2.28,8.0,0.0,40,5
askdocs_1ux3y2c,2bd30cd558e86ed0,8.687,14.318,15.758,315,22
askdocs_1ux40n5,020d821c4d14f38b,5.709,17.4,4.42,174,10
askdocs_1ux44b9,87d0e46bedc6ecd6,8.491,13.917,16.471,167,12
askdocs_1ux44uo,faed2c615a749021,5.329,12.406,7.519,397,32
askdocs_1ux45pt,edefd13499a79ac0,5.329,12.406,7.519,397,32
askdocs_1ux46po,1b5451b1e51a7b11,3.196,10.2,15.686,51,5
askdocs_1ux48q4,d340fb95795ef0d7,13.538,39.0,10.256,39,1
askdocs_1ux4a16,028984ada1ea9dff,5.118,12.286,12.791,86,7
askdocs_1ux4fqa,d17d8824f08dbed8,8.524,16.684,10.972,317,19
askdocs_1ux4j9x,a6a13e446e5d5590,9.193,13.471,11.837,229,17
askdocs_1ux4oaj,4c6b078b5af762f4,1.998,10.0,5.882,50,5
askdocs_1ux4tnt,b2741a155d2d6274,5.796,10.471,13.228,178,17
askdocs_1ux50g1,bc2ba8e787a2b20b,8.137,12.667,10.526,76,6
askdocs_1ux51a2,6d5e53c083719bda,3.728,12.75,13.761,102,8
askdocs_1ux51i6,ec87e03f9bafa11a,7.274,9.75,20.0,39,4
askdocs_1ux53t2,4559b16ec9e9d93e,7.197,15.053,12.414,286,19
askdocs_1ux540c,d62fba1309757426,4.797,13.0,5.714,104,8
askdocs_1ux587k,0e969c57b19d49ed,2.049,10.75,11.628,43,4
askdocs_1ux58z0,e67ba4cee988fcd5,5.27,12.0,5.147,132,11
askdocs_1ux5c3d,555cf326e0f2b03f,8.778,16.643,10.569,233,14
askdocs_1ux5dkv,0b915ee389499fbf,7.321,17.143,9.917,120,7
askdocs_1ux5eif,4a96feda338e626f,15.774,42.0,9.774,126,3
askdocs_1ux5hap,b9b6cd796e4a7ab6,12.831,30.143,7.109,211,7
askdocs_1ux5hvx,2b295b7522d5c3b5,9.441,16.417,17.259,197,12
askdocs_1ux5ifr,0c4ceeb4e1de33bc,2.483,6.0,3.704,24,4
askdocs_1ux5k90,382eb83163b5d26f,13.018,12.0,27.5,36,3
askdocs_1ux5mnf,1ab10c5d73a6f3fe,8.462,17.375,7.018,278,16
askdocs_1ux5s4y,75cb2d355155bb41,4.237,10.25,2.439,41,4
askdocs_1ux5wl3,e370c82715c2ae22,7.247,12.778,12.308,115,9
askdocs_1ux5xxx,122b0009465da5fb,10.824,17.16,12.695,429,25
askdocs_1ux5zd9,1cd4dbf1cbc15d92,4.35,12.167,9.211,73,6
askdocs_1ux61lm,74c3656b25c24cdb,2.867,9.0,13.043,45,5
askdocs_1ux64lv,e309a64a0ecc3ad4,8.084,13.293,7.206,545,41
askdocs_1ux66zb,c2c87c2ccf5f4d27,7.203,15.5,6.452,62,4
askdocs_1ux6895,c1a1de756d34278d,9.186,19.0,9.6,494,26
askdocs_1ux6agt,ebb4f9d78acf2422,3.47,5.0,23.81,20,4
askdocs_1ux6bo8,164abf7cb3a6ce5f,9.668,21.167,11.024,127,6
askdocs_1ux6bzc,344ea45f8f7bef4d,8.67,22.562,11.295,361,16
askdocs_1ux6dj4,8a500dd50872a9ec,10.409,24.727,13.889,272,11
askdocs_1ux6ef7,962387b6a1dc6d4c,6.347,16.4,10.588,82,5
askdocs_1ux6j3k,d2ce8ea003d0a8ee,7.512,14.067,9.005,211,15
askdocs_1ux6k6y,0da59c08285953fa,3.959,12.75,17.647,51,4
askdocs_1ux6l3d,ea90bc5b2b8b348a,5.317,11.278,8.531,203,18
askdocs_1ux6uzp,11215ca98b4e138a,9.3,21.556,11.055,194,9
askdocs_1ux6v7d,6a5bd963b40f35e7,3.959,12.75,3.922,51,4
askdocs_1ux6yq4,7c785156af2f6b86,6.602,14.333,18.605,86,6
askdocs_1ux72sz,1ec15e37418e5fb1,8.222,16.182,12.366,178,11
askdocs_1ux74hw,026c8a0f25632cc7,10.061,22.636,10.277,249,11
askdocs_1ux7c08,67c9c87d32cbda92,5.397,12.429,6.667,87,7
askdocs_1ux7ces,9b08bdf5ef520fd5,6.928,12.857,11.702,180,14
askdocs_1ux7co4,8e5a368db4570581,10.203,20.75,13.274,332,16
askdocs_1ux7hkb,f9a0a9ade9505dfb,14.083,30.2,18.239,151,5
askdocs_1ux7o5m,48e20416fd4cc068,10.488,19.8,14.0,99,5
askdocs_1ux7u6s,410a24286d0ec3d7,2.712,11.333,11.429,34,3
askdocs_1ux7wlq,2537b15cc600215e,10.274,13.0,10.204,143,11
askdocs_1ux84mb,a8f738c7c2a62cf4,9.356,23.45,11.603,469,20
askdocs_1ux893d,72ecc07990224ce5,8.176,15.222,5.109,137,9
askdocs_1ux8arl,e37460f5504cb5d1,15.306,23.75,17.032,570,24
askdocs_1ux8eq6,8727c794aad738e0,9.705,22.5,6.077,180,8
askdocs_1ux8fz8,8085cd5b05e89a26,5.12,14.5,10.345,29,2
askdocs_1ux8ie1,cd257d8c56dc2bbf,6.903,15.482,8.997,867,56
askdocs_1ux8m0l,37ba8e58ba9e1420,11.394,30.5,12.903,61,2
askdocs_1ux8mgh,6c2072ad737fb465,5.993,15.0,12.903,30,2
askdocs_1ux8ndr,2e20d6057d47ce9f,5.098,11.226,11.396,348,31
askdocs_1ux8od4,f6177d757443aad3,11.971,32.5,4.545,65,2
askdocs_1ux8poq,965a30cc3e0004cc,10.049,18.1,9.783,181,10
askdocs_1ux8tqi,55f070c455be2098,6.967,14.833,18.717,178,12
askdocs_1ux8z55,dc7941cd7b6500e2,10.073,15.375,16.031,123,8
askdocs_1ux8z5g,88c75e260d163516,8.181,16.6,10.895,249,15
askdocs_1ux90lm,614520c7cc12d85b,13.588,28.8,16.561,144,5
askdocs_1ux96o8,cd2d47a819264357,8.488,27.0,3.704,27,1
askdocs_1ux9a7w,cb680cf12a661ff5,13.74,39.0,5.932,117,3
askdocs_1ux9ap9,d1450c495900b659,9.734,22.333,4.433,201,9
askdocs_1ux9awu,7eb910c502cd9e96,9.995,24.0,5.668,240,10
askdocs_1ux9b24,f1c4d04b13e35a53,8.746,18.364,12.808,404,22
askdocs_1ux9b8b,af5953cbbaebaaf6,5.173,14.133,10.407,212,15
askdocs_1ux9dqw,e25aba685299d721,4.258,8.75,19.858,140,16
askdocs_1ux9gqn,db856191fd1b2d3d,8.658,19.357,8.991,542,28
askdocs_1ux9iis,130f65b2141ecd0a,6.416,15.059,12.873,512,34
askdocs_1ux9l18,9b6ae80ec7441a11,9.095,19.222,10.0,173,9
askdocs_1ux9q59,dea997337cff8925,5.195,14.0,9.615,154,11
askdocs_1ux9rjv,689146892be435e1,5.533,10.667,6.061,32,3
askdocs_1ux9ucf,41bae57c9a52babb,7.017,16.667,4.739,200,12
askdocs_1ux9ul6,0cce55fec35ae5ea,8.137,18.222,11.429,164,9
askdocs_1ux9x56,6b6fb5d224c3fd51,9.073,14.5,10.294,203,14
askdocs_1ux9xo5,4cd22790d382d47f,4.379,9.6,7.547,48,5
askdocs_1uxa1s6,d9399374575ff9e6,5.299,13.5,8.036,108,8
askdocs_1uxa58n,9fa2db60ee30e463,5.961,11.0,9.302,121,11
askdocs_1uxa5wm,00a46dea309b6bc4,12.192,28.667,10.465,86,3
askdocs_1uxa6mp,14164b40896b2ebf,4.015,10.231,5.714,133,13
askdocs_1uxa6o6,fbbac4f9e1526743,11.799,15.676,11.273,533,34
askdocs_1uxa729,93fb30c590e8da56,9.082,16.333,11.765,49,3
askdocs_1uxa8mg,f325abccbd7bfce6,9.032,14.45,17.55,289,20
askdocs_1uxa94o,e02ab7646d0a5cb5,14.081,29.0,11.538,232,8
askdocs_1uxa99d,7062d8f9539e463b,13.605,36.714,4.669,257,7
askdocs_1uxa9qi,397217a735cc6fec,46.076,117.0,2.4,117,1
askdocs_1uxadsd,90e64fc79c07a615,7.199,16.458,12.069,395,24
askdocs_1uxaia6,70cd43e25b01918a,6.516,21.5,4.545,43,2
askdocs_1uxajms,8ea4ac74287db96a,10.554,17.125,12.23,137,8
askdocs_1uxao02,7579a894de37b405,9.545,24.6,7.752,123,5
askdocs_1uxapz1,c9d09a9354fb7c48,10.401,30.0,10.0,90,3
askdocs_1uxauz3,2ef3fe354d6b6627,4.83,10.0,12.5,30,3
askdocs_1uxaw7s,a38521a147a2f4a3,9.006,18.5,7.143,148,8
askdocs_1uxawb8,b68ab130a08bc72f,11.218,18.846,15.538,245,13
askdocs_1uxax4v,a3e699aba2121f05,4.338,7.875,9.231,63,8
askdocs_1uxb1a2,b6e6e24d41f7a349,6.878,14.118,5.138,240,17
askdocs_1uxb6oc,a395a30553b88a51,15.731,33.0,12.426,165,5
askdocs_1uxbak0,7494cd64cfa952d2,7.802,11.957,11.015,562,47
askdocs_1uxbcae,c0275175a0c5fa78,9.451,17.833,5.556,107,6
askdocs_1uxbi1z,279981e2be1fa2bc,11.273,20.684,10.327,393,19
askdocs_1uxblxu,3eac290332af4a1c,8.5,18.25,5.263,73,4
askdocs_1uxbnyi,7d69c42e07684b53,9.974,24.0,11.67,552,23
askdocs_1uxboxm,6e4e353259d203b1,4.787,15.75,4.478,63,4
askdocs_1uxbqkv,ab148e15f7e07b2d,7.262,16.923,10.667,220,13
askdocs_1uxbr9t,9efff1306a1e982d,4.781,13.0,4.255,91,7
askdocs_1uxbrkg,41e62a73e9084687,7.22,9.688,18.343,155,16
askdocs_1uxbsjw,4db4022f8a64584a,2.191,5.25,13.043,21,4
askdocs_1uxc25d,d966b7122bb0831a,4.168,12.0,13.514,36,3
askdocs_1uxc6k4,92eafc6fd4d27aba,6.821,16.087,10.188,370,23
askdocs_1uxc9on,1a91b3d24d3b69f7,10.721,23.0,11.667,115,5
askdocs_1uxcam4,8fecac9e130124ec,9.148,15.625,11.508,250,16
askdocs_1uxcfnc,e3a77926698e67bd,5.321,14.2,8.451,142,10
askdocs_1uxckb0,0b1ce734400099f5,6.997,12.963,13.314,350,27
askdocs_1uxcl49,cf8164947b28702f,7.948,17.19,9.945,361,21
askdocs_1uxcmnh,71f569ec24bdd92d,3.641,9.5,4.762,57,6
askdocs_1uxcpxf,1d9a664e7163a741,5.693,6.667,24.194,60,9
askdocs_1uxcstm,33323143b76d34d1,5.7,10.833,14.925,65,6
askdocs_1uxctrl,e5c76d1b7ef78d84,10.956,17.0,14.537,221,13
askdocs_1uxcwz9,27eaeb1293247d77,6.399,22.0,6.667,44,2
askdocs_1uxd2y1,b4b2f9f64491023c,11.977,26.091,10.764,287,11
askdocs_1uxd46w,6da4d1e16212c3ba,7.845,20.0,10.843,80,4
askdocs_1uxd48v,315cf60699d514eb,8.119,16.333,3.774,49,3
askdocs_1uxda7o,88c932b744f8b24a,4.59,11.923,7.595,155,13
askdocs_1uxda9f,b010bc92da3ce841,12.677,27.214,9.845,381,14
askdocs_1uxdaio,02f89b092e45af16,6.88,19.667,8.427,177,9
askdocs_1uxdcez,24929c8173048a14,9.967,17.136,15.04,377,22
askdocs_1uxdd36,f6a3d52ce2e3fe99,6.745,12.571,8.901,176,14
askdocs_1uxdddb,cf727d651d44b7f4,8.501,17.786,9.2,249,14
askdocs_1uxddgq,9389492b755a9f6b,5.83,14.3,8.219,143,10
askdocs_1uxddnx,9b4b60f24528fc05,5.028,11.556,15.094,104,9
askdocs_1uxdf1e,7ca4644bcccc3ea0,4.947,10.857,10.0,76,7
askdocs_1uxdfby,dc676d1befc1a904,9.598,19.2,7.0,96,5
askdocs_1uxdfj3,16db047748ca0f22,7.098,19.0,12.121,95,5
askdocs_1uxdgbv,63c4e454530fbaaa,8.756,19.176,12.865,326,17
askdocs_1uxdgjd,5ce1e2f1ae8b387e,1.389,7.571,11.321,53,7
askdocs_1uxdglv,c3337f8b3f56aaec,9.752,16.091,16.578,354,22
askdocs_1uxdipa,5fb6d150254a6e2f,8.007,23.333,5.714,70,3
askdocs_1uxdjsw,f9e0c4f309d5dd22,6.311,17.0,12.5,102,6
askdocs_1uxdk55,d90df5f1e047a071,11.411,21.429,16.129,150,7
askdocs_1uxdkht,e35fcb91814707c1,9.704,14.458,15.027,347,24
askdocs_1uxdnek,be0782ffec3ce3c4,13.543,26.667,11.111,80,3
askdocs_1uxdqqa,c0b4b1d395133f9f,6.935,22.0,8.696,22,1
askdocs_1uxds00,71b41654f70283ee,8.149,10.222,26.596,92,9
askdocs_1uxds0e,cf495531545a3ed0,6.424,13.188,9.168,910,69
askdocs_1uxdsib,c9b3d2ab08d186a5,14.163,36.5,10.959,73,2
askdocs_1uxdt47,202dbc10b9624e53,10.822,17.0,14.286,34,2
askdocs_1uxdvxb,c294c313d43fa7d7,9.652,20.708,13.281,497,24
askdocs_1uxdxw2,522f6b4e50097614,9.256,14.0,16.667,42,3
askdocs_1uxdzd3,00df86e0fa5a6a30,3.42,9.353,13.415,159,17
askdocs_1uxe0ry,ae7f37beeeddb062,5.807,12.0,9.494,156,13
askdocs_1uxe225,9ffad22d0f7c20d5,7.714,15.583,7.937,187,12
askdocs_1uxe4uu,d4bd3ddfc19d0e96,14.999,35.333,8.333,106,3
askdocs_1uxebe6,afbf3bc66f3b0583,31.053,79.0,7.595,79,1
askdocs_1uxefem,59c45d40d40928eb,6.063,13.889,13.281,125,9
askdocs_1uxefgb,6cbcdd1ea48a4c9f,10.048,20.868,11.029,793,38
askdocs_1uxekch,59fb3bcbca4617c8,6.834,15.952,12.023,335,21
askdocs_1uxem3x,5dcb2d4b3767ad0b,5.942,19.167,11.207,115,6
askdocs_1uxeo0r,c72cdc27a5ebf25d,10.053,17.2,17.416,172,10
askdocs_1uxesdr,bf4b982690826542,5.118,9.333,16.071,56,6
askdocs_1uxetpc,5cbd06026f34da17,7.187,15.25,7.812,61,4
askdocs_1uxeuxg,252298ccb0f1e42e,10.035,17.25,11.268,138,8
askdocs_1uxev2c,c4749e9b0cf27109,9.441,16.4,13.018,164,10
askdocs_1uxev81,87dc4044ebb925cd,5.043,12.4,9.231,62,5
askdocs_1uxev9z,78ac34b8cbea2f10,5.152,10.143,9.211,71,7
askdocs_1uxewax,010d6b8c8554a499,7.529,8.274,16.117,786,95
askdocs_1uxf1pj,ab59b206ca8f7b32,22.32,59.0,8.403,118,2
askdocs_1uxf23b,af41e691168041f7,7.907,16.48,12.706,412,25
askdocs_1uxf86d,cc4cdd42359fe3d3,8.86,15.333,16.495,92,6
askdocs_1uxff38,fe219e0ce39d5558,5.643,12.842,12.576,488,38
askdocs_1uxfjev,de366c8957e96ec7,7.426,18.0,11.828,90,5
askdocs_1uxfkxh,ed96a547491b479b,3.324,12.667,10.0,38,3
askdocs_1uxfm07,fc855a446b236319,15.654,41.0,16.667,41,1
askdocs_1uxfops,0395f8fe7473465b,5.84,13.417,24.118,161,12
askdocs_1uxfp9i,2080a1bb2a475146,8.498,16.438,8.148,263,16
askdocs_1uxfqpb,91c2342654b81ddf,9.237,22.545,8.046,248,11
askdocs_1uxfspy,89c2210b27e30152,7.498,16.75,10.294,134,8
askdocs_1uxftdw,8f1b30acc00bcd7e,7.26,16.556,11.95,149,9
askdocs_1uxfuy7,18554f9eaf37f511,12.12,20.5,16.867,82,4
askdocs_1uxfvki,3a59d6398501c09c,6.945,16.571,8.403,116,7
askdocs_1uxfyff,451c06e3eba28637,5.339,13.429,8.333,94,7
askdocs_1uxfyyj,8412bee5e541c28b,8.92,14.286,10.577,200,14
askdocs_1uxg0s8,53f3155dcc996052,25.202,57.5,8.197,115,2
askdocs_1uxg2ye,7c1f90cea19df17d,4.694,14.4,4.795,144,10
askdocs_1uxg4ly,359fe0356cc19978,5.635,5.75,17.391,69,12
askdocs_1uxg78w,3e4d06b553c0f1bc,12.992,28.4,11.468,426,15
askdocs_1uxg7qk,d9ea20649b823df8,4.395,10.818,8.333,357,33
askdocs_1uxg7xo,bbddb20049fd1911,11.638,23.611,11.059,425,18
askdocs_1uxg8m5,119a1dc9482a99cc,5.018,14.5,7.759,116,8
askdocs_1uxgd9i,84eec8dfc4352ded,9.367,18.333,18.675,165,9
askdocs_1uxgh0s,f672374a1f73a5ce,3.556,10.4,5.769,104,10
askdocs_1uxgjag,835763ca12407fba,8.596,15.833,7.292,95,6
askdocs_1uxgt90,294e9a4a953b453d,10.166,17.357,10.484,243,14
askdocs_1uxguv7,910111215338f763,15.949,29.636,9.94,326,11
askdocs_1uxgxmf,631d2ad17c316992,8.247,15.8,10.0,237,15
askdocs_1uxgym4,32ce994340f406ed,4.285,15.4,7.792,154,10
askdocs_1uxgz8u,692638c117f6772a,7.848,14.529,15.058,247,17
askdocs_1uxh053,826d61b403feea88,9.43,19.857,9.622,278,14
askdocs_1uxh25u,a24882d0d91b2bc5,8.564,15.091,14.881,332,22
askdocs_1uxh9tv,f4559747e9f2053b,13.361,32.182,8.556,354,11
askdocs_1uxhap1,559bf5fbde4c41a6,8.872,19.235,12.281,327,17
askdocs_1uxhbp2,f332e3215cc2ffba,5.697,12.111,20.354,109,9
askdocs_1uxhc25,8c0fa26f2a7e7f07,5.267,12.524,10.037,263,21
askdocs_1uxhcvi,7c43916acd84e706,3.886,10.0,14.0,50,5
askdocs_1uxhg11,e8b3a9dad20614a8,10.893,24.267,7.123,364,15
askdocs_1uxhks2,4c7aa8bf31a008fa,2.726,9.143,16.667,64,7
askdocs_1uxhlvm,0514fbafc4c5594c,10.6,25.571,8.179,358,14
askdocs_1uxhmz7,ca05db6f77b9296c,4.699,12.857,12.371,180,14
askdocs_1uxhmzo,d0c0a65816244562,13.39,21.0,16.667,21,1
askdocs_1uxhrpr,6ecd31d27b18aaf8,8.711,17.0,10.68,408,24
askdocs_1uxhucm,b94e9bac24140659,9.642,19.857,13.262,278,14
askdocs_1uxhvzz,f269827842d5c817,8.749,18.857,14.925,132,7
askdocs_1uxhz7i,acf0af7eb9bc01b5,5.811,11.833,13.514,71,6
askdocs_1uxi3fk,6a3ce465c131c1f9,10.13,21.833,10.791,131,6
askdocs_1uxi4i6,f174a7e87d0e9f71,5.369,13.714,11.458,96,7
askdocs_1uxi7as,92cefbed5c73fafe,6.089,14.857,7.339,208,14
askdocs_1uxi7zo,d739e1535c6b043b,11.391,28.0,7.252,252,9
askdocs_1uxi88n,4d80fc3ae63f1d0d,7.156,13.5,7.407,27,2
askdocs_1uxi99f,ad34fd8a87bfbcfa,30.652,75.0,11.111,75,1
askdocs_1uxib17,bd5907169dd0bc89,6.309,16.636,10.326,183,11
askdocs_1uxid8w,4b86c5bb2e209983,13.415,29.5,9.677,118,4
askdocs_1uxie3z,c36f8a067b877178,8.67,21.0,7.477,105,5
askdocs_1uxieun,f16c9b58572f78b0,6.936,17.5,12.551,245,14
askdocs_1uxifds,bb8d84c8905317c2,7.833,15.333,7.447,92,6
askdocs_1uxiflu,9c2a510a0ed3b105,8.158,14.917,11.892,179,12
askdocs_1uxinep,f6ebfc56054f1ca2,5.386,8.4,13.953,126,15
askdocs_1uxisge,83bc4d5bc24bf93f,16.807,40.833,6.8,245,6
askdocs_1uxitfv,acd320fcc6b2c6b1,8.305,22.125,8.475,177,8
askdocs_1uxiv5j,f41507024061155f,3.15,9.6,10.204,48,5
askdocs_1uxiw8q,1074e3c534692162,5.273,12.091,7.857,133,11
askdocs_1uxixr1,187bc57655ebb70d,15.618,36.5,30.263,73,2
askdocs_1uxixy9,e67f0c95917d7099,8.394,19.75,12.5,158,8
askdocs_1uxiysd,afdf7a1c6838141d,9.396,21.625,12.548,519,24
askdocs_1uxizd5,d16481f3271287b5,4.463,11.077,11.333,144,13
askdocs_1uxj2v6,aceb2fad55686eef,8.147,18.0,12.5,36,2
askdocs_1uxj3t8,39302673b6573607,6.825,19.118,9.226,325,17
askdocs_1uxj84c,f831a1b352f0726c,10.914,17.174,16.089,395,23
askdocs_1uxjjw4,c91b756fd2f7b57d,8.868,22.667,23.529,68,3
askdocs_1uxjk0n,7e6e48d692691bdf,9.841,14.667,15.135,176,12
askdocs_1uxjnm4,2cf0a8188fe8069e,6.56,16.375,4.412,131,8
askdocs_1uxjrn8,ec3bb1ede17ac8fc,19.832,53.5,10.185,214,4
askdocs_1uxjvyj,d8d37bd85fbd8c91,8.162,18.125,10.345,145,8
askdocs_1uxjy8l,b1ba2fbe037d6326,4.147,13.75,10.909,110,8
askdocs_1uxk2t4,ab6b51fe5911bcc4,5.338,15.692,7.109,204,13
askdocs_1uxk3pi,50b6776a9aa3a04a,8.812,14.857,13.415,312,21
askdocs_1uxk84o,48aa95629b83581f,5.401,9.5,8.197,114,12
askdocs_1uxk9ij,9518e85fd23c2760,7.799,17.85,9.788,357,20
askdocs_1uxk9sm,4698e76e93b4a72b,7.601,16.438,13.262,263,16
askdocs_1uxkagc,fd111ecbdc7ae073,8.981,20.462,12.915,266,13
askdocs_1uxkawh,00f5c327d8b5b872,7.924,17.5,5.405,70,4
askdocs_1uxkayu,91c5ba50c30f499a,8.648,16.28,8.675,407,25
askdocs_1uxkchr,85299ddae736a54f,30.918,80.333,8.0,241,3
askdocs_1uxkdix,20605ca66deff3a9,8.007,11.571,9.091,162,14
askdocs_1uxkezg,496571bb68121557,7.475,11.538,15.789,150,13
askdocs_1uxki5i,0e4d06ed07e5a50e,12.971,29.556,9.353,266,9
askdocs_1uxklqg,09c0fb80c4070e2b,10.448,22.435,9.743,516,23
askdocs_1uxkpsm,d7cc7fcf45e4ed85,8.903,14.667,15.556,132,9
askdocs_1uxkquc,550e1ddd81a69809,7.833,13.923,8.333,181,13
askdocs_1uxks9a,1d3f6ef71afe4a62,7.562,14.5,6.667,29,2
askdocs_1uxkufs,ba06fd4a5e1b6efb,6.981,16.833,9.901,202,12
askdocs_1uxkvuq,eb3855300ab23ced,10.212,19.5,5.435,273,14
askdocs_1uxkx0h,d6e8f024e7d991a7,7.587,18.857,17.037,132,7
askdocs_1uxky7y,7723a5a0764bb049,11.129,18.56,10.991,464,25
askdocs_1uxkzcc,53d5a22d66c64954,6.549,12.8,12.308,128,10
askdocs_1uxl1x0,78c628dff931047a,6.377,18.0,10.556,180,10
askdocs_1uxl86k,eae88920be1942a2,11.763,22.0,31.818,44,2
askdocs_1uxlfq6,7bb0a7cadf45f9ef,2.766,8.167,10.0,49,6
askdocs_1uxlgli,1a4ee84570a21a17,3.297,8.429,10.0,59,7
askdocs_1uxlho5,5be721532c6d5f29,7.029,13.0,12.5,39,3
askdocs_1uxlnip,30c3b8cff3c3261c,7.567,17.286,10.995,363,21
askdocs_1uxloqf,52dd25198d5a013e,8.162,19.25,7.143,231,12
askdocs_1uxlpny,9646b125eded6ce3,8.314,18.588,10.063,632,34
askdocs_1uxlrsp,0e48e3653737b7ab,4.11,14.143,11.765,99,7
askdocs_1uxlry5,089ddc174bf0ce08,4.078,11.385,12.162,148,13
askdocs_1uxlud2,885df0558a61a2a2,8.494,19.571,12.857,137,7
askdocs_1uxlvtz,6065620ca998075b,10.64,22.917,7.5,275,12
askdocs_1uxlwy6,6bd137970474474a,6.85,17.625,6.944,141,8
askdocs_1uxlxla,7a4f8b011777e711,6.504,15.238,8.788,320,21
askdocs_1uxlyeq,ded19196e8e585c4,5.148,14.667,6.122,44,3
askdocs_1uxlyug,c9ed2829b4cc6543,3.89,12.333,9.009,111,9
askdocs_1uxm02g,32f36d8164c07747,7.625,15.526,9.396,295,19
askdocs_1uxm0ae,677e92a7541255df,8.592,22.636,7.843,249,11
askdocs_1uxm7t5,bc591816c94518fc,10.288,22.867,12.813,343,15
askdocs_1uxmaet,9bed0a1760e3a0ad,7.981,16.917,9.804,203,12
askdocs_1uxmap9,e75af51bb296f2d7,6.044,9.143,6.061,64,7
askdocs_1uxmekz,45b9a1e461c4cbdd,5.656,10.0,9.259,100,10
askdocs_1uxmf0q,a3760ea6b09f7497,6.272,17.5,7.821,175,10
askdocs_1uxmfpp,bacafc4d13cf50d3,2.05,9.25,10.256,37,4
askdocs_1uxmgon,c62022c7732e1d3a,5.676,12.714,8.602,89,7
askdocs_1uxmicm,4ed748550b6932be,6.302,14.714,9.906,206,14
askdocs_1uxmijx,27b22f8177c626ac,2.618,10.857,5.952,76,7
askdocs_1uxml1k,047190bd71286cdd,9.643,25.667,8.085,231,9
askdocs_1uxmlif,7f152161c0dd05e0,3.509,8.0,11.538,48,6
askdocs_1uxmlnl,05630dd7ae30a982,5.79,17.0,10.145,68,4
askdocs_1uxmmq0,0fcba16147dbc03e,5.378,9.714,12.857,68,7
askdocs_1uxmv8k,4be6ded3897329f1,16.835,39.714,11.498,278,7
askdocs_1uxmw7v,f4e03c712ccf95d6,10.222,20.8,15.238,104,5
askdocs_1uxn134,ca4a8592f7b25793,10.229,22.5,9.945,180,8
askdocs_1uxn6qs,dbdf1b6a3c7e3f48,5.334,10.875,8.791,87,8
askdocs_1uxn9ie,b6ec8ae771b0c0e7,8.65,18.677,13.551,579,31
askdocs_1uxn9qe,1bce0e5b8c074f45,10.387,22.0,6.693,506,23
askdocs_1uxncbb,58ed0d4408ddd334,5.422,15.571,9.091,109,7
askdocs_1uxng9c,b6aa7bb20294129d,11.807,30.833,11.702,185,6
askdocs_1uxnikz,55807407949c0db8,6.866,11.789,6.926,224,19
askdocs_1uxnjzs,f200bc63d741df45,8.998,17.625,12.412,423,24
askdocs_1uxnkqq,277e9d8001660d25,11.897,19.727,17.373,217,11
askdocs_1uxnorh,25276993529f5af1,3.805,11.75,14.583,94,8
askdocs_1uxnp9q,efcf3698e32ec943,9.009,18.938,6.583,303,16
askdocs_1uxnt4s,09a314c0104e41e3,4.453,5.0,9.677,30,6
askdocs_1uxnvzt,c3a0b1d729ce15d3,8.664,18.957,7.517,436,23
askdocs_1uxnx5q,26cb3bf39e082a6a,4.056,11.75,6.383,47,4
askdocs_1uxnyk1,0653bc43a55dcf3c,8.975,24.8,5.976,248,10
askdocs_1uxnyri,6d7b103a9f9a94f0,11.09,26.0,12.842,468,18
askdocs_1uxnzx6,6c1f0500cfddc324,4.608,13.571,11.458,95,7
askdocs_1uxo1xl,ed0e3d0134731609,6.742,16.571,8.547,116,7
askdocs_1uxo282,8ddcadc2bee2dd87,6.015,15.167,8.696,91,6
askdocs_1uxo2wx,c42ad45f34cc6e66,5.929,12.652,7.492,291,23
askdocs_1uxo3d0,6ad24a724a41a20a,7.768,17.857,6.545,375,21
askdocs_1uxo403,1a868d3ee46460cd,9.675,22.333,9.901,201,9
askdocs_1uxo5cm,9193ced718f823f9,6.328,8.278,9.816,298,36
askdocs_1uxo7fk,f174fca6f6794d32,3.944,11.5,11.594,69,6
askdocs_1uxoars,b54dd6e476c7ada0,8.995,15.571,19.469,109,7
askdocs_1uxobp8,a6fb4445b29877d4,2.544,8.75,8.333,105,12
askdocs_1uxojcu,770c2640c0fc5592,39.323,104.0,9.434,208,2
askdocs_1uxojjk,44d524fcd25ace8e,11.858,26.8,11.852,134,5
askdocs_1uxol3r,e5fd24188c8215c6,14.537,28.25,16.667,113,4
askdocs_1uxolnd,d0e1ca82ed45ec6d,6.295,13.8,9.091,138,10
askdocs_1uxomfk,4ef78fba10b6f291,6.433,12.533,6.599,188,15
askdocs_1uxomua,100fd1a9ab6f2ec9,8.687,15.727,9.143,173,11
askdocs_1uxoqq0,dd7074b37206fd08,7.083,20.5,7.317,41,2
askdocs_1uxosz0,2f2d86af47c4707c,8.963,17.769,4.641,231,13
askdocs_1uxoucg,42aeac56f5d40286,9.183,9.8,7.843,49,5
askdocs_1uxouvg,eb94049664e22a6a,5.903,15.062,7.48,241,16
askdocs_1uxp0m2,2a117207c2f04a08,4.823,12.0,11.765,96,8
askdocs_1uxp1cv,2d3f632750423b52,6.656,14.857,9.722,208,14
askdocs_1uxp4hw,f17ab8a9995c4a78,5.448,10.8,12.963,54,5
askdocs_1uxp60h,3eec611d67e7faa0,4.517,11.455,12.03,126,11
askdocs_1uxp6tg,ef125593f5b9660d,6.107,14.6,12.162,73,5
askdocs_1uxp8wb,28d3fcd150cb1b4c,6.887,14.769,7.614,192,13
askdocs_1uxpbib,10706b45e7a6c03d,4.731,12.222,9.009,110,9
askdocs_1uxpbir,4a6b16bff35e26ed,10.148,24.5,11.336,245,10
askdocs_1uxpdle,f79febaacbab5aff,4.003,13.0,9.677,91,7
askdocs_1uxph6w,1299bbfc8e82fbac,4.095,10.375,6.818,83,8
askdocs_1uxpj7i,bdf527400e1a7127,8.042,17.812,11.15,285,16
askdocs_1uxpkb6,0f64ff598a44c86d,6.651,18.667,7.018,56,3
askdocs_1uxpqjl,a90ee5465b18eb1d,10.881,14.889,11.922,402,27
askdocs_1uxpvmn,535d8d63fe4b8630,5.711,16.333,2.0,49,3
askdocs_1uxpxph,c1c53658cb876d7c,4.672,15.25,7.812,61,4
askdocs_1uxpxz2,5512cdd9b1f327cd,6.828,19.444,2.21,175,9
askdocs_1uxpzdu,7e939e298deabe6d,7.353,20.0,9.836,60,3
askdocs_1uxq2u0,771e98b6488cb682,12.059,34.5,14.493,69,2
askdocs_1uxq52r,83294832dd2520e9,6.176,14.875,7.937,119,8
askdocs_1uxq5my,916fa5c419a3ad38,3.397,8.8,20.0,44,5
askdocs_1uxq7g0,a9488fa3aa4a43d4,11.051,28.5,10.526,57,2
askdocs_1uxq8n1,cecde4cfba0a0096,6.465,14.333,9.025,258,18
askdocs_1uxqc6n,56f0dcb4ede74de6,6.871,17.25,12.0,69,4
askdocs_1uxqd8t,392b8b204a1f0508,7.36,15.917,7.292,191,12
askdocs_1uxqgv5,86a79e8f4decd7e8,2.17,10.8,10.909,54,5
askdocs_1uxqhz7,010d21627fd1140b,11.957,16.889,16.825,304,18
askdocs_1uxqi7y,7275be27db60c017,7.438,16.125,10.448,129,8
askdocs_1uxqj0v,b28806b1923c5eb3,13.555,31.857,5.83,223,7
askdocs_1uxqj4h,f4a81cfd1fc35e10,18.085,42.062,9.209,673,16
askdocs_1uxql04,de6487d9d6e172bf,6.96,20.0,6.977,40,2
askdocs_1uxqoxf,f73a10dd28ffc1dc,8.598,17.5,13.245,140,8
askdocs_1uxqq0j,77895ad1f9a90b24,7.273,15.4,2.597,77,5
askdocs_1uxqr0o,342a0f21a749935d,5.848,14.2,8.0,213,15
askdocs_1uxqsg9,030b14e4ac1476b2,7.688,15.889,9.934,143,9
askdocs_1uxqspt,afbd8011cbe8aeb5,7.295,16.111,18.792,145,9
askdocs_1uxqtzh,fbeb9b19ec3a3ca2,8.304,16.0,7.581,256,16
askdocs_1uxqui7,5255b953f22c2512,14.468,35.0,6.542,105,3
askdocs_1uxqw5v,c26e862d2c98bf57,6.572,13.824,9.205,235,17
askdocs_1uxqwet,01b7e9657bb4c62b,6.905,10.429,17.5,73,7
askdocs_1uxr0do,2ec1a6b4d7b65bda,10.662,26.333,11.25,79,3
askdocs_1uxr0hg,90d6ecef22388891,6.823,15.5,9.677,31,2
askdocs_1uxr15t,30bba37ffefe6935,9.058,23.308,8.972,606,26
askdocs_1uxr3d0,60a60c1786649864,6.744,17.5,8.424,350,20
askdocs_1uxr4as,cb3352f2e765324b,5.906,13.385,11.602,174,13
askdocs_1uxr8dv,e2f6db410cc88df5,12.01,30.429,9.302,213,7
askdocs_1uxr8n9,186b560eadad2fcc,8.162,21.5,5.344,129,6
askdocs_1uxr9xl,adb94d71f09c9c91,6.595,15.125,7.087,121,8
askdocs_1uxrfee,13db7458115c45fd,3.289,11.667,2.857,70,6
askdocs_1uxrg97,72b03bfc04ff9dfa,9.788,20.5,12.56,205,10
askdocs_1uxrh1k,c8b865fc4aa3100c,13.094,26.75,6.422,214,8
askdocs_1uxrhfk,87c6445f5987bf75,8.102,14.556,10.87,131,9
askdocs_1uxrhvq,af3729c0c4ae7903,6.134,20.0,10.577,100,5
askdocs_1uxrjv1,bfd4af342ea04b93,3.513,8.4,14.286,126,15
askdocs_1uxrkbt,b709f26cd113ce5f,4.951,17.6,6.742,88,5
askdocs_1uxrn6y,58f479d4cb695a73,4.565,11.538,5.844,150,13
askdocs_1uxro17,116848c0e1b8958f,6.691,17.038,7.033,443,26
askdocs_1uxrs5g,d47530bbf795153e,2.05,9.25,15.385,37,4
askdocs_1uxrs8v,dc18b408aae72bf0,10.559,24.385,10.703,317,13
askdocs_1uxrtjg,273554ec56476e9b,10.159,26.111,6.773,235,9
askdocs_1uxrv88,be888cf5d96fbdc4,9.784,16.857,17.742,118,7
askdocs_1uxs1jn,7d759c09c3c776a6,6.479,18.833,10.619,113,6
askdocs_1uxs2is,8a5a11ad8fd5e02e,6.595,11.5,6.316,92,8
askdocs_1uxs5d3,3fdf8a5d3920b987,3.802,13.286,6.452,93,7
askdocs_1uxs80q,8ab7f09ab9896497,7.828,13.611,10.442,245,18
askdocs_1uxs8ps,5c8d43ad92ff8cfc,5.578,9.167,12.727,55,6
askdocs_1uxs8sx,d51296bd5353ef75,4.668,10.25,8.537,164,16
askdocs_1uxsckc,39e9219d0e34fd34,7.34,14.722,9.124,265,18
askdocs_1uxsfkx,7191eef46a4ec20e,11.344,28.0,11.429,168,6
askdocs_1uxsfmh,e1f2def631dc1e41,6.101,17.857,10.4,125,7
askdocs_1uxsfwn,8a3a430022d18eb3,10.312,22.316,10.251,424,19
askdocs_1uxshiu,cfbe45cef03b55dd,8.758,14.143,13.0,99,7
askdocs_1uxsikw,b943fffeb9539cb3,2.112,6.385,10.465,83,13
askdocs_1uxsl0z,8bdb87bab4783d56,5.327,9.625,6.41,77,8
askdocs_1uxslcw,4d5822a9d1d70718,2.08,6.857,18.0,48,7
askdocs_1uxsn5u,44a5ccf90d7668a1,7.857,16.833,10.185,202,12
askdocs_1uxsq5i,14b24a79a48b1966,9.927,23.667,5.634,213,9
askdocs_1uxsuid,5486812b95f93f9f,3.995,14.333,11.628,43,3
askdocs_1uxswex,93039da9e59fdb49,10.551,25.5,11.465,153,6
askdocs_1uxsyrr,ee7c7ffe0c5ce7b8,8.194,20.0,5.909,220,11
askdocs_1uxt28a,71a6a98759cfa4e3,8.115,17.0,5.682,85,5
askdocs_1uxt340,032c187f6b42412c,9.896,24.667,6.711,148,6
askdocs_1uxt7cs,72c3cf6c7668d825,8.033,10.0,31.429,70,7
askdocs_1uxt7hn,63be24666b0edd8e,7.849,13.429,12.371,94,7
askdocs_1uxt9d9,85fe303bac063ff2,9.999,20.833,7.634,125,6
askdocs_1uxtem4,20e1f5788836ae61,10.292,23.714,10.778,166,7
askdocs_1uxtf11,09567472d25260e8,9.117,20.625,10.778,165,8
askdocs_1uxtfq9,231072935a0e8003,8.263,22.5,11.111,90,4
askdocs_1uxtftb,8b64706bd609e6cc,7.55,20.0,14.286,20,1
askdocs_1uxtgnh,97f798619fa6d0e1,21.392,55.75,8.407,223,4
askdocs_1uxto2w,d8b008aa5b395ffc,18.355,46.333,9.929,139,3
askdocs_1uxtr4q,b1db07d2ef285a2e,8.792,25.0,6.215,175,7
askdocs_1uxtrt3,d15bb56b2b787860,6.172,15.647,7.491,266,17
askdocs_1uxtu7r,452dfe046b1aa85f,6.965,14.364,9.938,158,11
askdocs_1uxtv8n,c79b9a988e86ee46,2.535,9.6,12.121,96,10
askdocs_1uxtxj0,fb6419b78b416a2e,4.91,13.583,8.427,163,12
askdocs_1uxu11i,a5497351225532df,12.171,25.5,5.263,51,2
askdocs_1uxu1iz,1de777df03b52613,9.389,16.826,11.765,387,23
askdocs_1uxu61l,8388228a5d368df2,4.596,12.0,9.615,156,13
askdocs_1uxu6al,bd0667af3ef45769,9.672,13.778,17.188,124,9
askdocs_1uxubh4,76de87095bfb04ad,9.36,24.053,9.623,457,19
askdocs_1uxudun,3675124842664885,10.323,24.0,15.837,216,9
askdocs_1uxug7t,d04c9476f05a54bc,8.383,10.688,16.802,342,32
askdocs_1uxuin4,8176e9b431e3471a,2.645,13.75,8.621,55,4
askdocs_1uxukqc,a95e17f60b0858ad,5.963,12.333,11.538,74,6
askdocs_1uxulmo,8716a61507c88c35,4.85,13.667,4.762,82,6
askdocs_1uxuoqe,36f4fbe952f1745a,7.736,13.286,9.278,93,7
askdocs_1uxupe1,d24edb4e633ab6c4,7.713,13.571,10.101,95,7
askdocs_1uxuq2o,ce2aa403d05c6ac3,7.225,16.917,7.619,203,12
askdocs_1uxur1w,e170e9d0b3fdc45f,12.668,25.75,18.721,206,8
askdocs_1uxuzjw,278c716bf03a401f,9.216,24.167,13.103,145,6
askdocs_1uxv85q,8af6bc1b0a0fd839,7.125,20.667,4.839,62,3
askdocs_1uxv9la,24636848c7b77d9a,6.961,16.143,7.038,339,21
askdocs_1uxvggn,ac07a0b8c934f7f6,7.378,10.286,14.027,216,21
askdocs_1uxvh0w,9a56c2b0bbde1895,9.049,21.833,11.355,262,12
askdocs_1uxvhp9,c73933c7d6dceb1d,7.471,19.0,6.667,190,10
askdocs_1uxvhx2,81854828c01bc112,6.304,14.833,7.821,178,12
askdocs_1uxvj2v,7ac89c2392e82191,4.663,16.0,12.5,32,2
askdocs_1uxvlr1,ba19bf02fb832489,6.977,15.231,9.701,396,26
askdocs_1uxvlw4,3fb5a53db8892bd3,9.082,16.611,11.613,299,18
askdocs_1uxvmli,64c414122696cc86,7.508,19.2,7.071,96,5
askdocs_1uxvtj7,ba557b31925c3079,5.385,17.0,7.692,51,3
askdocs_1uxvxkh,1a989da5a200b666,6.466,8.5,5.882,34,4
askdocs_1uxvzg0,aed9236a6c53f256,7.085,14.417,8.523,173,12
askdocs_1uxw3se,e7a35463b01cdf2e,8.195,19.556,10.795,176,9
askdocs_1uxw5x8,56084122a2c6c87b,6.069,14.364,10.127,158,11
askdocs_1uxw6bs,1ad6589abe7f0aca,5.312,11.583,8.0,139,12
askdocs_1uxwcid,0e980becd401e72b,4.129,10.6,5.66,53,5
askdocs_1uxwgi0,2263b2946cc07ff5,12.668,23.909,9.259,263,11
askdocs_1uxwgus,35e3eca78e4d8cbc,6.231,11.385,10.473,296,26
askdocs_1uxwhg7,2d7721873917d3cb,9.18,23.263,8.855,442,19
askdocs_1uxwhp0,32eebcc7a1f91599,3.331,9.5,13.158,38,4
askdocs_1uxwipi,144e63405f6c00fd,2.996,8.5,11.765,34,4
askdocs_1uxwjft,4946a7c81299dc5c,8.283,17.083,13.146,205,12
askdocs_1uxwo2g,04b740a959f99e89,25.463,65.0,8.812,260,4
askdocs_1uxwo7z,5892fb3978168dc0,4.315,11.833,8.108,71,6
askdocs_1uxwq9i,40c5f8ecfb3f118f,8.085,19.25,6.369,154,8
askdocs_1uxwt0w,416eeaae65dbeb26,8.279,16.1,12.575,161,10
askdocs_1uxwwwx,d7ceb6217fc7503c,10.324,17.658,20.029,671,38
askdocs_1uxwzbc,ab247295701a9256,9.472,21.1,12.558,211,10
askdocs_1uxx0b9,48ff765ccd86a234,6.347,16.4,3.659,82,5
askdocs_1uxx1xa,8eb87eeb6f3eb420,8.687,14.556,16.85,262,18
askdocs_1uxx22u,697c99adf8cf7ff3,11.543,14.0,13.861,98,7
askdocs_1uxx3dm,2df949330481e843,16.406,36.714,9.398,257,7
askdocs_1uxx4gs,02ce384ad574062b,8.467,22.25,16.327,89,4
askdocs_1uxx590,64eff61366e311a4,5.523,14.111,14.961,127,9
askdocs_1uxx6s9,f4312a633e6ead3f,10.761,17.455,18.0,192,11
askdocs_1uxxep0,95d67d4455845b0b,8.138,22.167,4.138,133,6
askdocs_1uxxeum,85c01bf593473d13,5.429,13.0,13.131,91,7
askdocs_1uxxtjm,3d7753512a7f8630,4.344,14.667,11.111,44,3
askdocs_1uxxtzu,7a063d7531187441,3.981,9.0,12.5,72,8
askdocs_1uxxvr6,ca482521652a3f19,4.14,12.917,9.317,155,12
askdocs_1uxxwxb,c8d7c4c1e65406c7,8.35,16.0,9.877,80,5
askdocs_1uxxz3u,8c44a242850c6c2b,6.793,16.75,8.451,67,4
askdocs_1uxy51s,b1cb47f6bc4a14ad,7.165,20.211,8.571,384,19
askdocs_1uxy5uy,955223b35b83242c,8.331,20.4,14.423,102,5
askdocs_1uxy682,93c9a9d46b673e47,9.238,10.895,12.389,207,19
askdocs_1uxy7sh,b4a03edd3451db9f,5.387,11.0,9.901,99,9
askdocs_1uxyb27,bc67b29fcf9ca5b9,32.291,82.0,5.325,164,2
askdocs_1uxycz5,020e56fea561fe68,6.381,14.583,10.256,350,24
askdocs_1uxyjin,5648bd15530c7421,7.602,15.833,10.881,190,12
askdocs_1uxynvj,e4897a7da395e1c0,7.284,17.571,11.2,123,7
askdocs_1uxypis,039ea76857e82dc2,3.981,9.0,5.405,36,4
askdocs_1uxyvra,381b327732a973d0,4.575,12.538,4.651,163,13
askdocs_1uxz1dj,7aa09fbb6e976ba5,10.572,14.133,17.29,212,15
askdocs_1uxz53u,78e5aa7e4bb7b42a,4.746,14.667,15.789,88,6
askdocs_1uxz584,095541212bacb2cf,10.521,19.0,10.857,171,9
askdocs_1uxz7r0,e20078e197cda8f6,6.135,13.467,13.942,202,15
askdocs_1uxzfmy,b3caa7c41e1124bd,10.933,18.0,27.397,72,4
askdocs_1uxzh6r,a78135b63a1d1fef,8.443,19.2,11.919,480,25
askdocs_1uxzhgz,afc5c534a7040851,8.867,20.5,8.095,205,10
askdocs_1uxzigr,289cf787dd232be6,4.653,9.545,6.542,105,11
askdocs_1uxzmlv,c1ea8745f736dd1a,6.744,17.5,14.286,35,2
askdocs_1uxzok4,b2ee4c86cdb3f763,7.508,15.5,8.696,155,10
askdocs_1uxzx4d,f19fd07e6c292709,8.221,18.167,9.459,218,12
askdocs_1uxzxgc,00d30f8ca3e17f61,10.176,22.476,9.603,472,21
askdocs_1uxzyfk,59cc606797f2c1e4,8.087,23.0,2.899,69,3
askdocs_1uxzzn1,a030ba6b1a0b8808,6.79,12.0,17.123,144,12
askdocs_1uy0038,0d0fd3d300ad4ae7,7.014,9.333,17.857,56,6
askdocs_1uy00ho,35069ec135f3b487,5.22,13.75,10.909,55,4
askdocs_1uy01zi,fc3325c9018e6f1c,4.026,13.125,10.185,105,8
askdocs_1uy02ej,3e23783e66288a86,6.947,16.583,13.3,199,12
askdocs_1uy09ku,d26b5b556f7deae8,10.201,16.08,11.084,402,25
askdocs_1uy0axg,a4ac1f32a79205ce,8.138,20.3,7.442,203,10
askdocs_1uy0e0g,cc959f8dbd50a9ed,5.452,13.286,8.081,93,7
askdocs_1uy0g5l,5be9f5806f18514b,7.052,15.167,11.458,91,6
askdocs_1uy0jhk,66ff9476db23acbe,8.455,17.8,6.742,89,5
askdocs_1uy0krm,d175db72ff08713f,13.231,29.538,6.477,384,13
askdocs_1uy0vh9,034f7a6e3dc2a2e6,7.674,18.875,8.464,302,16
askdocs_1uy0vwr,8cbd73798a488ea4,5.425,13.667,6.024,82,6
askdocs_1uy0w32,6c3920d3f74b8631,0.764,5.625,14.286,45,8
askdocs_1uy0x51,a529bd2dde1cea8d,6.574,13.5,10.714,81,6
askdocs_1uy10rb,03a084e782b3ecc8,7.953,16.846,5.702,219,13
askdocs_1uy11o3,d66be6386422fa64,8.106,18.2,10.638,91,5
askdocs_1uy1cye,bae561f56583bb12,12.81,28.692,12.732,373,13
askdocs_1uy1dwd,1b91f0f57115bebe,2.446,8.222,8.0,74,9
askdocs_1uy1uat,d75abcc9481efd39,6.274,13.167,16.25,79,6
askdocs_1uy1w3h,a21060dd53404c2c,7.567,15.0,15.385,75,5
askdocs_1uy1xzz,3593b9318a391da8,5.72,12.545,15.172,138,11
askdocs_1uy1zx4,abe6bc00025ffdbe,5.124,13.0,10.314,221,17
askdocs_1uy221p,360472fca11abb0a,6.93,12.6,7.031,126,10
askdocs_1uy258z,722797685ce88fab,6.478,17.857,10.4,125,7
askdocs_1uy25n6,abcf98d3e4c05dd8,6.743,14.4,16.883,72,5
askdocs_1uy26r4,4f21e95be582fa8f,6.526,12.25,8.4,245,20
askdocs_1uy29tb,bd56684ac25d8dd1,4.098,10.5,7.143,84,8
askdocs_1uy2b2n,43fadb734ab760ce,10.464,17.75,20.552,639,36
askdocs_1uy2cwa,bd7f8b2c1de3bb44,5.325,15.625,9.701,125,8
askdocs_1uy2epf,36d9d1dc7a372417,5.166,12.333,10.435,111,9
askdocs_1uy2g6h,486d15c16d453869,10.177,12.444,12.346,224,18
askdocs_1uy2hyv,6e48ef0482216982,10.407,16.333,14.141,98,6
askdocs_1uy2kjp,43ac70b99cef5ab1,6.938,13.5,15.596,108,8
askdocs_1uy2mfg,fc279b85436d5123,5.687,14.125,15.929,113,8
askdocs_1uy2mfp,9dd196bccfd17636,9.49,11.5,6.061,161,14
askdocs_1uy2pni,a87507fc47d4520f,6.182,13.0,10.769,65,5
askdocs_1uy2rxd,49a21d1d572acdbe,2.538,7.308,15.625,95,13
askdocs_1uy2t0h,fc431690a6717681,11.392,24.364,15.074,268,11
askdocs_1uy2uny,67f1fda2e737e46f,8.13,21.6,9.649,108,5
askdocs_1uy2uuu,b207154580fa4e46,6.669,11.333,6.283,170,15
askdocs_1uy2uxx,4d7255830bd62470,13.189,32.0,9.697,160,5
askdocs_1uy2w0j,fb0cb1889453702c,2.28,8.0,4.0,24,3
askdocs_1uy3065,f215fefc8c6c0ea7,8.665,21.057,7.58,737,35
askdocs_1uy32p9,db5d23128cded6f1,11.589,29.0,13.793,29,1
askdocs_1uy34vv,44e6bc8556a56416,10.622,22.167,5.735,266,12
askdocs_1uy36xf,4fb5d9bd5fc52b2f,9.48,19.667,7.438,118,6
askdocs_1uy3czq,76d59c038b34b5cf,4.847,12.333,6.306,111,9
askdocs_1uy3evd,6c6e8515ffae5092,7.047,15.083,6.25,181,12
askdocs_1uy3fy1,009495c2c8de1fd8,6.738,14.308,6.599,186,13
askdocs_1uy3h84,d1f049998c5b50d3,7.583,17.2,9.195,86,5
askdocs_1uy3ikm,3260cdd6b619a7df,5.444,14.222,10.37,128,9
askdocs_1uy3jvw,3eae28bbb140f871,9.378,20.211,6.329,384,19
askdocs_1uy3ri7,1674406b32a2cba6,5.625,16.5,10.784,99,6
askdocs_1uy3z0w,539a7570083c5548,5.385,13.625,7.576,327,24
askdocs_1uy41cw,19f652963989bbbb,6.431,12.6,12.887,189,15
askdocs_1uy41wu,13550b0accc9440b,7.153,14.441,5.354,491,34
askdocs_1uy45qa,aae124f968616140,7.152,19.875,8.075,159,8
askdocs_1uy46a4,ee2a6b066c5fe516,6.527,17.846,7.531,232,13
askdocs_1uy46rh,4ba42f241dd51ad1,3.005,9.2,7.609,92,10
askdocs_1uy47e0,12fdbe799f97babe,4.409,14.0,6.897,112,8
askdocs_1uy4abv,aed0f9b5ea0caa08,3.084,5.333,15.152,32,6
askdocs_1uy4c6d,08c6593fe24d4505,7.601,9.46,15.712,596,63
askdocs_1uy4dil,e248a28334e1d607,4.643,12.2,1.639,61,5
askdocs_1uy4do5,3b882fc94518cdcb,9.807,16.286,6.838,114,7
askdocs_1uy4kfg,33752d52ac4018e2,5.09,13.667,7.937,123,9
askdocs_1uy4mvg,0b523426a3dc3eb8,9.125,17.917,13.717,215,12
askdocs_1uy4nll,312219697188f1f0,9.298,18.083,14.035,217,12
askdocs_1uy4sr0,f84665ec995405cf,5.902,15.857,7.175,222,14
askdocs_1uy4t0j,4b99da29bfcd9ac7,7.418,18.222,7.143,164,9
askdocs_1uy4tc6,083a67ba3bc4dd97,8.437,21.5,11.364,43,2
askdocs_1uy4uvw,b7c795e690dc5063,12.228,14.333,17.068,430,30
askdocs_1uy4x1i,91d08bb713898c98,5.963,11.375,16.129,91,8
askdocs_1uy4y8w,814294a3fb0ab5aa,4.046,10.333,12.698,62,6
askdocs_1uy51pw,1731ed472b2e252a,17.109,35.0,8.451,70,2
askdocs_1uy5391,9a1616f119830d2c,5.892,16.0,8.247,96,6
askdocs_1uy53d6,f54feff878a23fad,6.524,16.125,15.441,129,8
askdocs_1uy53ql,f9db54a6dd4d904d,3.393,8.9,15.217,89,10
askdocs_1uy57li,126c91755c7c4c6b,14.085,35.5,13.287,284,8
askdocs_1uy58j3,629a818e5ee740a6,11.424,25.571,9.73,358,14
askdocs_1uy58y3,bb020d934f29b785,7.717,12.333,16.279,37,3
askdocs_1uy5a4i,b489ec52984414d6,8.958,19.292,8.917,463,24
askdocs_1uy5b4g,6fa318a3257e06c9,5.051,10.357,5.806,145,14
askdocs_1uy5e85,1872cf175c4f1ea6,7.812,11.8,15.0,59,5
askdocs_1uy5hll,ef1660062164257b,10.31,20.172,13.536,585,29
askdocs_1uy5i17,00783b507fbd7eaa,3.267,13.667,2.439,41,3
askdocs_1uy5ix0,2183952a65e5a7dd,5.266,13.077,8.14,170,13
askdocs_1uy5kv1,cb7b1676f83ba589,8.355,12.75,15.686,51,4
askdocs_1uy5nfk,f688bcc06ccae609,7.732,18.833,11.504,113,6
askdocs_1uy5ogr,e9123caeb5445801,9.386,17.143,10.853,120,7
askdocs_1uy5p80,da3b3d94a4ef856e,6.967,12.75,19.608,51,4
askdocs_1uy5rwi,6993b96f2cb362cd,10.08,19.667,13.611,354,18
askdocs_1uy5tfu,60a8affba0467c67,7.166,18.875,7.742,151,8
askdocs_1uy5ub2,2639a78342843705,6.097,15.955,9.809,351,22
askdocs_1uy5voo,c047f58ebe414afc,8.374,16.667,16.0,100,6
askdocs_1uy5vsr,d468a8c180dad181,8.034,16.0,11.607,112,7
askdocs_1uy5wlt,079372d37609eeaf,4.457,11.5,15.493,69,6
askdocs_1uy60c1,82eff8d7dd903361,5.791,13.9,6.294,139,10
askdocs_1uy61xq,e0bf2e2f4b94985e,4.294,12.286,13.483,86,7
askdocs_1uy63m3,6e32c4133370b3ae,8.568,13.562,12.217,217,16
askdocs_1uy64pb,3e1d858b583af072,5.224,14.1,4.93,141,10
askdocs_1uy654c,b1629b6b8102d066,5.291,16.8,10.112,84,5
askdocs_1uy66w9,379fc56f928d454a,6.518,15.5,11.613,155,10
askdocs_1uy67nt,6b3ed9439a5382d3,8.583,13.571,18.0,95,7
askdocs_1uy69cw,634298d8ba2ad651,9.852,21.786,9.657,305,14
askdocs_1uy69uu,ea5dd111b5060371,5.88,10.846,6.897,141,13
askdocs_1uy6a11,2e6fbf23764f4f0d,7.55,12.708,20.192,305,24
askdocs_1uy6dzp,64ae807050e037f8,6.282,13.5,18.519,27,2
askdocs_1uy6h6l,d779eb4f217ec31f,9.326,13.182,22.819,145,11
askdocs_1uy6ix2,0d323c05f55ec45c,7.751,21.5,13.953,86,4
askdocs_1uy6juu,c98721eea6690303,6.494,12.455,10.87,137,11
askdocs_1uy6lyo,b021c602060cbae1,7.539,22.25,5.556,89,4
askdocs_1uy6m2q,43a52674d213f2c0,7.973,18.333,9.91,110,6
askdocs_1uy6nnh,e21bf3e1f6498da2,5.927,13.059,10.684,222,17
askdocs_1uy6pid,9e4af9ad97bbe89f,14.869,27.0,18.571,135,5
askdocs_1uy6rg2,99a78a14a07cd835,5.367,15.167,8.511,91,6
askdocs_1uy6sd8,d96b802992fe1954,4.721,17.5,7.547,105,6
askdocs_1uy6t1r,5f2c3346334c14f7,9.676,18.0,11.111,108,6
askdocs_1uy6wx8,f8442fa51f48b74b,7.229,15.833,11.458,95,6
askdocs_1uy6ytx,264f21140ee0bd62,1.839,8.5,15.385,51,6
askdocs_1uy7019,bbf4c74283b61f89,6.525,17.333,4.819,156,9
askdocs_1uy71wy,09ed0f606aa579ee,8.643,17.333,6.897,52,3
askdocs_1uy761j,2cb23d4799880adb,4.018,6.375,19.608,51,8
askdocs_1uy7660,2749f08900ba97d9,7.059,15.677,4.286,486,31
askdocs_1uy76im,eef6938567344e1f,7.582,16.365,8.716,1031,63
askdocs_1uy7bdv,6017c59bbc5bb439,5.197,18.0,10.256,36,2
askdocs_1uy7fjr,01d09c9ffada7850,7.568,16.983,11.219,1002,59
askdocs_1uy7gx6,2277a924abc52af4,8.137,15.455,16.054,510,33
askdocs_1uy7qix,f0f37be7ac4664ca,9.192,22.556,6.132,203,9
askdocs_1uy7r9a,da23bdaaf1b9ca70,9.149,20.343,12.297,712,35
askdocs_1uy7sdl,f742dfdc346da7f4,8.537,15.417,5.181,185,12
askdocs_1uy7y3x,4f52c48831e8c807,6.363,14.75,6.667,59,4
askdocs_1uy7yhw,6eb58d1b7b3b1d8a,9.125,13.292,11.953,319,24
askdocs_1uy81su,7d16f97efda3ffdf,4.457,13.0,7.634,130,10
askdocs_1uy82vq,53119e7e8077ef22,12.978,20.0,22.549,100,5
askdocs_1uy832y,f2c45410f7bdd9f0,7.457,14.696,8.235,338,23
askdocs_1uy83e1,e3e002b2a5c0b0f9,6.864,13.667,15.294,82,6
askdocs_1uy83tz,2d24554d85738f9c,6.381,15.273,11.765,168,11
askdocs_1uy84ik,3cfc22c6103c156f,3.794,11.667,8.511,140,12
askdocs_1uy84lp,b30394572f67773f,5.038,14.263,6.102,271,19
askdocs_1uy88oi,5e47b587f12329f4,5.666,10.8,12.963,54,5
askdocs_1uy8a0r,cb9f0a6b62de142f,5.413,12.0,6.557,60,5
askdocs_1uy8del,2dd77b02dfdf1b65,10.914,9.699,20.305,1678,173
askdocs_1uy8e9x,17ab1dbffd0efea7,6.936,13.75,17.857,55,4
askdocs_1uy8elc,f507d811e0f9faf0,10.105,22.125,9.043,177,8
askdocs_1uy8ime,b1944f3c0ae133d1,2.922,9.8,12.245,49,5
askdocs_1uy8lc2,70f129bd209ea486,6.529,18.1,7.182,181,10
askdocs_1uy8m72,d086a7ba67c0e323,6.13,10.154,14.035,396,39
askdocs_1uy8mic,e3d588bb1da785df,6.599,17.528,7.111,631,36
askdocs_1uy8n71,201e7e1f19cb02bd,6.763,19.167,10.0,230,12
askdocs_1uy8u52,2da6e7c913da49c7,4.543,11.5,8.696,92,8
askdocs_1uy8wks,32aca79d65cd60e0,8.054,14.4,17.808,72,5
askdocs_1uy8xh7,6f880554a8d6fec5,8.983,18.6,12.626,186,10
askdocs_1uy92ug,a822f0e88e24eb1c,9.766,26.333,7.955,79,3
askdocs_1uy96c0,cb941495d73c795d,7.118,12.0,26.316,36,3
askdocs_1uy9c7i,7fbaf78dd86920bd,8.277,19.4,11.111,194,10
askdocs_1uy9djr,047e473b2228b117,2.544,7.5,2.222,45,6
askdocs_1uy9fq0,d7bbcb2b561bf423,7.061,17.375,4.93,139,8
askdocs_1uy9ljy,e8ac2c439c3b905b,8.96,15.978,12.817,735,46
askdocs_1uy9nw1,d83abee1d2fa48db,7.802,19.636,12.5,216,11
askdocs_1uy9pki,b8831b4e2dc9c565,5.794,19.0,15.789,38,2
askdocs_1uy9q32,bac3825344077cb5,6.272,12.875,6.604,103,8
askdocs_1uy9qkn,9046dce023ee6167,9.095,15.769,10.377,205,13
askdocs_1uy9qq1,4dc62943dba2c3f5,6.137,16.0,12.245,48,3
askdocs_1uy9thi,59483a1fff7c7390,4.823,12.0,24.0,24,2
askdocs_1uy9tt4,e56f4677cbbc0f8d,2.768,9.643,10.145,135,14
askdocs_1uy9u9k,c2a720c5a7f3fb73,6.396,13.182,8.667,145,11
askdocs_1uy9ujd,900ac02825a74890,8.985,15.7,14.375,314,20
askdocs_1uy9v4i,511e6152d2551bfa,9.186,16.286,13.008,114,7
askdocs_1uy9wj2,d60ebeb79d45da4b,4.389,12.5,20.0,25,2
askdocs_1uy9yog,cd4425abe8714987,5.229,16.333,8.0,49,3
askdocs_1uya3f0,6ae471deb3a50475,7.013,10.2,14.286,102,10
askdocs_1uya6cl,b9f5afcfe483d941,8.14,20.0,9.231,60,3
askdocs_1uya6yh,aafaa587eb6eb428,17.638,45.429,5.405,318,7
askdocs_1uya79l,cd3405a5c4d835ef,6.277,13.333,9.877,80,6
askdocs_1uya8jb,637981f06d3024c6,13.261,27.433,11.611,823,30
askdocs_1uyabwk,4c02939c5ec25e69,4.387,9.769,11.278,127,13
askdocs_1uyaf4i,045340f4cf30d85c,6.043,13.556,9.677,122,9
askdocs_1uyafe1,5bae10864d70dab7,6.138,11.286,12.644,79,7
askdocs_1uyahbk,d849d1f7f01edf00,6.692,15.7,4.217,157,10
askdocs_1uyaik4,e7ef9e757e8f275b,7.55,18.375,7.143,147,8
askdocs_1uyal18,cd0483f820d4fd2e,3.187,10.1,10.377,101,10
askdocs_1uyaowr,008466f74adb4cfe,7.121,13.933,10.849,209,15
askdocs_1uyaqe8,f5e5af7f062bee21,13.858,31.429,8.804,440,14
askdocs_1uyaqqd,e51e922ea2233748,11.383,19.875,9.036,159,8
askdocs_1uyasrp,a1bcce29ad4eca4e,12.5,28.5,12.069,57,2
askdocs_1uyavdf,7400ed25a64505ac,4.24,10.0,10.0,40,4
askdocs_1uyaxwp,91c90f3e648cf46d,4.777,15.2,11.688,76,5
askdocs_1uyb1tf,52891b54abc76ece,8.137,12.667,16.25,76,6
askdocs_1uyb7vd,c3055d91b2bde1f2,6.766,14.8,9.091,74,5
askdocs_1uybaeu,4611f8191fc1033a,7.373,15.083,10.08,362,24
askdocs_1uybbza,af3ab9068e599b06,3.348,12.0,8.0,24,2
askdocs_1uybely,42f87a3449c5535c,4.19,12.75,7.767,102,8
askdocs_1uybf4i,b71fe44df0b7d921,8.951,21.0,7.042,210,10
askdocs_1uybji9,ba0b493ea5780b44,8.708,12.917,15.823,155,12
askdocs_1uybk1p,5d47040c64332bc1,4.19,5.333,8.571,32,6
askdocs_1uybo44,970a5d1f50317b3b,6.316,11.75,6.25,47,4
askdocs_1uybop3,52e5c0196e481337,8.419,18.952,8.82,796,42
askdocs_1uybs9k,b855a0620d167b25,9.128,19.158,13.477,364,19
askdocs_1uybutl,36f8afc5897fc432,10.91,23.571,14.371,165,7
askdocs_1uybx1w,93f9e5fe393f3141,6.787,13.964,15.96,391,28
askdocs_1uyby6p,c05a3465e31d4fab,5.647,14.065,7.761,436,31
askdocs_1uybzp5,9466584dde7a4dda,10.342,25.6,6.439,256,10
askdocs_1uyc0fg,2af305b92381cdad,4.791,11.111,6.863,100,9
askdocs_1uyc40f,e4ff48f8ecc79ab5,9.978,24.545,7.527,270,11
askdocs_1uyc48b,49f4c621d8aaae6f,3.069,8.889,11.111,80,9
askdocs_1uyc9gf,db5c634ad01ef5ef,9.794,23.556,10.138,212,9
askdocs_1uycbvu,de2ba4835fbeac29,8.743,20.667,13.71,124,6
askdocs_1uyceze,568e89d2b2a40861,7.879,15.68,10.93,784,50
askdocs_1uycfpt,e15211186144bf6e,10.632,22.143,8.529,465,21
askdocs_1uyciy6,05144031828ed707,7.48,21.333,9.231,64,3
askdocs_1uyckkt,d37644948111dd02,11.418,17.267,17.844,259,15
askdocs_1uycm3j,9eaf0e938430603e,5.444,13.833,14.286,83,6
askdocs_1uycns7,77ebf0a0e80b7c50,8.779,21.7,12.925,434,20
askdocs_1uycwi6,3502abd1a41294ec,5.984,13.714,6.186,96,7
askdocs_1uycy3s,082057a6d4cb019a,6.395,12.5,16.667,100,8
askdocs_1uycy96,c381e9a5b6818226,8.767,19.75,14.634,158,8
askdocs_1uycyei,22777c96b4408020,7.771,21.0,9.524,21,1
askdocs_1uycyt3,31b96ca94a95afb8,6.315,13.6,8.252,204,15
askdocs_1uycyv8,b528e17924fbb4e8,5.936,13.125,16.038,105,8
askdocs_1uycz91,cc45f91ee79ea62b,3.65,11.833,2.632,71,6
askdocs_1uyd009,2e431947bac07962,9.264,25.0,12.0,25,1
askdocs_1uyd0xq,5e7556faad7d871b,6.78,15.889,10.345,143,9
askdocs_1uyd5pj,3f24ffa02671c0a2,5.388,11.818,8.122,390,33
askdocs_1uyd6on,fe5e61b71ebc9421,8.519,15.885,13.002,413,26
askdocs_1uyd6sa,f1c3751fdbc596e6,8.62,19.474,6.766,740,38
askdocs_1uyd7ku,1338bed046958578,15.779,36.5,6.41,73,2
askdocs_1uyd9in,e7a7d59c08177a5d,6.602,6.824,14.683,232,34
askdocs_1uyddao,37f995b12da28105,12.857,34.5,8.295,207,6
askdocs_1uydeql,e3a01e75cd24db1c,7.529,15.05,15.132,301,20
askdocs_1uydg8e,249520c4e672f46f,10.501,21.0,10.438,294,14
askdocs_1uydgka,445a823fe9f52139,6.571,15.647,8.456,266,17
askdocs_1uydl73,075145b4aa8ecb9e,9.198,12.4,10.804,372,30
askdocs_1uydmen,ef374cc6fc6bdc9e,4.277,13.065,6.522,405,31
askdocs_1uydn80,442f37ddc77ed68c,7.668,14.25,2.222,114,8
askdocs_1uyds9l,8f25d7093f109e67,9.331,21.9,16.071,219,10
askdocs_1uydv3m,3fe232d029b76d17,2.544,7.5,13.333,45,6
askdocs_1uydx9c,ba7c12dcb52b37e7,9.054,17.538,10.127,228,13
askdocs_1uydzo5,170b1208fba2da44,7.902,11.4,22.414,57,5
askdocs_1uye366,f5be460005672600,8.262,16.882,6.272,287,17
askdocs_1uye48n,f752918d191714bc,3.586,13.167,9.877,79,6
askdocs_1uye67v,00d353b3a0023efe,6.681,15.6,10.714,78,5
askdocs_1uye6or,8bc6f961ef6b8602,6.769,15.438,9.6,247,16
askdocs_1uyed4i,fea96708623db955,5.537,9.091,25.714,100,11
askdocs_1uyedwo,7d189d6af67102f9,9.059,19.5,14.53,117,6
askdocs_1uyeeod,2a1317b1e76ed938,5.212,11.8,6.667,59,5
askdocs_1uyeiea,61ad8eabc64a7d97,7.339,15.2,9.211,152,10
askdocs_1uyeil1,3b2bebd3f1c44f9b,7.83,16.5,13.333,132,8
askdocs_1uyejum,162b0f4b11ae860b,11.01,15.5,18.75,31,2
askdocs_1uyekzs,0b8b2df3629cfc87,7.898,17.353,10.299,295,17
askdocs_1uyenb6,c3addd32db1310ed,7.307,11.833,6.757,71,6
askdocs_1uyer03,824b0afa0760c047,9.327,27.25,4.505,109,4
askdocs_1uyes5m,bee53e6f6de05c81,6.965,15.857,8.898,222,14
askdocs_1uyet6t,ed37bc989861a636,7.015,13.333,14.198,160,12
askdocs_1uyeuei,b8c110292ef66701,41.391,106.0,3.571,212,2
askdocs_1uyeups,00a257694e69989c,5.928,13.545,9.15,149,11
askdocs_1uyeuzf,b5d72fdf11b591bb,7.029,13.0,7.5,39,3
askdocs_1uyevpy,124eaa0d4992538e,7.653,15.3,7.643,153,10
askdocs_1uyew6v,8800b331f917e8f1,8.385,20.857,5.442,146,7
askdocs_1uyf0cr,dde77f7103a1a7f0,7.01,11.647,11.33,198,17
askdocs_1uyf0x2,486afc195b164877,2.234,10.0,17.647,50,5
askdocs_1uyf450,587df5bedbd39b77,25.162,66.5,11.94,133,2
askdocs_1uyf4pd,e1f58a614c2160d1,53.492,133.0,10.145,133,1
askdocs_1uyf9fs,568442e2c8cda642,7.438,17.889,9.756,161,9
askdocs_1uyf9zl,d4535b62d77c9a3c,7.967,20.444,10.215,184,9
askdocs_1uyfc6s,f92f3039bbebcdf4,7.933,9.625,6.494,77,8
askdocs_1uyfigt,434f4625b8d54b73,4.456,6.636,6.667,73,11
askdocs_1uyfj0t,1192b051819702c1,21.567,48.0,24.49,48,1
askdocs_1uyfnag,d9c8b01e1052e7d6,6.095,14.0,7.018,56,4
askdocs_1uyfqu8,291f4f23a2cff1d5,6.825,14.4,13.194,144,10
askdocs_1uyfvc1,0236e066db6f614a,8.838,17.25,15.603,138,8
askdocs_1uyfynv,83f780ba238964dd,11.85,23.0,11.304,115,5
askdocs_1uyfzs6,6ff6815d18e744d8,9.387,15.167,23.077,91,6
askdocs_1uyg01k,d7ad311a26ebbb95,8.562,15.571,14.286,109,7
askdocs_1uyg6zt,efa8e44b1ec1ca84,5.6,15.0,8.021,180,12
askdocs_1uyg7cl,535a166ead7bce77,4.698,11.273,9.924,124,11
askdocs_1uyg9ll,25a8e4fb32a78780,6.415,14.4,12.162,72,5
askdocs_1uygedk,4926c3c60283ff28,7.253,15.429,9.565,108,7
askdocs_1uygehz,dd6df1f07368e610,8.347,15.8,11.392,79,5
askdocs_1uygfp1,6f7aaeac016b4c78,5.815,9.5,17.284,76,8
askdocs_1uygjpp,6b7177e69842fe20,8.748,17.167,14.151,103,6
askdocs_1uygm3c,706e7be794e4c0cc,10.217,24.6,5.6,123,5
askdocs_1uygqdc,6477243952892aa9,7.049,15.111,17.143,136,9
askdocs_1uygqko,b2b0ab5917b54162,11.117,25.045,9.964,551,22
askdocs_1uygwzq,b93af8cab8dfe99a,15.086,34.545,11.78,380,11
askdocs_1uygzl1,79e6a3130ff3e4f9,21.844,55.0,6.087,110,2
askdocs_1uyh38m,53530eade61f0f75,10.704,19.2,18.447,96,5
askdocs_1uyh6fw,98bea70e543db8df,8.872,19.235,12.281,327,17
askdocs_1uyh77j,0ba9b269de2395ec,9.347,12.0,17.355,120,10
askdocs_1uyhdtx,a9e83e935fd9febe,4.097,13.5,14.286,27,2
askdocs_1uyhmdi,94ca2f3bd967b274,14.603,35.833,10.022,430,12
askdocs_1uyhmev,decef20d7e3c3c56,6.331,13.727,7.792,151,11
askdocs_1uyho67,81c21aa30279c1cd,5.025,12.1,9.756,121,10
askdocs_1uyhptv,8bb3228de3173e28,4.871,9.6,10.0,48,5
askdocs_1uyhwdy,a0377d35a7af58cd,7.915,18.667,10.526,56,3
askdocs_1uyi35p,d9f9eaa188952f06,7.923,16.917,10.577,203,12
askdocs_1uyi47j,19bdd4bbc4573a21,7.819,19.333,7.627,116,6
askdocs_1uyi6gl,f6d9be8d57f2cf58,26.062,66.0,14.925,66,1
askdocs_1uyiayu,f62a9fd00177c5a1,2.288,7.333,8.696,22,3
askdocs_1uyieda,0c5df99074056a31,4.748,15.0,13.369,180,12
askdocs_1uyifpb,ba488800862e90b2,5.785,13.667,6.587,164,12
askdocs_1uyiiln,6d488b0c088c6301,5.949,9.048,18.557,190,21
askdocs_1uyij0x,92fa3a5da1d0df72,2.28,8.0,16.667,56,7
askdocs_1uyijxo,356e0cb3d97b50ef,4.702,9.0,10.417,45,5
askdocs_1uyil2r,98d41c4e673631b6,7.969,12.75,12.658,153,12
askdocs_1uyin72,9ce7cb6d74b53bf8,5.787,13.615,7.179,177,13
askdocs_1uyincz,ecda80208340f8b3,6.423,15.333,8.247,92,6
askdocs_1uyingq,7ec4ca094e5f0f46,2.693,9.667,6.122,87,9
askdocs_1uyinuj,c594d7c2a77192db,6.056,15.464,8.83,433,28
askdocs_1uyio8j,bee3f0a1c1b2f7f6,2.296,7.2,18.919,36,5
askdocs_1uyiotu,7265b1d003ce9104,8.935,17.5,19.178,70,4
askdocs_1uyiq8k,c4890815085e3987,5.945,13.091,14.777,288,22
askdocs_1uyittz,4853aa67ecb1548c,7.582,16.286,8.155,228,14
askdocs_1uyiuyy,36ae3923470410c1,6.97,15.789,8.117,300,19
askdocs_1uyiw3m,b56c1a88bf129ebb,10.15,26.667,7.975,160,6
askdocs_1uyj23k,6028d16bca2e977d,8.308,14.0,4.348,112,8
askdocs_1uyj3s4,243b5c82b94837c9,7.204,22.0,7.692,88,4
askdocs_1uyj4dd,8b7f8a06fe1125fe,6.501,14.286,7.477,100,7
askdocs_1uyj5ft,fd7961cc33976ad0,6.982,7.529,14.599,128,17
askdocs_1uyj5gh,b6a38b76f33b7e1f,7.043,9.978,10.729,459,46
askdocs_1uyj5vd,de56327e6a92f67b,7.118,17.3,8.475,173,10
askdocs_1uyj6e9,6fd20dd0a57b9755,15.581,37.429,6.844,262,7
askdocs_1uyj9gw,50e03c2162fa8169,4.692,11.875,3.158,95,8
askdocs_1uyjh8v,d1f021a1fdd3c3d9,9.524,23.333,10.0,70,3
askdocs_1uyjhw4,4376e9009175ae14,7.819,18.895,7.568,359,19
askdocs_1uyjn2m,52641e9057144de4,5.891,11.917,7.639,143,12
askdocs_1uyjn41,65368a52649b425d,5.292,9.0,19.444,36,4
askdocs_1uyjpeo,2e421c7b8a2a0d4d,10.87,20.069,13.659,582,29
askdocs_1uyjsq8,fe0ae2114d2799d4,4.464,13.6,13.889,68,5
askdocs_1uyjtg4,2b106856d5083c3a,8.35,16.0,11.504,112,7
askdocs_1uyju7z,032c0403ac38546c,4.237,10.357,9.396,145,14
askdocs_1uyjugy,49b6ea493c75d577,8.474,17.273,10.417,190,11
askdocs_1uyjv0c,f1d868dfdac5289f,3.817,7.667,17.391,23,3
askdocs_1uyjycw,02e172368bc45689,11.014,25.5,13.725,51,2
askdocs_1uyjz23,c119754b1c7d8833,2.764,8.5,7.407,51,6
askdocs_1uyjzga,cc70f6d22aa17b3e,7.327,16.8,10.588,168,10
askdocs_1uyk04g,c30bf06091824f28,6.149,13.0,10.738,143,11
askdocs_1uyk102,7c6deead3d9630fc,6.275,14.875,7.317,119,8
askdocs_1uyk2mh,d3ca430b6b086eb4,7.503,16.167,6.701,194,12
askdocs_1uyk5xh,a993ced8a7bb4818,3.06,10.0,7.5,40,4
askdocs_1uykb06,338f7e1f695ea540,4.965,12.553,10.282,477,38
askdocs_1uykbbx,ac6c03ce56e9b4c8,7.365,10.375,13.793,83,8
askdocs_1uykcc1,a1e7fc6707423026,9.081,22.0,11.111,44,2
askdocs_1uykk9r,0095ebebb1dde2a1,26.358,58.0,10.938,58,1
askdocs_1uyklkt,f502a8d7c1f2c00b,7.562,14.706,9.881,250,17
askdocs_1uykmy9,85d156052e8b4357,4.94,14.4,16.216,72,5
askdocs_1uyknjk,e5736f566c4a1370,4.32,10.19,10.86,214,21
askdocs_1uykntv,f0abb9bda1edd9c9,3.954,8.889,14.815,80,9
askdocs_1uyko7v,7f17c35a032a00cf,5.878,13.929,8.374,195,14
askdocs_1uykoi3,a87b318389832472,11.58,26.444,13.333,238,9
askdocs_1uykq0h,e554995084c12419,5.761,13.667,12.977,123,9
askdocs_1uykqst,7caca1c780c9daad,2.825,7.333,9.091,44,6
askdocs_1uykth3,db2feacdf5617446,8.118,17.533,12.721,263,15
askdocs_1uyku3d,5c6824c118b3fd57,6.075,18.25,7.792,73,4
askdocs_1uykusq,ebd20cd67b491385,5.81,11.875,10.101,95,8
askdocs_1uykvhc,5657b147e723af0d,7.346,19.0,7.692,38,2
askdocs_1uykvjp,4586334fdd0c04e8,7.918,17.26,11.34,863,50
askdocs_1uykwt8,d35c4475fe946176,7.11,18.5,9.309,333,18
askdocs_1uykxi1,21c21f67ed82faa1,9.26,21.5,2.326,43,2
askdocs_1uykz8d,75dfaec9ff3ee242,6.866,13.417,15.951,161,12
askdocs_1uykzym,fc3fef7e03fb4330,8.511,9.086,16.77,318,35
askdocs_1uyl260,52d859f88c27555b,9.002,13.636,14.935,150,11
askdocs_1uyl2bb,dd813f9182236070,7.774,15.5,11.111,62,4
askdocs_1uyl301,5b29cbf7c77ad032,5.563,11.75,8.333,47,4
askdocs_1uyl5em,2e6002de4e62174f,8.572,19.231,8.462,250,13
askdocs_1uyl708,a7a4e9251b882c5b,5.006,11.6,4.918,58,5
askdocs_1uylacx,63a14cde30a1ddd4,6.024,11.6,15.517,58,5
askdocs_1uylauv,a04f32f5f483a6ad,5.466,13.333,5.917,160,12
askdocs_1uyldyw,96fd9618c63b5578,5.912,10.583,9.848,127,12
askdocs_1uylf17,1fd8ef6cc584f157,6.459,13.235,9.211,225,17
askdocs_1uylf9o,ffe9e1cc3dac1ff8,9.282,25.071,5.899,351,14
askdocs_1uylhu3,9fa6eabd2601cfaa,6.994,12.4,18.474,248,20
askdocs_1uyll3j,e54bb3cc91954ab0,5.547,11.455,7.519,126,11
askdocs_1uyllu8,e6e616a796e3c81d,9.963,15.5,13.281,124,8
askdocs_1uylnfm,1e2ee96800a5aa63,7.317,16.0,10.559,160,10
askdocs_1uylo4f,1d94e316b86f2667,4.428,14.0,8.387,154,11
askdocs_1uylpz3,3b3f805222777698,4.815,11.85,15.768,237,20
askdocs_1uylqpl,2ad30cfa268661cb,4.076,11.0,10.784,99,9
askdocs_1uyls0z,276cfd8707b94d9d,9.894,23.5,14.384,141,6
askdocs_1uyltqk,544b44620ccb209e,9.253,21.462,10.806,558,26
askdocs_1uylvnm,f2e34666a4b9f827,9.065,23.077,11.146,300,13
askdocs_1uylvx4,a14938a09b507e90,9.008,20.938,8.333,670,32
askdocs_1uylxga,76c5a69adc8cce96,7.126,15.231,12.782,396,26
askdocs_1uylxo3,35dd9a43b3fbcde7,9.014,22.938,9.375,367,16
askdocs_1uylxy4,e0cdb258756b5394,2.365,11.333,17.143,34,3
askdocs_1uym12f,d1881c4b495f026b,7.678,18.0,9.091,252,14
askdocs_1uym21f,d9ad266552aadd50,7.686,17.833,4.587,107,6
askdocs_1uym24m,b07c5bb9ee77b24f,7.186,12.333,9.821,111,9
askdocs_1uym4n3,d554304b8b77510a,14.456,32.909,10.569,362,11
askdocs_1uym530,82edb4bc542b01ed,6.864,16.833,12.621,101,6
askdocs_1uymblp,5bb49a2be146bbd4,6.283,15.0,12.587,285,19
askdocs_1uymh7n,78ae2af95c93571c,9.914,23.6,9.322,118,5
askdocs_1uymhd6,1a99645dc8c95c6f,9.772,22.353,10.336,380,17
askdocs_1uymhlx,e919341001619fd3,7.53,16.227,13.333,357,22
askdocs_1uymiwb,b10c38c5e0203f58,10.107,26.5,5.247,318,12
askdocs_1uymiwk,68152c24b116e2b7,1.954,8.5,5.714,34,4
askdocs_1uymjht,f20c5be884171956,7.268,16.25,13.433,390,24
askdocs_1uymk1s,32fd49a2139557f7,5.079,13.167,3.797,79,6
askdocs_1uymqqf,c1379c7824164e9d,5.916,14.333,13.636,43,3
askdocs_1uymqzm,b9108ab12ff3fdef,5.701,14.25,9.244,114,8
askdocs_1uymxxt,0324774fecd0670d,8.568,20.75,7.393,249,12
askdocs_1uymz7c,272d7f5a24fc8e93,10.135,19.235,14.62,327,17
askdocs_1uymztk,0cbd0aa1a9f0600a,6.996,16.5,4.265,198,12
askdocs_1uyn0qz,a1199c4f780ca101,7.402,16.0,9.735,112,7
askdocs_1uyn3h4,0e2f4fbfc124f5d8,9.972,25.429,8.889,178,7
askdocs_1uyn5bp,7a9f3865222fac5a,9.082,11.0,27.273,22,2
askdocs_1uyn877,ac3433f6036538f3,15.627,33.2,16.571,166,5
askdocs_1uyn9mj,79cc08cbd5f3fd85,8.423,9.667,20.0,116,12
askdocs_1uyn9st,388c2d2247a080b1,3.981,9.0,5.405,36,4
askdocs_1uynd12,1434b557676e7996,8.898,14.171,17.857,496,35
askdocs_1uyne75,7bff1f982ae0a8ba,7.63,11.083,15.789,133,12
askdocs_1uynmjn,f526341707ecd699,9.489,18.794,12.51,1184,63
askdocs_1uynq0t,b4ad6143b716d2b7,4.157,13.8,6.667,69,5
askdocs_1uynr5n,ca4d1a56a571d8f2,3.957,6.2,9.375,31,5
askdocs_1uynrhz,23b911c889835be4,11.483,22.778,12.857,205,9
askdocs_1uynuiz,af2652009f39e3b6,8.402,16.25,6.844,260,16
askdocs_1uynv8w,ba666e85433a3659,6.494,12.214,12.281,171,14
askdocs_1uynw65,50e62a4329f674eb,7.526,22.2,4.274,111,5
askdocs_1uynxmw,2d76d83f52bd3932,4.007,11.909,6.87,131,11
askdocs_1uyny4w,127f09264c741960,11.254,21.909,8.175,964,44
askdocs_1uynzlo,a03b1fbffe80fc45,7.417,18.15,9.89,363,20
askdocs_1uyo18b,d8b60fd360a11e76,7.701,12.444,14.847,224,18
askdocs_1uyo5dg,3f185522a3366f32,12.096,25.0,11.111,100,4
askdocs_1uyo5k7,34d793c2dd6f6365,9.262,17.125,16.18,411,24
askdocs_1uyo62n,0752d6a55b9cd09d,6.9,13.2,13.235,66,5
askdocs_1uyo69p,7ffb8ea15ebe91e0,6.252,19.385,10.156,252,13
askdocs_1uyo8kf,f6269a1115602bc1,5.833,15.429,7.965,108,7
askdocs_1uyo8wq,9a400643b0ec2d51,6.727,11.0,13.598,451,41
askdocs_1uyocfo,9ef288bee1570ab4,7.84,12.8,16.667,64,5
askdocs_1uyod0x,b5045e616a7a6e44,8.386,19.846,8.462,258,13
askdocs_1uyohid,460aea0923077210,10.351,21.615,20.0,281,13
askdocs_1uyoiw3,54838a3240cac92b,10.861,17.0,15.0,153,9
askdocs_1uyok59,0886c3e555077bc3,5.787,15.367,9.331,461,30
askdocs_1uyoppn,df8c2b6bb4fd3e8d,12.12,20.625,13.793,165,8
askdocs_1uyoqw9,acf22c5fa6cc1ab3,9.399,21.143,6.711,148,7
askdocs_1uyoxfv,4f5413d6d966869b,6.895,18.455,3.81,203,11
askdocs_1uyoyxl,01eb3931db430be5,6.441,13.889,10.317,250,18
askdocs_1uyp0a8,194f89c56defd189,3.348,12.0,6.667,72,6
askdocs_1uyp0pc,d49d35dcc85f03d6,5.398,6.667,24.0,120,18
askdocs_1uyp1dm,21b5ded64c3b2a77,9.891,24.545,8.511,270,11
askdocs_1uyp24d,fa831d38682d6092,5.855,15.571,8.108,109,7
askdocs_1uyp7qa,9d9fc84f45ea849b,8.876,18.786,13.357,263,14
askdocs_1uypai1,be38356c18ae38cf,8.36,16.333,17.003,343,21
askdocs_1uypeve,0510535591dc85d2,5.506,7.333,30.435,22,3
askdocs_1uyph42,ba24104ca7eb0cb1,2.313,8.667,7.407,26,3
askdocs_1uypkbi,4ede285c3160b46c,4.437,11.111,7.619,100,9
askdocs_1uypo4b,2948f33d24eef8d6,5.16,10.733,11.585,161,15
askdocs_1uypp53,62acbd5dcc3820e1,9.495,22.5,10.48,225,10
askdocs_1uypr8i,d6c8a3ffc38171bf,7.502,12.167,14.474,146,12
askdocs_1uyproc,5278478027fe08b2,2.142,8.2,3.488,82,10
askdocs_1uypx7z,ad592c21ad82e187,6.064,15.704,6.136,424,27
askdocs_1uyq0ej,0b90fce555cf22b9,6.579,12.833,22.222,77,6
askdocs_1uyq6vc,aa6d2df12874e0d4,59.849,156.0,4.487,156,1
askdocs_1uyqbo6,ac2dee432f9a4469,7.668,20.0,7.317,200,10
askdocs_1uyqh8g,8ea9b340549799ae,4.633,13.364,13.907,147,11
askdocs_1uyqiu2,705eaad4e147c66b,6.149,13.0,8.725,143,11
askdocs_1uyql1a,364fef030dd7079c,8.317,16.9,16.185,169,10
askdocs_1uyqxjq,7f75bb9082843788,9.085,16.913,12.485,778,46
askdocs_1uyr002,2d261af7c8ae0f84,9.07,16.891,12.5,777,46
askdocs_1uyr6cu,07721169f9202d98,5.047,11.172,8.092,324,29
askdocs_1uyr6z1,888652491d108458,4.721,12.667,8.497,152,12
askdocs_1uyr9ac,8027fc935fdd3f24,6.841,19.5,5.0,39,2
askdocs_1uyr9im,0c49cf6768b713b2,9.539,21.889,8.543,197,9
askdocs_1uyr9nb,135f83de8f8d1ceb,3.9,10.105,6.373,192,19
askdocs_1uyr9v1,1d8f9fcf348a86e0,14.673,38.5,7.362,154,4
askdocs_1uyrap5,727f36c8a4ce1458,5.573,17.4,7.692,87,5
askdocs_1uyrbtc,fb4bb5633af92b81,3.045,10.444,6.316,94,9
askdocs_1uyrdp7,c57af27be22b41f4,9.345,21.0,13.514,105,5
askdocs_1uyrf1a,b91998b1263c7169,11.181,29.12,8.453,728,25
askdocs_1uyrhrh,d7116444c3e466ab,8.536,17.538,6.55,228,13
askdocs_1uyrnkm,ba54ab7bb34c2ed0,4.88,14.667,17.045,88,6
askdocs_1uyro79,e6b7916b65578cda,7.041,11.6,10.0,58,5
askdocs_1uyroqz,ab4aece351bd7d31,6.434,12.5,17.105,75,6
askdocs_1uyrovt,ed90291fadbda274,6.632,15.5,4.545,62,4
askdocs_1uyrust,0e2f891c307b27f7,9.261,19.5,13.675,117,6
askdocs_1uyrwzh,a756d29d9422a57c,8.545,11.0,9.091,22,2
askdocs_1uyryeb,063fcdbc855e6c46,7.981,16.0,21.538,64,4
askdocs_1uys0gd,9a29867d2661e0de,6.906,9.4,18.085,94,10
askdocs_1uys1uy,ab60c0a00c82ddde,8.767,15.556,7.639,140,9
askdocs_1uys662,95be7d7afefdef9b,7.346,19.0,5.488,152,8
askdocs_1uys70n,9a560c02a9ea3453,7.728,18.882,6.832,321,17
askdocs_1uysbk3,4a2696e0abab5161,5.485,13.778,11.538,124,9
askdocs_1uysg2v,44d00fd2785a3837,14.498,36.25,11.184,145,4
askdocs_1uyshej,3b6001c1a9786264,10.204,25.4,7.812,254,10
askdocs_1uysjz1,3165eea42440f785,7.204,18.391,9.007,423,23
askdocs_1uyslry,0e3e0a2535823a2f,9.156,16.95,7.714,339,20
askdocs_1uyst5o,c1bec09ae4c95e56,9.216,17.857,21.875,125,7
askdocs_1uyszog,dad7d473e4842d42,9.998,25.0,11.538,225,9
askdocs_1uyt3bh,3926d5b65dbf8c35,8.028,24.0,8.0,24,1
askdocs_1uyt73j,d562731b7f6cc487,11.198,24.077,10.698,626,26
askdocs_1uyt90r,4daba253708eccde,9.754,21.5,11.947,215,10
askdocs_1uytcrk,c55f46d97d443a49,7.163,14.75,15.819,177,12
askdocs_1uytfpi,14c803d99b7b1138,5.772,8.5,22.222,34,4
askdocs_1uyth7u,f294c6d4749de2d4,7.227,16.824,7.261,286,17
askdocs_1uythgz,101e0f9cd4ccaacf,7.012,16.286,10.924,114,7
askdocs_1uytj1v,f020d383c67a8f6e,6.272,13.0,14.754,182,14
askdocs_1uytqb9,17428a8454e4f3fc,15.938,40.333,11.382,121,3
askdocs_1uytqxx,36aa1020301c1003,8.44,15.75,11.628,126,8
askdocs_1uyttrt,a6fee78dff97100b,11.655,28.6,9.028,143,5
askdocs_1uyu0a8,cdf4c4be7a7e2357,7.686,14.538,20.513,189,13
askdocs_1uyu1et,ec22e4982a7a1837,5.926,14.429,10.68,101,7
askdocs_1uyu4sq,16e57013be6549a8,7.204,13.75,5.286,220,16
askdocs_1uyu7x7,84b7987a26b31b8c,8.315,19.25,12.658,77,4
askdocs_1uyuccr,061b19342798f343,8.685,15.444,7.857,139,9
askdocs_1uyuds5,0f4e6bf5a9934b0f,9.204,20.111,9.366,362,18
askdocs_1uyuhhe,0b8008c86dc178f2,5.974,15.333,10.582,184,12
askdocs_1uyukz7,952b60aa2170298e,6.483,12.611,14.097,227,18
askdocs_1uyuwn7,1e2f28f9538d2318,3.995,14.333,11.628,43,3
askdocs_1uyuz15,c1375dac8d2d4abc,6.164,16.167,8.247,97,6
askdocs_1uyv0ds,ec74b9e53046bf76,1.594,9.2,17.021,46,5
askdocs_1uyv3tz,55dc863566793ff8,9.295,10.5,27.273,21,2
askdocs_1uyv69x,6e070ec9ba620dd9,8.554,18.727,8.193,412,22
askdocs_1uyv6d2,7900f2bd13e1ab7e,7.026,10.111,5.495,91,9
askdocs_1uyv7xo,8657115ae6fb1713,9.646,13.971,14.747,489,35
askdocs_1uyvc6q,5dbed11f9e69a934,6.123,15.333,13.014,138,9
askdocs_1uyvhmm,e12b7a23ecc39726,10.146,24.714,7.735,173,7
askdocs_1uyvhq0,63cd87285342b76b,8.209,18.5,6.417,185,10
askdocs_1uyvj9v,c0da3c0bae2f40ab,5.649,13.75,7.143,55,4
askdocs_1uyvldd,6dc858db14c2d4f9,6.476,19.25,7.317,77,4
askdocs_1uyvp6z,06a8783e10631003,4.29,9.167,20.0,55,6
askdocs_1uyvtt3,69dad7be9dfcc40a,8.151,11.077,9.333,144,13
askdocs_1uyvuk2,baa7c5c89c979e4c,11.931,18.773,12.085,413,22
askdocs_1uyvwy0,2cafa6e4c00db6b1,6.916,14.111,13.793,254,18
askdocs_1uyw28l,22ffdf96d2d091c5,7.314,20.0,5.0,100,5
askdocs_1uyw2wx,871c03f958f68627,5.416,11.118,8.29,189,17
askdocs_1uyw6gp,c04e960e59ae1c7d,6.165,14.0,7.955,84,6
askdocs_1uyw73h,0897e7cf9a657822,9.57,18.067,21.533,271,15
askdocs_1uyw7jv,7f8b8ee85b1e12ef,11.304,24.5,11.321,49,2
askdocs_1uyw9u9,1f545cfe8c0dbf46,6.128,12.167,15.789,73,6
askdocs_1uywcnf,ea6544b45f5e8d31,6.899,16.305,8.601,962,59
askdocs_1uywfz1,557e6bbeba7fb919,6.012,13.833,13.855,166,12
askdocs_1uywhfg,2b0e482f4f9329cd,4.8,10.5,6.742,84,8
askdocs_1uywjam,4cfdd47c849ca9ec,27.307,71.0,7.018,284,4
askdocs_1uywkg3,a77b9bd891c5697b,15.575,41.667,17.46,125,3
askdocs_1uywlh1,307859e8b99025bb,6.761,17.857,9.848,125,7
askdocs_1uywmv5,c5aabad0ea256736,10.635,17.623,13.051,1075,61
askdocs_1uywu9s,ce697de19da54d7d,6.088,14.286,7.882,200,14
askdocs_1uywyp5,d2e6bf36b046d193,9.775,19.1,11.399,191,10
askdocs_1uyx698,ea2d849897675c06,10.145,23.5,10.309,94,4
askdocs_1uyxkwe,7bd26fd26bea35d9,5.954,11.5,9.375,92,8
askdocs_1uyxtdl,90555659da641079,4.896,7.143,12.871,100,14
askdocs_1uyy1of,913bea81f095b701,9.376,21.2,11.737,212,10
askdocs_1uyy4ds,d86d74580e4b7982,27.167,69.0,12.676,414,6
askdocs_1uyy6fz,b2d07acbf4f6f01a,11.192,24.154,10.665,628,26
askdocs_1uyy8yd,6af74cf7efe3b24a,4.972,9.889,8.511,89,9
askdocs_1uyyaza,98d4f1a1d2d05db7,35.071,91.0,9.783,91,1
askdocs_1uyyd7j,3a9aa8952aa184b9,14.575,38.857,4.38,272,7
askdocs_1uyyjgi,c264b8d2200c29dd,6.232,17.545,5.5,193,11
askdocs_1uyyouk,b5c5676c4e036c71,5.674,14.0,14.05,112,8
askdocs_1uyysg6,1490c9ff1ec5264e,5.463,14.0,5.085,56,4
askdocs_1uyz182,cc4dcd8cfe082edc,5.104,14.4,9.211,72,5
askdocs_1uyz4hm,af2f274810a76ef4,6.005,14.4,6.757,144,10
askdocs_1uyz87w,97f39fe5a849d972,8.696,20.25,9.942,162,8
askdocs_1uyzl2r,39824aa6153b49f2,5.934,14.5,6.897,58,4
askdocs_1uyzrqf,a243cfd4c7693e5a,13.316,16.889,28.387,304,18
askdocs_1uyztma,8a65bca532f3eb96,10.288,22.0,12.5,88,4
askdocs_1uyzxtg,ef55146ef7f8f7c4,5.558,16.0,10.435,224,14
askdocs_1uyzyt7,34edf065877c3c39,4.582,8.667,10.909,52,6
askdocs_1uyzyy2,f00e959d249897d7,6.818,11.75,8.333,94,8
askdocs_1uz02b4,6fc72264139fe1f3,12.053,30.8,9.615,154,5
askdocs_1uz057y,01655992ee309494,5.413,10.857,10.39,228,21
askdocs_1uz0gxm,98f7099419978481,9.963,21.0,9.132,210,10
askdocs_1uz0i8s,bda5d9037ceb12aa,9.707,21.0,15.789,189,9
askdocs_1uz0p4f,8f26ff50c16633db,10.478,20.526,8.824,390,19
askdocs_1uz0zqp,8d240fd9fab1ad11,7.666,11.143,9.554,156,14
askdocs_1uz132c,c8126d4a81149aa2,5.333,10.9,11.009,109,10
askdocs_1uz13tp,2ad71e3fcd3e8525,8.703,18.429,9.16,387,21
askdocs_1uz17ir,ed9e66d723f6f6db,6.508,18.0,11.111,36,2
askdocs_1uz18pf,1bca97a3b94e1664,10.858,23.867,10.864,358,15
askdocs_1uz1bvl,2843fa829e81552c,9.576,22.471,11.795,382,17
askdocs_1uz1c5a,4ddb20ef6d210598,6.48,19.667,7.258,118,6
askdocs_1uz1dyc,10aca09d981d937a,9.618,25.0,12.727,100,4
askdocs_1uz1hwb,da98d4ffa738a8c1,7.043,13.875,13.675,111,8
askdocs_1uz1oiv,3f6ba77a945a8160,5.808,14.583,7.821,175,12
askdocs_1uz1r4n,aff85f160f4d6158,6.333,13.174,15.082,303,23
askdocs_1uz1rqp,5c55f7fcb893a2af,7.504,13.0,14.13,91,7
askdocs_1uz1rwq,7663a5efd5f377d9,7.135,13.609,15.674,313,23
askdocs_1uz1t3k,2a2158d050d173c6,10.367,19.868,14.01,755,38
askdocs_1uz1tbi,d45d17a70e335986,6.115,13.857,8.0,97,7
askdocs_1uz1xgd,ba724c3f636bf9cc,5.4,16.0,4.762,80,5
askdocs_1uz21h6,ef31808ef3c06215,6.03,11.889,12.844,107,9
askdocs_1uz247g,735585e8c38d05dc,9.387,13.615,10.615,177,13
askdocs_1uz24yi,b6b0341b06e105cb,5.183,12.923,6.433,168,13
askdocs_1uz26gg,0fdb68ae9ea1e253,7.83,16.968,13.585,526,31
askdocs_1uz26il,e72527d6b0a08244,10.75,22.938,6.667,367,16
askdocs_1uz26mk,3963f5122ddc5bbe,5.384,10.286,7.333,144,14
askdocs_1uz27lx,8fcb484eab913d65,8.032,18.6,9.677,93,5
askdocs_1uz286f,b38b23fb261ae952,9.408,17.25,12.627,828,48
askdocs_1uz29ok,94243fdac197f427,11.707,12.0,24.0,24,2
askdocs_1uz2av2,3d41428e9c6e7ab6,11.916,37.0,5.405,37,1
askdocs_1uz2b4l,68cdd127fd3184d2,7.092,14.95,15.132,299,20
askdocs_1uz2e36,f10fad6b932bfcb9,3.959,12.75,7.547,51,4
askdocs_1uz2eh9,6c7914ed64f11eb8,10.515,15.923,15.459,207,13
askdocs_1uz2h1l,c5b8948f40dae7ef,11.649,19.605,12.45,745,38
askdocs_1uz2ig7,f3c626a6cf2e3e97,7.479,18.875,5.902,302,16
askdocs_1uz2iuq,43aaaba533638678,8.813,19.381,7.353,407,21
askdocs_1uz2kki,e6ab4165982eefa5,8.983,14.692,16.754,191,13
askdocs_1uz2mwt,76589b3339ef64d2,6.481,16.111,1.935,145,9
askdocs_1uz2p0f,0d0d40e554cb4e75,10.74,23.556,9.174,212,9
askdocs_1uz2rp0,4d7e13c6e13b0b38,6.381,15.882,12.177,270,17
askdocs_1uz2s3n,936720d0e2473c2d,9.947,21.167,10.606,127,6
askdocs_1uz2uuo,8deb82a386c31efd,6.12,12.071,11.953,338,28
askdocs_1uz2y4d,44f072d957d62324,4.107,9.5,7.692,76,8
askdocs_1uz304k,bb0ac507bc25c4ce,5.813,12.857,10.0,90,7
askdocs_1uz30iu,d5e136798982e348,9.938,25.0,12.429,175,7
askdocs_1uz30rh,6b94826276d948ad,6.659,17.5,5.714,140,8
askdocs_1uz32dc,6cf891a82fc077a3,11.152,25.0,12.0,25,1
askdocs_1uz32ep,f9adf2209c23f30f,8.931,22.25,9.444,178,8
askdocs_1uz38g6,763ca2348c24051d,7.958,16.579,6.984,315,19
askdocs_1uz3bqh,76c535ab85e86026,5.804,12.4,7.812,62,5
askdocs_1uz3enb,fe40b94555cf3ba4,11.374,25.5,8.761,459,18
askdocs_1uz3gku,52bd008252251e87,8.085,17.125,13.253,411,24
askdocs_1uz3j04,bd8b8114ae4963a3,8.071,17.286,7.438,242,14
askdocs_1uz3jod,ece0b6fd4790740d,6.405,14.818,6.667,163,11
askdocs_1uz3kz0,a90fc5e8063cac2c,8.778,21.833,6.767,131,6
askdocs_1uz3lai,d5f0b95ff3e5e9de,6.239,12.929,11.413,362,28
askdocs_1uz3ndj,ff99207fbd418016,0.671,7.286,3.704,51,7
askdocs_1uz3om3,ffc7a85bb70a3505,8.66,19.8,6.734,297,15
askdocs_1uz3wh3,50b54bbc806a826c,4.881,12.714,12.849,178,14
askdocs_1uz3xz5,2674094c00ca6bb2,6.56,18.25,30.667,73,4
askdocs_1uz3y35,facf6b5531549146,6.311,17.0,11.111,85,5
askdocs_1uz437a,4210ab4de92fba2a,5.104,13.778,10.853,124,9
askdocs_1uz4486,02ea79ccb52cb3c2,2.772,8.833,7.143,53,6
askdocs_1uz4bio,c6e42697aa41c5a0,6.869,18.5,4.865,185,10
askdocs_1uz4m3u,206329b0bbfde044,7.453,13.857,15.0,97,7
askdocs_1uz4n09,27123b7ea0afbb71,7.917,14.889,14.493,134,9
askdocs_1uz4nyw,f67fa7e250931ed7,6.055,14.778,7.353,133,9
askdocs_1uz4r11,380b74555fdcf47d,6.879,12.571,10.227,88,7
askdocs_1uz4x7l,e0567bf8fb26a2ef,5.558,11.333,12.791,170,15
askdocs_1uz5522,85ec025218efdd79,6.188,16.125,8.978,387,24
askdocs_1uz57nc,24992803f55c707d,8.247,16.9,12.941,169,10
askdocs_1uz592v,6b684f098a43eb5e,9.206,22.211,6.323,422,19
askdocs_1uz5a1i,0709f5829f62bdbd,3.53,6.667,15.0,20,3
askdocs_1uz5dt7,0c03bb631e858e74,9.831,19.0,10.448,133,7
askdocs_1uz5fk7,873a74ea01d2e279,10.057,19.333,24.138,58,3
askdocs_1uz5ftm,4797c8827a640842,9.131,13.286,14.286,93,7
askdocs_1uz5h35,40c4a0257939e711,10.473,9.5,30.0,19,2
askdocs_1uz5idn,53a1e95e4e579027,5.829,14.074,10.733,380,27
askdocs_1uz5ij0,d821b725442bd3a9,5.157,9.286,14.359,195,21
askdocs_1uz5j0l,1faa8ee0707119b7,5.688,12.12,10.68,303,25
askdocs_1uz5jes,90f2dfdf67f2744c,8.998,13.833,14.118,83,6
askdocs_1uz5k6h,4d2f7ebca1b41c6a,10.556,12.882,14.732,219,17
askdocs_1uz5mfy,7fcfac5f23d2a733,7.118,11.611,14.747,209,18
askdocs_1uz5ot6,20c49aebdd28f479,8.637,12.5,3.846,25,2
askdocs_1uz5oux,a84ce8c9db5fb37d,6.937,13.625,14.679,109,8
askdocs_1uz5pt4,29abac642d0d50a4,10.784,17.154,15.152,223,13
askdocs_1uz5s8q,82d1dcd92cf10241,2.267,5.875,14.583,47,8
askdocs_1uz5swe,2853d22fef82671e,6.834,12.296,16.279,332,27
askdocs_1uz5ui1,4738645bf10138ab,15.173,27.25,23.636,109,4
askdocs_1uz5ujt,69c889444169e497,7.024,12.6,14.176,252,20
askdocs_1uz5vkt,5d81b66f2cfe197e,9.234,18.636,16.505,205,11
askdocs_1uz5w1r,ed528debe0e838d6,7.887,19.333,13.218,174,9
askdocs_1uz5xbq,6a512c5d4ad2df11,3.331,9.5,7.317,38,4
askdocs_1uz5xqu,1d5ff333fa4652b1,14.873,27.5,30.357,55,2
askdocs_1uz6246,c4e8fe39b4cdceb9,9.455,17.118,11.184,291,17
askdocs_1uz62wg,77b175000fa2e543,2.736,9.0,6.316,90,10
askdocs_1uz63ca,8885e150f0d099d7,11.933,27.6,18.841,138,5
askdocs_1uz63lr,fc2c218058206e27,7.828,16.552,9.054,480,29
askdocs_1uz63vr,caa054b9c4f9bb2a,8.224,18.1,13.008,362,20
askdocs_1uz64dh,41fa1bae6645abe2,6.231,11.07,12.894,631,57
askdocs_1uz64l8,bc796f38a663fde8,7.205,16.143,12.446,226,14
askdocs_1uz662q,b9f6d1275c76ec02,4.479,11.5,11.979,184,16
askdocs_1uz68mq,ccc4eb68539e801d,6.811,20.714,4.082,145,7
askdocs_1uz6d8x,95d90c2f124b8204,10.142,20.125,8.631,322,16
askdocs_1uz6eqn,19999afb2ced15d5,8.19,15.929,12.556,223,14
askdocs_1uz6j6n,b84d794f3101b6e0,4.576,11.0,14.286,55,5
askdocs_1uz6lew,119d5c78e5b152ce,13.605,32.286,6.637,226,7
askdocs_1uz6mf2,7d8167014e6955e3,4.834,12.167,8.108,73,6
askdocs_1uz6n9g,c372d0dd4f31cb2c,4.501,9.094,4.516,291,32
askdocs_1uz6rzx,6b6cbf83a746f9fe,6.944,17.111,12.422,154,9
askdocs_1uz6s1o,458b462dccacc153,6.724,20.0,8.0,100,5
askdocs_1uz6tl5,cdec20cf628c4277,6.651,18.667,5.128,112,6
askdocs_1uz6tte,fb3a46f0ca231cec,16.395,39.5,7.407,79,2
askdocs_1uz6u6j,7c43d04d533ac1c7,9.729,17.917,3.125,215,12
askdocs_1uz6vlq,d5d2b11d704d6052,18.863,48.0,10.204,48,1
askdocs_1uz70uo,77573599f22cd2ed,5.243,15.2,6.579,76,5
askdocs_1uz77co,ec204dd1c52f0931,4.939,12.111,11.607,109,9
askdocs_1uz79re,96bd8bd17cbf4537,9.257,24.5,5.076,196,8
askdocs_1uz7adz,32c087781fbc86a4,7.343,14.267,9.677,214,15
askdocs_1uz7cle,dda5fc1614cff830,3.986,11.0,11.111,44,4
askdocs_1uz7df8,c915bfcf1fef8e99,5.141,10.45,12.5,209,20
askdocs_1uz7eee,614b79cce827cb86,7.029,15.2,4.605,152,10
askdocs_1uz7gqv,f18c1972823863ef,7.344,19.375,6.41,155,8
askdocs_1uz7ig6,4030498bceb03cae,9.614,21.222,5.236,191,9
askdocs_1uz7jqh,2d0a3a372d4407bd,8.685,22.625,7.65,181,8
askdocs_1uz7l6w,b9aba6a1d41eee9e,8.615,15.471,15.356,263,17
askdocs_1uz7q25,dbe482fbd0b46eec,8.894,20.222,10.326,182,9
askdocs_1uz7qxg,63d68c9ea2cce2cd,4.969,14.667,8.088,132,9
askdocs_1uz7rv7,85793088f6a35a50,35.08,80.0,24.096,80,1
askdocs_1uz7t3f,af79aad7d584a6ae,10.392,17.846,10.879,232,13
askdocs_1uz7taf,f4d7701fdd9d29cf,10.668,16.75,18.056,67,4
askdocs_1uz7u68,ea04641a8f63e815,7.222,16.581,12.381,514,31
askdocs_1uz7v4x,a93a5b3804652cf5,8.884,13.741,11.406,742,54
askdocs_1uz7wim,8234fce6144d4ba6,10.117,18.25,16.0,73,4
askdocs_1uz7wuz,f02c2aa80869beef,3.182,6.875,12.727,55,8
askdocs_1uz7yel,3f9f3e9c41da6cb4,14.327,27.844,13.341,891,32
askdocs_1uz7zzy,78f9ccf37518d254,6.923,13.385,11.749,348,26
askdocs_1uz81jm,196c42dc834972c1,3.209,12.5,6.0,50,4
askdocs_1uz83ee,f8bec4113437d7be,5.579,12.75,7.273,51,4
askdocs_1uz86ag,84ef0c7c2cc005f4,8.008,22.0,11.94,66,3
askdocs_1uz8fl1,f09d81b99107f3a7,7.194,16.667,7.19,150,9
askdocs_1uz8hur,6dac5bdf65877e4c,11.568,25.133,11.533,754,30
askdocs_1uz8i4t,7fdb0c83fab062c3,7.106,15.2,8.442,152,10
askdocs_1uz8k9c,8282e9c338b8c5f3,5.696,13.8,24.638,69,5
askdocs_1uz8let,848cb2f96fee550a,4.244,10.75,14.943,86,8
askdocs_1uz8lki,a29871574e6ab022,15.023,34.0,14.493,68,2
askdocs_1uz8mhg,dfd3bd571a18dc48,9.227,20.25,13.311,567,28
askdocs_1uz8qi9,d42d69aa3ef1ee37,9.685,11.0,17.978,176,16
askdocs_1uz8qxb,7f77db01809df10a,16.258,40.8,6.988,408,10
askdocs_1uz903v,ff3d945c580a23e6,7.874,22.0,8.939,176,8
askdocs_1uz9185,64c468aab794f754,2.13,9.75,14.634,39,4
askdocs_1uz94c9,588ad84e8dd61d90,6.338,13.143,13.542,92,7
askdocs_1uz94pr,f1bb6d4af1e009f2,8.545,22.0,11.364,44,2
askdocs_1uz95zo,230470cc1d032815,7.209,14.143,11.616,198,14
askdocs_1uz9baj,84a95b4073b480fa,2.132,7.2,6.757,72,10
askdocs_1uz9dtj,fd4de5c8b5446d91,11.571,22.429,10.241,157,7
askdocs_1uz9fm1,c169b7c919655001,23.553,59.0,8.939,177,3
askdocs_1uz9ka0,d43092e9fb78bd76,7.562,14.5,6.897,58,4
askdocs_1uz9n10,8447327dc11ac9eb,5.09,12.588,7.907,214,17
askdocs_1uz9ovs,05e1236731c0cdfb,4.896,12.235,7.373,208,17
askdocs_1uz9pxk,6db1ca40ec703cc5,13.444,27.571,8.122,193,7
askdocs_1uz9q0g,733d37c2df9813d7,7.255,20.0,3.704,80,4
askdocs_1uz9q9i,414dcb08a8016156,4.45,6.0,15.385,24,4
askdocs_1uz9ri6,659a9560082a1924,10.368,29.0,20.69,29,1
askdocs_1uz9z7t,432dda91b068725a,11.162,22.4,7.895,112,5
askdocs_1uza2ww,df85c33a693590e3,7.488,10.643,21.333,149,14
askdocs_1uza3il,9759643e23930f42,4.18,8.333,0.0,25,3
askdocs_1uzabkp,4b593d447a034df6,27.39,71.0,6.849,71,1
askdocs_1uzabxi,db961f61230edff5,4.912,10.889,9.091,98,9
askdocs_1uzaca6,6b708ac3bf08916f,75.087,193.0,8.906,386,2
askdocs_1uzakhc,45c034d2a7c8f45f,3.131,8.6,6.522,43,5
askdocs_1uzal0z,4b8536621509be90,6.984,14.818,13.372,163,11
askdocs_1uzam8r,1c5c4ac22ad16518,7.745,23.0,8.163,46,2
askdocs_1uzaowj,b22d282e907d18aa,7.399,15.583,9.694,187,12
askdocs_1uzaq5d,499fc19e2bc9cff8,7.722,11.625,14.141,93,8
askdocs_1uzaqo2,354957a1972a8c95,7.776,13.4,8.696,67,5
askdocs_1uzavge,0ace2330cd41780c,4.594,10.0,5.769,50,5
askdocs_1uzaw1l,f0b2ede0ae3e72a8,4.877,11.643,9.357,163,14
askdocs_1uzay2v,fa44e5755215b5fd,8.315,18.5,8.861,222,12
askdocs_1uzayt8,38603144ae0e8494,9.136,24.5,11.765,98,4
askdocs_1uzaz2s,2af695826fbf5425,9.435,12.188,11.224,195,16
askdocs_1uzazys,785bc8480aa80a4d,7.787,13.429,12.871,188,14
askdocs_1uzb1od,0ee1fd4760861eec,7.269,19.8,9.804,99,5
askdocs_1uzb4hc,90417c4dc2a21420,6.043,16.167,5.769,97,6
askdocs_1uzb7xy,d1f5e3cdb06cf23b,8.83,20.222,10.87,182,9
askdocs_1uzb9j2,6aa3d8bc971bafd3,8.308,20.529,8.493,349,17
askdocs_1uzbgo3,bf197b5725830474,8.669,11.879,11.325,392,33
askdocs_1uzbv4z,7cca209bfbc88f17,7.728,14.655,11.682,425,29
askdocs_1uzbwpp,a1424987a463afb8,8.266,10.25,26.506,82,8
askdocs_1uzbwtn,936a450b08a1f6dd,1.891,5.667,5.263,34,6
askdocs_1uzbyyn,4ba371be0ab344e8,8.964,23.6,11.814,236,10
askdocs_1uzbz6a,8b5bb1e4e63091e9,8.129,18.5,5.769,148,8
askdocs_1uzc0u9,5004e92c930622b3,8.848,21.5,13.793,172,8
askdocs_1uzc4gb,327b2c36f9041213,12.112,27.636,11.502,304,11
askdocs_1uzc6ot,a6dc74a493684d2e,7.282,13.364,13.851,294,22
askdocs_1uzcapt,7ed30b4d5b11a6e9,8.003,19.9,9.453,199,10
askdocs_1uzcbcy,baa2301c74eac656,6.084,7.75,9.375,31,4
askdocs_1uzcdtt,17b8fd7205e80522,6.838,19.0,9.174,209,11
askdocs_1uzcdup,574ff77440746409,6.64,16.571,10.833,116,7
askdocs_1uzcefw,2e93e7f4defdaecf,8.074,16.226,11.605,503,31
askdocs_1uzcfg7,3618dc4d6b2c8699,3.29,12.714,10.0,89,7
askdocs_1uzcgwp,e43381873c904f3e,7.362,13.875,7.111,222,16
askdocs_1uzchlc,0c59b71c466c7e74,3.395,10.5,9.524,42,4
askdocs_1uzchu5,77f4bc64c69d977d,6.848,15.75,7.246,63,4
askdocs_1uzcj90,4bc812dd906fd5ae,4.438,5.25,14.286,21,4
askdocs_1uzckf8,a4a2b53419742032,5.378,15.545,5.202,171,11
askdocs_1uzclvp,fc2363843877f0f7,6.764,18.091,9.548,199,11
askdocs_1uzcmjy,0b97f7382600f87b,9.401,16.25,12.23,260,16
askdocs_1uzcmxt,987d11abe67f74f2,8.533,17.083,7.84,615,36
askdocs_1uzcoqd,16b8ba278ec8e391,5.559,13.0,10.417,91,7
askdocs_1uzcor5,33d340f812757582,15.312,33.167,14.634,199,6
askdocs_1uzcr3u,f6c5263778ee5d6e,8.673,19.333,4.422,290,15
askdocs_1uzcv7i,b8e4d761672589d6,6.289,13.667,11.628,82,6
askdocs_1uzcvpe,4c783f8cd00e8046,6.556,12.6,14.085,63,5
askdocs_1uzcwj8,0ec0815eea724997,4.427,10.333,6.452,31,3
askdocs_1uzcwld,ae86fd48791ae53e,6.223,12.556,12.389,113,9
askdocs_1uzcxxx,8081ff5b6209f5f7,11.357,21.062,9.792,337,16
askdocs_1uzczpg,54f950759d8621ea,9.285,13.818,11.25,456,33
askdocs_1uzd2ev,6b5e83de848a234f,8.102,19.286,9.155,135,7
askdocs_1uzd2n7,6d181da28da777d1,19.151,41.889,13.613,377,9
askdocs_1uzd3b3,a39451440f07a4de,3.419,8.4,4.762,42,5
askdocs_1uzd4zu,27739805a6d764b1,3.957,10.5,7.143,42,4
askdocs_1uzdcl3,8951d4954b77df3a,5.886,8.0,21.053,72,9
askdocs_1uzde4d,6ca86afbd380fbff,5.544,12.714,13.187,178,14
askdocs_1uzdiki,02a7116bbddcb18d,6.015,13.4,14.706,67,5
askdocs_1uzdmoq,bb5481aa6d9e7e76,6.799,16.088,8.348,547,34
askdocs_1uzdodq,988f629023ee73f0,4.736,12.692,12.571,165,13
askdocs_1uzdoee,1ff5d64e55f76e25,8.526,13.265,12.474,451,34
askdocs_1uzdphg,a817e95cd7f4dd12,5.364,15.0,7.5,75,5
askdocs_1uzdpu0,104a336ae3631ea3,1.028,6.75,25.926,27,4
askdocs_1uzdrof,dbf0ff1b8007a175,9.406,21.52,7.919,538,25
askdocs_1uzdtl3,8ffd5d3e60ff00ad,8.528,20.2,8.333,101,5
askdocs_1uzdu5v,ec8f625a964aa548,7.875,18.4,10.101,92,5
askdocs_1uzdvg9,c3070a62bc365796,7.612,17.84,7.111,446,25
askdocs_1uzdviv,1767045e3c588a52,7.483,12.111,18.75,218,18
askdocs_1uzdvy9,6f88cb15ba3d9541,7.166,14.833,8.602,267,18
askdocs_1uzdw6f,2849795853ebfe52,7.285,16.812,6.452,269,16
askdocs_1uzdxyu,c8b517dbeeff7434,6.727,14.0,19.048,42,3
askdocs_1uze4kv,39f6c122e9568acb,9.82,27.333,4.217,164,6
askdocs_1uze5c7,7ab4d610851b85d4,6.643,13.727,11.258,151,11
askdocs_1uze5nz,64ad910471f581b8,9.618,11.0,20.833,22,2
askdocs_1uze7ol,68e839d267d68b0b,7.824,12.333,15.789,111,9
askdocs_1uze8tz,1f79b24985d4e626,9.649,14.444,8.824,130,9
askdocs_1uze93p,198b4c25ed6526e2,11.24,15.516,13.088,481,31
askdocs_1uzea6f,7350a694f1f5ca38,7.178,15.1,10.596,151,10
askdocs_1uzebxs,35a6404f0149ece6,10.88,24.0,11.905,120,5
askdocs_1uzefie,4fac5222b49488d1,8.323,17.8,10.417,89,5
askdocs_1uzegae,650c6b277167984c,5.804,12.154,13.095,158,13
askdocs_1uzegag,60c5edce04e2c78d,8.771,21.333,12.5,64,3
askdocs_1uzegwt,58347afa578abf7c,3.959,12.75,21.569,51,4
askdocs_1uzehhp,d80176efe6c5073c,7.451,13.75,10.145,275,20
askdocs_1uzeint,8b390cbf31322f97,11.978,25.0,14.145,300,12
askdocs_1uzeiow,5390fe843a4c8c76,8.909,20.4,12.621,102,5
askdocs_1uzekzz,0e0e3de8fa67fbf2,5.015,15.5,9.023,124,8
askdocs_1uzeln4,33b5a95f51e7d0bc,7.555,17.25,4.286,69,4
askdocs_1uzemb1,5facd36f092d5979,5.709,15.2,3.75,76,5
askdocs_1uzeqyd,c1c9eb4a95e158e8,7.44,11.526,8.658,219,19
askdocs_1uzet0g,50cb29ccf206a765,10.592,23.417,6.78,281,12
askdocs_1uzeva5,84c6796a20126a88,7.679,15.5,10.156,124,8
askdocs_1uzevo2,cef8ab98aedbed3d,4.768,8.143,10.526,57,7
askdocs_1uzex4r,caa24bfa54bfa678,5.55,16.333,9.868,147,9
askdocs_1uzexqo,34878928d6a19f3c,5.393,12.774,6.188,396,31
askdocs_1uzf0uw,f2930fc64d6d9c75,8.689,18.8,6.316,188,10
askdocs_1uzf1pv,ced20622d7aeb8ea,23.864,57.0,9.059,285,5
askdocs_1uzf2kt,2f9464d01ffb315f,8.124,12.75,12.44,204,16
askdocs_1uzf2tk,920746ed28f91745,8.174,19.714,10.638,138,7
askdocs_1uzf4nb,80de9209086c8da4,8.237,16.0,15.596,208,13
askdocs_1uzf6q4,df15fd6d6e6b1601,4.706,12.286,6.897,86,7
askdocs_1uzfa60,3765a8cfffd4a038,10.428,22.089,11.454,994,45
askdocs_1uzfhaq,dfb98d4b36ad7229,8.305,20.857,13.605,146,7
askdocs_1uzfiqe,0616e47a039ec3b0,7.368,17.125,6.207,137,8
askdocs_1uzfjcq,0eb25d6770a6a866,10.397,25.5,11.663,459,18
askdocs_1uzfma3,dce4ce4e9fbf129a,6.807,15.333,7.971,138,9
askdocs_1uzfml4,307003a4a6fdc5ed,10.487,24.0,9.722,72,3
askdocs_1uzfo6d,05422243805e4863,6.559,13.51,10.526,662,49
askdocs_1uzfuh3,a808d574c1df7117,4.609,9.385,13.077,122,13
askdocs_1uzfup5,45a51457867aaf81,7.07,15.417,11.351,185,12
askdocs_1uzfw8z,0a3e7eee7e7d86bd,4.343,8.75,5.405,35,4
askdocs_1uzfwmj,f35080e768544d4a,7.189,16.762,8.039,704,42
askdocs_1uzfwwd,b1d922748c780d59,6.69,18.429,5.426,129,7
askdocs_1uzfztq,a8462c25d192f631,2.747,11.5,4.348,23,2
askdocs_1uzg37w,1a7fbad2c05c056c,5.465,13.133,4.673,197,15
askdocs_1uzg3wa,1ccbedcf843da3b7,12.466,16.769,16.886,436,26
askdocs_1uzgega,d91b733bd067f65c,13.023,30.0,11.475,60,2
askdocs_1uzgg5c,bc626510ee5c522c,6.274,15.167,12.632,91,6
askdocs_1uzgg93,f5b7caa2b1358e16,26.54,69.0,6.28,207,3
askdocs_1uzglqe,9b17a5ab78cd714b,6.615,16.125,9.42,129,8
askdocs_1uzgmml,0f5c53ee354cc678,7.46,17.231,10.619,224,13
askdocs_1uzgs87,d00cf1db57531cea,8.018,10.971,15.897,384,35
askdocs_1uzgsoi,fa7dd1b75a2fb9aa,8.622,19.455,11.712,428,22
askdocs_1uzgw1z,7bfbf4d001f194d7,2.267,12.0,9.836,60,5
askdocs_1uzgwtv,4a4e02bdfe58a157,7.099,18.25,7.175,219,12
askdocs_1uzh2ux,7494301115c091db,4.794,10.727,9.016,118,11
askdocs_1uzh53w,7f867ceda6e5fdc4,11.068,17.788,12.766,587,33
askdocs_1uzh6ev,4956e8d8189c5471,8.882,20.923,12.544,272,13
askdocs_1uzh809,e7193d2bde9a6198,7.156,16.333,14.0,49,3
askdocs_1uzha2f,a778ece6317138fa,2.483,6.0,10.0,30,5
askdocs_1uzhb5q,8f7b196c01d7dc61,8.814,16.871,9.559,523,31
askdocs_1uzhihi,d0f53f2e7f7af612,5.296,16.2,2.381,81,5
askdocs_1uzhiuw,81fa8de397f3fee2,6.707,15.429,10.0,108,7
askdocs_1uzhjwx,b169a6ae2d143c34,5.638,13.625,7.826,109,8
askdocs_1uzhkhf,6e67e634d62fa85a,5.152,9.0,13.846,63,7
askdocs_1uzhnky,86d9d17a60e98766,6.835,15.625,4.688,125,8
askdocs_1uzhrf3,810230fd8799120f,1.731,9.25,16.216,37,4
askdocs_1uzht52,1c9473db881ccbc4,7.249,17.88,9.328,447,25
askdocs_1uzhvk4,8d5554725300c8a9,23.543,60.0,10.497,180,3
askdocs_1uzhwpp,906fb52eda3f1fc5,6.725,7.667,9.722,69,9
askdocs_1uzhy82,8836d08ba0f6c516,6.818,15.455,10.857,170,11
askdocs_1uzhzft,1734b3cb76ade04b,7.929,20.308,6.415,264,13
askdocs_1uzi1l7,0ce78c2454db9d9c,6.995,13.682,7.973,301,22
askdocs_1uzi24p,a0dcd9ac13c82d6e,3.335,10.091,6.723,111,11
askdocs_1uzi47v,8843f344d3e4249d,11.752,18.0,22.222,90,5
askdocs_1uzi9si,ad2a85e04a21af6a,7.228,19.0,8.232,399,21
askdocs_1uzib46,ad50508263a4d14b,4.795,10.667,14.286,32,3
askdocs_1uziccv,b476e829e5d1829e,5.35,12.235,9.569,208,17
askdocs_1uzietz,fc3e7f15912b60fa,3.602,11.5,8.108,69,6
askdocs_1uzigcj,5490856d3fc3b760,7.097,17.6,11.236,88,5
askdocs_1uzik0g,db18630d43310d79,7.26,17.04,8.685,426,25
askdocs_1uzikol,65f9a82406c02b84,5.561,12.565,9.932,289,23
askdocs_1uzil51,cd705cf4d98f165d,7.153,8.714,9.677,61,7
askdocs_1uziosb,575f56ba6a015369,8.546,5.5,27.273,22,4
askdocs_1uzirzp,27cb4f16c588d4f0,3.483,12.2,6.349,61,5
askdocs_1uziubh,a5f3babf5600c887,4.673,11.857,12.048,83,7
askdocs_1uziw1w,f5ccaf5949ed7c93,4.511,13.091,9.655,144,11
askdocs_1uziwbm,2e757926dddd4b8a,6.47,12.81,8.273,269,21
askdocs_1uziyxo,d95087aae317140c,5.783,11.35,11.79,227,20
askdocs_1uzizcp,6815688fae8d6dda,7.773,12.0,18.919,36,3
askdocs_1uzj48r,c880c0c333337238,10.106,21.667,15.493,65,3
askdocs_1uzj6ec,a73f71d36d746f5d,2.528,9.25,10.39,74,8
askdocs_1uzj94c,d463eafba31869bf,10.37,16.083,21.134,193,12
askdocs_1uzjajy,79fb4fa82410e9a3,5.923,12.5,8.411,100,8
askdocs_1uzjb9l,8192309e598c39d4,6.259,14.5,10.231,290,20
askdocs_1uzjckm,2e1492287bfa6f8a,7.054,12.143,14.943,85,7
askdocs_1uzjcla,119202d132a10f94,9.99,21.929,8.738,307,14
askdocs_1uzjd3t,e528ca2a5c66646f,14.596,38.5,6.494,77,2
askdocs_1uzjeab,181b127ec72bd369,4.99,9.875,15.19,79,8
askdocs_1uzjedg,0f20cf84ff9d0f88,9.304,17.714,7.252,248,14
askdocs_1uzjg4d,dc63c871ffb5192b,3.494,8.875,14.085,71,8
askdocs_1uzji05,3bcec375a9aa6505,13.105,34.8,12.5,174,5
askdocs_1uzjt0y,82e2c7a6188fd7db,5.569,13.667,26.829,41,3
askdocs_1uzjxco,bea52a21796a7f40,10.706,26.833,8.046,161,6
askdocs_1uzjxh3,ce19117e205b4221,9.495,17.417,4.608,209,12
askdocs_1uzjyuw,67189bef76863c5b,16.459,46.0,8.333,46,1
askdocs_1uzk2cj,c1fb6069a03772a5,3.634,12.667,10.0,38,3
askdocs_1uzk2cx,feb3316fa3e692b4,23.337,53.0,8.772,53,1
askdocs_1uzk2ul,c953b2fb306aeacd,8.642,19.4,9.231,194,10
askdocs_1uzk6kl,6389a8cef8790485,5.811,11.833,12.752,142,12
askdocs_1uzk7uy,7ac3ba3ff8d4c5d9,8.487,14.571,17.925,102,7
askdocs_1uzk7zj,5e1580f5d216d45d,4.661,10.0,5.479,70,7
askdocs_1uzk8ww,6475662c30bf2bc3,7.118,14.875,9.562,238,16
askdocs_1uzkben,cc73ee204c159bff,4.546,10.409,10.776,229,22
askdocs_1uzke3h,02fcad0b02e4f335,6.598,16.625,10.87,133,8
askdocs_1uzke6m,a767de95e464daf3,8.602,17.4,8.759,261,15
askdocs_1uzkgn5,164ffd767f0744ef,8.275,13.481,10.733,364,27
askdocs_1uzkj56,73cc1150ec46ec88,6.013,9.0,16.0,45,5
askdocs_1uzkjda,5d4a7a27f86bd166,5.871,16.833,6.28,202,12
askdocs_1uzklel,0731be0b3cd24d7a,4.785,8.385,9.91,109,13
askdocs_1uzkli1,251fa305707aff43,6.857,15.833,9.901,95,6
askdocs_1uzko2u,4ce24c3eb8f9fe61,8.212,17.0,9.645,391,23
askdocs_1uzkt3g,a89dbb4ac8f49f4c,6.478,13.091,8.553,144,11
askdocs_1uzkwii,eac62b5a702ef6ed,9.593,24.8,7.874,248,10
askdocs_1uzkyoy,734bdb074914dfc6,6.917,13.333,22.5,120,9
askdocs_1uzkyv3,ef61e344a57fe22a,6.976,18.167,11.818,109,6
askdocs_1uzl3i3,3548b2e20dd4b86e,5.064,16.875,7.092,135,8
askdocs_1uzlc7y,e5faf43a5f0e7f58,6.0,12.1,7.438,121,10
askdocs_1uzlhvq,7adf9cf49d7ce08e,7.262,12.917,16.25,155,12
askdocs_1uzljok,034b58ef25682af0,8.135,21.778,15.306,196,9
askdocs_1uzltq0,4745e783b11c4300,8.745,18.1,11.828,181,10
askdocs_1uzlwba,56d94193c46658a8,11.601,27.25,7.692,218,8
askdocs_1uzm1j1,eafb9ba1ffc3b4ff,17.028,24.6,16.26,123,5
askdocs_1uzm3fi,5b4f2f0dae3413e2,21.2,54.5,8.636,218,4
askdocs_1uzm5cu,a76db859e3e55d22,7.346,18.222,5.455,164,9
askdocs_1uzm62v,1da6639f7b8d1694,8.426,15.2,13.376,152,10
askdocs_1uzm8ly,f9c920eb106d1d0a,4.511,9.5,16.842,95,10
askdocs_1uzma7u,4efdf32bb684fc92,13.604,33.667,5.797,202,6
askdocs_1uzmbml,c6428ae42263c154,10.411,11.816,11.325,449,38
askdocs_1uzmhh6,e777c789eea02ea6,7.207,18.25,15.789,73,4
askdocs_1uzmjuo,202f4b35f64e9c62,7.657,16.565,10.417,381,23
askdocs_1uzml50,145d8a8a54d05a93,14.289,31.438,10.099,503,16
askdocs_1uzmlbl,671c24c07db0a82c,11.152,25.0,11.25,75,3
askdocs_1uzmrd9,4f382599a519d4a2,4.118,12.25,10.204,49,4
askdocs_1uzmv1t,9f68d392200e2a0e,5.892,16.0,2.041,96,6
askdocs_1uzmwa8,0230d1074018d124,0.912,6.2,6.452,31,5
askdocs_1uzmx1g,4b7e875e4b7fb757,4.347,11.556,5.505,104,9
askdocs_1uzmxuq,b1090a7455cf2771,4.807,17.0,2.885,102,6
askdocs_1uzmzbr,45b1f9e4ffa78458,7.403,13.571,9.744,190,14
askdocs_1uzn3as,528a08764ada40b8,7.015,13.333,21.429,40,3
askdocs_1uzn7po,847c81f721cfbe67,4.79,12.909,9.579,426,33
askdocs_1uznasx,3f326af0365c1521,10.696,27.667,17.857,83,3
askdocs_1uznc6t,07ddce3a51962828,5.327,11.0,2.174,44,4
askdocs_1uznh4o,802844b421ffd832,7.71,14.0,18.182,84,6
askdocs_1uzniex,69b7e082730fe81c,40.869,105.0,9.524,105,1
askdocs_1uznppq,0d538d774a923f80,4.983,13.588,12.195,231,17
askdocs_1uznt7e,db136f816661315d,5.529,11.619,8.4,244,21
askdocs_1uznu1p,ed9c29833d764f14,5.637,13.0,15.152,65,5
askdocs_1uznu39,a0359b2261160f31,7.679,15.943,10.78,845,53
askdocs_1uznuhb,b8ff80e42a02c88c,10.999,26.833,9.938,161,6
askdocs_1uznvc8,984d67b1aebcde45,8.327,16.103,7.203,467,29
askdocs_1uznxo5,a191780d833d79ae,8.051,27.0,7.407,54,2
askdocs_1uzny9y,214a5b790f4f5c69,8.346,15.667,13.846,188,12
askdocs_1uzo03i,ccc7478b6640e454,7.885,13.5,14.634,81,6
askdocs_1uzo0f5,9653763e53f02223,7.63,14.0,9.95,196,14
askdocs_1uzo3q8,fe8fe3d969dcbe96,6.591,12.353,7.207,210,17
askdocs_1uzo3uj,3d4b689b6fcfdbac,10.923,26.0,8.48,338,13
askdocs_1uzo4m4,0bc6dd6988e7d2b5,6.809,18.2,5.851,182,10
askdocs_1uzo5jd,d5a8d00f38b955cb,11.477,25.5,13.725,51,2
askdocs_1uzo9nl,ebd0d55b8004295e,12.99,40.0,2.439,40,1
askdocs_1uzon2a,13bbc8d6d1ea2776,4.88,14.667,13.483,88,6
askdocs_1uzondz,55f3649e01f30816,3.986,11.0,15.556,44,4
askdocs_1uzonu7,9a854b50d9417528,7.257,15.1,18.543,151,10
askdocs_1uzoo8f,2729a707e009d51a,4.976,14.25,9.402,114,8
askdocs_1uzoozw,96d5ce1cd6dbc499,5.352,11.389,9.713,615,54
askdocs_1uzoqmv,9b50cae7d489be08,10.775,29.0,6.25,29,1
askdocs_1uzor52,a5b260e8137d327f,10.195,16.267,20.238,244,15
askdocs_1uzp2il,b0712b93af2f8e49,12.955,29.5,10.508,295,10
askdocs_1uzp2s3,362c56cc8c9bd364,5.483,11.5,24.286,69,6
askdocs_1uzp97m,c8de69a8e4266b81,5.521,15.0,3.75,75,5
askdocs_1uzpa5v,33b10fb693038493,9.092,17.2,5.65,172,10
askdocs_1uzpcon,4fd17faef47c73ee,8.881,14.0,17.323,126,9
askdocs_1uzpkv3,236056336d46455d,6.823,9.052,15.866,878,97
askdocs_1uzplf0,9a202787f0457167,6.27,15.9,8.75,159,10
askdocs_1uzq01r,c6e114d3996152fb,4.373,9.417,5.263,113,12
askdocs_1uzq3hw,fb3d042e7adb63ee,9.007,9.957,9.829,229,23
askdocs_1uzqamg,7f0b3e2e9c0332ae,7.424,18.045,11.07,794,44
askdocs_1uzqavh,d7ce423b3f3bb5e1,4.487,10.026,10.914,381,38
askdocs_1uzqcp6,deded171002d0e9a,11.432,26.444,8.197,238,9
askdocs_1uzqepr,b819599cf17d122e,11.272,28.278,8.413,509,18
askdocs_1uzqer9,da459e87a6908818,9.194,20.5,13.71,123,6
askdocs_1uzqmwj,b98f9cd0ee49c7e1,5.848,19.556,10.615,176,9
askdocs_1uzqnez,3311fa7ea250563b,9.125,14.133,21.56,212,15
askdocs_1uzqnlb,e1f509aa9085b9c7,6.107,20.222,11.892,182,9
askdocs_1uzqny7,94890eba215eddde,4.799,11.5,8.696,23,2
askdocs_1uzqohf,c3eff30340e4d735,7.278,17.306,6.1,623,36
askdocs_1uzqqwv,4a1dc3d00e607d6b,8.12,12.154,7.429,158,13
askdocs_1uzqthg,dfaba7de79f3a7ed,8.522,16.632,5.607,316,19
askdocs_1uzqvco,fd6c89bf65b44596,7.339,21.5,11.628,43,2
askdocs_1uzqw4a,4afdddb68dfb2659,3.583,5.75,12.0,23,4
askdocs_1uzqyfc,c95c05fc473f24c8,5.094,11.143,5.063,78,7
askdocs_1uzrdq3,890110666fbf0553,4.093,10.25,7.143,82,8
askdocs_1uzrg3s,79f4e19709f30509,8.745,13.4,22.059,134,10
askdocs_1uzrh1b,cb11160ab83dba14,5.536,14.222,6.923,128,9
askdocs_1uzrhfy,75c0c4cde0d9e9f5,7.384,17.25,10.145,69,4
askdocs_1uzrho1,56e624a966acf60d,5.756,15.167,4.396,91,6
askdocs_1uzrhy2,e831bd529111b4c2,10.188,24.278,13.212,437,18
askdocs_1uzrn7t,49d84dd409eacafb,10.552,17.267,13.704,259,15
askdocs_1uzrnf3,9d88b39f5cad6777,5.544,12.364,9.22,136,11
askdocs_1uzrrlv,1d08fbacd9e303b6,9.476,21.125,8.0,169,8
askdocs_1uzru3j,954bea7d0d3d7511,6.01,10.0,11.017,110,11
askdocs_1uzs341,a0621729f5deed8e,8.656,19.5,12.821,39,2
askdocs_1uzs3g1,c9b35bf5a6f74427,0.851,6.857,10.417,48,7
askdocs_1uzs5yr,cc364f0f75bbd2c3,8.006,16.0,9.02,240,15
askdocs_1uzs633,cc11f5346a276dc2,14.506,19.133,13.299,574,30
askdocs_1uzs8gk,c6173eca64512976,8.873,12.5,20.0,50,4
askdocs_1uzsf8k,3b183c0d8f0e1429,6.706,15.762,10.432,662,42
askdocs_1uzsnyd,299f7fe7d9671ed4,4.95,12.692,7.879,165,13
askdocs_1uzsofz,4a3d4cbe77fb299b,5.71,13.357,6.316,187,14
askdocs_1uzsvbm,f3d447e75dc402e8,6.709,6.75,3.704,27,4
askdocs_1uzsvi8,9ca2dcf0020d197b,8.303,18.593,11.858,502,27
askdocs_1uzsw9i,01517f0eef59cabb,4.306,14.5,3.333,29,2
askdocs_1uzsyan,6badb9f6ad62bfba,8.792,25.0,26.923,25,1
askdocs_1uzt968,e84dfcd55cd17cb4,5.098,13.333,8.642,80,6
askdocs_1uztd5c,00e45094c93b3b51,8.176,13.5,13.672,243,18
askdocs_1uzte7q,be0fe72bab9787bf,4.851,12.895,8.032,245,19
askdocs_1uzte89,267143064e1820f1,6.437,17.0,9.184,187,11
askdocs_1uztf1b,1a8515795c4f50e5,57.188,134.0,11.765,134,1
askdocs_1uztlev,074e365d2ed33d00,3.481,10.0,11.111,70,7
askdocs_1uztn5w,5b5c759e2c7a552f,5.919,9.5,8.197,57,6
askdocs_1uztocd,dbede1b6966b4c73,7.36,14.625,8.065,117,8
askdocs_1uzu1mt,6941eeddde720c99,8.439,19.235,4.268,327,17
askdocs_1uzu1ua,bf553b407198e233,9.474,20.625,7.396,330,16
askdocs_1uzu5u3,bd82e3c5b4667cb4,6.076,15.6,11.392,78,5
askdocs_1uzu81d,8735703771ca9063,9.284,16.714,8.661,117,7
askdocs_1uzudtq,c89b702a06d157c1,14.301,31.5,13.235,63,2
askdocs_1uzuetk,e61ce1de01d077f9,21.201,52.75,8.962,211,4
askdocs_1uzueua,7453032899fbb271,7.335,16.2,8.4,243,15
askdocs_1uzueyo,cc0a18150dfa067e,7.129,10.2,11.111,51,5
askdocs_1uzuhoo,c2b01937f1e09eb0,5.22,13.75,8.929,55,4
askdocs_1uzuht2,49497f4c1d7b56b7,4.4,10.643,13.924,149,14
askdocs_1uzuku6,8868972bbf3d78a8,8.045,23.429,7.012,328,14
askdocs_1uzuqjm,c96bad1df4fd7e9c,6.793,18.333,5.042,110,6
askdocs_1uzuuf1,a68987434cc0408f,6.592,12.684,9.877,241,19
askdocs_1uzuv56,4a13b7f7e5d902dc,7.394,15.5,7.692,62,4
askdocs_1uzuxs6,fdfda7ddf9040b65,5.175,10.5,5.882,63,6
askdocs_1uzv11k,10afb52886ba0fcc,6.093,16.222,12.329,146,9
askdocs_1uzv162,e8cca71a2375b0d8,13.576,33.333,6.731,100,3
askdocs_1uzv3hc,1a96ad75f315b9b0,9.231,20.571,5.333,144,7
askdocs_1uzv45c,3ba74372dfe9271d,6.259,14.333,10.056,172,12
askdocs_1uzv4lg,a07fe3448492c2b3,9.368,18.65,10.452,746,40
askdocs_1uzva1i,ebab441201c33027,9.276,16.909,8.0,186,11
askdocs_1uzvfxx,534ff60e7b594a2f,8.242,18.75,10.256,75,4
askdocs_1uzvqbk,825aa3d5913a1859,19.948,43.75,7.542,350,8
askdocs_1uzvqql,68e812d510813fa8,7.537,18.571,11.538,130,7
askdocs_1uzvvst,7c4342de2603b799,7.657,14.222,16.418,128,9
askdocs_1uzw7j0,8d6f051014978be0,5.053,13.615,6.63,177,13
askdocs_1uzw8pi,62e1bf484ea60bf3,14.514,21.0,12.5,21,1
askdocs_1uzw92e,69aa4bb92a96c845,6.852,9.2,14.737,92,10
askdocs_1uzwbgt,a22c512bdb0a2650,8.311,18.0,11.111,72,4
askdocs_1uzwbjk,622f38eb21a6333d,6.642,14.917,16.111,179,12
askdocs_1uzwbyq,f6eff314f772052b,7.726,11.941,12.381,203,17
askdocs_1uzwc32,07c9abb2d786eeb8,15.312,36.25,9.888,435,12
askdocs_1uzwd05,b0c8b6153ef0b01b,6.973,15.48,8.642,387,25
askdocs_1uzwi4g,34e895fdf66df94e,4.889,11.273,10.938,124,11
askdocs_1uzwjgw,ae01ca7e59e00694,13.164,17.296,17.068,467,27
askdocs_1uzwkxp,725d32868f2675f7,3.373,12.889,7.692,116,9
askdocs_1uzwlz5,16bbc96026750d0a,9.563,20.75,11.976,166,8
askdocs_1uzwrb2,9dfbc4a927a06cd9,1.031,9.0,5.405,36,4
askdocs_1uzwrgf,29df99dffc3e2369,8.172,10.5,14.493,63,6
askdocs_1uzwsgy,84ec28a6d74d0a07,7.779,18.077,9.6,235,13
askdocs_1uzwsm4,4757996ef0d7170c,4.806,11.667,4.11,70,6
askdocs_1uzwt4r,62dfa81defa60fd4,7.115,10.25,15.556,41,4
askdocs_1uzwt8p,e3e42705f8fadc23,2.876,9.2,0.0,46,5
askdocs_1uzwu2c,229e1fa05a332beb,8.772,17.0,13.228,187,11
askdocs_1uzwufx,6735346ec010ee5e,22.396,56.25,13.216,225,4
askdocs_1uzwwn9,452de555c2bf08f9,8.458,17.833,12.727,214,12
askdocs_1uzwyme,9b160b22ef78b872,6.878,19.286,8.148,135,7
askdocs_1uzwzaq,c72fd21d80b6d6e6,10.299,22.154,5.96,288,13
askdocs_1uzx3h4,d311cf1dcf15ea55,7.52,17.312,10.791,277,16
askdocs_1uzx3oy,c719ebb22dc96287,4.953,12.333,9.91,111,9
askdocs_1uzx3v9,e43f89ecc2eb71a0,6.979,13.7,14.085,137,10
askdocs_1uzx4fn,bacba3f62cea445c,8.466,18.357,10.821,257,14
askdocs_1uzx7co,32468b56e6e3892d,7.664,17.667,12.217,212,12
askdocs_1uzxcjr,130d7665f1a3e770,7.406,15.333,10.714,138,9
askdocs_1uzxerz,10559f4cbd580b0f,5.569,13.667,14.634,41,3
askdocs_1uzxjqg,b925d8e7f2ecf3e2,4.228,9.308,17.46,121,13
askdocs_1uzxla5,d78fdcacc0cb68d3,8.227,16.0,17.708,96,6
askdocs_1uzxoz8,b00a01811284601f,5.87,13.833,14.118,83,6
askdocs_1uzxpj2,83c43178f19203a3,7.1,15.1,13.072,151,10
askdocs_1uzxsfg,5127a01f2530716c,3.902,4.273,0.806,94,22
askdocs_1uzxul7,90b02f20c9f9f620,7.6,13.4,11.429,67,5
askdocs_1uzxw10,1a57c9b10ed6a2cb,7.235,15.455,10.734,170,11
askdocs_1uzxxnh,6b773e0cea89f1ca,5.664,16.9,9.444,169,10
askdocs_1uzxxuq,51beb00200d1f2ed,7.218,15.7,13.924,157,10
askdocs_1uzy0xb,e5720d13d8fc8d50,5.677,11.867,10.44,178,15
askdocs_1uzy2aw,44829716ba0e62ff,8.315,22.0,9.032,154,7
askdocs_1uzy37e,b4c398f3938887df,8.739,14.1,8.754,282,20
askdocs_1uzy4qn,2e0978f5c71f1c06,6.293,11.0,7.143,55,5
askdocs_1uzy79o,7215921996dba97a,9.477,13.938,12.069,223,16
askdocs_1uzy8pz,7c121aff1ca32d95,6.013,17.625,7.333,141,8
askdocs_1uzy9qp,6b85df06d8267519,14.867,33.5,4.833,268,8
askdocs_1uzybaf,d023f8c2b3bfc0c3,11.764,15.174,17.318,349,23
askdocs_1uzyi0l,07ed9b64553fdb5f,2.311,7.0,7.143,42,6
askdocs_1uzyi8g,a832aa1948a57a2e,6.24,9.353,12.883,159,17
askdocs_1uzyjou,eda60455e0160022,4.043,10.0,6.25,90,9
askdocs_1uzykby,550270b2fc1e9077,6.48,15.8,10.262,474,30
askdocs_1uzymcb,d24e26bb6704dcb4,15.603,37.368,7.682,710,19
askdocs_1uzyqxp,5fef6387906b8d46,7.962,17.333,9.615,52,3
askdocs_1uzyr82,bb7d2a30061eac66,7.418,18.455,10.784,203,11
askdocs_1uzyrn1,5889e33bf3703a63,8.73,20.0,7.092,140,7
askdocs_1uzys1j,72435be8cbf5aa8b,29.37,73.5,10.596,147,2
askdocs_1uzysuh,98a0bf0c83235cfa,7.562,16.3,8.284,163,10
askdocs_1uzyt37,410a9b5698eadb3b,4.898,11.1,5.357,111,10
askdocs_1uzyu7n,1d3ad213ee5fdc75,10.425,21.6,11.991,432,20
askdocs_1uzyv6s,2e86775373e3686e,5.696,15.267,8.739,1313,86
askdocs_1uzz0kn,fcf38059dcc17b10,4.12,6.667,4.762,20,3
askdocs_1uzz0r8,223a05cf475cb21d,8.315,22.0,6.452,154,7
askdocs_1uzz12j,46e220c66453c612,4.691,17.0,20.37,51,3
askdocs_1uzz5v7,5f5e6497660d6f08,10.467,19.4,21.32,194,10
askdocs_1uzza8g,0794e278ae3d26ca,10.156,26.25,8.531,210,8
askdocs_1uzzaq8,7b012214dac6445a,5.078,8.5,13.514,34,4
askdocs_1uzzbh1,a6b3936bfb20a6b8,11.152,25.0,9.319,275,11
askdocs_1uzzc2h,5e445324840d9613,11.058,25.125,12.385,201,8
askdocs_1uzze9d,16e39b3da8a1a69e,5.506,16.5,18.182,33,2
askdocs_1uzzhu3,3e34f2767956259b,4.409,9.462,11.811,123,13
askdocs_1uzzlmk,56b91451789e3ee6,4.791,11.0,4.348,22,2
askdocs_1uzzr7e,da30e3ae01b4a3b8,6.905,17.545,10.363,193,11
askdocs_1uzzs2m,a17e5c51a2f4e0e1,9.268,19.143,6.25,268,14
askdocs_1uzzuen,8ffc36314b5f4976,9.305,22.6,10.619,113,5
askdocs_1uzzugk,54851c556263e1c2,11.935,32.0,8.876,160,5
askdocs_1uzzuuf,d12543b432648425,11.02,17.875,6.41,143,8
askdocs_1uzzw62,dd46f6bdace6d264,5.993,15.0,22.222,45,3
askdocs_1uzzw6d,7106f391f7a9d677,8.658,20.933,9.748,314,15
askdocs_1uzzw8a,c999577d7b68daad,8.697,21.7,14.155,217,10
askdocs_1v0010i,ee1025155133d075,8.765,20.824,15.686,354,17
askdocs_1v0011y,d3bb81d292d53fca,5.173,15.8,7.5,316,20
askdocs_1v003st,c34c3b2ef2f0ee62,6.931,18.714,9.023,131,7
askdocs_1v0055d,3ed15e534a24ca38,7.349,18.842,7.143,358,19
askdocs_1v005n9,0dee07491fbf2032,4.469,9.5,7.018,114,12
askdocs_1v00b8u,6944d4b1fa52fa54,11.524,25.333,9.091,76,3
askdocs_1v00bbh,fa9f34d4d84e7f76,9.797,23.0,21.739,46,2
askdocs_1v00cna,854e76ccff5f47f1,9.019,24.667,5.405,74,3
askdocs_1v00dly,9ed0ba5091d2fceb,5.692,11.625,12.632,93,8
askdocs_1v00ec2,db84d7c538f9fbf7,9.745,25.667,6.494,77,3
askdocs_1v00g6u,7994b6a7446dc7c2,8.043,13.375,12.844,107,8
askdocs_1v00inq,c8d2cc0a8662cc8e,5.823,13.111,10.788,236,18
askdocs_1v00k5i,c665074532c9151b,9.569,19.308,4.688,251,13
askdocs_1v00mw8,f00074d3b622e938,7.21,21.0,9.091,21,1
askdocs_1v00oon,d2eb2796fba43695,3.971,11.0,6.736,374,34
askdocs_1v00oyt,b9dbf9123b4b6c95,4.314,15.8,4.878,79,5
askdocs_1v00qql,42466aa48cf2288b,4.3,11.667,14.286,70,6
askdocs_1v00qw4,ecdf48b9d6a7a398,3.522,10.571,7.595,74,7
askdocs_1v00r79,7ddc46b2891137ab,10.137,23.889,7.798,215,9
askdocs_1v00rb3,779e42c7b9e27a7e,3.322,12.857,5.263,90,7
askdocs_1v00rq5,46c95f8e93b3d033,10.223,17.944,13.761,323,18
askdocs_1v00sfr,b5e8fcb51e538847,7.944,18.729,9.715,1798,96
askdocs_1v00t6m,5f90fbb5341043a5,9.264,25.0,6.667,75,3
askdocs_1v00tvi,a3f8c1d0c46ae9ac,7.322,18.875,10.526,151,8
askdocs_1v00ufb,69d7a0a37965aa2a,5.631,13.222,3.906,119,9
askdocs_1v00wo7,630dfa8ea0f41b8e,6.985,14.625,9.102,819,56
askdocs_1v010i1,33843437abdabe61,5.937,13.846,7.027,180,13
askdocs_1v01191,b33afb0af02ffcf4,17.88,22.474,11.134,427,19
askdocs_1v016mo,ec0dabb3ad0c82ea,8.752,20.143,4.255,141,7
askdocs_1v017ta,2a7c36d89e1461c5,9.695,15.875,12.205,254,16
askdocs_1v01984,bc25ea0fce68bbea,7.792,15.568,13.081,576,37
askdocs_1v01cr4,dae3cb3c8095bdf1,6.924,15.562,5.385,249,16
askdocs_1v01cwh,120f6eef6e57632d,6.419,10.875,7.955,87,8
askdocs_1v01f8i,4305e0876f82e9c4,5.229,10.8,14.815,54,5
askdocs_1v01g9o,13ca6fb53a40a094,9.304,17.714,10.484,124,7
askdocs_1v01grw,4d9a3115d921c0bc,7.103,13.778,10.317,124,9
askdocs_1v01itc,b759762e650ceac5,11.434,20.769,13.62,270,13
askdocs_1v01iz9,accc1742ab22b79b,4.262,9.5,12.987,76,8
askdocs_1v01kik,8255df3e6e1d11e1,8.795,19.0,10.526,57,3
askdocs_1v01llm,32d47a7ba14b55b3,5.057,11.125,14.737,89,8
askdocs_1v01onv,b3f6740662d22753,2.94,6.667,14.286,20,3
askdocs_1v01vp4,b7a1616c875a253e,5.654,14.0,9.032,154,11
askdocs_1v023wg,a00eb63693003700,4.628,11.5,8.333,69,6
askdocs_1v023y4,6566c4ab0767abf2,8.098,18.467,11.765,277,15
askdocs_1v024s2,c1963770cbc61b98,6.459,11.72,11.538,293,25
askdocs_1v0256d,9341474a526fa4fa,11.063,16.375,9.559,131,8
askdocs_1v025j6,07d595b1499effc5,3.257,10.0,9.677,30,3
askdocs_1v029nm,ef1dccf128d2dff2,9.059,19.05,9.596,381,20
askdocs_1v02fyi,d59e78584ed3c117,8.051,19.5,7.143,39,2
askdocs_1v02lkn,2b22583dba0d0f1c,7.622,10.667,16.19,288,27
askdocs_1v02ntt,5ab92ce5707c3113,14.95,39.0,12.605,117,3
askdocs_1v02os0,6953dadbe035a603,13.878,11.556,9.434,104,9
askdocs_1v02r8p,e79f328eb23cb728,9.559,27.667,9.639,83,3
askdocs_1v02wg6,f7d286e67108f9b5,6.969,16.111,8.054,145,9
askdocs_1v02yjn,65b33e57cc02b4c5,2.13,9.75,4.878,39,4
askdocs_1v030ez,b54aebbc6c15dd56,6.148,10.875,6.667,87,8
askdocs_1v031lz,35a61a02bdf5cbc4,6.73,14.105,13.818,268,19
askdocs_1v031m3,6efb533d22de983f,8.632,14.885,9.044,387,26
askdocs_1v036op,5a3af78dd6330479,8.062,18.429,15.672,129,7
askdocs_1v037rn,e2853e6cf53ae983,9.421,15.231,9.548,396,26
askdocs_1v03bd2,127685af7d49e916,3.443,10.4,9.259,52,5
askdocs_1v03btz,6480587ee7dbceef,3.917,12.5,18.519,25,2
askdocs_1v03cj3,72421fa3fcac0882,3.81,9.125,11.392,73,8
askdocs_1v03dbj,3e7669530bd14825,8.2,18.615,6.531,242,13
askdocs_1v03dnh,d7a39c7578d3332f,7.283,18.667,3.419,112,6
askdocs_1v03eij,643fcf850221f1e3,4.393,11.238,4.348,236,21
askdocs_1v03f5g,e1f42468464a71be,10.273,16.5,12.0,99,6
askdocs_1v03huj,e2d920a21096d0e2,9.548,17.824,13.548,303,17
askdocs_1v03iki,8b4e26846d7c1cc8,11.037,20.833,18.11,125,6
askdocs_1v03j5o,675cff2934a26832,5.31,10.214,14.189,143,14
askdocs_1v03jd9,bb6ab06b629e6f2b,5.609,16.125,3.053,129,8
askdocs_1v03kke,f2174eeb26639de0,6.902,16.075,9.375,643,40
askdocs_1v03pce,102db831faf29845,11.126,17.5,11.398,455,26
askdocs_1v03shh,034d3968de1c48ed,8.693,14.6,10.236,365,25
askdocs_1v03thp,de3920cedd751683,9.199,15.25,11.672,305,20
askdocs_1v03w3l,127bc63aa9fe363f,7.758,16.182,8.602,178,11
askdocs_1v043ou,8342544068092e69,7.231,12.4,14.615,124,10
askdocs_1v04ekq,ae002d67d5d0d2ce,7.178,17.0,14.085,272,16
askdocs_1v04h2y,b8311eef7ee9eedf,8.761,20.2,9.524,101,5
askdocs_1v04ik5,b1f566be5316465c,10.651,24.0,15.972,144,6
askdocs_1v04kdi,0664b381c8ed172c,6.721,13.727,12.459,302,22
askdocs_1v04mu8,f9b15065d84f6bb2,12.487,31.0,3.125,31,1
askdocs_1v04n1d,ec823f99442ed62d,12.656,23.0,14.198,161,7
askdocs_1v04nvq,3655ef6c973b90e0,57.054,151.0,7.947,151,1
askdocs_1v04qws,c07f177caff04884,4.984,11.182,8.661,123,11
askdocs_1v04uxm,25d9e54cb247cb99,7.21,14.976,12.322,629,42
askdocs_1v04vif,5dfea7866795e0c8,7.146,17.375,12.587,139,8
askdocs_1v04wew,ceafb6866d09749b,5.355,13.889,5.534,250,18
askdocs_1v04ykc,881e1cf2ecf5483f,5.537,12.545,12.367,1405,112
askdocs_1v050uf,1162ee9513a91dfe,4.863,14.75,11.57,118,8
askdocs_1v050yr,f95a2a828bcbfb19,8.153,13.308,4.598,173,13
askdocs_1v052qd,83deea16b3d2bfd4,4.057,6.0,6.452,30,5
askdocs_1v0576o,bab5aa4e7cdf814c,3.957,14.4,8.333,72,5
askdocs_1v057dt,ea41f2f67072f037,6.844,13.714,13.0,96,7
askdocs_1v057gx,1ddf9c228008b5bb,5.903,11.367,12.754,341,30
askdocs_1v05a0w,42aed38ca0d8ff7b,6.277,12.5,13.333,100,8
askdocs_1v05dl2,cbd41194e7cd3911,11.753,29.25,8.403,117,4
askdocs_1v05ed2,2d8a8a8a665cace5,9.673,20.5,9.524,41,2
askdocs_1v05edw,6caf2d0d5be9a3fd,7.976,15.875,13.953,127,8
askdocs_1v05fc9,17f55d1ace56a2fa,6.659,19.444,6.522,350,18
askdocs_1v05hta,f27d30672e621031,3.419,8.4,8.696,42,5
askdocs_1v05kdh,83020f162f8e0dce,11.448,20.5,15.354,246,12
askdocs_1v05kxb,29b54e4d7185e169,7.842,17.148,10.998,463,27
askdocs_1v05rbf,231e4ad4052720d9,11.905,27.071,10.789,379,14
askdocs_1v05stz,e322a19cf28aa2cd,6.285,15.889,13.423,143,9
askdocs_1v05tmr,a569dbf9f5f41531,6.306,14.0,13.636,196,14
askdocs_1v05tn1,4ee27b4a8463cdd7,4.097,10.929,11.688,153,14
askdocs_1v05uzg,f54e6c075b28bf7a,5.84,14.833,5.618,89,6
askdocs_1v05w8p,f5656696ad17cf93,5.279,12.077,13.836,157,13
askdocs_1v05ycg,3b2dbf7b63a7e560,10.826,25.333,10.256,152,6
askdocs_1v061c2,6f5177cb582cfe3b,12.283,18.769,13.546,244,13
askdocs_1v0654r,143826f51c50eba9,6.935,20.667,3.03,62,3
askdocs_1v06820,a8723e3ffe9014d5,1.851,6.571,4.082,46,7
askdocs_1v06a58,fc4eff10fc1ec718,11.506,27.6,11.348,138,5
askdocs_1v06b77,2dd295fc249a5462,8.898,18.727,8.796,206,11
askdocs_1v06bgt,72843578980eaab2,14.07,33.8,15.517,169,5
askdocs_1v06eey,ec50ecc4bc2ea0c1,4.696,8.667,12.844,104,12
askdocs_1v06ezu,167d30f1ca502d84,8.898,18.727,7.834,206,11
askdocs_1v06f97,2cc090a47b4167a1,4.638,13.6,5.882,68,5
askdocs_1v06hvm,c4422bb9990967be,3.837,11.0,7.843,99,9
askdocs_1v06j4d,2ef35c70f7a7f67c,18.818,47.2,10.084,236,5
askdocs_1v06o2w,17d9fe9bda94dcb2,5.354,14.385,15.263,187,13
askdocs_1v06o6e,f73ea448703d7a4d,8.541,16.375,8.955,131,8
askdocs_1v06p7j,08e037d8bc0b7f5b,3.285,10.333,6.061,31,3
askdocs_1v06r4h,0f82fd0454bd573d,3.025,10.429,3.947,73,7
askdocs_1v06rix,54ff87209e63834c,5.563,16.286,8.264,114,7
askdocs_1v06rm2,e09eda9b6fd688a3,6.848,15.75,9.091,63,4
askdocs_1v06w09,188153e928f4db19,3.32,10.667,5.882,32,3
askdocs_1v06z9l,02f7ee92b1be3d8b,5.526,12.0,16.092,84,7
askdocs_1v070vy,309938f9d5bb1d23,2.47,10.0,10.0,20,2
askdocs_1v0723g,0e7ddc92b577cb46,8.995,20.2,8.911,101,5
askdocs_1v07581,829755ac250462eb,5.317,11.25,9.677,90,8
askdocs_1v078np,8c605952ea0a9660,8.171,18.686,13.074,654,35
askdocs_1v079hj,fddf368a7079cc5a,6.081,15.0,8.633,270,18
askdocs_1v079st,54ee5e4f0ca91532,7.317,16.0,17.284,80,5
askdocs_1v07az6,da490bd314a7f68b,5.449,11.25,16.304,90,8
askdocs_1v07bix,9742304ba7e83540,6.039,13.0,9.504,481,37
askdocs_1v07dyr,324ca07d5ebc9bd8,6.919,14.222,12.319,128,9
askdocs_1v07e2m,c0614f6d2526d12b,3.69,8.5,5.882,34,4
askdocs_1v07gkz,47b37ba7a078d7fa,6.045,8.9,16.129,89,10
askdocs_1v07hva,19ed045bad26380c,6.798,15.222,7.639,137,9
askdocs_1v07jfw,6a633d084e73481f,9.034,18.077,6.911,235,13
askdocs_1v07lw5,86f8c2ab45b1db48,11.316,27.462,7.008,357,13
askdocs_1v07mbl,74853a604e9a1808,4.076,8.571,7.937,60,7
askdocs_1v07mo3,1ed702d258567794,7.66,17.333,9.146,156,9
askdocs_1v07rr4,5485c7f9ebebcf98,10.22,28.0,14.118,84,3
askdocs_1v07rra,5d0d702ea8cb8a11,6.481,18.714,4.412,131,7
askdocs_1v07ud5,d52bb228f634861e,6.5,12.969,5.963,415,32
askdocs_1v07ufe,d0751b83a8755633,9.07,18.0,10.837,198,11
askdocs_1v07v57,b52053d608e1b752,6.322,14.25,8.065,57,4
askdocs_1v07wpi,cc5d5d72e3abd404,5.619,12.6,21.538,63,5
askdocs_1v086l4,262ab01cf463a8fd,7.365,20.364,11.345,224,11
askdocs_1v0876k,bbc9f0f731a245fe,10.163,16.067,11.067,241,15
askdocs_1v087nb,acf4b6df3fa04767,10.754,25.8,12.121,129,5
askdocs_1v089y5,b7efd93fcc7455d9,4.673,12.167,12.162,73,6
askdocs_1v08auq,7b4383693c938d6e,7.314,20.0,10.891,100,5
askdocs_1v08fx1,65b54e5d394ffd89,6.905,12.727,11.972,140,11
askdocs_1v08k0l,73786e1a9c034175,11.961,26.714,9.309,374,14
askdocs_1v08n6m,e04f10b545226cea,5.414,13.909,5.882,306,22
askdocs_1v08q27,ea9b1cb4bebe8c33,9.741,24.333,13.514,73,3
askdocs_1v08rd5,83c1c8ec54fae907,4.721,13.0,11.408,559,43
askdocs_1v08s6n,eb4184f7f87e9c6c,5.389,16.375,6.015,131,8
askdocs_1v08s7g,bb86296a972e7661,7.52,16.0,7.692,128,8
askdocs_1v08sa5,088341cf82864203,6.086,21.0,9.524,21,1
askdocs_1v08tku,6a271b66b5f5556b,7.429,20.333,5.797,61,3
askdocs_1v08wr1,e0d8769ccb34dfa5,3.273,11.889,9.346,107,9
askdocs_1v08yki,9e305fdb93dc4f63,9.474,21.111,8.0,190,9
askdocs_1v090zf,ee40cf2da15bfe98,18.356,28.429,21.346,398,14
askdocs_1v095vp,c61ebd27c68f3a48,6.503,15.091,11.494,166,11
askdocs_1v096wk,92863efa2b02bdf3,11.924,29.125,6.009,233,8
askdocs_1v097e9,e65a13fc23d83b63,7.672,13.815,14.433,373,27
askdocs_1v099fy,3ee53b21c407cf7c,6.038,13.8,8.571,69,5
askdocs_1v09b7n,6c9bdf73ff814658,4.733,12.571,10.227,88,7
askdocs_1v09dzv,0b12d3bee12d9040,7.546,13.31,14.713,386,29
askdocs_1v09gw2,8b5e8c2cd6a2e52c,6.641,15.2,5.195,76,5
askdocs_1v09jcj,623d3bdebd0d20e7,7.639,14.273,16.25,157,11
askdocs_1v09jyz,da1859e4eb202e5c,11.51,19.857,12.95,139,7
askdocs_1v09nak,1cae5527118d4fb5,3.48,11.0,7.071,99,9
askdocs_1v09qup,1bfaf959f8616c92,6.433,13.667,9.756,41,3
askdocs_1v09rpg,1e458f3624c323d3,6.454,15.107,13.287,423,28
askdocs_1v09s0x,31b63f5ff0afa469,8.029,15.857,7.143,111,7
askdocs_1v09skp,48b5151353a13e01,3.677,8.636,13.542,95,11
askdocs_1v09ua9,08d71dd4a6b81962,7.893,17.148,12.083,463,27
askdocs_1v09um3,3852b49c03e43cac,13.211,26.4,11.364,132,5
askdocs_1v09utk,9204e93462a82f22,9.993,27.273,8.917,600,22
askdocs_1v09vex,5f1af29111860cd5,8.343,21.786,10.345,305,14
askdocs_1v09zw8,e016237d91a01d58,12.863,25.0,13.861,200,8
askdocs_1v0a1a9,74ccc1a4df2afd45,7.123,13.844,8.261,443,32
askdocs_1v0a9m2,8c86790ed807b502,7.735,19.429,11.191,272,14
askdocs_1v0a9x3,061177ec0738b08f,8.952,24.25,9.278,97,4
askdocs_1v0aajh,27432e7269954088,5.605,15.5,8.28,155,10
askdocs_1v0ac6x,dd2debb538f0a736,6.265,16.75,2.941,67,4
askdocs_1v0acr8,2bf4d7fc36c83916,6.917,14.909,9.639,164,11
askdocs_1v0afsu,b7750847998e2445,9.788,12.63,11.309,581,46
askdocs_1v0ajxh,d8a0e787a9636c75,9.53,23.2,9.623,232,10
askdocs_1v0akby,f9e765c0a528bbbd,2.86,8.8,10.638,44,5
askdocs_1v0ar1x,177dd113edfcfd6b,7.923,21.833,10.646,262,12
askdocs_1v0at8b,fe51b013244d5916,6.748,14.5,10.674,174,12
askdocs_1v0atva,358f33257230c8f5,6.161,16.611,7.261,299,18
askdocs_1v0aunl,827921dfd402f67b,8.082,20.6,11.429,206,10
askdocs_1v0avb5,db52af08c8311047,3.304,7.667,21.739,23,3
askdocs_1v0b0bv,45b6bfe7ca6c9c3b,4.359,12.25,12.871,98,8
askdocs_1v0b1a0,6c9c60a78cae68f6,6.042,14.562,8.787,233,16
askdocs_1v0b1q7,373b0cb73083cdab,5.698,15.0,5.469,120,8
askdocs_1v0b1r5,745e8a24993ffc0d,4.418,13.667,13.333,41,3
askdocs_1v0b24u,597e31e45a583b52,6.553,24.0,24.0,24,1
askdocs_1v0b553,86f242909cb9b6e8,8.48,24.182,9.89,266,11
askdocs_1v0berh,d02e33b3ce86063e,5.916,11.545,12.121,127,11
askdocs_1v0bf6q,2103377778b733d4,7.376,17.188,7.586,275,16
askdocs_1v0bfyg,692c465d16d6ea71,5.464,10.857,11.207,228,21
askdocs_1v0bgvt,cbd039461eebb4a1,3.068,7.5,14.286,30,4
askdocs_1v0bjth,1b388164a27457f7,4.843,12.286,11.111,86,7
askdocs_1v0bl74,2b51f988a33dc1ef,10.259,25.429,7.182,534,21
askdocs_1v0bmlx,26a0b6e341e4e35b,7.405,20.778,6.383,187,9
askdocs_1v0boio,863008330028a31e,5.341,8.286,9.836,58,7
askdocs_1v0bphr,d15edc373191e6f9,9.699,22.727,7.6,250,11
askdocs_1v0bs05,ed3cb7241c6dca17,7.402,14.7,10.667,147,10
askdocs_1v0bsqy,8e94e4990a7a3797,4.121,12.6,7.937,63,5
askdocs_1v0buot,cee1b8d70fbd4a38,6.569,15.143,10.092,106,7
askdocs_1v0bvd5,cb24988e900de3dc,3.373,10.25,4.878,41,4
askdocs_1v0bw3o,0983fa4482344008,5.536,13.9,6.873,278,20
askdocs_1v0bxsb,9d677ea713a3af53,8.614,18.707,9.487,767,41
askdocs_1v0c0vs,a567c24cf6fdf765,9.089,17.071,12.648,239,14
askdocs_1v0c387,7de55dfdc58e2030,8.82,21.889,3.382,197,9
askdocs_1v0c3il,ac3eec6cca7b07d8,5.952,9.143,13.74,128,14
askdocs_1v0c5tx,eab50548668ecdee,7.833,16.778,9.272,151,9
askdocs_1v0c6bi,55f64f8d82506d85,8.051,19.5,10.833,117,6
askdocs_1v0c6ur,36f52cfc64e49846,6.845,14.909,12.121,164,11
askdocs_1v0c99i,e99b08baa19e49b0,7.388,16.429,10.656,230,14
askdocs_1v0c9og,f6ad7d6dbc9912b4,6.77,18.222,8.537,164,9
askdocs_1v0cabp,af99ddc3bd59cad1,6.66,15.4,10.127,77,5
askdocs_1v0ccki,1da730cfc41ab77d,15.902,37.0,7.595,74,2
askdocs_1v0cdl9,e3990776031333ac,4.336,12.8,15.152,64,5
askdocs_1v0cfvx,1a38be9fbf7c9dd5,9.635,26.4,12.782,132,5
askdocs_1v0cg48,8bf74feaa12499c3,5.62,9.0,12.963,54,6
askdocs_1v0cg8j,7c707810d2e68703,5.75,13.857,12.245,97,7
askdocs_1v0chz0,ca7d65873ba4d2c1,7.247,17.643,6.827,494,28
askdocs_1v0cjho,f3ee36e411cba739,9.83,17.615,13.333,458,26
askdocs_1v0ck0y,8d15ea0cfffd7d63,11.192,28.4,4.636,142,5
askdocs_1v0clbn,cdfa2b1cbf7ab15f,8.792,25.0,7.692,25,1
askdocs_1v0cr1t,76843919a7696d26,15.05,39.429,8.664,552,14
askdocs_1v0czfs,51fadf6c72e26eca,6.963,17.6,11.111,88,5
askdocs_1v0d3fa,daad59bb295a330c,3.897,11.0,8.451,66,6
askdocs_1v0d4no,18f91d1c9b6b5b8b,4.823,12.0,10.788,240,20
askdocs_1v0d5p4,fc39c3296dc7a4f1,6.229,12.333,13.274,111,9
askdocs_1v0d6kp,ca30c43c3b5224af,6.124,17.75,12.583,142,8
askdocs_1v0d9d0,1d329fe3df3c253a,4.823,12.0,9.836,120,10
askdocs_1v0dbq5,25c65644b70e3505,4.601,14.55,10.033,291,20
askdocs_1v0ddoj,1c1273fb6da49624,2.616,6.833,9.524,41,6
askdocs_1v0ddyk,adf996143c70528a,5.731,15.0,4.396,90,6
askdocs_1v0de2j,ec1cfefd74458ba7,10.925,17.583,12.222,422,24
askdocs_1v0dfqt,381e8519a9876310,5.126,12.429,4.494,87,7
askdocs_1v0dijq,d9fce995ed6b5e93,4.389,12.5,11.538,25,2
askdocs_1v0dj3z,2036d76d99108b38,25.347,66.0,8.571,66,1
askdocs_1v0dk76,bfe41ce79b349c51,2.803,14.25,1.724,57,4
askdocs_1v0dkl6,1cd7cb3110e4e342,9.273,21.378,9.088,3164,148
askdocs_1v0dmtb,0e5f427f2a6c8a29,6.564,17.875,11.333,143,8
askdocs_1v0dnky,2db88ee02ed36ea0,12.475,32.267,7.613,484,15
askdocs_1v0doto,f2d7bf4e2cc77b57,3.128,8.8,8.889,44,5
askdocs_1v0dpop,5ed48004dfc11f51,2.825,7.333,11.111,44,6
askdocs_1v0dr7c,55a5f7e57529a87a,9.508,25.429,6.989,178,7
askdocs_1v0druu,46ff41c6e5a10a37,6.62,12.75,5.66,102,8
askdocs_1v0dszk,95544440f16956cc,4.732,11.294,15.578,192,17
askdocs_1v0dyj6,905724e03a3b9285,4.62,14.0,6.667,56,4
askdocs_1v0dzft,4c6f6fa16aeea230,5.971,15.176,13.869,258,17
askdocs_1v0e006,f57889a596ba58ce,8.173,18.571,12.308,130,7
askdocs_1v0e36x,09da33c7251251e9,6.289,12.167,10.39,73,6
askdocs_1v0e4b4,2dc4f9884a5214f9,6.023,14.214,8.458,199,14
askdocs_1v0e4te,197d0bfe70b865a8,9.571,16.167,10.101,97,6
askdocs_1v0e5bp,b6b09fd69f18505b,11.292,18.5,14.159,111,6
askdocs_1v0e5i0,b48ba29181ec927e,21.0,56.0,12.5,56,1
askdocs_1v0e6ze,b7234e88d93caf8f,6.393,15.444,8.571,139,9
askdocs_1v0ecgd,d73bbf097cd3c0c3,9.539,23.867,8.895,358,15
askdocs_1v0eg3t,6bd0b38a932afce5,8.792,25.0,7.407,25,1
askdocs_1v0ehfy,f68cc75439d889fc,12.926,17.367,16.667,521,30
askdocs_1v0eic2,8c0505c1d9312603,5.849,14.588,9.804,248,17
askdocs_1v0ek22,308788de6a231176,6.73,12.344,9.774,395,32
askdocs_1v0el46,f29b2d4b892e5f27,7.542,18.464,4.673,517,28
askdocs_1v0emae,08766eb227c28c5f,10.409,28.667,5.814,86,3
askdocs_1v0eo33,3508c03a1b18790c,8.169,15.385,21.359,200,13
askdocs_1v0eruj,951274ade5df3c96,6.664,16.0,3.39,112,7
askdocs_1v0es1o,affa33a1668f4ad1,8.153,14.1,17.687,141,10
askdocs_1v0esre,68b742fbd7169151,7.984,20.4,9.434,102,5
askdocs_1v0etuk,dda6c92d25f27537,7.677,14.857,2.679,104,7
askdocs_1v0evaa,cc8508e052681e82,1.136,7.75,6.452,31,4
askdocs_1v0evst,5a3520bfe9e626f5,5.681,15.5,8.871,124,8
askdocs_1v0f3uj,4601fff5d6cdf0c4,17.302,47.0,3.922,47,1
askdocs_1v0f3y7,0d03ab44e4aaa18b,2.649,8.0,12.5,32,4
askdocs_1v0fa0i,c0b929032fb2b65a,8.812,17.882,10.492,304,17
askdocs_1v0fadu,88dd4af441994ef3,9.683,24.778,6.579,223,9
askdocs_1v0faxz,a9225bdb69db146e,18.826,44.667,9.42,134,3
askdocs_1v0fd3h,f88907322b0f9021,8.193,18.714,9.091,131,7
askdocs_1v0fem3,4634c7a4dbab17cc,12.608,24.143,18.208,338,14
askdocs_1v0fjef,fc4ec26e396b8baf,11.111,27.87,9.502,641,23
askdocs_1v0fnsa,3b630e49fa0db2c1,7.07,16.947,11.246,322,19
askdocs_1v0fomk,ace3022fb0d0895f,7.85,16.75,10.294,67,4
askdocs_1v0frp9,a3d1d717ff3d58eb,14.692,35.438,9.589,567,16
askdocs_1v0fsae,3749c22aaae381a3,5.049,8.944,10.059,161,18
askdocs_1v0ft9h,b8bbd49209910690,6.471,16.158,10.248,307,19
askdocs_1v0ft9q,57120e231be8cfad,9.632,23.2,7.563,116,5
askdocs_1v0fwzl,f3d04e2148bc388b,9.321,18.071,9.412,253,14
askdocs_1v0g1p3,b6ad2775a272723e,9.636,19.167,10.331,230,12
askdocs_1v0g4p6,89aa0d121e10052f,6.362,17.273,3.96,190,11
askdocs_1v0g8m0,02390c3c439a75bb,4.255,11.0,15.217,44,4
askdocs_1v0gbwc,5079b377e1e520db,4.343,8.75,13.889,35,4
askdocs_1v0gd0y,e9db66346f8c55fa,4.539,15.5,4.762,62,4
askdocs_1v0gd3k,e388f300d9461b01,3.465,9.571,13.889,67,7
askdocs_1v0gezy,deec0663aff45f43,3.945,9.875,6.25,79,8
askdocs_1v0gf0d,353cfda4a71254af,10.121,20.579,9.645,391,19
askdocs_1v0gfo4,26ddaba1812a9762,14.658,31.6,6.832,158,5
askdocs_1v0ggb8,5f8dd0d155b377bb,5.43,9.429,11.94,66,7
askdocs_1v0ggon,fbd736a383d1d881,7.517,17.143,12.397,240,14
askdocs_1v0gj8q,9a38c343171baa4e,2.973,12.5,7.692,25,2
askdocs_1v0glzn,7fcdfeb0c496f629,2.496,10.167,4.762,61,6
askdocs_1v0gnny,bc6095b9212028ce,11.737,18.2,16.449,1365,75
askdocs_1v0go3f,bf2d877e1b205486,9.334,18.625,8.0,149,8
askdocs_1v0go76,59bd782047fa996f,10.278,23.4,3.175,117,5
askdocs_1v0grga,50ea02c8639121b9,5.826,13.167,10.0,79,6
askdocs_1v0gyz5,eaae3224c6a851bf,8.424,17.429,10.569,122,7
askdocs_1v0h38e,b66e538baf29b16f,8.528,18.5,5.405,148,8
askdocs_1v0h488,e4d460b1bac15c27,5.506,11.0,14.286,33,3
askdocs_1v0h4wu,a31628c183ce02c3,5.736,15.25,7.258,122,8
askdocs_1v0h8at,75b4db95359e1e98,8.826,18.688,11.371,299,16
askdocs_1v0h8it,fa7bf0f88ed206e2,9.586,24.364,6.498,268,11
askdocs_1v0hb41,7ee936ada71836a5,8.921,12.0,17.105,72,6
askdocs_1v0hc4n,f059108e84be5563,7.68,19.667,8.197,59,3
askdocs_1v0hc77,83bdf65fc12c6890,6.64,13.364,12.838,147,11
askdocs_1v0hcw2,4b13f7c37441bf90,6.878,17.5,5.056,175,10
askdocs_1v0hfys,5451dc2de2b7e326,7.32,15.333,13.684,92,6
askdocs_1v0hgam,f93c3895337f23be,6.877,11.333,9.859,68,6
askdocs_1v0hijh,da9d1dc7230121c0,6.209,13.8,10.096,207,15
askdocs_1v0hjvz,fa0df37f8c75d8e6,4.575,9.889,12.36,89,9
askdocs_1v0hor0,0e62d011ef0c317a,2.604,7.4,7.895,37,5
askdocs_1v0ht18,c7df1c8068fa599f,9.004,16.111,8.805,145,9
askdocs_1v0htgr,328816199ef2f96f,12.573,31.333,10.309,94,3
askdocs_1v0hu06,0cb97c9948a2c5ed,8.542,14.353,11.279,976,68
askdocs_1v0hv4q,9b2acfb646eb1f45,8.977,21.111,7.368,190,9
askdocs_1v0hv95,2f51f781ced5ea5a,8.896,18.0,11.067,252,14
askdocs_1v0hx8t,0d6b3ffdf693acec,4.638,10.571,5.195,74,7
askdocs_1v0hysj,f2cf6ab94e36ed87,6.002,9.444,4.494,85,9
askdocs_1v0hyun,b12f78e4e8bc6e97,7.156,14.562,11.667,233,16
askdocs_1v0i3kt,fe6ca6003ff0427d,10.124,19.583,12.712,235,12
askdocs_1v0i5ps,77f78938f636f5c7,8.623,16.536,11.325,463,28
askdocs_1v0i6tq,0c0ccee65a4c33dc,6.548,12.229,9.111,428,35
askdocs_1v0i9xe,b8cac5132d46c76a,6.815,18.778,13.529,169,9
askdocs_1v0ibe5,962d8c7402632311,10.301,17.556,12.422,158,9
askdocs_1v0id7v,acaeed15e71a72e1,4.483,10.286,21.333,72,7
askdocs_1v0idky,268d87a82080c01f,10.056,24.667,10.067,148,6
askdocs_1v0idq0,3399904cc8fb7764,6.277,14.429,14.706,202,14
askdocs_1v0ijxx,0b3a7fdfc2b9bf11,8.009,13.75,7.273,110,8
askdocs_1v0ik12,46da4407cca7f41a,6.506,16.0,8.911,192,12
askdocs_1v0ilfk,1c4a3527de6b3037,7.511,15.875,8.824,127,8
askdocs_1v0ilfv,01b67751d1793b4d,5.637,16.182,5.376,178,11
askdocs_1v0immf,ad1858cbe022065a,10.215,23.769,7.273,309,13
askdocs_1v0imsf,09fb14f70421c486,5.183,13.8,4.286,69,5
askdocs_1v0irc5,9429d684e8096f40,6.104,19.0,2.632,76,4
askdocs_1v0itcf,f20cfb5a0de3928c,3.039,7.75,16.129,31,4
askdocs_1v0iuu5,48442e9df467341b,5.48,19.667,6.557,59,3
askdocs_1v0ivh8,1a721881eb2b5824,7.844,13.92,10.556,348,25
askdocs_1v0iwjr,4d724cd53af02ebf,9.593,24.8,13.636,124,5
askdocs_1v0izu7,85492a7d235d392e,3.718,11.0,4.545,66,6
askdocs_1v0izxg,4a9e206b9e8809a4,5.804,12.25,11.765,49,4
askdocs_1v0j0dv,9c61e98d28173f35,4.911,13.0,10.714,52,4
askdocs_1v0j2zh,3cb00cc5e23148a4,5.305,10.444,17.347,94,9
askdocs_1v0j3gj,c2207db712c1a740,1.977,12.333,8.108,37,3
askdocs_1v0j4jh,5a9053e9ede27ad5,7.278,12.9,10.448,129,10
askdocs_1v0j5wl,5a4aa755bd795d01,7.49,21.0,18.182,42,2
askdocs_1v0j6zf,c3b9101956c32e5f,3.917,12.5,11.765,50,4
askdocs_1v0j97h,16d2954a6c889dec,7.174,15.667,6.164,141,9
askdocs_1v0jch4,b0aac1a97a21d627,5.554,15.2,12.821,76,5
askdocs_1v0jfa4,0eb5e9e80eb519be,11.53,24.875,8.111,796,32
askdocs_1v0jj4c,ca1a71ab2a7d640d,12.179,33.0,2.97,99,3
askdocs_1v0jj6i,08f451dcba7179f7,18.691,49.0,10.204,49,1
askdocs_1v0jm9q,5f55ba0840af0c49,11.748,22.714,13.772,159,7
askdocs_1v0jni6,19fd2fa3dde68097,5.246,13.714,21.782,96,7
askdocs_1v0jpqi,6d22adf54cbca0ca,6.393,14.182,7.837,312,22
askdocs_1v0ju0l,cc7c316dc74a4b63,7.381,16.167,15.152,97,6
askdocs_1v0k0q2,41c636f50da6060a,9.724,20.765,9.577,353,17
askdocs_1v0k37c,ea10fcedfaaaafee,3.393,11.857,14.458,83,7
askdocs_1v0k4iw,8fb9fe5b5f092327,6.429,14.857,4.348,104,7
askdocs_1v0k62v,672a5e67359798a5,7.258,15.421,14.141,293,19
askdocs_1v0k7oj,480ae5686edaa65b,5.266,7.545,15.294,83,11
askdocs_1v0kdsb,d1794bb61785f88e,11.166,23.0,5.479,69,3
askdocs_1v0kefb,bb07ffd8ac778800,6.942,14.559,11.262,495,34
askdocs_1v0kgjp,6e1778f28783dc6b,7.156,16.333,8.163,49,3
askdocs_1v0kk5m,86b76e4f29dda533,5.074,13.769,9.497,179,13
askdocs_1v0kl3f,5fe660d4840d7a09,4.908,16.0,4.0,48,3
askdocs_1v0kos6,7684c345ef2cfa5d,7.246,14.308,11.702,186,13
askdocs_1v0ksvz,95fc7d278c567a88,7.7,22.286,6.875,156,7
askdocs_1v0ksz2,3f3ded5e1eba4eeb,10.924,26.5,7.5,159,6
askdocs_1v0kt5x,e3dc9c9c68917a48,10.208,17.188,12.847,275,16
askdocs_1v0kudz,ea7bd2e7f39b9154,5.319,17.0,5.042,119,7
askdocs_1v0l15w,6c4eaa8d20d61a7c,10.1,24.5,8.654,98,4
askdocs_1v0l54k,7d1f65b5252258de,7.45,14.0,18.367,98,7
askdocs_1v0l5ma,b882352fa961ac3b,8.521,22.041,7.672,1080,49
askdocs_1v0l8vu,f454679572b2101f,12.604,26.333,12.658,79,3
askdocs_1v0la6q,7b83f58baabf1a4a,6.406,17.5,19.178,140,8
askdocs_1v0lapi,258cfd8f2115332e,8.341,12.833,13.75,154,12
askdocs_1v0lbjn,df98076eee5a1f01,8.889,17.667,13.208,106,6
askdocs_1v0lcgf,37d94137f48bc02b,6.032,14.857,11.682,208,14
askdocs_1v0lkx7,bbd9f410701056d0,9.477,16.593,9.208,448,27
askdocs_1v0llu8,64b0aa39bb3c22fd,4.306,13.0,7.317,39,3
askdocs_1v0lt0d,8324e055f6f5da09,4.976,15.273,11.31,168,11
askdocs_1v0m1b4,85b9751371d4b1d6,6.473,15.75,7.246,63,4
askdocs_1v0m2wk,059e5f9ccab3ca7a,8.375,14.5,20.69,29,2
askdocs_1v0m3a4,d2fb3592a14968ca,9.57,21.387,8.546,663,31
askdocs_1v0m44q,5c2eadd58cc8b854,12.121,29.286,2.74,205,7
askdocs_1v0m491,daf1b403d7e62a5f,3.647,9.9,2.885,99,10
askdocs_1v0m4rz,48356310318363a0,5.237,9.889,6.452,89,9
askdocs_1v0m5xu,5760ac43987950a4,7.668,18.444,6.395,166,9
askdocs_1v0m6ed,92682e752d5a06b7,4.635,12.1,10.484,121,10
askdocs_1v0m7w7,38becc1e59f39ac7,6.74,14.333,4.444,43,3
askdocs_1v0m9cm,765632bc43469849,5.007,13.344,8.411,427,32
askdocs_1v0mbpb,afa1e8cb281866bb,5.47,16.333,8.0,49,3
askdocs_1v0mcni,e1d356edb397d1cc,6.651,13.0,8.075,156,12
askdocs_1v0md6o,03161fe391240581,15.155,42.667,11.364,128,3
askdocs_1v0mp2u,ee34fcba3c2c1f8b,12.056,19.625,19.497,157,8
askdocs_1v0mrsu,35d0cb5cebb3e3a5,3.391,9.4,10.638,47,5
askdocs_1v0my1v,70f351a6a73fc94a,5.857,11.071,12.658,155,14
askdocs_1v0myll,82f34f4167e47d45,10.967,17.667,10.185,318,18
askdocs_1v0n040,25b93c0ae03d8acf,6.355,10.6,25.926,53,5
askdocs_1v0n0mv,04b2adf78c1c76cd,7.222,17.143,18.852,120,7
askdocs_1v0nbb9,ae0686860dfec164,25.595,64.0,5.714,64,1
askdocs_1v0niph,872df4280851a722,4.137,10.8,8.772,54,5
askdocs_1v0nj7i,a10204e1a6440f46,8.771,23.0,10.638,46,2
askdocs_1v0nkpm,42aaa7dadfb9a1c8,4.521,10.938,12.707,175,16
askdocs_1v0np1c,d494036f66a25862,12.854,28.4,11.806,142,5
askdocs_1v0nwo5,7bd3ffbb19a20bdf,4.848,9.8,7.843,49,5
askdocs_1v0ny5p,51329d938a305a33,4.049,9.667,13.793,58,6
askdocs_1v0nysn,21bd38f4d83db55e,7.186,17.103,8.841,496,29
askdocs_1v0o0ny,de50c97a042d4f6a,4.528,12.333,16.964,111,9
askdocs_1v0o1kt,6caada3079fbab03,4.969,16.5,15.278,66,4
askdocs_1v0o4wg,18be64972af20635,15.791,33.5,11.94,134,4
askdocs_1v0o9aw,9865ea77361f08d5,9.278,20.75,14.458,83,4
askdocs_1v0oam5,4d9566853b4e4acd,6.967,12.75,11.538,51,4
askdocs_1v0obbb,40e363549bdbec1e,10.647,23.5,6.936,329,14
askdocs_1v0olrw,96d06a9cc1ab0bce,3.003,11.0,3.03,33,3
askdocs_1v0op3c,3c40f7f2269c7762,6.158,13.889,11.811,125,9
askdocs_1v0os8p,c3d47d92044096b3,4.534,13.5,9.259,54,4
askdocs_1v0oyey,897e16199f634825,7.856,15.273,9.884,168,11
askdocs_1v0p1tw,819bc63327c83390,13.247,34.667,3.704,104,3
askdocs_1v0p2ym,4bc99a845d4632eb,8.614,23.6,5.691,118,5
askdocs_1v0p496,5e0461669902a708,6.212,16.889,5.732,152,9
askdocs_1v0p4pn,0bea34270ce96fee,7.888,21.5,18.605,43,2
askdocs_1v0p7jw,965c95200b899ddc,5.644,20.5,4.762,41,2
askdocs_1v0pa24,d9b34013ce870750,7.589,15.6,16.25,78,5
askdocs_1v0pajn,081a7d68ce67d791,7.739,17.364,14.583,191,11
askdocs_1v0pbzc,8a9877723ea0dba3,5.282,14.667,12.088,88,6
askdocs_1v0pe86,29706006ea16d995,4.238,10.5,7.143,42,4
askdocs_1v0ph9f,f2a44bc472625fa8,7.478,15.941,7.664,271,17
askdocs_1v0pmly,79bdd0474b10232c,8.273,19.917,7.347,239,12
askdocs_1v0pnh5,36d3cfd98d058822,10.517,26.214,9.635,367,14
askdocs_1v0poub,f7945513ee270b6f,9.17,14.83,7.965,786,53
askdocs_1v0pski,0f8b6355c6c0fc29,10.101,14.353,16.2,488,34
askdocs_1v0psw7,a07a106a422fe90b,4.232,11.714,7.229,82,7
askdocs_1v0ptiu,8316f912b09ffca7,5.408,13.5,13.58,81,6
askdocs_1v0ptv9,af9bcd8a76510e67,6.736,11.6,9.016,116,10
askdocs_1v0pvvz,f730a2a750949277,10.843,17.586,13.462,510,29
askdocs_1v0pwkz,c146edb1177533d6,1.634,7.857,11.864,55,7
askdocs_1v0pyzo,6ee2f26db3003c3d,8.93,14.526,15.0,276,19
askdocs_1v0qdfu,d64dfedecab4c277,8.453,12.25,13.861,98,8
askdocs_1v0qkpm,1a55aa810a501c89,10.765,29.5,3.689,236,8
askdocs_1v0qo2s,f5ec7998b13d6143,8.523,21.25,10.87,85,4
askdocs_1v0qolh,664b98333067987c,4.748,6.429,4.348,45,7
askdocs_1v0qubt,8c2b258f526bd1f0,10.548,17.25,16.783,138,8
askdocs_1v0qv38,1e1459d52973ba89,5.69,12.118,4.327,206,17
askdocs_1v0qvhl,69bb2420bf3b76ab,4.594,10.818,5.833,119,11
askdocs_1v0qvop,e5c0e211d6902d06,6.197,18.75,9.333,75,4
askdocs_1v0qztr,63f0ead88e301683,8.303,16.067,9.274,241,15
askdocs_1v0qzvn,b8a747c2726fc051,13.031,32.8,6.548,164,5
askdocs_1v0r0uv,7d146e893dead762,6.508,18.0,5.357,54,3
askdocs_1v0r4k9,dd1a8a2c6a3db967,7.434,17.818,5.714,196,11
askdocs_1v0r6ei,477a18a9ddf9f2d3,8.829,9.111,21.176,82,9
askdocs_1v0r7ha,c76936d428ea808c,7.631,19.2,7.305,384,20
askdocs_1v0r7qr,92e9d9ce959a30f2,8.629,16.25,6.154,130,8
askdocs_1v0r86o,ee9907cbaefde3b0,3.817,7.667,17.391,23,3
askdocs_1v0rjz5,32f05f5e536f0008,4.928,9.2,10.638,46,5
askdocs_1v0rkyr,a8731fb07ccc92cd,9.659,18.75,17.949,75,4
askdocs_1v0rn7b,546e6606fbe7ecb8,2.883,10.167,7.937,61,6
askdocs_1v0rv4t,cb0c74c2190165cc,6.301,18.714,5.224,131,7
askdocs_1v0rwb6,e83871a6d70f4df8,10.936,24.273,4.044,267,11
askdocs_1v0rygx,f862756554ae3f6e,7.782,14.636,8.383,161,11
askdocs_1v0rys0,470a946243aa5a03,6.095,15.111,9.42,136,9
askdocs_1v0ryu6,5327f154fe7e18b7,7.067,16.4,3.659,82,5
askdocs_1v0rzed,ef2335e0551aeb35,4.794,10.7,8.108,107,10
askdocs_1v0s1h8,e082dac61799328d,10.813,22.482,8.008,1911,85
askdocs_1v0s3q5,7fb0a87a7d0e34f5,4.92,9.25,23.684,37,4
askdocs_1v0s616,cbf1a580b1169849,3.911,11.167,8.696,67,6
askdocs_1v0s8qm,6bdd49e63158b6fd,16.303,43.667,2.273,131,3
askdocs_1v0satx,38f5a1aa7400c954,10.115,27.2,10.294,272,10
askdocs_1v0shb5,64e09cd1f2adc6b7,9.312,22.5,6.667,90,4
askdocs_1v0si0b,18143df5e7bb1bcc,6.028,8.75,13.514,35,4
askdocs_1v0sqid,291f15743c9751ed,7.836,19.294,6.627,328,17
askdocs_1v0sqmp,116b6b9e5827957b,7.93,7.0,22.727,21,3
askdocs_1v0ssd4,68b29447e1a3b444,7.797,12.333,9.74,148,12
askdocs_1v0ssvv,7a16155ef5edcc2a,10.407,15.0,13.523,270,18
askdocs_1v0svk2,2bbd3999209d1f4a,8.104,16.0,10.811,144,9
askdocs_1v0sw1j,90de91fec4a3da5d,5.265,10.0,13.333,190,19
askdocs_1v0swjx,d5a4423dde0aab08,8.454,19.857,8.392,139,7
askdocs_1v0sx1z,01397bf3f0bb6af3,7.384,18.444,9.064,664,36
askdocs_1v0t1qa,25bd82f74ef6dba1,6.581,13.833,9.524,83,6
askdocs_1v0t20c,72c3ad8dd421a05c,6.706,15.667,11.233,799,51
askdocs_1v0t2yh,0588286c140d1796,4.43,12.0,18.033,60,5
askdocs_1v0t66a,d71bf931a21c4bb7,6.038,11.4,13.793,57,5
askdocs_1v0t6fc,5a6d5ff1aca21db9,2.492,10.143,8.219,71,7
askdocs_1v0t6r6,0697bf413c987b0a,9.719,20.611,11.376,371,18
askdocs_1v0t6tt,01466a9a5944ff3b,7.207,14.562,14.108,233,16
askdocs_1v0taz9,f3e26d35dc794b7a,15.406,37.333,5.804,224,6
askdocs_1v0tcq5,8c39a7274043fa2f,6.489,14.667,10.112,88,6
askdocs_1v0te37,8f442303c816a2ef,7.33,17.667,6.51,371,21
askdocs_1v0thlh,9536d002a1af1812,4.175,10.444,4.04,94,9
askdocs_1v0tivi,d95034eb99f7dec9,8.505,15.488,9.131,666,43
askdocs_1v0tkni,ce3fda77d14dc1d5,6.38,17.7,8.466,177,10
askdocs_1v0tmtn,b6c573580c63e422,6.338,11.5,12.329,69,6
askdocs_1v0tn3f,3d1a7763c9ab8a97,3.746,12.286,11.236,86,7
askdocs_1v0to5r,2217e36187fc2c34,10.065,17.857,5.882,375,21
askdocs_1v0tovs,736c346d226165a5,4.964,9.0,11.481,252,28
askdocs_1v0tpk9,1354e0dc493a5fdc,8.474,18.0,11.29,234,13
askdocs_1v0tq2s,68f74671974a92f2,10.45,17.562,11.847,281,16
askdocs_1v0tqfi,da9df3bd96bf3578,10.41,18.824,12.874,320,17
askdocs_1v0tqi0,40eaceac4d71ab56,6.572,14.062,6.167,225,16
askdocs_1v0tt7c,785a858cca9d7593,8.062,17.923,15.745,233,13
askdocs_1v0txc3,9eedd596238ef55f,8.751,13.286,17.895,93,7
askdocs_1v0tz4z,557951339e29569b,9.441,17.5,21.053,35,2
askdocs_1v0u2lh,338dd78f90f3b96c,2.649,8.0,5.882,32,4
askdocs_1v0u5w3,e45eba2c0ebec7dd,9.401,16.65,13.018,333,20
askdocs_1v0u6tw,cc1644f859b796e1,9.507,18.462,8.984,240,13
askdocs_1v0u722,0fc7e6847c91b2bc,4.097,13.5,7.273,54,4
askdocs_1v0u7c0,6ecc186956affd9d,3.403,9.8,15.686,49,5
askdocs_1v0u8b8,f5da0255c2c9c4d5,4.274,13.667,10.976,82,6
askdocs_1v0ufab,efcec13d46120344,6.405,15.8,12.346,79,5
askdocs_1v0ufq5,c01d624b525b1f83,8.694,16.067,15.984,241,15
askdocs_1v0ug2p,f9eaa875c37aba66,12.804,25.0,13.725,50,2
askdocs_1v0ulom,b32539864a074700,10.338,22.714,10.03,318,14
askdocs_1v0uoqj,a874a358ee83b38c,3.396,9.6,12.0,48,5
askdocs_1v0upz3,393985043640d26a,6.804,11.161,14.368,346,31
askdocs_1v0uv9p,398e8174f36ed53d,8.209,18.5,11.842,74,4
askdocs_1v0uxul,ec8b86628530e94c,4.823,12.0,10.417,48,4
askdocs_1v0uymy,2f8054dd0fe8d59c,4.646,9.4,12.5,47,5
askdocs_1v0uzm0,eaba35604cf195a3,5.533,10.667,9.091,32,3
askdocs_1v0v4eh,c66e123f155da702,18.083,46.0,10.036,276,6
askdocs_1v0v7ev,ddae3c1e2f484e90,18.083,46.0,10.036,276,6
askdocs_1v0v8ic,79396775efdf3b42,18.083,46.0,10.036,276,6
askdocs_1v0ve3n,1dc860fe2647b456,7.283,16.917,9.259,203,12
askdocs_1v0vgx0,edaca007f0b92cf6,9.409,17.812,13.946,285,16
askdocs_1v0vi7e,adaf85ffd1ddf8ec,7.789,14.444,9.363,260,18
askdocs_1v0vn5i,fb387034fefea7fd,8.568,20.261,7.249,466,23
askdocs_1v0vnx7,802a7639d9a3e662,8.678,20.4,15.238,102,5
askdocs_1v0vtl8,d0ef04a3555308eb,9.914,23.167,9.22,278,12
askdocs_1v0vvxs,150dd60914f6f4e3,8.611,18.182,7.246,200,11
askdocs_1v0w7wf,17ef227f02dad196,8.204,21.375,6.667,171,8
askdocs_1v0w8ew,46f20e10a722a4f9,9.607,23.8,11.336,238,10
askdocs_1v0w8iq,06c3ad6142092f84,3.816,9.714,17.143,68,7
askdocs_1v0w9xq,a96a598d07747f28,11.645,26.308,9.275,342,13
askdocs_1v0wacg,6d6423b9d56958bf,3.782,11.571,7.229,81,7
askdocs_1v0we9i,76c311ef6c2a853f,10.103,15.667,11.945,282,18
askdocs_1v0wjd4,feaf3418aa31abb7,6.767,12.25,7.843,49,4
askdocs_1v0wn15,ec719ee91d3747a9,9.235,22.333,8.118,268,12
askdocs_1v0wo4p,946f5cda6f41a6d9,7.42,16.385,8.486,426,26
askdocs_1v0wu7a,15da71cd013baf89,7.19,10.0,13.636,20,2
askdocs_1v0wvvr,1f5b50fff5f7a65c,3.855,9.0,7.563,117,13
askdocs_1v0ww0l,d11156b83898a57c,6.398,12.818,11.258,141,11
askdocs_1v0wzhe,1d2f2222e361e97c,6.729,12.0,9.95,192,16
askdocs_1v0x015,95a24e971e5bc4e2,12.495,11.5,26.923,46,4
askdocs_1v0x22a,56cea734d3075940,6.455,16.053,12.384,305,19
askdocs_1v0x3wv,a94df5d628b9645c,9.723,22.833,12.186,274,12
askdocs_1v0x4d2,2a8756bd9c4aca27,7.985,16.089,9.11,901,56
askdocs_1v0x4wc,4492f43de37c4ca0,3.897,11.0,10.448,66,6
askdocs_1v0x564,bd1f4d7daeb7d374,7.74,17.733,7.749,266,15
askdocs_1v0x566,74d3963fcd9fce1f,8.272,21.5,7.798,215,10
askdocs_1v0x79s,fbb18db7f41eb868,8.176,13.5,8.537,162,12
askdocs_1v0x94p,87e308191c429ba8,5.195,12.55,5.49,251,20
askdocs_1v0xcn3,76df70555d3e4e67,7.29,19.545,10.599,215,11
askdocs_1v0xg3l,9864286bdfa30624,6.661,17.6,6.504,352,20
askdocs_1v0xlgj,7b1c3f5cad0f0be8,9.452,22.0,13.356,286,13
askdocs_1v0xok0,02c742bc9bb14d36,6.933,12.889,13.675,116,9
askdocs_1v0xqx8,f4285202db6089c1,4.24,10.0,5.714,100,10
askdocs_1v0xqzr,3fb9fef0ae0cbacb,4.973,10.833,9.231,65,6
askdocs_1v0xshe,53b9aae424b5f352,13.257,28.815,13.325,778,27
askdocs_1v0xsyo,d4424a05f4135291,5.48,11.667,22.222,70,6
askdocs_1v0xw1o,2e9a036b20df538b,13.841,39.0,2.5,39,1
askdocs_1v0xx0v,55d7314af2e87de8,6.62,12.75,12.963,102,8
askdocs_1v0xynu,580f95d588be2ad1,5.393,9.688,11.95,155,16
askdocs_1v0y1t2,63ad34c87c99b510,6.233,16.571,10.0,116,7
askdocs_1v0y2zw,12e19788abf11a6f,8.154,20.2,6.452,1010,50
askdocs_1v0y414,333177d6765addd4,11.009,13.762,20.068,289,21
askdocs_1v0y4dz,f73278df0b735066,3.885,9.8,4.082,49,5
askdocs_1v0y4mu,691314c9dc76b2b4,6.023,14.636,10.909,161,11
askdocs_1v0y54f,6ed7a4050e0e1f53,5.301,13.833,6.818,83,6
askdocs_1v0ybbf,2ed44c0771072772,10.782,24.0,21.488,120,5
askdocs_1v0ybor,24355a9ff2558bbb,18.71,47.5,7.921,95,2
askdocs_1v0ydkt,a33fbdbbb8a47a29,4.762,12.0,5.854,192,16
askdocs_1v0yeje,463ae4bcf0864100,8.256,18.0,12.5,162,9
askdocs_1v0ykhg,66d1e3c55fd3a7ee,6.187,17.25,21.429,69,4
askdocs_1v0ymng,e25d97f63d86c699,5.935,10.429,10.959,73,7
askdocs_1v0ymxb,d859e1feda173c0e,8.555,17.857,13.077,125,7
askdocs_1v0yq5b,a924f6778a625f76,8.69,17.167,10.048,206,12
askdocs_1v0yseh,c838744b5c0215ab,8.287,14.65,9.459,293,20
askdocs_1v0ytu6,0e034b272357ffa7,10.114,13.929,13.659,195,14
askdocs_1v0yvxa,47451aa85aafed3e,7.705,17.857,17.46,125,7
askdocs_1v0yz38,749c858e61ab6f2e,16.309,38.0,13.158,38,1
askdocs_1v0yz9f,853156de2c33d57f,7.14,11.833,13.699,71,6
askdocs_1v0yzs9,e08514d71c4e6ef1,7.988,21.133,6.897,317,15
askdocs_1v0z0es,7d4c590908c0ed24,8.168,13.737,17.939,261,19
askdocs_1v0z0n5,e96d79dec033f808,9.124,12.038,14.671,313,26
askdocs_1v0z4tr,e95ebb5a5844bb03,49.494,126.0,8.911,504,4
askdocs_1v0z71q,9e32a1799c6cb1fc,5.215,12.5,9.259,100,8
askdocs_1v0zdwu,e174816425676009,5.066,10.0,11.881,100,10
askdocs_1v0zfm8,f1c3350e05c67289,5.583,13.053,10.277,248,19
askdocs_1v0zhzj,a947efaeef3da102,14.756,38.0,10.526,38,1
askdocs_1v0zj30,696ef1ac0265de5a,35.59,91.0,4.396,91,1
askdocs_1v0zkyl,b22c8793afa89b57,5.769,16.0,6.061,32,2
askdocs_1v0zo9c,be4378fb997de680,6.537,12.556,13.793,113,9
askdocs_1v0zqc0,e734ab464f603be0,4.061,11.375,12.057,273,24
askdocs_1v0zt3w,648904be2e83b45f,2.788,9.819,8.656,923,94
askdocs_1v0zt5m,e564911a776e8423,8.708,17.769,8.475,231,13
askdocs_1v0ztdk,ccec96987b1e5c30,7.771,21.0,28.571,21,1
askdocs_1v0zwpd,9b79ec987ff33148,7.215,14.158,9.191,269,19
askdocs_1v100g0,67fb342c46ff2dc8,3.547,10.444,7.216,94,9
askdocs_1v101lz,8ef390bec248f32c,5.343,13.7,16.058,137,10
askdocs_1v1033q,3af21ed5e25a6a54,5.825,11.5,8.511,46,4
askdocs_1v1049n,7b6b6a609222127f,7.523,14.429,15.161,303,21
askdocs_1v106b4,2b97d2eaab407b36,9.825,21.125,6.897,169,8
askdocs_1v107o4,34b315fb0d2ada44,8.7,20.222,7.487,182,9
askdocs_1v107yp,4a1a89eb8473fbdb,9.751,16.0,15.625,160,10
askdocs_1v109gv,30453c76a24e1eac,4.551,9.75,10.0,78,8
askdocs_1v10enh,f646f1519e1cc89e,4.791,10.923,8.276,142,13
askdocs_1v10j0f,e02fb04b159183c9,11.371,30.0,5.455,150,5
askdocs_1v10lui,d9b53ce1dad6ff44,9.863,11.667,13.889,35,3
askdocs_1v10mz3,58adc341f681c129,5.207,15.0,10.87,45,3
askdocs_1v10rqk,57e15ed8f6cb9fc1,12.195,17.455,12.755,576,33
askdocs_1v10t00,6e2f5749b7d394c6,7.472,22.0,2.273,44,2
askdocs_1v10t3e,1e751cf2a6592e00,6.422,15.0,11.976,165,11
askdocs_1v10x5t,99ebf0ab733e9a6d,8.965,19.969,11.468,639,32
askdocs_1v10zgf,3235a96cbda6c220,8.159,20.444,8.152,184,9
askdocs_1v113ig,07b8abb3608b5fa5,5.367,11.778,11.111,106,9
askdocs_1v114ie,f85af734504380fa,5.454,15.9,6.707,159,10
askdocs_1v115gc,66fd5a69c3ef3d9f,8.766,19.364,11.468,639,33
askdocs_1v119de,6d8cc3fce9ffcef8,13.564,39.667,11.024,119,3
askdocs_1v11djb,957004433fad0240,5.957,17.5,6.195,105,6
askdocs_1v11dvz,fe9ac46d33767439,2.615,12.333,10.526,37,3
askdocs_1v11jcm,ef2afa401f98018a,5.46,14.6,23.288,73,5
askdocs_1v11kvx,c7a9f784a5082057,6.639,19.333,7.792,290,15
askdocs_1v11lm3,74bd111d3434ce51,11.395,18.583,18.595,223,12
askdocs_1v11m23,2afcda510e75f3e7,11.771,27.906,6.74,893,32
askdocs_1v11mq3,fb64d1f80b1aa465,10.487,24.0,8.333,24,1
askdocs_1v11pyz,dec88381a9faac81,12.406,17.125,13.514,274,16
askdocs_1v11qid,3b37a1862fb2fa21,10.172,23.417,12.587,281,12
askdocs_1v11rga,c0b92ddd571ae522,15.746,34.714,10.579,486,14
askdocs_1v11trj,c9d151f9467ac147,5.523,14.0,3.96,98,7
askdocs_1v11vn9,40ef7cefafd53fe1,6.023,14.375,15.652,115,8
askdocs_1v11zaq,4119bff376fd7cea,8.558,21.0,8.491,105,5
askdocs_1v1224j,35b9a96e81dc7bd3,7.877,12.13,18.881,279,23
askdocs_1v123xz,7d45012070b62033,5.663,12.917,11.392,155,12
askdocs_1v124ru,c64390faae4ac570,9.995,24.0,12.5,24,1
askdocs_1v1271q,1a24c507257dafec,8.549,17.087,8.374,393,23
askdocs_1v1286z,f1addee69004d3f6,14.465,40.0,14.634,40,1
askdocs_1v12aeq,4730a01d90701026,8.469,25.5,5.66,51,2
askdocs_1v12o0c,a7a225e73b666f7a,10.285,23.8,4.482,357,15
askdocs_1v12rzs,d6964a1405475e02,10.013,24.375,6.0,195,8
askdocs_1v12u3j,39a404beb58af3ab,6.964,12.538,12.644,163,13
askdocs_1v12v8b,20d6203fc0c5f965,5.805,12.5,20.37,50,4
askdocs_1v12wbe,eface26e81a6735b,3.279,9.143,0.0,64,7
askdocs_1v12wxq,de6389272384fcc5,11.99,25.333,15.789,76,3
askdocs_1v12ypz,1f84ebc2abe46c97,10.725,24.625,8.416,197,8
askdocs_1v134fz,2e94e8bdd1de8c03,8.394,22.5,12.593,135,6
askdocs_1v134h7,6a3874f4be9f2013,11.407,23.333,8.009,420,18
askdocs_1v137m5,19520a8b08570fc8,6.126,18.636,5.314,205,11
askdocs_1v1388w,5843ad86de0d5267,5.743,13.0,6.135,156,12
askdocs_1v13bok,d150e21adab80d22,8.176,13.5,16.471,81,6
askdocs_1v13d0w,92212d0d1532b157,8.236,20.125,7.407,161,8
askdocs_1v13d7g,bae77942abe86ee1,8.496,15.8,16.867,79,5
askdocs_1v13g3b,e96c91992470b8f0,5.781,13.538,9.783,176,13
askdocs_1v13gmc,622bed0397636cc8,6.221,16.5,7.784,165,10
askdocs_1v13gy8,ac09157dcfa59a9a,8.144,17.5,9.67,455,26
askdocs_1v13n96,75734cc9cf5e7d42,10.05,19.222,9.239,173,9
askdocs_1v13oeg,901cdd2f525f2205,3.836,5.917,36.62,71,12
askdocs_1v13r6w,60aa9df090d8a26e,8.673,15.167,10.87,182,12
askdocs_1v13svf,d7c6b3badc4b6dbe,6.079,18.4,6.383,92,5
askdocs_1v13ty9,bea6da8aad5e87e3,7.428,13.636,16.981,150,11
askdocs_1v13vma,3e009d216e20c09c,4.747,12.083,7.143,145,12
askdocs_1v13wv8,4a06f4a35ac9f523,5.559,8.529,12.245,145,17
askdocs_1v140x3,d26f225736bc94af,6.412,11.8,15.126,118,10
askdocs_1v1429w,56d51fa0a9eae467,10.971,25.667,19.753,77,3
askdocs_1v147io,62869459b9e4a8d7,7.839,18.909,11.521,208,11
askdocs_1v14906,890c1143d0d3dfaf,5.74,8.2,9.756,41,5
askdocs_1v14b80,4d41a2c7a90e78d5,5.242,11.286,13.75,79,7
askdocs_1v14bt4,e498618c6b99b7f8,6.459,13.118,6.838,223,17
askdocs_1v14d3e,3d35c0d5975208c4,9.772,19.8,6.931,99,5
askdocs_1v14i8g,eee187d380f24486,7.607,15.909,19.231,175,11
askdocs_1v14kbd,398f6abcd2db0593,4.395,9.4,19.149,47,5
askdocs_1v14l0j,39dcf6d1031af93b,13.508,13.3,20.641,266,20
askdocs_1v14n6k,dfe4d2e981f42e5e,6.121,17.0,6.03,187,11
askdocs_1v14vrx,bb7fd71d10007398,9.429,16.647,11.317,1698,102
askdocs_1v14xak,ff624ae372175d4c,5.298,14.233,15.012,427,30
askdocs_1v14yi0,c5713f8c2494d7a9,5.994,12.6,9.231,63,5
askdocs_1v14z8b,75f5bce192556912,6.649,13.667,8.621,164,12
askdocs_1v151ah,a1d3a2c3b148acb5,6.897,17.2,6.897,86,5
askdocs_1v155bf,5c0bae1a772bd0f6,10.226,23.25,9.0,93,4
askdocs_1v156o0,46b9b5aaacddcf5d,6.38,15.818,10.795,174,11
askdocs_1v159d4,aa5480b1f07e6a83,6.193,16.905,6.906,710,42
askdocs_1v15hnl,b66e9f709c5d18a5,12.227,27.5,14.458,165,6
askdocs_1v15jjx,9ff4d46743b9ea29,13.995,42.0,2.381,42,1
askdocs_1v15kju,fb414998f884893c,6.664,16.0,14.159,112,7
askdocs_1v15mox,8a9429df5b1d5ac6,8.258,23.0,4.348,23,1
askdocs_1v15oqe,e7013be79c3c89c8,6.455,11.727,12.782,129,11
askdocs_1v15pnk,2f3835f41a13f83b,6.38,15.818,10.92,174,11
askdocs_1v15u7q,2914bb21d36b433f,9.744,22.714,4.217,159,7
askdocs_1v15xhn,04f300b417381887,7.563,14.286,17.0,100,7
askdocs_1v15xz0,29a69654ef072043,16.76,36.4,5.464,182,5
askdocs_1v15yu8,888e460dae8536f6,7.128,12.25,4.808,98,8
askdocs_1v163ab,193bbad7bdf00135,6.875,16.0,12.308,128,8
askdocs_1v163ef,b35ec7efef94e025,5.807,12.6,12.782,126,10
askdocs_1v165v2,33edf625e75dc392,5.248,14.571,11.401,306,21
askdocs_1v166t7,fe8bda7a9e67150c,7.904,15.0,12.264,105,7
askdocs_1v167pv,f37bb5cc379d6792,7.677,15.588,10.037,265,17
askdocs_1v16aeb,494e7fb3490e2ce9,3.676,10.5,9.091,21,2
askdocs_1v16b2h,b984c7f544ed604e,7.15,14.25,3.448,57,4
askdocs_1v16c6h,a978b3783e880fa1,3.672,10.429,4.054,73,7
askdocs_1v16cg5,878d156fb518cd00,8.227,18.286,17.44,512,28
askdocs_1v16e1p,d3a9fe36db0fe2e4,8.453,18.095,15.424,380,21
askdocs_1v16ect,33c3ab64d3f2d550,7.346,19.0,3.333,57,3
askdocs_1v16et7,2481245f2c14134f,9.734,27.429,15.464,192,7
askdocs_1v16f30,bfca97dcea3a2338,13.141,20.227,13.548,445,22
askdocs_1v16fl0,8fd9b2a42ce5f51e,10.755,27.333,15.663,82,3
askdocs_1v16flt,2d61063e3a8ebd11,5.815,11.714,13.415,82,7
askdocs_1v16fw6,5ecd0d890a15014c,6.501,13.5,5.172,54,4
askdocs_1v16h8r,bd05e7de8f4f5ad5,7.833,19.938,12.037,319,16
askdocs_1v16hev,a11ada70a9991380,8.445,19.083,6.466,229,12
askdocs_1v16j5g,ec25514bcab559af,9.418,18.143,15.385,127,7
askdocs_1v16lns,4c040175461eb8bc,5.567,10.091,10.619,111,11
askdocs_1v16owr,6bd982e7d7b4355a,9.811,22.474,8.486,427,19
askdocs_1v16pks,3f5580ff4ec9f647,8.56,16.455,15.054,181,11
askdocs_1v16q6a,ae2792ddd2b2afcf,13.561,19.714,12.587,138,7
askdocs_1v16vbl,9f9d387be096d28e,9.17,18.056,11.712,325,18
askdocs_1v16xzt,561d57cecd6d7dd5,10.707,20.435,11.919,470,23
askdocs_1v170za,aeb22f5b0a21247b,10.5,20.0,8.696,160,8
askdocs_1v172yj,79fe82a4ff9cac0c,5.685,11.875,6.863,95,8
askdocs_1v173rj,9f7c4f2c1d44af66,9.35,15.667,15.152,188,12
askdocs_1v176p8,a2f1a47f22e0493a,6.594,14.167,10.345,85,6
askdocs_1v17aqg,3603575170b07298,8.625,18.993,9.011,2830,149
askdocs_1v17c6u,38ba26f9543dc833,7.12,17.0,8.824,102,6
askdocs_1v17f99,43eaee8bf131fab8,9.12,17.833,18.519,107,6
askdocs_1v17jdm,580d92c11f30c7c2,6.008,13.923,7.143,181,13
askdocs_1v17kew,d98abaab8b990956,4.578,12.0,6.757,144,12
askdocs_1v17kvh,860af6748bfdc406,10.307,22.0,4.834,308,14
askdocs_1v17ljh,8d9bb77a7a8d0240,11.207,24.2,8.367,242,10
askdocs_1v17mnc,c0648fe76e5d807f,7.263,14.091,12.15,310,22
askdocs_1v17ncz,afd09139adb372a0,8.689,18.8,7.067,282,15
askdocs_1v17o89,1754ff90af1d4e3a,5.901,12.2,6.977,122,10
askdocs_1v17pl1,83f9c2bef63e9c9c,8.06,20.2,8.654,101,5
askdocs_1v17sr3,d82e7e31b4fcb607,6.317,12.204,14.845,598,49
askdocs_1v17uki,69efa25ec15084f8,1.89,7.0,6.897,28,4
askdocs_1v17xck,2715c6f89c55f406,4.238,10.5,6.818,42,4
askdocs_1v17xjh,b41f839fcaaaeec6,8.763,14.222,21.538,128,9
askdocs_1v17z7f,f62cc099db4b36cc,2.569,9.429,4.478,66,7
askdocs_1v17zro,53d9a02bcb73bf37,7.612,11.8,11.429,236,20
askdocs_1v1805x,8b983723abb73ccd,14.839,37.0,7.556,222,6
askdocs_1v1852d,7e483e402df75790,9.296,21.167,11.628,127,6
askdocs_1v1893v,a75e0d4f62fc5c23,5.333,15.667,8.163,94,6
askdocs_1v189to,54ac9e004669f426,7.869,17.75,10.563,142,8
askdocs_1v18ebw,22b0a9858b1a302c,5.53,9.375,13.158,75,8
askdocs_1v18ejz,ae879632d72dc467,5.371,13.083,6.627,157,12
askdocs_1v18ezj,28e8759851debf72,5.416,14.0,8.661,126,9
askdocs_1v18fg5,17ba9e4846ce3c65,12.37,26.308,12.717,342,13
askdocs_1v18gm4,7da50390f5c1c2ed,5.128,15.4,8.75,77,5
askdocs_1v18neh,c7a10203c2bc3bc8,2.646,8.375,10.448,67,8
askdocs_1v18o4r,3e76b96d24ecbca8,7.44,15.444,11.99,417,27
askdocs_1v18r39,98535fcce246fa0d,3.539,14.667,0.0,44,3
askdocs_1v18s9e,2779ceca52928433,3.663,6.0,12.903,30,5
askdocs_1v18xa6,8f346a64bc5acfc4,4.435,12.696,8.163,292,23
askdocs_1v18yia,902203b6410b4341,8.092,15.533,7.113,233,15
askdocs_1v1902g,40b1a91ef7dbdd29,18.064,44.636,8.519,491,11
askdocs_1v1964p,64a33e73fa41dd6e,8.772,16.286,11.864,114,7
askdocs_1v1972e,48c2b15d780718f3,11.081,21.519,12.752,581,27
askdocs_1v197xj,79b724fd8deff5eb,7.693,12.5,14.692,200,16
askdocs_1v19bnu,df7e119c7577fb06,8.685,20.812,6.49,333,16
askdocs_1v19cmm,5ca8140d41c74339,9.995,24.0,17.5,72,3
askdocs_1v19f0g,51941280b648b027,4.102,8.211,10.0,156,19
askdocs_1v19jr2,b887bfe2daea93e4,8.096,18.25,10.667,146,8
askdocs_1v19k6t,17e7f360b067c1d5,7.347,15.75,11.735,189,12
askdocs_1v19tik,acd2d13822584f19,3.445,12.5,0.0,25,2
askdocs_1v19wpb,28491dd198eb1cb5,10.714,21.625,9.714,173,8
askdocs_1v19wt7,2f65f9643ce5a0a7,3.688,12.714,4.301,89,7
askdocs_1v19xkv,b03098df4d638d1a,13.065,33.333,8.013,300,9
askdocs_1v19za9,8a8f1879502b5079,7.71,11.731,12.934,305,26
askdocs_1v1a00l,99f70ce63f70428e,13.35,34.222,7.764,308,9
askdocs_1v1a0ww,1bd6959236ff260c,8.583,20.6,7.521,824,40
askdocs_1v1a1mw,d35a7fe20800e4cd,5.366,13.556,5.306,244,18
askdocs_1v1a23a,4a62f7f24757fa90,6.445,14.696,9.971,338,23
askdocs_1v1a2fv,fc62efea1b3eb7a0,10.034,22.538,8.638,293,13
askdocs_1v1a32x,b11ce8d28f549367,3.115,10.5,4.762,21,2
askdocs_1v1a3xg,b9b30edcd0ef7c07,9.005,19.857,13.402,278,14
askdocs_1v1a4wl,0e02b6b5dc13b7ab,11.071,22.643,11.006,317,14
askdocs_1v1a5qq,a699beb30a91dffd,8.933,24.333,17.333,73,3
askdocs_1v1a6xv,6474ff1500520816,17.945,25.04,26.475,626,25
askdocs_1v1a7qo,3c861f19a580a63f,8.034,17.133,7.865,257,15
askdocs_1v1ag4k,25438644fb6e78f7,8.276,22.0,8.696,44,2
askdocs_1v1ak6t,e4d9dd5185c2873e,12.172,32.25,11.679,129,4
askdocs_1v1amuf,29160cef9b11fd3e,9.548,19.333,12.605,116,6
askdocs_1v1aned,a3ce85a8f9d86c3c,8.694,14.0,23.81,42,3
askdocs_1v1anz8,8e39479ed83a100a,9.758,26.111,11.066,235,9
askdocs_1v1aolg,1f3c1b5304418f09,13.615,37.333,10.435,112,3
askdocs_1v1aprx,744a236c79b907bf,10.071,16.0,16.0,48,3
askdocs_1v1b7oh,a15e05fff599ba38,6.276,17.222,10.843,155,9
askdocs_1v1b952,fce55e2902c9f163,7.045,14.545,10.241,160,11
askdocs_1v1b9ye,790317b5bdb35ca1,2.555,9.286,9.091,65,7
askdocs_1v1baci,f2c78d6ebe027b8f,8.276,16.6,6.439,249,15
askdocs_1v1bbt7,021d238783f37044,10.567,23.0,3.472,138,6
askdocs_1v1bhmg,6c494ba94067eaa3,2.872,10.75,8.333,43,4
askdocs_1v1bi6h,2aba44fbb1dc7105,5.028,11.556,11.009,104,9
askdocs_1v1biw6,51136df464fc4ef3,5.143,11.667,10.909,105,9
askdocs_1v1bjzb,fb1a8801d4e3d9ea,7.187,12.059,6.019,205,17
askdocs_1v1bksz,03e24c76c945a801,8.421,15.8,9.494,158,10
askdocs_1v1bl5q,007513d4370c739c,4.255,12.667,13.158,76,6
askdocs_1v1bo4r,662b063ba29821d5,4.293,6.857,14.286,48,7
askdocs_1v1bpa7,b50bf83e308e4553,8.289,18.1,3.59,181,10
askdocs_1v1bt43,a7e29f6481389a4e,9.626,20.1,8.252,402,20
askdocs_1v1bwgr,8d6395406e0fcf1a,7.15,9.0,10.714,27,3
askdocs_1v1bwvs,2f0a7a003c784aed,11.36,29.667,12.222,89,3
askdocs_1v1bx34,e9be9082116d6172,3.645,9.25,10.811,37,4
askdocs_1v1by30,db616713bf17bb06,5.425,8.5,8.571,34,4
askdocs_1v1c2v9,37794d772e8b2569,11.705,26.0,9.924,130,5
askdocs_1v1c31c,7c2716a779cf8a30,8.079,13.263,14.829,252,19
askdocs_1v1c3md,340310cf161e053f,4.822,10.1,6.667,101,10
askdocs_1v1c737,3c0c983d97ba92ea,6.594,13.429,7.368,94,7
askdocs_1v1c7rt,35a5eedf67254793,6.165,14.0,6.522,42,3
askdocs_1v1c8n8,5a0cf3c8a44f843a,5.779,14.333,8.791,86,6
askdocs_1v1c9bd,c334bfe934c755ef,9.011,15.778,13.514,142,9
askdocs_1v1cdq0,7378615b2d88d64e,6.656,14.857,11.538,104,7
askdocs_1v1cerb,73942a7494732446,6.545,12.176,15.942,207,17
askdocs_1v1chsc,05fb129490d53fcd,8.314,15.261,12.983,351,23
askdocs_1v1cnfx,c88fae3fda593b1b,5.051,14.462,12.105,188,13
askdocs_1v1cnlt,193e514be306c37c,6.002,13.455,9.032,148,11
askdocs_1v1cudp,01200abf7a73f587,7.908,16.455,8.84,181,11
askdocs_1v1cv0i,dc32687de02e3d1a,6.719,23.0,8.333,23,1
askdocs_1v1d1kg,851aefed71a15502,5.344,14.167,15.116,85,6
askdocs_1v1d40v,a0b82e31cea3b95e,8.209,18.5,13.514,37,2
askdocs_1v1d55v,2fa0f33736d2994a,7.161,16.182,10.326,178,11
askdocs_1v1d5gd,b370346909523d3f,3.84,12.0,8.247,96,8
askdocs_1v1d68f,b8f9df364dea9eb0,6.086,15.667,13.725,47,3
askdocs_1v1d780,36db9fe2844a7023,5.055,11.25,10.87,45,4
askdocs_1v1ddan,e7221c7414670f38,6.246,13.778,6.977,124,9
askdocs_1v1dj2i,67e5e60acf5f62be,8.263,17.385,8.37,226,13
askdocs_1v1dlav,65cdfbaf7e924705,5.151,12.0,10.811,72,6
askdocs_1v1dmb8,9b8cda95fee108b1,10.058,22.25,9.409,356,16
askdocs_1v1dryi,03d45007a3c7cf55,10.955,26.1,9.524,261,10
askdocs_1v1dtq3,63032e11a23d2867,7.682,16.833,5.556,101,6
askdocs_1v1du0n,49240086fce7e94f,13.927,31.5,10.79,504,16
askdocs_1v1du44,d4e8123968542f8a,7.447,18.133,8.394,272,15
askdocs_1v1dwhi,e607065108a12a28,12.876,23.0,16.766,161,7
askdocs_1v1dyf9,4a2508e2746c7892,11.625,29.667,6.077,178,6
askdocs_1v1dyq6,97adb40072dbc592,8.036,12.333,14.35,222,18
askdocs_1v1e00l,01f5fce24ced25b4,7.328,18.2,7.368,91,5
askdocs_1v1e1t8,270e6b306dec2801,7.474,16.261,9.019,374,23
askdocs_1v1e5hr,c014c9df0494b73e,4.212,11.8,5.0,59,5
askdocs_1v1e5s5,ff27e672878d9e5b,5.804,12.167,12.245,146,12
askdocs_1v1e5s6,6d438a1ebb0968a8,7.139,17.538,12.719,228,13
askdocs_1v1e71t,0de08e0a01dbe350,7.252,15.0,18.182,225,15
askdocs_1v1e7gs,4b42bf32e2e8d68e,6.815,14.818,11.554,489,33
askdocs_1v1ea7u,8aa3c4b7c3f3cd2e,9.154,14.538,11.488,378,26
askdocs_1v1ee49,7bde067711ed9c20,6.272,13.0,14.815,52,4
askdocs_1v1ehgo,4d47ea8fb89949f7,4.806,11.667,11.111,35,3
askdocs_1v1ei3a,e2bcce9e86222838,5.806,12.571,6.593,88,7
askdocs_1v1eoku,30f7176c036032a4,6.237,16.824,4.861,286,17
askdocs_1v1eprl,9593f1ab0310895d,19.722,50.0,8.525,300,6
askdocs_1v1es9r,60f6ee92de772a1b,12.621,33.5,15.942,67,2
askdocs_1v1ev9e,1ae6909994e35a2d,8.23,14.2,12.5,142,10
askdocs_1v1ewp2,f8c14269538ce8ad,9.689,16.423,17.079,427,26
askdocs_1v1ezfh,a3b02dcd152b5d61,10.822,19.484,11.987,604,31
askdocs_1v1f08a,c871bdfd372ef27f,12.251,26.571,8.661,372,14
askdocs_1v1f1rl,0a698ad0b8766742,14.918,36.3,9.358,363,10
askdocs_1v1f2wa,4c6a4e9204f71a73,6.507,15.4,21.795,77,5
askdocs_1v1f5mn,5ed0b9c8bf108f3f,6.936,13.667,6.024,164,12
askdocs_1v1f9af,161fb526ed833626,6.212,14.462,4.724,376,26
askdocs_1v1f9pa,2bf592946e57c031,6.988,16.0,9.569,208,13
askdocs_1v1fgsc,deb8628e1f1d3a4d,6.436,17.917,8.182,215,12
askdocs_1v1fhoj,e72d687169689540,8.766,17.5,16.822,105,6
askdocs_1v1fhy9,62c4f7bbf1fce176,7.078,14.294,10.714,243,17
askdocs_1v1fi1k,e35577aad5abb16b,7.65,16.716,6.684,1120,67
askdocs_1v1fi68,e2e203921d5b6b6a,15.038,36.75,8.725,147,4
askdocs_1v1fixy,74940d240f3fe787,8.649,17.261,11.002,397,23
askdocs_1v1fjxf,89dfbdcb3944426a,6.31,11.833,10.959,71,6
askdocs_1v1g2dv,65fc38eaf797182e,19.414,49.0,10.0,98,2
askdocs_1v1g30z,405de5426a4d7c0d,12.614,33.615,10.09,437,13
askdocs_1v1g9qo,9ac937d25295eb44,6.338,11.5,12.0,23,2
askdocs_1v1g9ze,d9969f6ddf813f35,8.338,19.267,8.935,289,15
askdocs_1v1gbjk,f3fa8eb6c9f30e17,8.411,21.375,6.936,171,8
askdocs_1v1gfay,c4959b92acacbe6b,12.405,24.125,10.309,193,8
askdocs_1v1gim9,9e936bf68835faf1,6.894,13.9,10.49,139,10
askdocs_1v1gmvj,25c5d2ba6d81e588,13.31,21.375,11.798,171,8
askdocs_1v1goc4,44de88587b0f92f7,7.966,17.235,10.811,293,17
askdocs_1v1gti3,09f581c33a1f93dc,11.622,17.231,22.907,224,13
askdocs_1v1h2pl,451d56b4b7bb4ec3,6.444,15.929,10.526,223,14
askdocs_1v1h32c,da45ead22ad4a3c8,8.393,17.0,19.231,51,3
askdocs_1v1h86f,e21bd286bd82e93f,8.715,18.071,10.294,253,14
askdocs_1v1hczx,ef268fa70509eb1d,7.691,18.583,7.965,223,12
askdocs_1v1hd0h,81abd0123faced92,10.524,21.056,16.667,379,18
askdocs_1v1hqs5,bf4f332faf4fcdae,2.709,12.2,9.677,61,5
askdocs_1v1hrgb,41c9988da34670cd,9.645,16.8,12.941,84,5
askdocs_1v1hu0v,71612a5306d0850c,1.638,6.8,7.143,68,10
askdocs_1v1i0mh,d26cfa234e326337,8.15,17.4,8.421,174,10
askdocs_1v1i1q9,5cf2bb2bffa9d552,9.797,23.0,4.255,46,2
askdocs_1v1i2hh,bdd23641e6ea7693,11.393,24.556,7.589,221,9
askdocs_1v1i2mm,d7b5818fe841781a,4.823,8.875,9.333,71,8
askdocs_1v1iaiu,830023005abba84a,6.976,18.167,2.273,218,12
askdocs_1v1ic0k,d4e8209f45754bf2,12.813,31.0,11.818,217,7
askdocs_1v1ifiz,dd24c4b285233a17,9.356,23.333,9.859,210,9
askdocs_1v1iqsb,c1adb33e4968c53f,5.601,10.929,7.21,306,28
askdocs_1v1irgt,b9045b137f0a6016,10.33,15.043,12.894,346,23
askdocs_1v1isl2,83cc388aecca9f72,40.676,103.0,5.687,206,2
askdocs_1v1iy16,edc3df1c11c44e16,4.823,8.875,9.859,71,8
askdocs_1v1iymb,c5ee279e3c8dc966,5.731,14.5,10.169,174,12
askdocs_1v1j064,46107d6803b8f574,7.154,13.6,7.857,136,10
askdocs_1v1j0br,cd93d060b0f5e5aa,11.726,31.0,6.349,62,2
askdocs_1v1j0wh,63b20545a1acb88e,13.494,12.889,23.849,232,18
askdocs_1v1j18n,a02a9e816cc8871f,7.068,14.3,11.409,143,10
askdocs_1v1j257,3a61867d2d6151a4,8.954,22.667,13.235,136,6
askdocs_1v1j92h,a1e7683d73ead881,4.437,10.0,9.524,60,6
askdocs_1v1jaxv,1e37ee8ea8f1725a,9.463,19.5,12.5,117,6
askdocs_1v1jb9d,ec3827af3ceed2e9,4.612,14.4,10.526,72,5
askdocs_1v1jboa,b4ece42a5bde64cb,9.597,19.436,11.734,758,39
askdocs_1v1jdxw,2bee36fc4b608494,6.132,11.0,12.222,88,8
askdocs_1v1jj1h,ab2b97d2b694f85a,7.345,22.5,13.043,45,2
askdocs_1v1jjy3,36508084d79984fb,9.457,16.933,12.016,254,15
askdocs_1v1jmpd,f3b5f60d9556a6a5,6.232,11.929,7.647,167,14
askdocs_1v1jmu1,a5769433e30b6ee9,5.584,15.667,12.5,47,3
askdocs_1v1jq4v,ec4f719bf04b4c9c,5.968,8.0,15.385,48,6
askdocs_1v1jsau,9e78c45ed245d5bc,7.751,16.913,9.314,389,23
askdocs_1v1ju0d,56bd7382fccba8a8,15.87,17.714,19.048,124,7
askdocs_1v1jv2n,e2858df4a376dddf,3.325,9.885,7.774,257,26
askdocs_1v1jvmd,dedc25f32ff11800,11.871,24.76,10.625,619,25
askdocs_1v1k00a,d620c6ad74114937,9.291,17.161,10.987,532,31
askdocs_1v1k0br,5e130161baa4352a,7.819,19.333,13.333,58,3
askdocs_1v1k0ua,88c8553e768187a6,4.795,11.333,5.405,34,3
askdocs_1v1k1rr,6d458fe12829febd,10.438,26.286,9.574,184,7
askdocs_1v1k7k0,a8160e47a23d50fd,8.458,17.833,7.08,107,6
askdocs_1v1k9fd,d1cebece66861d74,10.218,16.938,10.294,271,16
askdocs_1v1kb2c,b3e43d3b891ca994,17.951,35.0,11.429,35,1
askdocs_1v1kco5,568c77ddb1beea62,14.39,31.0,12.903,31,1
askdocs_1v1kdfb,fdd596de076c804c,5.365,13.0,14.815,52,4
askdocs_1v1ke9u,a821b0654c336108,7.051,13.211,16.602,251,19
askdocs_1v1keb9,347d04466bdef803,9.829,16.667,11.538,300,18
askdocs_1v1kf2l,e6e02bf97492a8e9,3.327,9.923,7.746,258,26
askdocs_1v1kfmf,34f1cd008d8653a6,16.429,36.111,7.975,325,9
askdocs_1v1kidr,0fbeefe7f26ddcc0,16.873,38.25,6.515,306,8
askdocs_1v1kix3,1ed053e3cd749c46,11.493,27.25,6.818,218,8
askdocs_1v1kjbg,a5c9ee42c8226673,38.601,95.0,10.616,285,3
askdocs_1v1kolv,b3e63fddcf3f2392,5.352,13.176,10.526,224,17
askdocs_1v1kpzc,aa62a0d0ab9daf8e,5.138,8.286,18.333,58,7
askdocs_1v1ksu9,3100b37318d6dac1,8.88,21.357,13.861,299,14
askdocs_1v1l0s5,04d5da724678fed8,5.742,9.783,12.174,225,23
askdocs_1v1l2n7,e99757a1a3670598,4.519,10.75,11.628,43,4
askdocs_1v1l302,2753d6176e60e0e8,7.283,16.4,10.061,328,20
askdocs_1v1l6a5,850e67cbb7348d89,6.4,11.0,8.0,22,2
askdocs_1v1l9tr,3665e646b28a8e04,6.553,15.1,4.516,151,10
askdocs_1v1la5a,0326e2915ebbd802,6.825,14.769,8.867,192,13
askdocs_1v1lapq,5a3a254d083517bc,3.209,9.714,7.358,272,28
askdocs_1v1lcrj,44aa60124d0afb41,11.303,21.0,14.966,294,14
askdocs_1v1lhp3,d8f445be5eb2e5d8,8.26,14.167,20.879,85,6
askdocs_1v1llkv,498d87a0ac726941,9.195,12.533,18.75,188,15
askdocs_1v1llqn,f44d008b0859869d,9.575,25.75,10.68,103,4
askdocs_1v1lv8q,fb9003c1fe56128b,52.007,135.0,5.926,135,1
askdocs_1v1lw0p,fe805a406be9afb3,8.194,18.152,7.68,599,33
askdocs_1v1m01n,38286df8459a74a6,5.811,12.8,9.091,64,5
askdocs_1v1m2rr,c3fe72cfa7883a13,10.114,17.6,5.587,176,10
askdocs_1v1m9lp,b489b978f5438a08,7.916,13.722,12.84,247,18
askdocs_1v1ma3t,1ef1c256253ccad5,6.743,14.4,13.158,144,10
askdocs_1v1mas6,87a54dfd55322194,5.569,13.667,7.031,123,9
askdocs_1v1mcm2,24489ba3d74bb82d,2.825,7.333,13.333,44,6
askdocs_1v1mdst,3ada721d820191b4,14.779,18.625,15.712,596,32
askdocs_1v1mjdm,4303168fb6bdc12a,11.339,25.167,11.18,151,6
askdocs_1v1mq7y,7f166bd9122fc6ec,7.158,14.191,11.567,667,47
askdocs_1v1ms69,f84430909cccb020,11.093,16.067,13.944,241,15
askdocs_1v1mtpn,e0f3a685fb6a02aa,7.622,16.8,9.112,420,25
askdocs_1v1n5yk,baf810460ea89098,3.792,11.65,9.664,233,20
askdocs_1v1nemi,8bce5c2b77d079ad,6.078,13.75,7.143,55,4
askdocs_1v1nfzw,ddc7e831551365ed,4.729,15.5,10.938,62,4
askdocs_1v1ngxc,802b40418bc4b049,9.321,10.75,17.442,86,8
askdocs_1v1nkc2,b12b88e4bdb05a3c,8.063,14.2,13.158,71,5
askdocs_1v1nlsk,0bf35593414ab525,12.977,26.333,14.907,158,6
askdocs_1v1nooa,8e8de44a2c6d8b44,6.64,13.364,9.459,147,11
askdocs_1v1nqfk,e38caec0d1e50d23,11.779,19.308,17.343,251,13
askdocs_1v1nsqn,81819a257fafa044,4.338,11.143,13.58,78,7
askdocs_1v1nvac,2370e8d5489db666,21.039,54.0,8.676,216,4
askdocs_1v1nwzy,fd4ae5a9188743cb,5.069,19.0,3.39,57,3
askdocs_1v1o1ae,9d98f0115f543147,6.087,14.667,8.989,88,6
askdocs_1v1o1he,0a943ee155025049,7.084,16.857,19.355,118,7
askdocs_1v1o1p7,59c4c15d8880a74a,7.115,16.5,9.048,198,12
askdocs_1v1o2c4,f5cd8c5d2c4c61ca,7.109,11.286,13.497,158,14
askdocs_1v1o4pj,c1152175df478f9c,6.263,14.75,14.876,118,8
askdocs_1v1o7hu,b6aad7de2a7aa3fe,6.757,14.667,10.0,88,6
askdocs_1v1obyi,0ea8d2c0c437d0b3,8.09,22.333,5.97,67,3
askdocs_1v1odr2,5557aeb1b62e510a,6.955,7.571,26.667,53,7
askdocs_1v1oes8,019fbeaa85911cf9,7.762,16.389,14.851,295,18
askdocs_1v1ok0h,ad956ad4e03c99d4,2.933,11.4,5.263,57,5
askdocs_1v1ou0j,285f05af5d42e194,7.636,13.435,8.951,309,23
askdocs_1v1ovbd,9ec02a7b12589447,5.027,11.111,9.0,100,9
askdocs_1v1owmt,cabadf4f396ee797,7.434,8.129,10.662,252,31
askdocs_1v1oyiq,6c5a6370bf261850,10.204,25.667,10.504,231,9
askdocs_1v1p2i3,9b7e62d73f63512d,7.449,16.25,10.294,65,4
askdocs_1v1p2y0,c8bdd457675b6d71,8.75,18.368,7.102,349,19
askdocs_1v1p3m6,49cb1d080548a61e,11.157,25.833,7.595,155,6
askdocs_1v1p72x,496feabb9a5cd9bb,8.559,19.263,6.527,366,19
askdocs_1v1p7an,4fb76fd689822ea4,7.589,15.6,13.968,312,20
askdocs_1v1pc9u,4cd2811008ab11f2,3.718,11.0,18.182,33,3
askdocs_1v1pen1,a7eb894341d6b083,6.185,11.0,13.274,110,10
askdocs_1v1pfrj,eeeea67e9586724d,9.751,22.0,6.78,176,8
askdocs_1v1pj14,9f51d2eab5db4424,9.357,20.286,6.897,142,7
askdocs_1v1pkqj,7850629c612ef873,6.123,15.143,9.346,106,7
askdocs_1v1pl2d,27a176032629cd2e,7.149,14.083,11.111,169,12
askdocs_1v1plqe,7f0e5fde4909290a,7.65,12.25,6.579,147,12
askdocs_1v1pmd3,952ebfa8cb275e0d,8.737,15.194,14.107,547,36
askdocs_1v1ppdu,f5ffdff1e3145523,9.26,22.0,7.353,198,9
askdocs_1v1ppq2,7b634481613086f4,9.138,23.0,7.418,322,14
askdocs_1v1pqjp,a1dfb3968359d8dd,6.287,11.286,15.854,79,7
askdocs_1v1psbd,220e422d62ac9f10,7.135,14.647,14.672,249,17
askdocs_1v1pvfn,91552c15dfe81104,2.412,5.167,5.882,31,6
askdocs_1v1pvq6,197428a6015c304a,4.065,13.333,11.905,40,3
askdocs_1v1pwcn,73ee103da9d21ebf,2.535,10.4,11.321,52,5
askdocs_1v1pzdf,537c5de11043e97b,14.707,22.1,18.182,221,10
askdocs_1v1q760,55571d0f620a3a3b,6.408,15.462,10.396,201,13
askdocs_1v1q9rb,52685b78b121d711,18.943,50.5,9.804,101,2
askdocs_1v1qceg,f4d807d84a1befef,7.444,18.0,13.127,252,14
askdocs_1v1qd08,9071098356096974,10.773,24.667,14.474,74,3
askdocs_1v1qdox,9e1a9f9b4fe5862e,5.017,12.273,8.163,135,11
askdocs_1v1qdtc,55bfd0e038dae1d7,6.851,17.889,3.55,161,9
askdocs_1v1qduk,c318d9e932674f8b,10.321,17.0,9.74,153,9
askdocs_1v1qk1e,6e5719fdd301ef42,10.118,20.429,12.329,143,7
askdocs_1v1ql3j,e743036c47160b26,5.367,9.786,10.714,137,14
askdocs_1v1qm3g,0acd98b2bdcca85f,7.382,18.714,9.848,131,7
askdocs_1v1qnnr,b17f3d579cbd99ea,6.848,14.56,12.262,364,25
askdocs_1v1qtuf,9e77803fecfe4602,4.867,12.571,19.565,88,7
askdocs_1v1qu6f,bf54af85cd253647,10.622,20.067,9.206,301,15
askdocs_1v1quii,6c337803a3031fee,4.663,16.0,0.0,32,2
askdocs_1v1qula,2b627824b52c3fc3,6.306,14.0,13.69,168,12
askdocs_1v1qzuj,1452e38f46fcd501,10.664,17.833,15.837,214,12
askdocs_1v1r1qo,42de997965552f21,6.725,19.0,2.381,76,4
askdocs_1v1r2k2,6a5e9ad5803a8e3d,5.639,15.571,11.009,109,7
askdocs_1v1r4zw,5c8f92daca6e8cfd,6.302,15.464,16.253,433,28
askdocs_1v1raas,e500470a078bd082,12.287,32.333,9.744,194,6
askdocs_1v1rdt8,dcce76b9fe842646,7.824,19.0,9.524,247,13
askdocs_1v1rgwg,28e5e5a7d55bf72d,9.564,19.902,10.087,1015,51
askdocs_1v1rhiv,3e49db46c086004a,11.362,27.625,11.312,221,8
askdocs_1v1rqun,0ec9fc581fc73f88,6.019,14.444,18.248,130,9
askdocs_1v1rs3a,9926cdd51cb5e9d7,2.975,6.0,10.0,48,8
askdocs_1v1rsnf,dfe1a064fed9756c,9.232,20.286,7.023,284,14
askdocs_1v1rstc,382859ddb13edbb7,5.978,13.783,9.119,317,23
askdocs_1v1rzvy,8fb9de3bf3b924e8,10.976,17.632,14.535,335,19
askdocs_1v1s0pe,a9b3a0b95b1cb9fe,9.867,22.571,11.976,158,7
askdocs_1v1s0z3,fc2387a8fff4cc0a,7.878,16.933,14.717,254,15
askdocs_1v1s26q,5ce31a3b746e9e00,7.414,9.7,17.766,194,20
askdocs_1v1s2da,b3a6c861d2d728f7,0.58,6.667,4.762,20,3
askdocs_1v1s4q0,6c3a153d1b1fbbb1,8.761,21.143,8.228,148,7
askdocs_1v1s659,b0fa720e1f37afc9,3.934,12.6,4.688,63,5
askdocs_1v1sd6m,e27339d619368ae1,2.201,12.0,5.263,36,3
askdocs_1v1sdco,432ee06058eb0044,6.381,13.556,7.171,244,18
askdocs_1v1sf28,ddd36f3548e344de,9.965,16.333,17.61,147,9
askdocs_1v1shj6,338db4120015c8cf,8.241,16.8,10.0,84,5
askdocs_1v1st9b,7e32d1c7d8126504,8.819,19.8,13.0,99,5
askdocs_1v1swq8,715e280286e35fbc,6.354,13.235,11.064,225,17
askdocs_1v1syav,2747cf041e7cca62,7.881,14.9,7.285,149,10
askdocs_1v1t0dd,f1bb13ab19660462,2.138,7.545,6.977,83,11
askdocs_1v1t21i,711c7b8fa9a78502,8.121,17.45,9.89,349,20
askdocs_1v1t385,1ebf0bbee20ba36c,3.918,14.0,2.222,42,3
askdocs_1v1t3fe,c198b26b3ef9a1fa,6.042,12.833,10.256,154,12
askdocs_1v1t5kv,a59d16d0f2a187f7,12.08,14.269,12.861,371,26
askdocs_1v1t9no,6846493022276467,6.329,13.444,12.195,121,9
askdocs_1v1tb6e,632324217b03298b,6.429,13.556,12.903,122,9
askdocs_1v1tfaq,c74db7ee1583938c,10.498,16.667,20.588,100,6
askdocs_1v1tfhv,b25ef04ed4dddc7b,6.758,11.111,10.68,300,27
askdocs_1v1tr9t,1beb9e29db111fb0,10.632,14.519,19.58,392,27
askdocs_1v1tuat,fd4193c36bf151d0,7.963,15.417,10.27,185,12
askdocs_1v1tw0v,185d4b8a36c32df1,6.763,20.0,6.077,180,9
askdocs_1v1twlb,a062ea926a62fe4c,4.948,10.375,9.302,83,8
askdocs_1v1txq3,7297db4798e295a5,6.021,10.6,12.963,106,10
askdocs_1v1u00q,2bf57a90ccdea5b1,7.828,21.111,9.439,380,18
askdocs_1v1u12e,7a7825834418ff91,9.187,18.75,10.323,150,8
askdocs_1v1u2ge,b90a7ab5e5e8fb8c,6.894,13.9,12.857,139,10
askdocs_1v1u2qb,c3c3ab94f30ef7ce,7.66,15.059,11.154,256,17
askdocs_1v1uaj1,a8f099e954b7cfe9,60.146,157.0,1.266,157,1
askdocs_1v1uaql,b2bed9fb254b2eff,4.956,15.667,8.421,94,6
askdocs_1v1ufdg,137d559faa2b216d,9.936,21.083,7.874,253,12
askdocs_1v1ump4,67b6736fc61e8b20,8.568,15.286,13.514,214,14
askdocs_1v1up2n,501d91bcb74e9f47,4.925,9.222,17.647,83,9
askdocs_1v1uqsx,a60059cfd4b84ed4,5.105,13.571,6.122,190,14
askdocs_1v1us0e,2fd5fee005d9e353,5.98,17.4,9.195,87,5
askdocs_1v1uw60,d5534bdfd108580f,7.553,17.429,18.033,122,7
askdocs_1v1uxrz,de38bf3f68c82c0a,2.9,7.6,10.526,38,5
askdocs_1v1uye1,c0c068c697022330,11.954,31.0,7.729,620,20
askdocs_1v1uyug,67d314f4ff66d5ee,8.101,14.4,6.53,504,35
askdocs_1v1v0ub,b8963d93059bd075,4.306,13.0,4.132,117,9
askdocs_1v1v383,1c318e6d64809738,4.6,11.6,6.667,58,5
askdocs_1v1v5ae,5967d522d26723b1,11.338,21.75,10.345,87,4
askdocs_1v1v68p,6f91b8b2ad72d90d,7.736,13.286,17.708,93,7
askdocs_1v1v6ry,ce2bc0136be515a0,11.182,29.0,7.937,58,2
askdocs_1v1v7em,7d4843af06f8d3b4,8.952,21.077,10.145,274,13
askdocs_1v1v95e,4522c55b1ba5ca50,9.469,18.478,8.482,425,23
askdocs_1v1veqv,743e03eb1d2a41fb,5.258,12.8,9.375,64,5
askdocs_1v1vg6v,b8b16c62b838c6f1,7.211,17.714,15.625,124,7
askdocs_1v1vgh5,8d2ca522dbef2eaa,5.323,7.75,11.765,31,4
askdocs_1v1vis1,dd3b45f6cdb8f102,8.771,23.0,5.714,69,3
askdocs_1v1vj8c,67504e1a2ea5aa67,6.67,19.143,10.448,134,7
askdocs_1v1vjuh,b6908d1a5388adb2,5.884,14.0,6.667,28,2
askdocs_1v1vk8w,108840338a2acb99,6.579,11.0,8.955,66,6
askdocs_1v1vkk9,8b956882a99474e0,4.582,8.667,12.195,78,9
askdocs_1v1vm53,08b1c9ed3d459d75,7.491,16.588,5.051,282,17
askdocs_1v1volh,2568be9e226328ae,26.721,68.0,6.494,68,1
askdocs_1v1vpw7,8ba3d07f62813c79,8.029,12.952,14.388,272,21
askdocs_1v1vrya,dd56b6aa04f136be,5.973,14.833,7.609,89,6
askdocs_1v1vy46,092affd16d58bb59,3.077,10.167,12.903,61,6
askdocs_1v1w847,a515ae673cca1165,6.863,15.097,7.806,468,31
askdocs_1v1w9ej,b4f0d2e2e4ab1863,7.52,14.684,11.847,279,19
askdocs_1v1w9ka,1a0aa744259adb82,6.864,16.833,11.538,101,6
askdocs_1v1wbcu,11cacd042fcd6561,6.795,11.042,11.722,265,24
askdocs_1v1we4z,53179674c367eebb,7.353,15.833,6.091,190,12
askdocs_1v1wfzk,aaae6da2b602991d,8.908,23.312,11.568,373,16
askdocs_1v1wkdj,d936228f19d19bdd,11.106,22.8,11.489,228,10
askdocs_1v1wslj,dcd766c54890dd0e,7.713,16.125,9.489,129,8
askdocs_1v1wuam,f2858edbcd062963,6.679,16.652,13.35,383,23
askdocs_1v1wv6p,61fd761493119a88,10.821,14.95,14.309,598,40
askdocs_1v1wxw9,e224c2f4fbfeacb7,8.761,21.75,14.607,174,8
askdocs_1v1x28k,c07eb08eeaed3fb4,5.401,9.0,6.897,27,3
askdocs_1v1x3e6,49fb6502170f4d74,13.883,24.667,18.243,148,6
askdocs_1v1x602,51bae682f2b090dc,9.27,20.5,12.322,205,10
askdocs_1v1x7bl,29808649abef7e1d,5.726,13.231,7.324,344,26
askdocs_1v1x7lf,5fe3fa4713624395,4.124,10.4,13.208,52,5
askdocs_1v1xa4u,49c1bd90e4078908,4.531,11.25,6.667,45,4
askdocs_1v1xag8,b9c1c95fc5680780,5.6,15.0,16.129,30,2
askdocs_1v1xbe8,44f66cb7dea2dd81,8.588,19.0,10.526,76,4
askdocs_1v1xcbz,04f8a166c2b54579,9.655,19.882,15.954,338,17
askdocs_1v1xcx4,26f9b13e5944c667,12.834,31.25,7.171,250,8
askdocs_1v1xeo7,d04a7f86b79cb737,7.772,17.423,7.692,453,26
askdocs_1v1xepc,c8930107d5360736,6.935,15.688,7.905,251,16
askdocs_1v1xepg,4e773ae06a7e21f2,9.297,23.059,9.95,392,17
askdocs_1v1xfqi,0393ddc621fedf4d,7.754,15.308,3.98,199,13
askdocs_1v1xg7r,93e3eeea9103545a,7.453,15.417,12.366,185,12
askdocs_1v1xi5x,62af1de82f2353e1,9.086,23.333,10.335,350,15
askdocs_1v1xjud,9d9309d85f26bb10,5.291,13.2,4.412,66,5
askdocs_1v1xmsh,2307f91bd85a1973,2.293,7.25,6.25,29,4
askdocs_1v1xnea,1d31807f80ded0e2,5.207,15.0,15.625,30,2
askdocs_1v1xnx2,a6b67fbfcbbb6cfc,7.19,10.0,10.0,20,2
askdocs_1v1xqys,d4394236ff99e9fb,7.401,15.222,11.972,137,9
askdocs_1v1xr1t,e3c5d12a49da1586,6.297,13.833,12.222,166,12
askdocs_1v1xxhc,10a08cc17854c314,8.424,16.733,5.747,251,15
askdocs_1v1xyne,9a8cc67c2e72aad4,5.629,14.5,13.675,116,8
askdocs_1v1y38h,17738fa98d4bcb1e,4.523,11.0,6.667,44,4
askdocs_1v1y4qj,40a9ea93af2ea297,6.725,19.0,9.244,114,6
askdocs_1v1y546,848ec4d617fd37d4,3.917,12.5,8.0,25,2
askdocs_1v1y5at,c746e290c600f62c,7.203,15.5,3.125,31,2
askdocs_1v1y5qr,0d417704165bdfff,7.944,13.897,14.414,542,39
askdocs_1v1y7gn,81f4c3d115088ee7,12.446,27.6,6.944,138,5
askdocs_1v1y81u,fa1017efa6c1bb53,3.598,11.125,7.778,89,8
askdocs_1v1y8ao,7d0e99c184450212,7.113,15.917,7.732,191,12
askdocs_1v1ydag,10eea34f2dc2cb61,7.143,19.5,8.403,117,6
askdocs_1v1yde4,c70d25dc3dfd825f,5.299,14.6,7.895,73,5
askdocs_1v1ydzb,e4ace89aafbd5a9a,4.486,12.312,9.179,197,16
askdocs_1v1ykru,017cec048f04a8fc,6.76,12.345,13.934,358,29
askdocs_1v1yl3j,3ab96eccc284abf4,6.357,16.909,8.021,186,11
askdocs_1v1ymxa,6aae8a757c276ab4,10.994,23.0,12.0,69,3
askdocs_1v1ypz8,9cde73ae88bb8b68,4.091,14.571,6.731,102,7
askdocs_1v1ysj7,be48b1c221de4709,3.957,10.5,8.889,42,4
askdocs_1v1ytfk,5eb750edfc72da7c,7.985,18.333,13.508,495,27
askdocs_1v1yw03,f837e373cdbc15f2,7.936,16.143,7.895,113,7
askdocs_1v1yxp3,f1ca7db90d56048e,1.312,7.2,5.556,36,5
askdocs_1v1yygn,11ec1d19261cc034,3.661,10.25,9.756,41,4
askdocs_1v1yzht,5385b0f0d42bf5d5,5.211,11.7,5.042,117,10
askdocs_1v1z6vo,037090c0b883938c,7.391,17.467,11.567,262,15
askdocs_1v1z7wv,4bd21c878ffff084,7.32,15.333,10.87,46,3
askdocs_1v1z9ah,eb652b8a0db77f3d,6.953,13.0,5.66,52,4
askdocs_1v1z9y6,1fd7663dd7f58ba8,8.597,16.167,2.913,97,6
askdocs_1v1zd6i,0077fcfb202ccae3,8.405,13.462,12.5,350,26
askdocs_1v1zd77,5d476978b0ebf25d,5.971,13.75,4.464,110,8
askdocs_1v1zfai,dcdfcde43eaa25b2,10.79,21.933,10.734,329,15
askdocs_1v1zhul,ad6333fa7f7be5e2,5.645,9.833,9.016,118,12
askdocs_1v1zjea,00756549282a8329,3.443,10.4,14.953,104,10
askdocs_1v1zpns,0ac67e399c3ab6d7,5.322,14.0,11.905,42,3
askdocs_1v1zpw5,a759e53cafcfbe90,7.964,17.643,14.118,247,14
askdocs_1v1zrmy,a790b4f5c2ea80b2,8.738,19.172,9.705,556,29
askdocs_1v1ztbp,76f7976647350e3d,3.278,9.7,19.192,97,10
askdocs_1v1zvw6,daf1abeb7d0f8a4d,4.935,11.75,6.186,94,8
askdocs_1v1zyl5,c857ad41b01649c5,14.371,33.6,6.78,168,5
askdocs_1v1zyv8,d838017eb523496b,7.634,18.222,16.568,164,9
askdocs_1v1zzik,c7dc7b054213bc72,9.379,20.818,6.639,229,11
askdocs_1v201jn,2c6ed002d773ca03,4.702,11.0,6.667,132,12
askdocs_1v20234,9db9df55e5849a2f,6.068,13.583,16.667,163,12
askdocs_1v202n0,3407d9471857d0a2,7.562,16.5,9.848,132,8
askdocs_1v203az,88c0921b41cf1dd0,8.845,25.429,8.84,178,7
askdocs_1v204e1,137cdae8e9cc4624,7.842,13.167,11.515,158,12
askdocs_1v208bd,c5377351fb99442c,12.269,33.5,13.333,134,4
askdocs_1v20bvh,2b780ffcf342db18,7.052,14.077,11.64,183,13
askdocs_1v20ddx,a856df6e47c5249b,9.776,20.556,8.122,185,9
askdocs_1v20ffp,747ebb59f5911f2c,19.23,46.5,15.183,186,4
askdocs_1v20i17,c10da35e2a7dd413,5.547,14.0,10.0,70,5
askdocs_1v20pha,79c5720b949f4e50,6.44,18.667,5.263,56,3
askdocs_1v20r4x,a337d0adcd9f555b,10.875,19.5,12.552,234,12
askdocs_1v20tlq,ca2858a152aa5517,8.746,17.429,16.349,366,21
askdocs_1v20zny,9e262998f3ea62f1,4.896,12.235,16.981,208,17
askdocs_1v2117v,872dede95c00e894,14.547,19.889,19.211,358,18
askdocs_1v211nf,ddaf3bf84fa5bceb,6.544,12.0,2.041,48,4
askdocs_1v21539,5775eafd92ea6039,5.303,12.571,11.421,352,28
askdocs_1v219w7,f33657856fd96582,12.604,28.5,10.656,114,4
askdocs_1v21ann,e5590b9e85a44605,7.88,19.667,8.475,59,3
askdocs_1v21eip,fa4eea03019125dc,3.554,11.75,12.5,94,8
askdocs_1v21enn,08b4b03eec6a1f56,3.716,7.143,11.321,50,7
askdocs_1v21iuv,39a4270f3d1f0aac,6.753,16.519,7.447,446,27
askdocs_1v21iyy,4c6cc019fe5ab490,6.996,17.5,9.934,140,8
askdocs_1v21jue,28e7f6c2fcda3851,2.863,10.0,14.286,90,9
askdocs_1v21jza,a69f508dae0f30de,10.659,21.273,10.484,234,11
askdocs_1v21kn2,de49b878795fa6cc,12.373,30.214,4.941,423,14
askdocs_1v21lfz,2a25293bd88a63bb,7.571,18.5,15.789,37,2
askdocs_1v21m6n,b4865ef73288f20a,9.244,20.833,6.154,125,6
askdocs_1v21mag,f0fe4d9610790f7f,19.346,54.0,11.009,108,2
askdocs_1v21ryw,e16bb40cda28a286,9.242,23.143,12.195,162,7
askdocs_1v21sg7,ee8834b091d07785,9.569,21.714,11.321,152,7
askdocs_1v21tup,198ee6d15863208a,6.974,13.286,14.433,93,7
askdocs_1v21ulj,0e7dbf4769ae1abc,6.855,14.467,11.765,217,15
askdocs_1v21z55,dfe9e0075e7f12a2,10.281,23.778,8.837,214,9
askdocs_1v21zk1,f298bd8d44adf889,5.662,11.333,14.286,68,6
askdocs_1v2205k,e1d792e45ef9f6e3,6.026,15.25,12.0,122,8
askdocs_1v221gg,d12dba7e0c3a8904,8.384,15.0,15.648,390,26
askdocs_1v228zr,38784a63fb840cbf,10.357,22.097,15.483,685,31
askdocs_1v229l0,bc7a123fdc885e1a,6.938,13.5,16.364,54,4
askdocs_1v22a76,8b00bb8b123b33d2,8.693,18.0,16.364,54,3
askdocs_1v22emn,12a25a6ba56d3430,9.41,23.583,5.574,283,12
askdocs_1v22ewl,9af4fe916938f41f,5.901,17.5,8.333,70,4
askdocs_1v22jpb,7d16d46c73653108,9.025,21.1,15.802,422,20
askdocs_1v22lgs,19ae394245cc63ef,7.187,20.0,9.124,260,13
askdocs_1v22vdw,a393da4699d71f52,3.095,10.333,13.281,124,12
askdocs_1v22x4p,d2d680bfe91f99bc,3.653,9.0,11.688,153,17
askdocs_1v231nx,feeec6fc3aab11e9,18.337,39.5,16.667,158,4
askdocs_1v23873,6bba7f815258a06b,5.916,14.333,6.977,43,3
askdocs_1v23e60,7b0aae42143ee4a4,60.892,159.0,10.714,159,1
askdocs_1v23ev9,ffc05c4021fffbb3,9.856,22.545,6.25,248,11
askdocs_1v23exc,e3d5bf9cc64dc0be,8.92,20.143,18.75,141,7
askdocs_1v23lrv,3b438eb43141410f,11.589,29.0,17.241,29,1
askdocs_1v23lt6,ac6693c8acd273ac,9.781,17.0,12.5,204,12
askdocs_1v23m13,90d4d85088deaacf,15.75,38.375,10.032,307,8
askdocs_1v23mc5,c1ed7da4b137fe6c,7.149,15.333,13.043,138,9
askdocs_1v23nds,04782806be9344dc,14.573,37.8,5.941,189,5
askdocs_1v23p1w,dfde0199f5334fdd,10.282,26.75,6.306,107,4
askdocs_1v23pni,54db13d103744380,4.359,12.667,9.565,114,9
askdocs_1v23q7p,887913684ed81c6d,9.104,17.5,17.143,35,2
askdocs_1v23qu1,e35352f4f20e0fad,7.812,13.5,10.651,162,12
askdocs_1v23r5j,12426c7c8eba5476,8.645,19.0,9.091,209,11
askdocs_1v23u6k,0a6c3bd41a9a8b59,5.69,12.625,11.927,101,8
askdocs_1v23uo0,fa7fd83d4691461e,8.411,17.263,10.355,328,19
askdocs_1v23vy0,bb804bdc8ea0453c,7.739,18.273,4.695,201,11
askdocs_1v2410y,d1754d50a94e9519,6.066,14.95,10.927,299,20
askdocs_1v2412o,25946fb49df7fb32,8.018,15.429,12.174,108,7
askdocs_1v2465i,2d4d00dd1dd1ed58,4.748,15.0,7.487,180,12
askdocs_1v24b52,15b38e4dcf053860,5.479,14.571,11.65,102,7
askdocs_1v24dsv,cd5856e85a809f16,5.854,14.733,10.407,221,15
askdocs_1v24h5y,3fda851e50ccbb81,5.243,11.214,11.043,157,14
askdocs_1v24ixo,b82d6193e87572ca,10.046,21.667,9.137,195,9
askdocs_1v24l3i,53e5e291e38017ac,8.004,15.0,9.42,135,9
askdocs_1v24l3o,c002bf90fa9ca5c5,6.952,16.294,6.803,277,17
askdocs_1v24nb8,79f228f409b650e8,7.581,20.143,9.091,141,7
askdocs_1v24vax,552dd15fa4d689d0,7.072,16.125,9.774,129,8
askdocs_1v24vn2,a42a6dcf7f7b17d2,4.232,8.857,10.938,62,7
askdocs_1v250s2,374c425bd5184658,7.074,8.0,17.143,32,4
askdocs_1v251wm,22d65518d642209e,9.387,21.0,11.834,168,8
askdocs_1v2527w,3ee99cb0c52b4b52,7.098,17.111,16.129,154,9
askdocs_1v2533d,72d53bb37a50050a,6.878,15.0,11.111,120,8
askdocs_1v25614,08c4a568c883bcc4,7.278,12.9,7.246,129,10
askdocs_1v256ro,1425063c4ac2d9e0,4.717,13.25,11.321,53,4
askdocs_1v256sl,7df409077a3aa278,7.171,15.4,8.787,231,15
askdocs_1v256uv,bfdcdf100b1ea380,5.509,15.8,6.25,79,5
askdocs_1v257x0,03b3daab753588f8,10.888,21.85,14.414,437,20
askdocs_1v25am7,232936b6fbf4b236,6.192,16.333,1.887,49,3
askdocs_1v25b8f,1ba76ba52cd8727a,8.994,26.5,1.887,53,2
askdocs_1v25dsy,3729ce682436f884,10.897,23.636,7.607,520,22
askdocs_1v25ffo,1b383bd401b91094,5.365,13.0,9.877,156,12
askdocs_1v25fx8,a049f35d6559c55c,9.586,21.522,6.538,495,23
askdocs_1v25ir1,e06b6a8489945d89,7.444,13.25,13.084,212,16
askdocs_1v25l3d,09b8fd695c1d688b,9.823,31.0,3.226,31,1
askdocs_1v25m1y,c3672a7c6e501916,4.837,7.4,18.421,37,5
askdocs_1v25myx,ca67900d38684fa3,4.608,13.571,13.265,95,7
askdocs_1v25nwz,59fc60c5802ede3e,6.422,14.5,7.742,145,10
askdocs_1v25o2j,4d78a0375a8aa159,10.951,18.5,17.368,185,10
askdocs_1v25phk,7274d59cc2188b52,7.901,18.571,10.294,130,7
askdocs_1v25qgv,70b02b8dd9ec1237,7.008,13.667,7.519,123,9
askdocs_1v25qlk,3eda18e7e3a7d9e6,4.071,11.875,6.316,95,8
askdocs_1v25qw8,d0e5621167b6987a,8.744,19.0,12.351,228,12
askdocs_1v25uap,9c593d21bcaf0865,-0.287,7.667,8.333,23,3
askdocs_1v25xwn,7c16ea38d564ab8d,3.666,10.333,15.625,31,3
askdocs_1v25y5c,5775b486b046a6d2,5.248,10.091,9.649,111,11
askdocs_1v2622v,c1e2edb5dcaf6884,6.69,16.444,14.0,148,9
askdocs_1v264vj,ca96acc776c463a0,0.967,7.714,12.727,54,7
askdocs_1v268tz,253ec768840b5bc6,6.52,14.571,12.5,102,7
askdocs_1v269s0,dadb77013d0981a1,3.103,12.0,7.547,48,4
askdocs_1v26dc7,2a5ef0c500ea143c,6.83,17.714,12.903,124,7
askdocs_1v26f9c,8e26f3443870a1e0,8.743,14.286,12.233,500,35
askdocs_1v26h80,663120d0cac95a62,5.408,13.5,13.497,162,12
askdocs_1v26hng,4793188aea6d3f01,19.881,47.833,11.034,287,6
askdocs_1v26mbl,6d4484f55b9f4ad1,7.901,18.571,12.214,130,7
askdocs_1v26o6d,3e23db61cd798831,6.727,14.0,18.824,84,6
askdocs_1v26pvp,2b7ce3e26796a540,8.594,18.375,11.765,147,8
askdocs_1v26ruk,f1ae1b2e6b39695b,12.471,23.727,11.787,261,11
askdocs_1v26xmx,bfc51fa2661d3f1b,7.718,17.176,9.121,292,17
askdocs_1v272sg,d3f5613acb43ceef,16.664,39.0,17.054,117,3
askdocs_1v276i3,843dc1e682e81c7e,2.802,12.75,3.846,51,4
askdocs_1v277tk,7770e6ebd8a17b24,8.688,18.737,12.885,356,19
askdocs_1v27avb,25caea1c3b2669ba,7.626,15.457,11.191,541,35
askdocs_1v27cev,0dba502a8734ccbc,18.645,51.0,3.922,51,1
askdocs_1v27efa,02741c926d287162,9.559,23.5,7.143,141,6
askdocs_1v27fdw,8cda8e1341b5419d,10.7,13.4,14.286,670,50
askdocs_1v27hxj,b7bcc7f7e6884064,6.486,10.5,11.364,42,4
askdocs_1v27ju4,49d1148a4444dd47,6.068,13.091,7.333,144,11
askdocs_1v27lsm,599136c3d090e542,11.384,24.571,3.571,344,14
askdocs_1v27pfd,9d38dee183b92671,10.622,13.059,14.369,666,51
askdocs_1v27qgs,aa01b845b2dbd63f,7.292,14.583,4.571,175,12
askdocs_1v27s13,795ccff2621d0e10,4.57,10.379,9.508,301,29
askdocs_1v27uv3,3d4b73a8e38ce1b5,13.835,36.667,11.712,110,3
askdocs_1v281v6,704612bee5a39e33,7.337,20.6,10.377,103,5
askdocs_1v281y8,62a578eb723deab6,5.278,11.7,7.102,351,30
askdocs_1v284tz,4b713dd66f28f4c9,6.442,12.333,11.842,74,6
askdocs_1v285zw,61eb3f9ed875a576,8.38,19.667,5.738,118,6
askdocs_1v286i3,e495a4aa36b540f8,7.702,19.25,5.195,154,8
askdocs_1v2886u,3a590afadf00a084,7.713,18.875,9.804,151,8
askdocs_1v28cfp,28c8b7918a4fbb1e,6.262,12.067,8.791,181,15
askdocs_1v28clc,3faa8f6c947b989a,7.705,17.857,15.385,125,7
askdocs_1v28f5a,6dd573db4fa9ee17,7.841,10.556,20.619,190,18
askdocs_1v28fdj,752b9434c46d78b2,18.941,34.833,29.524,209,6
askdocs_1v28j1s,a9264cc50e23b68b,8.593,21.25,8.772,170,8
askdocs_1v28l4g,460d5442a4993010,8.162,19.25,8.974,77,4
askdocs_1v28nun,80bc8f6c9746c7a1,8.986,20.4,8.039,306,15
askdocs_1v28onc,b6f9eeae3b504b39,6.508,18.0,6.63,180,10
askdocs_1v28t0g,4a4f1f005c6415f7,5.963,14.75,8.13,118,8
askdocs_1v28tki,495bf78ab8cfffa1,7.737,19.526,7.258,371,19
askdocs_1v28tsz,78b7485b2721f60c,3.007,9.25,10.526,37,4
askdocs_1v28wjf,9009aaa4c848123c,2.192,11.333,14.493,68,6
askdocs_1v28x80,6fe9c0dd489749b1,7.368,17.125,7.534,137,8
askdocs_1v292g1,780327a5a16d300b,7.802,18.389,11.404,331,18
askdocs_1v293av,b15c64bd4e69715e,7.56,17.0,8.791,85,5
askdocs_1v294j6,4122c0d4b44ec1fb,13.157,27.5,23.214,55,2
askdocs_1v296bq,b1106535e2738803,9.147,22.333,21.127,67,3
askdocs_1v298iy,5ce8635b2abcfb1a,6.616,16.267,8.032,244,15
askdocs_1v2990d,585eafb83fadf718,9.672,18.769,13.439,244,13
askdocs_1v299jz,5d92f0020def7674,2.277,9.857,8.571,69,7
askdocs_1v29ajt,b41840b443ecec80,7.228,18.6,6.873,279,15
askdocs_1v29bgj,a0708821427a6537,7.398,12.333,20.354,111,9
askdocs_1v29hat,adfdab02c83b811a,1.922,6.5,11.111,26,4
askdocs_1v29ibp,921fb4c1d3615150,16.976,44.667,3.704,134,3
askdocs_1v29lp9,0b228da04e034655,10.638,20.8,12.102,312,15
askdocs_1v29par,bcadcfcc9ffaf830,4.267,11.222,10.0,202,18
askdocs_1v29pmc,5b1bb445a8440e9f,5.912,17.857,8.0,125,7
askdocs_1v29ttx,c1485d67bfd3113b,7.318,18.545,9.048,204,11
askdocs_1v2a5a3,ab0d1e51fa9b4090,13.278,22.176,14.604,377,17
askdocs_1v2a5gk,72a14c1f960ee5a5,3.086,10.25,9.756,82,8
askdocs_1v2a7au,13fed2e80016ef4e,4.334,10.167,11.111,122,12
askdocs_1v2a7e8,275f5a24e8afb991,8.213,18.857,9.023,132,7
askdocs_1v2a8zk,b6cb6a4207bebbad,7.805,15.941,12.727,542,34
askdocs_1v2a9n5,f41ef236718ff064,3.528,11.2,15.517,56,5
askdocs_1v2aa0i,907c799664292230,5.687,10.6,18.868,53,5
askdocs_1v2ab7h,e1f217beee55a57c,4.454,9.273,14.423,102,11
askdocs_1v2afq1,f87b5317d72de452,1.734,8.4,2.326,42,5
askdocs_1v2agix,781d0e5ca7ade4ef,14.768,26.118,13.376,444,17
askdocs_1v2ail7,810829dc25d0763d,11.566,27.583,11.471,331,12
askdocs_1v2aj1y,d031c16e0230ded1,6.552,16.091,10.0,177,11
askdocs_1v2ajfp,5060c9250b26e4a4,5.03,13.353,3.509,454,34
askdocs_1v2ao0n,9bdaa32feac5fa58,8.236,20.75,12.648,249,12
askdocs_1v2ao5h,a439035d177a74d7,4.783,7.217,15.873,166,23
askdocs_1v2apo3,5e9073cb7c39bbe6,7.79,20.143,8.904,282,14
askdocs_1v2aq34,e6825104a240a329,10.184,26.8,6.716,134,5
askdocs_1v2ar0x,0042e73e73812a77,8.991,17.5,10.092,105,6
askdocs_1v2ay0x,cc3c98dc916e249c,10.839,17.867,11.524,268,15
askdocs_1v2aykj,eebd73a9812395c6,8.873,14.625,24.37,117,8
askdocs_1v2azbq,d9756151f0535cf5,15.353,39.0,0.0,39,1
askdocs_1v2aztx,4aad05740e20c2a4,10.186,17.652,9.22,406,23
askdocs_1v2b0vy,62b1367248942bb8,4.244,10.75,6.522,43,4
askdocs_1v2b44i,d7fc7859f0e452dc,5.963,12.333,16.883,74,6
askdocs_1v2b4ib,94506bcbe6d3b2f0,8.432,20.533,10.611,308,15
askdocs_1v2b4sz,903b0e8b14cf04de,6.651,16.167,9.901,97,6
askdocs_1v2bb7v,dfe1014838985ac1,1.375,5.4,14.815,27,5
askdocs_1v2bl5s,1ba8f51d39ff032b,9.659,28.0,12.5,56,2
askdocs_1v2bl8w,d620fb60227b61a4,8.991,19.882,10.85,338,17
askdocs_1v2bokz,1d24bd3f2a9576c3,16.602,25.111,23.144,226,9
askdocs_1v2bp5o,65f9271f4bb044d9,2.28,8.0,6.122,48,6
askdocs_1v2bvcg,5455ca02b5914ced,8.956,21.667,11.33,195,9
askdocs_1v2bzdk,8c4703de26a7cd2b,3.392,12.571,4.494,88,7
askdocs_1v2c2tn,e6ea4468887e9b2b,8.598,16.222,9.804,146,9
askdocs_1v2c4ov,6386bf24d4e0d7a8,10.637,13.188,16.129,211,16
askdocs_1v2c6c8,39bcfc94de5a88ac,7.589,16.6,7.101,166,10
askdocs_1v2ccou,bbd619169b61df13,6.591,11.4,14.286,171,15
askdocs_1v2cdxp,2f3f6ee7fb8906dc,7.351,13.087,9.477,301,23
askdocs_1v2cebv,054f6f21bf8c5387,5.754,15.0,3.886,345,23
askdocs_1v2ceyf,7b48b608ec37d500,4.98,11.833,5.634,71,6
askdocs_1v2chfk,5c0d005091e267aa,8.542,13.0,15.126,117,9
askdocs_1v2ckbu,11fdfb988afde917,9.617,22.0,17.391,44,2
askdocs_1v2claj,6f3e9d66861d66a1,4.6,11.6,8.065,58,5
askdocs_1v2ctth,074e96e5e112e248,6.853,15.8,7.229,79,5
askdocs_1v2cuqe,51c21e2c0bbe4946,6.711,10.571,11.894,222,21
askdocs_1v2cw1z,5f6f0dba7ecf2f95,16.886,41.143,7.095,288,7
askdocs_1v2czci,c5feca8363df7ad6,4.85,12.375,2.885,99,8
askdocs_1v2d00e,89c233283a830b59,7.413,21.25,9.89,85,4
askdocs_1v2d0t6,25c83197e07a7f4d,6.887,14.583,6.818,175,12
askdocs_1v2d11b,9fc6a73fafd0440e,9.104,21.714,11.039,152,7
askdocs_1v2d1wc,75a697e56ab6de66,7.281,15.389,10.993,554,36
askdocs_1v2d4fa,d3fc9aa29ae7f352,6.523,15.375,13.6,123,8
askdocs_1v2diq3,96aea496b9b7a91f,21.422,54.0,11.009,108,2
askdocs_1v2dl5x,f55efe05c12ad514,28.606,71.667,8.837,215,3
askdocs_1v2dqd0,8201f0d9217e5639,7.165,13.278,10.98,239,18
askdocs_1v2dvfm,df0d6605409a7409,3.997,7.0,13.636,21,3
askdocs_1v2dyks,669b62897e4ba921,12.568,25.0,20.0,25,1
askdocs_1v2dzbs,a3e0fe81ea2b3479,11.806,27.8,12.676,139,5
askdocs_1v2e0yv,ca4e2f60c6b3c9df,15.939,18.964,18.464,531,28
askdocs_1v2e6mc,fc7d22890cd2b35a,10.723,12.0,24.194,60,5
askdocs_1v2ed5b,1132e234974cd006,8.645,15.8,11.111,79,5
askdocs_1v2ee2a,a8307cbabf578522,7.021,13.167,8.861,158,12
askdocs_1v2eiiq,8d95c758403a629c,8.435,19.194,10.815,595,31
askdocs_1v2emdv,6c215ac5051505db,10.016,24.909,11.348,274,11
askdocs_1v2enym,69f214ad25b90912,6.959,22.667,17.391,68,3
askdocs_1v2eo5g,f3b73a1d37dd83da,29.152,73.0,9.132,219,3
askdocs_1v2erg4,0108bc9abf010e37,5.917,13.2,8.889,132,10
askdocs_1v2exfc,8ec3694f1d152847,7.014,14.333,17.391,43,3
askdocs_1v2ezq7,cbc4e690861585dd,12.743,34.5,6.579,69,2
askdocs_1v2ezrp,21d08a370c97797f,9.356,18.619,7.232,391,21
askdocs_1v2f3ge,aac4b50ff56b3575,40.804,104.5,5.581,209,2
askdocs_1v2f47z,a3d3cf345507e0e6,6.086,13.286,10.309,93,7
askdocs_1v2f72k,48da809876c20552,18.759,52.0,17.308,52,1
askdocs_1v2f83v,fe9176d518259b57,7.644,16.417,13.366,197,12
askdocs_1v2fdt1,869fa72a78336e4e,6.121,14.091,12.258,155,11
askdocs_1v2fe66,2602980f87d1a676,7.454,15.0,11.321,105,7
askdocs_1v2ffq7,fa67951171517635,11.048,25.773,10.279,567,22
askdocs_1v2fgve,6a4d675cbebff22b,6.017,14.143,8.911,99,7
askdocs_1v2fiuz,9b323d7a003ba5c8,6.001,13.667,12.195,164,12
askdocs_1v2fk86,dc24ac443856e9bd,7.939,15.25,8.642,549,36
askdocs_1v2flit,46f4190cb0bb7f95,11.026,25.75,9.652,618,24
askdocs_1v2fps4,fa20322f1404c66b,11.591,15.167,25.275,91,6
askdocs_1v2fqix,c9e776c1fffc008b,3.326,9.25,18.919,37,4
askdocs_1v2fuq0,257aa0dab9b17e45,5.594,12.692,8.485,165,13
askdocs_1v2fxln,f28249eb595182b6,5.754,14.688,6.8,235,16
askdocs_1v2g1bk,21d6a7e6ed68939f,7.852,15.55,14.176,622,40
askdocs_1v2g1de,ee1ca16484cb8310,3.79,7.8,21.795,78,10
askdocs_1v2g3f4,9234c93b5ef84e37,32.553,85.0,2.353,85,1
askdocs_1v2g9fe,10b919bd46226329,7.697,19.625,8.176,157,8
askdocs_1v2gb6y,b5bc324c39b57269,3.599,11.286,7.229,79,7
askdocs_1v2gce0,a031987708d4e203,2.981,6.5,17.949,39,6
askdocs_1v2gnrl,67a25a3d90815cf0,7.14,11.167,12.745,201,18
askdocs_1v2gp6p,550471f18b2d3ebe,6.303,16.96,6.323,424,25
askdocs_1v2gz9o,82a5d9dd33c62750,8.166,16.0,10.769,128,8
askdocs_1v2h24g,7be61d9298a2b25c,6.967,13.714,13.542,96,7
askdocs_1v2h6r4,8cd189524ca1adf7,8.892,19.182,14.623,211,11
askdocs_1v2h6yc,2021e1704190bf33,14.007,30.778,6.574,554,18
askdocs_1v2h6ze,a5c7af6be45d501a,7.837,14.333,11.494,86,6
askdocs_1v2h8v9,6c9c7d55aa53fed9,8.269,17.465,11.772,751,43
askdocs_1v2h9i7,bc1502c30958e6d9,8.71,17.875,13.468,286,16
askdocs_1v2hea2,9324a63bd0845c59,19.014,50.0,12.0,50,1
askdocs_1v2hi8a,1f151dbbaef09410,2.377,11.0,6.818,44,4
askdocs_1v2hikc,adc15a0f32c69ad1,8.432,20.32,11.984,508,25
askdocs_1v2hk7j,8fe3d0f5d9b795b4,12.162,22.765,18.83,387,17
askdocs_1v2hl76,5efdabb99dab97bb,4.565,12.077,9.81,314,26
askdocs_1v2hnkt,4957dd5c3cc5e85f,11.888,21.136,10.267,465,22
askdocs_1v2hvnn,09716aa96cbb72a3,10.995,25.0,12.987,75,3
askdocs_1v2hvq3,9809ba31450021eb,8.424,14.6,15.695,219,15
askdocs_1v2hxh2,b9bc2b4a0b279d24,13.841,39.0,5.128,39,1
askdocs_1v2i1he,10013a53581c9687,12.308,22.167,12.868,266,12
askdocs_1v2i1k3,d319a437001ba6f7,6.294,15.333,6.383,46,3
askdocs_1v2i4lp,fb4a3b184e15665d,8.543,15.842,14.861,301,19
askdocs_1v2i5z5,f0c3738c8b6b45a2,6.045,13.0,10.909,104,8
askdocs_1v2i82o,62cbf3890b70b751,5.01,15.2,5.0,152,10
askdocs_1v2iemt,44cd274f42b24f53,3.706,10.875,3.125,87,8
askdocs_1v2ifqk,a67081c3266463f9,20.859,49.0,21.154,49,1
askdocs_1v2ih9h,70c5076771016f4c,7.465,16.0,11.25,80,5
askdocs_1v2ii0q,0ffce885f728896d,7.174,16.5,11.881,99,6
askdocs_1v2ii21,008dd0a61b102499,6.409,14.778,15.714,133,9
askdocs_1v2ijlv,da9abb6023025826,8.381,19.0,7.895,114,6
askdocs_1v2ilf2,eba1c5b65e29685d,8.78,19.667,14.754,118,6
askdocs_1v2io0m,6c7ab08ca3a09146,5.634,18.0,5.455,54,3
askdocs_1v2ioem,14da74279ad48a35,6.938,14.0,15.517,56,4
askdocs_1v2isb7,5f23a7846105c068,8.47,18.172,15.443,527,29
askdocs_1v2isfr,c3292ef67dee94eb,3.508,9.0,10.588,81,9
askdocs_1v2ivsl,4aaefd367b3bc190,9.161,13.574,13.464,638,47
askdocs_1v2iwg5,af44aa7ed4b8b0b6,4.66,10.5,5.172,168,16
askdocs_1v2iywj,e7418010202e8a39,13.8,19.5,16.867,156,8
askdocs_1v2iywn,45634fb119661f29,8.636,15.312,18.677,245,16
askdocs_1v2iz4l,b0d23136726f8590,7.943,16.909,8.543,186,11
askdocs_1v2j7al,fffacdc2fcb5ad45,10.13,23.417,9.253,281,12
askdocs_1v2jb4b,09531930b393916c,19.409,46.0,11.828,92,2
askdocs_1v2jccg,0246003b203493ef,5.68,11.303,12.632,373,33
askdocs_1v2jea7,d64058e601f26e7f,10.7,20.75,19.277,83,4
askdocs_1v2jhdp,c6a0760114d1c00c,7.26,17.067,11.938,768,45
askdocs_1v2jhjg,f789b456b870fa67,8.818,23.062,11.749,369,16
askdocs_1v2jjgs,4ea37d2c74849939,6.187,17.25,8.571,69,4
askdocs_1v2jmo3,1b3cae6dc0d855f6,10.053,12.5,15.508,175,14
askdocs_1v2jqlq,c300fb78f0983046,4.6,9.9,10.0,99,10
askdocs_1v2js51,18fed57dbfefafcf,9.091,8.48,17.89,212,25
askdocs_1v2jybw,c62fec9180fca0ec,7.438,16.125,13.139,129,8
askdocs_1v2k6ei,6ed63eaad7dcc3f4,6.276,9.0,17.5,36,4
askdocs_1v2k7ah,54d12063bb1428af,23.095,61.0,11.94,61,1
askdocs_1v2k87i,24cc3f0317954d5e,7.04,8.75,17.949,35,4
askdocs_1v2k95b,e7ef4f3b24322bc5,12.42,34.0,8.696,68,2
askdocs_1v2k98r,97fe1dc0288f72a2,8.716,17.583,4.545,211,12
askdocs_1v2kakq,9b2b68434d08fe5d,6.204,12.421,9.717,236,19
askdocs_1v2kedj,855aae49a9337ca7,7.227,20.5,15.854,82,4
askdocs_1v2kgkx,f68fa5ed96ad8334,6.535,13.643,13.5,191,14
askdocs_1v2kisy,987c612f5edd77a0,6.256,15.0,15.217,45,3
askdocs_1v2kkym,0b0b6dbb41bd86fe,6.721,13.25,5.775,318,24
askdocs_1v2kpa1,70afdc95c654fe9d,9.28,18.385,6.11,478,26
askdocs_1v2krzn,614aba029f5ba54e,5.17,13.0,7.447,91,7
askdocs_1v2kskq,175b0d696620b61a,5.104,7.889,6.849,71,9
askdocs_1v2ku2l,31474ef175d673b7,3.78,12.889,1.724,116,9
askdocs_1v2kukg,e111467ba7377a15,5.21,14.0,12.676,70,5
askdocs_1v2kx4j,b603a4e2ba3b0713,7.651,18.333,12.069,55,3
askdocs_1v2kxvx,3f238f5715afa62a,5.709,14.111,9.091,127,9
askdocs_1v2l0re,f5ec0850ba9e221a,3.045,9.833,8.197,59,6
askdocs_1v2l237,941f2da10f8fdc25,10.628,22.462,8.442,292,13
askdocs_1v2l6ru,ced62de06ec21b99,18.793,38.0,10.256,38,1
askdocs_1v2l763,5876e0b1b2791860,7.958,11.68,10.423,292,25
askdocs_1v2l953,58ef80bbb2f83dcc,4.422,12.75,15.385,51,4
askdocs_1v2lduf,733a81cd348ad17e,10.114,18.923,10.588,246,13
askdocs_1v2ldzz,251b6fac732f4562,10.154,22.0,8.537,484,22
askdocs_1v2letr,972ed693b54371ff,6.888,16.583,7.035,199,12
askdocs_1v2lfo6,a34132fa2280dad6,11.232,18.75,11.842,75,4
askdocs_1v2lg7v,96d079cd173e402a,7.858,16.0,4.0,48,3
askdocs_1v2llge,eb1da54d08f3f69a,9.076,18.375,10.526,147,8
askdocs_1v2lm5g,a20c3a19e34a8abc,6.957,13.545,11.333,149,11
askdocs_1v2lth9,4a86a36e4c099662,4.426,10.5,3.175,63,6
askdocs_1v2lvby,8a680579641e4197,3.378,8.556,5.195,77,9
askdocs_1v2lyfr,3f4214fa200bb849,5.677,18.167,7.018,109,6
askdocs_1v2lz8h,d80c01852c3d1ea3,8.579,14.5,9.89,174,12
askdocs_1v2m6e9,4bd8f3cf58515b74,8.504,19.258,10.614,597,31
askdocs_1v2m7dv,b8885df4910b8337,4.035,11.143,9.877,78,7
askdocs_1v2mf1p,4c8d8655c1e468c7,2.873,7.0,4.762,21,3
askdocs_1v2mf7j,17628cf9d3bcedb4,10.69,22.0,16.667,22,1
askdocs_1v2mf8w,567f3d9cade9b116,9.797,23.0,15.714,69,3
askdocs_1v2mftn,2ac1a55919fd4b02,7.442,17.667,9.333,212,12
askdocs_1v2mhwn,88d1008193a5126e,10.491,21.286,12.418,298,14
askdocs_1v2mi56,1c02d9f846db9819,4.8,10.5,4.762,21,2
askdocs_1v2mmii,a87a23e590a2115e,10.686,15.857,8.475,111,7
askdocs_1v2mn1v,929541f2b17e088c,9.8,16.417,15.271,788,48
askdocs_1v2mqe7,a976273fc350ea95,7.258,17.167,9.259,103,6
askdocs_1v2mqsg,68c7b2dfdddf0b53,9.002,18.895,10.938,359,19
askdocs_1v2mtue,d73d30024f822e02,8.15,21.138,8.558,613,29
askdocs_1v2mxfo,940942d8a72c2fef,76.071,178.5,34.383,357,2
askdocs_1v2mxhh,f1dfdc6d3f198d8b,6.875,16.0,6.977,128,8
askdocs_1v2n4gi,a2345f7d7c3d74d0,8.074,20.0,6.077,180,9
askdocs_1v2n8zu,1dd2f4336213f8ef,8.437,22.0,10.526,110,5
askdocs_1v2nad5,6818a25bc898e954,5.33,9.8,2.0,49,5
askdocs_1v2nh73,e7babc15726803c2,1.988,8.444,15.789,76,9
askdocs_1v2njd7,430d2c69606378d5,16.954,24.88,16.057,622,25
askdocs_1v2nq1g,af20a1566a98bbd4,9.723,20.571,12.081,144,7
askdocs_1v2ntc4,0fc000ae50cad2f2,11.112,22.357,10.979,313,14
askdocs_1v2nuab,b1579044fe54a202,6.581,10.429,11.842,73,7
askdocs_1v2nyox,95c034a9f3e400da,6.934,15.778,7.692,142,9
askdocs_1v2o1eo,a1b1854d39e21919,6.805,16.286,6.723,114,7
askdocs_1v2o5lk,899c67a5f1845897,8.366,22.0,1.515,66,3
askdocs_1v2o8f8,72a080833fd3e6cd,6.328,14.333,11.111,86,6
askdocs_1v2ob1e,9b369108881abe6d,4.255,12.667,7.895,38,3
askdocs_1v2obx4,03785f1053d6ca83,9.003,20.143,13.014,141,7
askdocs_1v2ocq0,df79f56edc919166,10.52,23.958,7.612,575,24
askdocs_1v2ohmx,8de23235600ae146,10.302,25.0,4.762,125,5
askdocs_1v2oiyv,1f540d9c253ec4e3,9.239,13.278,15.81,239,18
askdocs_1v2oljf,2b629d2bdb03d8df,8.306,22.5,4.965,135,6
askdocs_1v2omlv,32a29b49a58d6d8b,12.662,24.25,9.653,388,16
askdocs_1v2omx0,b6f036dcf81ec8ab,8.773,18.4,10.064,460,25
askdocs_1v2ongg,47a40dc36ef5ac7b,7.717,12.333,10.667,74,6
askdocs_1v2ooqb,1b0a291aca1ced76,6.517,12.417,16.234,149,12
askdocs_1v2op9a,463a390bdb7a1cdf,14.958,35.5,14.744,142,4
askdocs_1v2opbl,07a58bf0fe57a6aa,6.291,12.125,10.309,97,8
askdocs_1v2opux,862afaa59987fe56,4.43,13.4,14.865,134,10
askdocs_1v2oymf,ff611e3bd29a1c70,7.513,15.071,11.79,211,14
askdocs_1v2p1qd,ee4ea7da7af483a6,7.984,14.125,20.0,113,8
askdocs_1v2p59d,a52163b9316ace86,4.427,10.333,10.938,62,6
askdocs_1v2p6lq,6672806f0dc16aa6,10.951,26.286,11.351,184,7
askdocs_1v2p6yz,fe541d2254a919b6,6.724,16.154,6.604,210,13
askdocs_1v2pbl4,bbca07ae247ac49d,48.805,124.0,7.634,248,2
askdocs_1v2pe2p,9ad1330df4980cd8,6.569,10.078,11.048,514,51
askdocs_1v2pg1n,9933717061d83843,8.754,18.2,11.34,91,5
askdocs_1v2pgdm,b3effac3a098537b,7.564,14.25,14.407,114,8
askdocs_1v2pl5q,5355e717213381bf,6.253,14.25,10.983,171,12
askdocs_1v2pn42,412b6aaab51e3580,9.88,9.971,9.563,339,34
askdocs_1v2pqta,7c323b1e87eb44ed,4.345,8.0,12.5,40,5
askdocs_1v2pxh6,f15ff1e38f2673c7,8.935,17.5,12.143,140,8
askdocs_1v2pxnf,0ee1b921194c7df8,7.817,13.294,8.333,226,17
askdocs_1v2pxof,d3ce195fc6bda05e,1.215,5.885,9.8,2042,347
askdocs_1v2pxww,2a0a27d9174ea80b,6.463,15.667,10.204,94,6
askdocs_1v2q1in,1fe215310fac0203,9.358,19.439,10.834,797,41
askdocs_1v2q4rl,194367c068e45531,5.563,14.75,5.0,59,4
askdocs_1v2q91e,a16f5c527b0ac8e4,50.509,128.0,8.148,256,2
askdocs_1v2qbpm,31499b440ec55818,11.076,20.5,10.03,328,16
askdocs_1v2qbtf,501f9c718115abb1,12.682,26.286,8.602,184,7
askdocs_1v2qedy,a934b565eef04b87,8.326,17.75,10.309,284,16
askdocs_1v2qj09,7f4f5e2d7da1fa81,5.703,13.867,13.876,208,15
askdocs_1v2qomx,980ba391046fce58,3.465,9.571,10.294,67,7
askdocs_1v2qpsg,b75b319b557d0353,5.26,12.188,7.843,195,16
askdocs_1v2qu7x,8c9af45092c899e0,7.054,18.0,13.393,108,6
askdocs_1v2qvry,abe0308a849e5a99,4.544,14.333,20.0,43,3
askdocs_1v2qyfw,7062ed76678d61eb,7.008,14.941,7.812,254,17
askdocs_1v2r3jv,b449fa4e17f82e1c,4.056,11.75,8.333,47,4
askdocs_1v2r4hz,9f599181494323f2,1.215,7.333,8.333,22,3
askdocs_1v2r63c,71c2999619abd640,6.184,12.83,8.911,603,47
askdocs_1v2r7oe,267dad7cb21b5c34,9.091,19.455,9.009,214,11
askdocs_1v2r7sy,1d4c895abf15cc33,3.661,10.25,15.909,41,4
askdocs_1v2raga,2435dc33e15ade97,5.848,17.0,7.619,102,6
askdocs_1v2rb3w,654c21be62c5c9ee,7.513,15.071,11.79,211,14
askdocs_1v2rbr8,9e36fefa04706da9,17.419,24.125,21.197,386,16
askdocs_1v2rfw9,0d680d449ed54016,12.143,28.75,6.452,115,4
askdocs_1v2rhaq,22161287413cdd7d,8.311,16.333,10.04,245,15
askdocs_1v2rjp2,3a5d77efdbdbbef5,5.283,12.364,1.408,136,11
askdocs_1v2runf,4b14d1b15562caec,7.756,16.5,16.226,561,34
askdocs_1v2ry5z,c1616f392f3bb11f,10.575,22.286,12.102,156,7
askdocs_1v2ryqk,09b424d8fac3182d,5.923,14.727,5.81,324,22
askdocs_1v2ryt8,2bf485894a6884bd,7.355,12.938,9.174,207,16
askdocs_1v2s08c,dd4b80538c151690,6.846,15.077,12.315,196,13
askdocs_1v2s0nl,31b5d1c654625d34,7.7,11.643,12.139,163,14
askdocs_1v2s1tz,501593b5442fece2,24.373,44.667,24.648,134,3
askdocs_1v2s5dk,5ad39913b71ef561,10.583,17.6,5.682,88,5
askdocs_1v2s5va,6a9c3af64dbd8580,43.028,108.0,8.85,108,1
askdocs_1v2s9cx,29fa51be1b9168db,7.7,13.542,9.202,325,24
askdocs_1v2sadp,d8338d26f7d681e5,8.224,13.6,11.905,204,15
askdocs_1v2sall,6e7251835e06eaab,3.175,11.429,6.25,80,7
askdocs_1v2scul,2f752893ebea957e,8.226,19.333,7.937,58,3
askdocs_1v2sdyh,90397668390c64c8,3.548,13.222,8.0,119,9
askdocs_1v2sevn,9cedbfec6da4950d,4.133,9.6,12.245,48,5
askdocs_1v2siu0,295358d9c3a23951,7.561,21.0,7.738,168,8
askdocs_1v2sm39,cfba03de06417136,4.414,10.0,8.187,170,17
askdocs_1v2st5t,9d81eb305a450edb,9.535,21.5,12.644,86,4
askdocs_1v2sv7u,78e3d82699e2fbe3,8.594,18.375,19.481,147,8
askdocs_1v2svi9,a5867924f23b9ab2,7.507,13.636,12.025,150,11
askdocs_1v2swb2,3d624eecd47fb533,234.866,600.5,10.791,1201,2
askdocs_1v2swh8,be95f9ab95699005,14.797,21.75,23.464,174,8
askdocs_1v2sxkz,33229ace77faa040,8.372,22.125,6.667,177,8
askdocs_1v2t2wi,be23e819bf04cf5c,5.946,15.182,10.0,167,11
askdocs_1v2t42q,8cb3bcb5a9ce1660,3.676,10.5,9.091,42,4
askdocs_1v2t5f4,8b5f55e9a0abdd5a,4.255,11.0,15.556,44,4
askdocs_1v2t5tt,300fb6f20a622270,6.295,14.267,7.407,214,15
askdocs_1v2t9yp,9ddc5182d02423d8,8.947,13.25,10.28,106,8
askdocs_1v2ta21,78f30467c01ab7b8,7.19,12.857,11.538,180,14
askdocs_1v2tc0i,d215609cf1fafded,7.068,18.2,5.435,182,10
askdocs_1v2tc5y,399449b14bcb59ba,2.528,8.333,7.843,50,6
askdocs_1v2tcy5,3a741a08431e05dc,6.931,12.476,12.03,262,21
askdocs_1v2tde0,4256b062f6028620,7.43,16.667,4.762,100,6
askdocs_1v2tezl,5845e86050457334,9.377,19.491,10.634,1111,57
askdocs_1v2tj08,69d2c98d8855d4f9,9.26,15.273,16.201,168,11
askdocs_1v2tjjm,c5061a1435a6199d,9.763,20.444,9.184,184,9
askdocs_1v2tn6w,b9784eb387800e78,10.003,14.5,6.25,29,2
askdocs_1v2tpce,675ae7c601c72bd0,11.065,7.833,24.167,235,30
askdocs_1v2tpee,a3ec31aa6fc948e2,12.278,30.167,11.538,362,12
askdocs_1v2tpev,8d6d46ef522c2940,10.738,26.444,8.787,238,9
askdocs_1v2tryi,f121711421818864,9.593,16.909,13.52,372,22
askdocs_1v2ts86,de863a0d0ab84467,37.442,99.0,3.96,99,1
askdocs_1v2tv9l,8c3c2f4ead5523e9,5.506,16.5,7.576,66,4
askdocs_1v2tzjc,e45b0485c49f23ea,9.32,19.667,11.0,295,15
askdocs_1v2u03a,6bab02f870b51321,8.413,12.067,10.87,181,15
askdocs_1v2u0vp,12836db571e3f1f8,7.536,19.933,11.184,299,15
askdocs_1v2u1dk,c3191daf88166226,5.188,10.333,22.581,31,3
askdocs_1v2u538,49e3f9136d74e167,4.543,11.5,4.348,46,4
askdocs_1v2u9bw,47b4693f9ecaa1ea,6.351,14.625,9.322,117,8
askdocs_1v2ue8w,0da0e2b1ebef521c,12.481,23.81,17.289,500,21
askdocs_1v2ui4m,0ba6f0c8b63b40e5,7.901,15.5,12.042,186,12
askdocs_1v2uial,a7102902bd0b92c1,11.454,24.357,11.864,341,14
askdocs_1v2uk10,7f2aa1c3f1ee5d51,4.945,11.429,9.317,160,14
askdocs_1v2ulc4,34da7c191e2e1d1e,6.166,15.333,8.333,92,6
askdocs_1v2um23,7596be9ba4a1435c,5.609,12.579,10.744,239,19
askdocs_1v2umug,ba5ca8f841c8dca4,5.192,10.643,11.039,149,14
askdocs_1v2up2s,7f3e8699bf8d4095,8.565,19.7,10.9,197,10
askdocs_1v2usow,230aa16dff0347d9,9.775,19.481,10.882,526,27
askdocs_1v2utbe,64d4e3924e322791,4.328,13.8,12.676,69,5
askdocs_1v2uu9h,c574cb13e3fb9580,6.752,14.571,11.111,102,7
askdocs_1v2uuxt,f628c859691725b1,6.181,12.077,6.329,157,13
askdocs_1v2uv8n,f78124cb40895beb,6.177,14.167,7.865,85,6
askdocs_1v2uzds,dd357234f04b2d96,7.118,17.733,13.919,266,15
askdocs_1v2v023,d7f9301c9c307ee7,5.81,12.75,6.863,102,8
askdocs_1v2v0ga,6a32c9b28de6066e,7.141,17.867,13.818,268,15
askdocs_1v2v13s,1c78d50c4789ab3e,6.406,14.412,11.067,245,17
askdocs_1v2v265,518a2f607df8b133,8.306,20.5,9.146,164,8
askdocs_1v2v7fo,37074c0617659008,6.879,12.571,12.36,88,7
askdocs_1v2v80v,d7c97c3d7ab28398,5.693,14.429,8.738,101,7
askdocs_1v2vfog,5f516b8d2c824f7c,8.296,20.05,8.057,401,20
askdocs_1v2vfrf,4142a037466a3131,2.806,7.5,13.043,45,6
askdocs_1v2vgz5,26644aa146274edd,6.425,13.333,12.727,160,12
askdocs_1v2vhl9,67819b5cb1d3acde,3.653,9.0,10.345,27,3
askdocs_1v2vn55,c5e60881b7af5458,5.916,14.333,2.174,43,3
askdocs_1v2vp79,88f53caed559bdbb,7.599,18.321,5.789,1026,56
askdocs_1v2vpku,1ba006b29a1f024c,2.857,8.4,4.651,42,5
askdocs_1v2vrdh,74fde64033497a7f,7.391,13.591,12.945,299,22
askdocs_1v2vum7,f5e2db08be5888f5,7.933,23.667,9.722,71,3
askdocs_1v2vwul,ef65f7027471a976,7.282,17.333,11.927,104,6
askdocs_1v2vy4s,5769afaf0f139e6f,8.323,17.8,9.626,178,10
askdocs_1v2w57p,165fea6ffd16623a,6.914,13.944,14.008,251,18
askdocs_1v2wco8,d8bb9c74f331b0b1,7.213,12.583,15.686,151,12
askdocs_1v2wdpe,c920b2a9ebf3e931,10.516,18.778,9.551,169,9
askdocs_1v2wduy,0867571c4386d19d,5.251,13.389,14.344,241,18
askdocs_1v2whev,981272048782e5b9,6.651,18.667,10.714,56,3
askdocs_1v2wory,251f23acdf271094,10.24,25.143,6.593,176,7
askdocs_1v2wt6v,0df2963166b9efe0,30.819,62.944,25.641,1133,18
askdocs_1v2wvac,ddd215d7b31556c0,7.027,13.529,5.907,230,17
askdocs_1v2ww1j,a2e5494cda9f88a5,15.337,36.667,8.696,110,3
askdocs_1v2wwr4,f967952703dbfa40,2.828,9.667,18.75,58,6
askdocs_1v2wxil,313cf62840302c23,13.808,34.0,5.263,68,2
askdocs_1v2wxni,97aaefed907f2b55,8.84,18.778,11.176,169,9
askdocs_1v2x0df,ad66013b34a84dd9,5.911,14.286,8.571,100,7
askdocs_1v2x1im,779576b238d31314,10.77,20.818,14.592,229,11
askdocs_1v2x2bw,30d7303bf9f49383,10.41,14.5,7.947,145,10
askdocs_1v2x2l4,33d2a1352fd0da46,5.868,13.812,7.93,221,16
askdocs_1v2x50w,3bacbf008ce81f26,5.77,15.778,11.228,284,18
askdocs_1v2x580,cda5875210d76c27,4.398,12.571,10.383,176,14
askdocs_1v2x5hj,95541b628849d65f,9.222,12.857,6.593,90,7
askdocs_1v2x850,31f302a38ae17ecc,12.301,29.0,13.115,116,4
askdocs_1v2xe7w,8a0745aa8888e5d9,8.521,21.1,9.174,211,10
askdocs_1v2xeam,404458ad5d1b7cc2,11.08,11.133,8.824,167,15
askdocs_1v2xlk6,ac0380936c8e1a7e,9.285,17.812,8.772,285,16
askdocs_1v2xmim,dce57cc1f8f2ceab,7.326,16.1,5.882,161,10
askdocs_1v2xniw,e7025bd564158bd6,3.074,13.857,4.854,97,7
askdocs_1v2xouw,9cad4d4118d9013c,9.494,22.571,8.176,158,7
askdocs_1v2xq3n,dfa6f7ab222516ad,4.521,12.8,6.667,128,10
askdocs_1v2xr90,f8e00b224a117441,5.449,11.727,15.909,129,11
askdocs_1v2xvqe,03786a1d53f0a5e4,9.944,23.75,7.143,95,4
askdocs_1v2y33l,edf58431703a7ea8,5.813,14.222,2.206,128,9
askdocs_1v2y4kl,ab0b359382711125,6.042,12.417,7.5,149,12
askdocs_1v2y4v3,ca92c14ac5446a73,7.386,16.455,8.556,181,11
askdocs_1v2y6n1,213c502da611b04f,5.481,8.444,8.917,152,18
askdocs_1v2y984,fab578b752b19964,7.21,21.0,13.636,21,1
askdocs_1v2ycu0,b2d58f24ab02b7ba,5.523,10.778,16.0,97,9
askdocs_1v2yduz,66c20b77541ec8e9,6.505,15.571,11.765,218,14
askdocs_1v2yf1x,ca7957e3978d77f6,13.363,25.4,9.924,127,5
askdocs_1v2yjm8,1d3cf20805dd85bc,4.209,12.333,3.846,74,6
askdocs_1v2yliz,1bf919bb795753b1,9.852,22.833,7.534,137,6
askdocs_1v2ym3f,1a37c991a71ef9f5,4.591,15.714,12.613,110,7
askdocs_1v2yovn,e39301de83b703d2,4.454,11.444,7.075,206,18
askdocs_1v2ypxg,07e48bbefded2dd4,6.889,16.125,6.716,258,16
askdocs_1v2yu7g,686b2ebcadf594e1,5.012,13.8,10.0,69,5
askdocs_1v2yun1,c04ffbeca6487e17,5.7,14.778,8.889,133,9
askdocs_1v2yupo,4f1ca82077ff1205,9.074,20.5,10.241,492,24
askdocs_1v2yv4b,aa6ef68ef0f90849,6.95,15.269,14.604,397,26
askdocs_1v2yvqj,3decc29c17fa88f3,6.312,11.8,13.223,118,10
askdocs_1v2yz0o,958ca5196b66fe0c,9.237,19.273,8.372,212,11
askdocs_1v2z14b,faf53dc5bbbafe79,7.06,16.9,4.678,169,10
askdocs_1v2z2s0,f37902ffc5e57f91,7.39,15.438,8.3,247,16
askdocs_1v2z4y4,c29eea5522905a06,6.379,15.6,14.458,78,5
askdocs_1v2z7vv,d35865440fc06e8d,5.353,13.571,14.737,95,7
askdocs_1v2z8nq,5d11e4ebaa176b83,8.391,14.267,11.947,214,15
askdocs_1v2z9ut,cae1994894b6591f,6.423,13.167,18.519,79,6
askdocs_1v2zatq,86872aa9f30c816b,10.335,16.273,16.23,179,11
askdocs_1v2zdo0,9968941ab84b17b5,5.601,8.6,25.0,43,5
askdocs_1v2zegk,43c3f8286d8d668b,9.189,14.5,13.333,29,2
askdocs_1v2zgyo,248d67bc351977a8,9.079,17.929,12.977,251,14
askdocs_1v2zizz,4103de6626dcb339,4.666,14.25,15.254,57,4
askdocs_1v2zjno,4af96b1a4e3b4947,8.012,14.556,10.294,131,9
askdocs_1v2zla7,d18c6bbd266a6a7a,4.57,13.0,4.808,104,8
askdocs_1v2zlyi,e10af58bde9c25c5,5.07,13.744,9.294,536,39
askdocs_1v2zmk2,cd315061b9631ae9,10.263,24.286,5.848,170,7
askdocs_1v2zn8v,fc1d6044ab9491bb,13.579,29.2,14.094,146,5
askdocs_1v2znjw,c16bb24afb4d8acb,8.477,20.091,8.559,221,11
askdocs_1v2zpgm,37b76258006f0078,6.66,15.75,17.323,126,8
askdocs_1v2zrgq,6ead0ae9ca15f72c,8.016,19.533,7.921,293,15
askdocs_1v2zxfl,509038815c794837,5.207,10.429,14.0,146,14
askdocs_1v2zxpr,e2dc618a5fcc423b,4.712,11.8,13.559,118,10
askdocs_1v2zy3y,33d27b6105226cee,9.675,19.0,7.692,76,4
askdocs_1v2zyh2,1a454a72639a3e66,3.739,11.2,6.897,56,5
askdocs_1v2zywc,a3e2d6049219bdc2,7.52,18.188,5.442,291,16
askdocs_1v2zze7,d543ade7974e971b,22.097,50.5,8.824,101,2
askdocs_1v30112,8afe105eb738f838,7.84,19.615,14.388,255,13
askdocs_1v3019k,8412b22abb95aed0,2.8,9.333,7.143,56,6
askdocs_1v301co,29a06f006b26d326,11.572,21.364,13.6,235,11
askdocs_1v30265,7497ddf1375e385d,5.396,15.455,6.977,340,22
askdocs_1v303nd,1ae1b1de4d65273f,7.364,13.143,15.464,92,7
askdocs_1v304jd,2a12e3d6c55d915f,7.375,13.0,15.625,91,7
askdocs_1v306m3,af3828826c250e85,3.737,12.125,10.204,97,8
askdocs_1v3090c,8784560ba4f9375a,11.732,19.308,8.397,251,13
askdocs_1v30ayo,acaa550ed6cc9646,9.678,26.0,5.814,78,3
askdocs_1v30cfy,248712a7c7d35cf3,7.116,16.714,7.968,234,14
askdocs_1v30clu,a82896d9bd4394b1,6.034,9.533,8.28,143,15
askdocs_1v30kaf,8a9ed4767284569d,7.93,18.077,5.128,235,13
askdocs_1v30kid,86252bb7a6f709d2,9.014,17.375,7.829,278,16
askdocs_1v30mbt,a888eec97f7f072d,10.394,21.0,14.173,126,6
askdocs_1v30p9r,3c91d64e60eb301e,7.071,17.889,5.556,161,9
askdocs_1v30pyg,e956256aae9bb811,6.95,13.592,5.556,666,49
askdocs_1v30pyq,bd0170f4079d60ef,4.779,10.167,9.18,305,30
askdocs_1v30q45,8e3e3b01d9eb99f6,9.338,15.659,10.285,1926,123
askdocs_1v30qvr,14f2154181a832d5,11.654,15.826,14.324,364,23
askdocs_1v30rnn,91eafb12b224e442,8.504,17.375,11.486,139,8
askdocs_1v30ssl,6c0039a563a903f7,4.917,13.5,10.268,216,16
askdocs_1v30ssx,9c6c10d73c3a42c7,9.546,21.571,6.536,151,7
askdocs_1v30tet,cabe232e0b54813c,10.523,25.0,13.58,75,3
askdocs_1v30uqs,bc6fcf5b7de3b107,3.211,7.6,2.564,38,5
askdocs_1v30v3v,6a486bda3b721563,5.485,12.333,10.526,74,6
askdocs_1v30xpu,b7e5b7692f940f2a,15.609,43.8,9.545,219,5
askdocs_1v310wn,efad59bfa762242e,5.781,15.333,3.061,92,6
askdocs_1v3143c,e5fbac5999495f3b,10.959,25.417,11.254,305,12
askdocs_1v315ql,63d9cb41d07c98ba,2.502,11.167,8.955,67,6
askdocs_1v3178r,2254f469f7c3cb91,10.284,22.026,10.98,837,38
askdocs_1v317ga,4e8de965ffbe8eaa,0.498,8.667,3.704,26,3
askdocs_1v318ed,5056e2492de8ffb0,6.981,15.833,6.25,95,6
askdocs_1v319w9,f3fdafdb8e700c30,7.737,16.286,8.403,114,7
askdocs_1v31ei9,9dda00d5cf798681,9.443,22.5,6.122,45,2
askdocs_1v31go7,ef3007b6ae7cc883,8.981,25.0,2.308,125,5
askdocs_1v31ilg,c19b6608acff8343,21.076,48.0,22.917,48,1
askdocs_1v31km2,a1f815fca2bf7ba5,4.927,5.333,25.0,32,6
askdocs_1v31kmf,940f9353c7d12b66,8.14,20.0,0.0,20,1
askdocs_1v31lls,ce45f91679a34c9c,3.799,12.5,8.911,100,8
askdocs_1v31og5,bc2cde198837e14b,8.488,19.875,10.625,159,8
askdocs_1v31por,b8458cfa694a6c38,1.412,9.25,8.108,37,4
askdocs_1v31ug4,378dfc2fbf937041,18.158,43.6,8.065,654,15
askdocs_1v31uj3,4c221302f7b991a9,6.531,13.429,8.0,188,14
askdocs_1v31uu5,ecad696a3c74ba45,13.677,31.5,9.524,189,6
askdocs_1v31vjv,7a680798139dc2e8,6.328,16.364,7.652,360,22
askdocs_1v320sk,36d6c0bc6b728d14,8.382,20.727,9.13,228,11
askdocs_1v322l3,e8a492154e26aa44,2.905,10.333,6.25,31,3
askdocs_1v322r5,bc548eff5c58c617,9.077,15.188,14.229,243,16
askdocs_1v323fl,28d7c38af626c213,4.553,7.3,12.658,73,10
askdocs_1v323i7,ee2800a8754fff49,7.687,17.625,8.451,141,8
askdocs_1v323la,984036342c567018,6.799,15.233,15.745,457,30
askdocs_1v324x1,2d0d81475a0cf171,7.129,10.2,26.316,51,5
askdocs_1v324zr,b0627094983f22fb,7.717,12.333,8.0,74,6
askdocs_1v326bx,dff60319ac4f089a,7.224,16.615,12.227,216,13
askdocs_1v326fw,bd7a9a54f686a95a,12.458,29.6,13.758,296,10
askdocs_1v328y2,861e39074dddba54,5.854,10.529,9.474,179,17
askdocs_1v32az5,9306c4e1fa99d361,6.927,17.143,9.2,240,14
askdocs_1v32cfr,0b18e7ac86c5fb8a,3.812,10.667,5.208,96,9
askdocs_1v32ebk,9f741f1daca61f78,5.364,12.0,7.968,240,20
askdocs_1v32gvq,14eaeaf5934c3309,12.873,18.611,12.069,335,18
askdocs_1v32j5m,2936a7d69e6164f3,6.728,16.0,17.857,80,5
askdocs_1v32jro,73f8ac073fecc526,10.441,24.455,8.394,269,11
askdocs_1v32r9b,37aa8421458d0ae1,22.557,57.25,9.914,229,4
askdocs_1v32v6u,425fa5fffe47bc5c,8.542,17.615,8.787,229,13
askdocs_1v32xf3,4483f0189ab2c467,5.592,13.0,7.619,104,8
askdocs_1v32ynu,738548a4d08d8e5c,7.566,14.167,15.116,85,6
askdocs_1v32ytb,aba27140b4cf060f,7.601,15.818,8.571,174,11
askdocs_1v330xf,bbe0e7f4b936cb51,7.787,13.875,18.103,111,8
askdocs_1v3316s,a4b1692e4c77690d,15.88,40.4,3.687,202,5
askdocs_1v331z5,ebf82e06c4eab83a,7.249,17.5,7.042,70,4
askdocs_1v3335b,3276bfed630262a8,7.201,14.818,10.345,163,11
askdocs_1v335qj,0eb225a127f9a4f9,4.884,13.8,8.333,276,20
askdocs_1v337ks,218e310b55bf0837,7.864,24.0,6.757,72,3
askdocs_1v337qh,6b919ab148741f46,7.673,20.3,7.143,203,10
askdocs_1v33ith,9533e8c65429b21a,6.659,13.143,11.616,184,14
askdocs_1v33iw3,c899c883b2716535,8.83,16.588,8.07,282,17
askdocs_1v33o0j,75d5a2365ac673bc,8.752,17.643,13.45,494,28
askdocs_1v33qkg,1f9b611e3581e321,7.681,15.542,14.933,373,24
askdocs_1v33ux0,87a0db490ba3dcf0,7.665,19.286,10.714,135,7
askdocs_1v33wi9,7bf129acaf0e6c4b,7.465,18.5,5.357,111,6
askdocs_1v33wiz,2bf1b8f00235f089,5.213,13.429,9.474,94,7
askdocs_1v33yhf,bc909539bfe300c7,9.781,17.0,17.647,34,2
askdocs_1v33zln,8af8530122980ad2,11.278,22.5,12.869,360,16
askdocs_1v342bt,e41765d1f9a6acea,10.493,26.8,6.296,268,10
askdocs_1v344ea,25bed72431ca9bc6,8.181,15.087,12.079,347,23
askdocs_1v3484h,5bb47badf2e2e4f1,8.381,16.8,15.294,84,5
askdocs_1v348ni,2cba43f831a5003c,20.234,48.5,6.667,194,4
askdocs_1v349tn,aae823d8d50d8525,8.597,15.667,14.737,94,6
askdocs_1v349xy,b625d2e3bf173f80,8.455,16.227,15.263,357,22
askdocs_1v34d08,c12d704dee0ecb88,8.454,17.783,13.302,409,23
askdocs_1v34ees,40d4966a5268eef0,6.027,12.231,13.58,159,13
askdocs_1v34h63,66c38b2e7003d304,12.11,24.4,19.685,122,5
askdocs_1v34m2r,1cfa8464edea5c6e,5.629,15.444,7.857,139,9
askdocs_1v34q8z,3af156648e1731b2,5.924,10.062,13.415,161,16
askdocs_1v34rzk,4651e3d6ce7ade9e,6.56,16.375,10.526,262,16
askdocs_1v34teu,33cbd27b3d46c5f5,6.753,14.6,12.554,219,15
askdocs_1v34wk7,1f224041b3ddd84e,6.894,14.708,13.573,353,24
askdocs_1v354cm,b1aa955a162061e2,6.252,15.571,11.012,327,21
askdocs_1v355t3,de56d0dd108df4ad,6.553,24.0,7.692,24,1
askdocs_1v356e6,8c84fc24e0fd5f39,5.871,15.5,7.692,62,4
askdocs_1v356gu,27bdf1b580555215,9.025,15.818,15.254,174,11
askdocs_1v3579n,004bab9a046ec7e7,6.282,13.5,14.815,54,4
askdocs_1v35d6q,af3b829557f59841,6.851,16.9,7.396,338,20
askdocs_1v35k77,72a27bc46c5ed282,9.726,12.812,17.391,205,16
askdocs_1v35ln6,d3c90850fec28a0d,6.454,14.143,7.278,297,21
askdocs_1v35ps0,4154544a0fde9f63,3.718,11.0,11.429,33,3
askdocs_1v35s5k,fdd1e6d10134c28c,13.371,33.0,9.091,33,1
askdocs_1v35teb,1c81d8d3ed51fe51,7.043,14.0,8.696,112,8
askdocs_1v35wav,69d75c090e1a1951,7.778,11.833,14.466,852,72
askdocs_1v35wuc,9f08be8f8d8930c9,7.338,14.886,12.0,521,35
askdocs_1v35y0m,0775cca174f7f8e0,7.174,20.4,9.259,102,5
askdocs_1v35yi6,316f4da942c2bbf2,3.946,9.75,12.821,39,4
askdocs_1v35zsn,a6338c017b139e55,6.408,17.111,12.987,154,9
askdocs_1v368q8,fc607a732cfd5ef5,10.018,14.412,18.359,245,17
askdocs_1v369ca,7de78a11faba6ae4,5.815,16.25,4.545,65,4
askdocs_1v369tc,839f4f0c9471025b,8.102,18.083,11.354,217,12
askdocs_1v36cz9,46519b8969bbedbd,8.633,20.429,11.184,143,7
askdocs_1v36ed0,595eae2a9d05ca37,6.502,9.429,26.389,66,7
askdocs_1v36fki,91945b45f0e2614e,10.817,23.333,6.075,210,9
askdocs_1v36i6m,0c75992524c6ea52,4.453,13.533,3.318,203,15
askdocs_1v36jt4,accb0d6b72298aa4,5.168,15.6,6.024,78,5
askdocs_1v36vbl,10eadfa2ade15acb,5.934,11.875,9.375,95,8
askdocs_1v36wud,f857bb6406aef52e,9.618,23.17,8.11,1228,53
askdocs_1v36yxn,b182bd9bcf2f9675,8.598,23.667,9.722,71,3
askdocs_1v374p6,3053707fb9953490,9.203,21.0,7.622,651,31
askdocs_1v376lk,166a0877568dc4c0,7.081,17.5,5.66,105,6
askdocs_1v3782a,f682f7b5f2e73b54,5.943,12.143,11.828,85,7
askdocs_1v37a53,ff5e3df35b03e4de,6.982,11.938,11.765,191,16
askdocs_1v37aaa,ba46a34b9ce8d3e6,3.218,9.167,8.929,55,6
askdocs_1v37e6q,6addcdd5ab7d0255,13.075,31.333,10.825,188,6
askdocs_1v37ico,0d6d95904ae6d7ba,16.287,34.462,11.111,448,13
askdocs_1v37j72,4de423a85eab0038,8.742,14.4,12.983,360,25
askdocs_1v37jf3,7bb8a58c57f0121b,6.62,15.545,8.939,171,11
askdocs_1v37k0t,163ffcdb6cfe13b0,7.436,16.722,4.854,301,18
askdocs_1v37yip,f0917eccdb66a14c,8.08,18.182,9.091,200,11
askdocs_1v3836u,a099263a53fff9f5,8.902,16.125,11.111,129,8
askdocs_1v385cq,3209941b336c35ed,9.738,19.75,9.375,158,8
askdocs_1v385o9,52068cfd9a8fcb86,7.457,13.333,9.35,240,18
askdocs_1v386p6,8e9bb64ea3450178,3.923,13.9,9.524,139,10
askdocs_1v388lg,6e8cbce6277ea57a,19.667,52.0,5.357,52,1
askdocs_1v38cf7,1f9244c51c624e0a,13.152,18.5,9.316,518,28
askdocs_1v38cvn,57a23482ca47da68,13.216,32.75,8.148,131,4
askdocs_1v38hx4,e728381e1b7cb9ee,4.121,10.2,7.692,51,5
askdocs_1v38mns,ebf057d97f394059,9.059,17.641,12.346,688,39
askdocs_1v38obo,7bcdf17092663bc5,8.546,15.867,14.344,238,15
askdocs_1v38oxx,579ab99d80276736,6.601,17.333,8.173,208,12
askdocs_1v38rjo,6869e611d5cc6339,8.842,16.0,4.082,48,3
askdocs_1v38syx,d5bfb857ac398df2,4.847,12.333,18.919,37,3
askdocs_1v38ts3,a948330315012c5c,5.646,16.0,7.692,48,3
askdocs_1v397ea,ae6dc3fffdd56152,7.005,17.0,15.126,119,7
askdocs_1v39all,a045ad46900836c5,4.808,11.714,11.765,82,7
askdocs_1v39b6c,5ff651251ff421e4,7.499,14.917,11.475,179,12
askdocs_1v39cdh,c36d9c5282650b89,8.531,14.6,14.667,146,10
askdocs_1v39cql,35772412422d8be7,6.96,20.0,15.0,20,1
askdocs_1v39v9l,37700721fd55e02c,9.127,21.125,11.243,169,8
askdocs_1v39x7n,7885480247253b4d,6.209,13.8,7.092,138,10
askdocs_1v39zzq,104a56e6a55daaf6,6.222,13.0,10.924,117,9
askdocs_1v3a0o4,ad31b4cba000a7f7,10.419,24.714,8.475,173,7
askdocs_1v3a6ms,e6e45a556a9235b1,8.216,19.0,8.081,95,5
askdocs_1v3a7gl,6d6b0763ffc57112,3.151,9.917,5.738,119,12
askdocs_1v3a9ox,62fea8f179af7b1c,8.14,20.0,11.538,300,15
askdocs_1v3a9sf,9579974ef0f61d11,7.304,15.0,8.108,180,12
askdocs_1v3aa1o,dda30c1180b67354,4.152,12.8,10.294,64,5
askdocs_1v3ad57,ad6df1bd5d30ce7e,8.425,20.077,12.167,261,13
askdocs_1v3adab,a7dab7b4ae938bd7,6.184,16.286,11.966,114,7
askdocs_1v3aer0,ebcb9469ef3d8162,7.243,19.0,11.966,114,6
askdocs_1v3akr1,d3efe2817c1ca115,6.113,16.875,10.791,135,8
askdocs_1v3apka,fa9f40ac72bbf60e,7.939,16.609,10.486,764,46
askdocs_1v3aqc3,c688afad2c9266d6,11.087,24.64,7.27,616,25
askdocs_1v3aqwd,c41f57c1cf92979a,3.397,8.8,15.909,44,5
askdocs_1v3asf5,3133478fd54c0997,13.06,32.5,15.385,65,2
askdocs_1v3b0j2,5c1f875f8648c5f7,10.403,18.857,7.807,264,14
askdocs_1v3b0la,b8193145d9329274,2.288,11.0,8.571,33,3
askdocs_1v3b3uz,d8b128746169bdfa,5.315,12.0,7.843,48,4
askdocs_1v3b46f,e86a60923cb7ec29,4.677,11.818,7.807,260,22
askdocs_1v3b7ql,a1446a33d66981bd,7.657,16.562,15.439,265,16
askdocs_1v3bgr5,a55f7afa0883b525,10.208,23.0,10.435,115,5
askdocs_1v3bo07,92dbfc7e2eefec41,5.075,11.067,12.571,166,15
askdocs_1v3bo3e,da71cdd051e14971,14.169,34.364,10.818,378,11
askdocs_1v3bzie,dd5df017acc2bb34,8.607,20.846,10.714,271,13
askdocs_1v3bzkd,76a01efffe5eef65,13.235,39.0,9.524,39,1
askdocs_1v3c2hk,a0c24a304301d5a8,10.143,14.72,15.203,736,50
askdocs_1v3c2um,28d3386a591d3969,8.14,20.0,0.0,20,1
askdocs_1v3c6ak,11b586a21eb8a14f,14.906,38.3,3.646,383,10
askdocs_1v3c7ql,0b8d5d78cff3a746,6.903,20.167,12.295,121,6
askdocs_1v3c97g,bf8205850da9317b,9.93,11.5,4.348,23,2
askdocs_1v3ca6p,7f37ef18982d1c63,2.717,6.6,21.212,33,5
askdocs_1v3ch5e,c4b4544a95418cc1,9.82,15.529,15.217,528,34
askdocs_1v3cj8r,edc8ac196cdf84d0,9.329,17.533,18.182,263,15
askdocs_1v3cld7,228d85ae427fe374,5.379,13.538,11.538,176,13
askdocs_1v3cnpt,b387a24d4a546ad8,10.819,22.5,8.791,180,8
askdocs_1v3cpux,1ba25f6798416776,5.503,10.25,7.944,205,20
askdocs_1v3cqf8,3818334a8c0de0ec,10.399,26.6,6.667,133,5
askdocs_1v3cvtx,77453e0d9a983c7d,6.55,14.222,9.79,128,9
askdocs_1v3cwrm,f09e6926185d9980,9.528,20.643,15.182,289,14
askdocs_1v3czjl,be65ac1e76d6a255,10.607,23.25,7.368,186,8
askdocs_1v3d9oz,943ee8ff4bdbb050,10.653,20.75,9.6,249,12
askdocs_1v3dg6n,36384473f7af2e78,5.89,14.067,7.143,211,15
askdocs_1v3dhqb,d89b9c3610dfac24,6.069,14.2,8.333,71,5
askdocs_1v3dklo,5bfeb137f5df4ac2,4.422,12.75,15.686,51,4
askdocs_1v3dmgw,ea6a55a4193becec,3.559,11.167,10.448,67,6
askdocs_1v3dmvh,6791f91f723481d8,4.999,10.75,9.714,172,16
askdocs_1v3dpyq,8b2bc73bc48c7031,10.114,20.3,8.867,203,10
askdocs_1v3dric,d9af7482fe70cf26,3.358,11.467,10.345,172,15
askdocs_1v3e11j,f71113424a9ebbc1,7.477,15.25,13.386,122,8
askdocs_1v3e1wy,386618780d0f6f8a,7.565,14.182,13.665,156,11
askdocs_1v3e66m,b72611108203622c,5.981,15.826,10.137,364,23
askdocs_1v3e6wt,a5421bae33858a69,6.569,14.459,4.851,535,37
askdocs_1v3ebmg,50bac19872813621,76.993,197.0,7.576,197,1
askdocs_1v3ecyi,166370fbb537a16e,6.624,7.1,12.676,71,10
askdocs_1v3eejz,c6dbad24133d1614,11.496,21.857,8.732,459,21
askdocs_1v3efss,4c440acb0bfbd111,5.679,11.211,8.676,213,19
askdocs_1v3ei4y,e8f678c00e44ee38,9.716,24.545,6.296,270,11
askdocs_1v3eipb,51582b15e8cb13ad,10.298,26.667,13.725,240,9
askdocs_1v3ej68,5e48dbe6002ec3e6,7.681,14.286,11.33,200,14
askdocs_1v3ek96,ed64dbd9c6b21d14,8.64,21.889,8.696,197,9
askdocs_1v3elvv,c1f092368e19860f,5.627,12.8,14.062,64,5
askdocs_1v3en2l,29ba01c540967c05,6.03,13.077,17.614,170,13
askdocs_1v3enp8,88f87bc0e3a763d2,10.313,16.792,11.084,403,24
askdocs_1v3erks,89099701428ab866,6.365,12.8,15.152,128,10
askdocs_1v3euj0,7a8782959ef8726a,11.012,20.857,12.621,292,14
askdocs_1v3ewcr,01f9b34a1a01681b,7.809,15.714,3.419,110,7
askdocs_1v3ez76,b7fdbe8192e33dc2,5.544,15.444,6.207,139,9
askdocs_1v3ezvz,2a29eea405773314,7.5,19.765,8.824,336,17
askdocs_1v3f3zb,0805afd3b65385c1,8.35,17.769,12.605,231,13
askdocs_1v3f47h,80c49bb81e9a4fc5,9.4,20.867,10.759,313,15
askdocs_1v3f4oq,aa766a82712b6135,4.755,15.333,6.25,46,3
askdocs_1v3f771,80744e9e592a25e5,4.047,11.286,8.861,79,7
askdocs_1v3f7nn,e77799f819fa3774,5.196,13.32,8.657,333,25
askdocs_1v3f9mz,c5dbcfa871651bb2,1.093,9.25,5.263,37,4
askdocs_1v3ffdv,0ad90037ddb9b853,10.27,30.0,10.0,30,1
askdocs_1v3fm4i,a5cf2af0a7b900bf,6.998,17.364,8.29,191,11
askdocs_1v3ft7c,ae538f4636ca115c,10.881,21.0,9.288,315,15
askdocs_1v3ftgl,c2bf1646baec483e,8.913,16.471,8.532,280,17
askdocs_1v3fuxm,cce8f954ea8df016,8.771,21.333,3.03,64,3
askdocs_1v3fz3g,9b4c2c21d9b4cc58,7.404,17.111,8.917,154,9
askdocs_1v3g0td,35e98dff15f98664,5.612,11.8,14.634,118,10
askdocs_1v3g16c,bc81036be0fa29c6,10.647,23.5,20.408,47,2
askdocs_1v3gbyw,d19ebc79282d2560,10.38,22.692,11.186,295,13
askdocs_1v3gdsh,cfe765fb5b15c906,7.334,12.68,15.17,317,25
askdocs_1v3gflz,112180d522c54973,7.562,14.722,12.36,265,18
askdocs_1v3gkuj,7b3e418889810a2f,10.718,20.714,19.863,145,7
askdocs_1v3gkv4,f623a0332e414456,6.996,14.6,14.667,146,10
askdocs_1v3gng6,71ad7846e6478a77,11.205,34.0,5.882,34,1
askdocs_1v3gnp5,5f2a8edb994d6c56,11.412,27.889,3.15,251,9
askdocs_1v3gvqg,2180f64e9a905169,9.679,21.833,10.687,131,6
askdocs_1v3gwei,14bec7b36e562929,11.031,19.0,13.058,285,15
askdocs_1v3gzwl,f45f26278f11c7eb,6.237,12.897,11.632,503,39
askdocs_1v3h0lx,79965ba4444fcf28,5.333,12.5,6.579,75,6
askdocs_1v3h23o,88a441776a03e34d,7.156,13.5,18.519,27,2
askdocs_1v3h2ef,c9d18291c7d8c187,10.515,24.735,5.53,841,34
askdocs_1v3h3wg,645c35a5c6a2beca,3.676,10.5,19.048,21,2
askdocs_1v3h4nn,f0cfba229ae4929e,1.48,6.25,16.0,25,4
askdocs_1v3h7lv,be03151c348fc330,1.985,8.0,9.524,40,5
askdocs_1v3hegz,423a32ecff20ac85,2.278,7.857,16.667,55,7
askdocs_1v3hh7d,d8f2aa3131df1c57,10.45,21.385,13.571,278,13
askdocs_1v3hlwz,8a6854c744312623,12.778,28.333,12.394,340,12
askdocs_1v3hple,59b9b218893cf630,7.367,17.824,14.557,303,17
askdocs_1v3hpyu,61cdd53b0c63d74b,10.069,24.8,10.938,124,5
askdocs_1v3hrqa,31e159bf7d2ad25f,4.562,13.667,7.955,82,6
askdocs_1v3hv0b,39a31cb13d061e49,13.488,29.0,14.917,174,6
askdocs_1v3hyba,39bc454015b80fef,11.163,24.0,12.887,192,8
askdocs_1v3hz7g,0f9318be5d63bdf4,0.665,7.25,13.793,29,4
askdocs_1v3i2je,2eeabcfd9d775cb0,5.585,10.818,16.26,119,11
askdocs_1v3i3qa,9c92f609d6a363dc,6.147,20.25,8.537,162,8
askdocs_1v3i3sr,0cee7a849de96383,10.131,20.824,9.041,354,17
askdocs_1v3i8m3,b7e5a90bb2de6800,4.828,13.25,12.174,106,8
askdocs_1v3i8mw,9bbb5dfae8ceacdb,3.154,7.0,10.714,28,4
askdocs_1v3if5b,02a1ead7891c10c3,7.404,11.444,12.617,412,36
askdocs_1v3ikcg,1e891b674cccc195,3.136,10.667,10.769,64,6
askdocs_1v3ikq0,611889a5755285d3,7.999,18.145,8.11,1252,69
askdocs_1v3immf,0e52ed8dd1916fd2,8.894,22.273,4.898,245,11
askdocs_1v3inke,dd55749f5033c068,6.342,12.571,9.091,88,7
askdocs_1v3ioau,c58617a9fe90f62e,17.816,31.0,6.452,31,1
askdocs_1v3ipz1,35913dbc461490ee,8.917,14.414,11.765,418,29
askdocs_1v3isoh,2577d4882c64b648,7.379,16.143,10.924,339,21
askdocs_1v3iufa,667ddca6ff48f818,17.043,21.0,14.286,42,2
askdocs_1v3iw0n,d2142289ed726806,11.936,30.143,10.427,211,7
askdocs_1v3ixul,309d9fff1d0da086,16.944,21.5,13.953,43,2
askdocs_1v3iyko,2187cdc81235ab4b,10.589,27.3,8.434,819,30
askdocs_1v3izdp,ff196b3359ae9690,6.147,13.714,10.884,288,21
askdocs_1v3j952,c43fae01ae7364d1,6.642,15.583,14.583,187,12
askdocs_1v3jaq6,dae8f399a0b9277a,8.303,13.667,18.072,82,6
askdocs_1v3jbtm,8a13aed4e900d9b6,7.157,20.0,10.098,300,15
askdocs_1v3jeo6,7ce0d2ee21f464c2,6.096,14.636,13.174,161,11
askdocs_1v3jo9w,8d3e2a034c8eb70a,4.893,8.7,17.241,87,10
askdocs_1v3jol7,a3b4ec18983bd9aa,6.252,15.286,10.909,107,7
askdocs_1v3jphp,89c823eba3aa4fee,5.327,15.273,11.561,168,11
askdocs_1v3jxj9,d0f4662c7978c897,8.529,16.833,8.274,404,24
askdocs_1v3jzjw,ddaea34be3cc967c,9.542,21.067,4.63,316,15
askdocs_1v3jzrw,0a0ea820ba694d87,6.622,16.231,11.712,211,13
askdocs_1v3k2i9,72a2fa848782939e,6.016,15.176,8.462,258,17
askdocs_1v3k66x,62cebc9c708903a8,5.571,9.8,21.569,49,5
askdocs_1v3k66y,304a63914b180cb6,6.529,16.167,12.371,97,6
askdocs_1v3k7hg,c13f79400097866f,3.981,8.4,4.545,42,5
askdocs_1v3k9x2,f81ca3f5655dfc13,5.964,18.125,8.553,145,8
askdocs_1v3kd0k,3db7c1dc3e739cc6,9.496,16.5,14.404,825,50
askdocs_1v3kfn2,66daf0a54b71964f,5.552,9.714,12.676,68,7
askdocs_1v3kfy9,3075d7b698e30de9,6.196,8.367,14.286,251,30
askdocs_1v3kfzx,430f4c1ba3085607,4.612,14.667,21.277,44,3
askdocs_1v3ki79,9c656b1238252493,20.138,50.333,11.842,151,3
askdocs_1v3kidk,c985cd9290248e60,6.722,18.25,10.135,146,8
askdocs_1v3kkpr,6518d7ced6cf2220,6.837,14.536,9.501,407,28
askdocs_1v3kr2n,fa92e23a5d1f1e23,4.426,10.556,16.495,95,9
askdocs_1v3ktxc,4c4215992a17f7a8,5.924,10.5,4.762,21,2
askdocs_1v3l11h,2c1f835240f21f0f,9.296,19.8,11.881,99,5
askdocs_1v3l20y,289b4a8cd3110d77,1.88,10.0,5.0,20,2
askdocs_1v3l2qu,945e76e2b6fbd7b9,12.182,15.615,10.849,203,13
askdocs_1v3l5m8,4b6746a397e89a13,26.227,71.0,10.39,71,1
askdocs_1v3lacx,892e0523be4bd022,6.588,17.0,6.667,85,5
askdocs_1v3lcrq,94bac94f1b9da3ce,10.114,16.8,17.241,252,15
askdocs_1v3ld0f,4467ee8719c70126,6.935,13.118,16.957,223,17
askdocs_1v3lg9k,70c83e45cf9dd0f5,4.989,14.0,17.257,224,16
askdocs_1v3lh4z,be222e4ba465fded,8.73,14.429,11.594,202,14
askdocs_1v3lhi2,4d9f546e6713e7fe,4.061,12.105,11.255,230,19
askdocs_1v3ljtn,92d6498423d5e2d7,4.18,9.778,5.263,88,9
askdocs_1v3lm94,6109986fc8f53efe,11.009,16.333,9.259,49,3
askdocs_1v3lmyd,036ace9f1f9f4201,6.226,14.455,12.195,159,11
askdocs_1v3losg,bd44fe86d01052f1,17.078,40.0,6.485,280,7
askdocs_1v3lsxv,55bdf71401fc0abe,6.191,13.4,11.111,134,10
askdocs_1v3lvvy,a11933c4f555245c,9.135,14.0,16.505,98,7
askdocs_1v3lxbo,2ea5498121a6e8a1,5.683,12.125,5.051,97,8
askdocs_1v3lxl6,e4a0cc46aa772b32,12.756,25.833,9.615,155,6
askdocs_1v3lxow,469bd790bff64a5d,7.419,22.2,7.143,111,5
askdocs_1v3ly1j,c549d5a87f0a7313,8.769,13.571,15.075,190,14
askdocs_1v3m1jo,225e92c3635ad422,11.695,28.0,17.16,168,6
askdocs_1v3m213,70f8d3169309d7f7,7.267,18.75,7.068,375,20
askdocs_1v3m48y,e0bd51614f63fda6,7.488,14.545,9.697,320,22
askdocs_1v3mg02,df01336ac36429ce,8.166,16.0,7.246,64,4
askdocs_1v3mk80,7219d4f30d84a5d2,9.839,9.344,18.75,299,32
askdocs_1v3mm9w,bbdc18d46c7d6797,8.308,18.868,8.955,717,38
askdocs_1v3molg,dd6993a884623bb8,4.343,11.636,10.853,128,11
askdocs_1v3moxi,08ef716f47fa7c94,7.19,11.182,16.129,123,11
askdocs_1v3mski,19e0a0c8d0557a54,6.517,11.905,13.834,250,21
askdocs_1v3mubu,ef4e078196bddd2f,8.617,15.64,8.816,391,25
askdocs_1v3mw95,cd829a3963105f15,8.736,21.429,6.369,150,7
askdocs_1v3mx9o,85b85ae2f7a8a956,10.613,22.682,9.96,499,22
askdocs_1v3n19t,a85ec7a2cbdc5d99,8.748,16.231,11.521,211,13
askdocs_1v3n20u,ea98d4b4618d5201,4.792,11.2,14.286,56,5
askdocs_1v3n34j,c50bf6903bee057e,5.068,10.75,16.279,43,4
askdocs_1v3n5a0,21bb1be6d77925ab,9.588,19.286,10.219,135,7
askdocs_1v3n7qh,aba2ab2d09aecc0e,3.512,12.0,13.514,36,3
askdocs_1v3n90g,a900ba4f7f805c51,5.37,15.286,9.009,107,7
askdocs_1v3n90k,6a3912106d5aa416,8.795,17.538,10.435,228,13
askdocs_1v3nbfx,6017ef79277c3bf2,7.194,8.538,16.814,111,13
askdocs_1v3niik,d2631ebbec42f4ea,5.37,12.0,7.339,108,9
askdocs_1v3nl1t,bbcbf9eb4d4e9b13,5.6,15.0,4.918,60,4
askdocs_1v3no4v,30e9cee7e27dd646,7.023,13.111,8.0,118,9
askdocs_1v3np9v,a12e96018625dc73,8.313,20.636,4.149,227,11
askdocs_1v3nqc8,37da7e1ebde2ebde,13.286,14.286,13.462,200,14
askdocs_1v3nw6l,3f2ea17f509ff60f,7.085,14.8,7.895,74,5
askdocs_1v3o2c8,1eadbf4612e1164f,11.399,14.906,17.004,477,32
askdocs_1v3ob3o,384240447091af74,7.457,13.333,17.751,160,12
askdocs_1v3ofyz,8e93f5a4ba4c09de,7.377,16.889,14.286,152,9
askdocs_1v3ogeq,03331f19ed3ed615,6.105,14.125,8.403,113,8
askdocs_1v3ogw0,c7391e481e996b05,6.18,18.0,3.846,72,4
askdocs_1v3oh9w,65a187a643a2f04e,6.399,22.0,13.043,22,1
askdocs_1v3oi13,a092d1c5739f688c,6.787,13.462,7.143,175,13
askdocs_1v3olqd,36eb9844956322db,7.617,14.867,7.884,223,15
askdocs_1v3onmk,85661cdeb25ef150,5.716,14.0,7.042,70,5
askdocs_1v3oolj,d979c33634474703,11.902,26.8,8.571,268,10
askdocs_1v3opyy,9ad208c4d8d0c469,9.866,23.714,6.471,166,7
askdocs_1v3ot1p,f0137a6f4b1c5736,7.858,17.417,16.744,209,12
askdocs_1v3owfm,0d2aa8e13832dd6f,9.188,22.0,12.069,110,5
askdocs_1v3p06d,3542c71eb104f6ca,8.895,21.0,12.613,105,5
askdocs_1v3p25l,9f26bcc836eae7a0,10.866,20.111,12.169,362,18
askdocs_1v3p2ka,8c876614e77ecb6f,7.876,18.552,11.83,538,29
askdocs_1v3p54z,49970da295b5c097,7.149,13.875,13.913,111,8
askdocs_1v3p7na,cd01f28918341e5a,7.449,16.0,16.107,144,9
askdocs_1v3p97f,e202cd8ecb282bf6,-0.109,6.167,7.895,37,6
askdocs_1v3pc82,afc858c7c6a055ef,14.108,29.833,12.105,179,6
askdocs_1v3pdep,735383d75cddda4e,9.464,20.111,8.556,181,9
askdocs_1v3pebl,7ff8f5702fd1c648,5.113,13.75,14.035,110,8
askdocs_1v3phar,9763fc01ffad38e9,3.217,8.833,8.929,53,6
askdocs_1v3pirg,4cfdc064ef230002,17.018,37.0,13.158,37,1
askdocs_1v3pjcv,7fe81e6637736ec4,10.246,23.5,11.441,235,10
askdocs_1v3pk5n,31347baad8f5c6b3,4.24,10.0,10.68,100,10
askdocs_1v3pm9e,c054976774a3d4d1,7.788,14.414,12.85,418,29
askdocs_1v3prp5,eba84223a39e8393,6.092,13.429,13.265,94,7
askdocs_1v3prwv,98fdc192dda88f7c,7.494,12.667,12.5,266,21
askdocs_1v3pvpg,38cc663cbb3bc281,9.738,21.0,13.953,42,2
askdocs_1v3pxmq,55a5358f5ac1090b,8.622,16.167,12.065,485,30
askdocs_1v3q3g9,ffae52cb83f16345,8.399,17.091,4.455,188,11
askdocs_1v3q3nz,87f47de2c21ab213,2.703,11.286,13.75,79,7
askdocs_1v3q4we,7e932cb40e7d58ab,6.801,16.8,10.405,336,20
askdocs_1v3q559,3002029a95dcc01a,8.355,16.192,12.993,421,26
askdocs_1v3q5b2,ee85e2d672802b64,6.672,16.706,10.526,284,17
askdocs_1v3q9od,af2aac943917b0d0,10.112,21.188,5.9,339,16
askdocs_1v3qa1c,7485d6f68f0ab829,10.746,24.643,11.207,345,14
askdocs_1v3qdcc,f202bc1278369a22,8.959,19.5,6.024,78,4
askdocs_1v3qdmr,44d8054c475b9e7f,8.214,16.3,17.073,163,10
askdocs_1v3qix7,0144dd18c666aa9a,8.24,14.273,16.97,157,11
askdocs_1v3qmdv,0da35ca7da254842,7.258,13.389,8.846,241,18
askdocs_1v3qmvx,fa2922e2f24c6039,5.54,13.333,20.0,40,3
askdocs_1v3qoxp,767182553b3a745a,3.27,6.0,30.0,30,5
askdocs_1v3qphc,df72602401b4412f,8.461,12.714,16.484,89,7
askdocs_1v3qqfy,c7b3b9479a3ab58e,4.0,11.7,11.667,117,10
askdocs_1v3qw8v,0ffd676e7966bd59,9.438,23.125,8.466,185,8
askdocs_1v3r13r,a457c91cf107f112,23.012,33.5,48.309,201,6
askdocs_1v3r1sc,db67dcb0a1169bed,5.913,12.778,10.744,115,9
askdocs_1v3r3za,50f4c86e8e41d4f8,9.853,17.444,11.377,314,18
askdocs_1v3rakv,5ae23470b01dbdf4,19.656,25.75,47.887,206,8
askdocs_1v3rbb0,40a1328b1fb7b8aa,5.427,13.273,7.534,146,11
askdocs_1v3reim,062b943564eb047b,8.501,8.75,18.692,105,12
askdocs_1v3rhp2,529cbb4d8328de6f,5.559,14.579,6.272,277,19
askdocs_1v3rib8,c869452f77762337,16.919,35.143,20.161,246,7
askdocs_1v3rpcc,3c8d2f2a80812281,14.86,38.0,2.521,114,3
askdocs_1v3rs8e,8388b0bd46963824,4.942,16.286,8.696,114,7
askdocs_1v3rsvd,e960564a5066c8ed,8.913,13.857,15.842,97,7
askdocs_1v3rtrt,0192f2fd36145303,7.941,18.214,9.434,255,14
askdocs_1v3rzoe,3863b517a217c828,5.95,15.451,5.651,788,51
askdocs_1v3s0lo,e2bcbc23ede0aaa8,5.425,13.667,3.659,82,6
askdocs_1v3s9rg,0f5fafb31de97ab7,12.262,26.6,12.95,133,5
askdocs_1v3scvb,1d7d7b04fdca41eb,7.584,21.0,10.0,189,9
askdocs_1v3sdui,af4351199b3ece33,9.532,18.2,10.357,273,15
askdocs_1v3sgss,c68c95c094c24923,9.818,22.0,3.191,176,8
askdocs_1v3sige,13bdd4b13c129e45,9.043,13.5,12.075,513,38
askdocs_1v3sk8d,0dce7b94d6088f60,5.093,14.333,6.977,43,3
askdocs_1v3sknn,e7f2cec0c33e4d24,3.827,10.286,5.556,72,7
askdocs_1v3slj3,ad903017cc185a93,7.398,16.8,7.937,252,15
askdocs_1v3smp3,a5e8aedfe24439f3,12.953,22.833,10.49,137,6
askdocs_1v3sqe3,563544264dd72469,4.823,12.0,22.222,36,3
askdocs_1v3srco,69cd3697120e46c2,5.127,8.771,7.962,307,35
askdocs_1v3srpl,71faad18f411f929,15.872,25.0,20.0,25,1
askdocs_1v3srt7,f8a33518495c081e,6.084,16.857,6.612,118,7
askdocs_1v3ss83,b3ab98a926966d0b,9.333,17.872,14.806,840,47
askdocs_1v3st47,4baf7992df5c08b4,13.839,26.8,9.187,268,10
askdocs_1v3su0f,ba4700ed411b1b66,5.723,17.857,8.0,125,7
askdocs_1v3sug5,7bc536a50c760b8d,7.451,13.929,7.0,195,14
askdocs_1v3swon,342db339f0f1e357,5.342,12.667,15.132,152,12
askdocs_1v3synx,2cdcfb9eacf761e6,3.632,13.375,10.0,107,8
askdocs_1v3sz41,54f54d231e5cb320,7.379,16.88,5.14,422,25
askdocs_1v3sz4b,d6bc06fa460dbf30,10.741,22.4,13.913,112,5
askdocs_1v3sz4p,11ace3e3c2e78246,6.482,15.647,11.111,266,17
askdocs_1v3t2b2,6cb3b7ef246fd51d,9.049,17.75,13.019,355,20
askdocs_1v3t2en,9369fcd15df45d7c,8.847,17.986,13.15,1295,72
askdocs_1v3t3bq,f9a97d3b07e52c18,11.745,21.971,15.163,747,34
askdocs_1v3t3yw,8c3fc6bc945850ee,9.976,23.438,5.277,375,16
askdocs_1v3t6ex,a759bde7267507bf,6.557,14.333,9.091,258,18
askdocs_1v3tcry,6097e042682a2623,6.374,14.143,8.0,99,7
askdocs_1v3ti54,4e1c36779af93d63,5.854,13.625,9.009,109,8
askdocs_1v3tlw7,617c845e3956bd2f,5.775,13.833,10.687,249,18
askdocs_1v3tmbp,76e0170d21f9f529,1.985,8.286,11.966,116,14
askdocs_1v3tmhm,e6170d24f0bf260a,68.672,176.0,6.742,176,1
askdocs_1v3tpzn,cf53cbb057627576,10.077,25.0,14.378,450,18
askdocs_1v3tuc1,b8638752838d1e0c,7.429,17.067,12.595,256,15
askdocs_1v3ty3e,c6f853bf3b8a33f6,2.8,9.333,6.897,28,3
askdocs_1v3tzcs,ae26bb0e2ccd7138,7.052,17.667,6.306,212,12
askdocs_1v3u159,0ecf5418f2dc240c,4.255,11.0,11.364,88,8
askdocs_1v3u3dd,a8a4779feba0d0cd,5.53,11.571,7.407,81,7
askdocs_1v3u6bb,b0ebb8709207b095,23.751,42.75,24.011,342,8
askdocs_1v3u7tr,35ec9aa35b4e39e9,1.01,7.4,12.195,37,5
askdocs_1v3ughy,9a9b955d47e09fed,5.043,12.636,7.801,139,11
askdocs_1v3uirn,6b8ac64485e2add1,5.077,13.75,7.429,165,12
askdocs_1v3uj2v,663efecb68966fe0,6.585,14.882,5.906,253,17
askdocs_1v3ul4c,406f904484e7cc07,5.576,14.429,7.619,101,7
askdocs_1v3ulwj,9c22b7953e5d405f,4.244,9.875,13.415,79,8
askdocs_1v3umuk,3d376341e824cf47,2.765,10.0,12.195,40,4
askdocs_1v3umxa,5b0149c473aea826,11.005,25.833,10.828,310,12
askdocs_1v3uojb,28848a75b64fc557,4.868,9.625,11.25,77,8
askdocs_1v3updl,db5f80ec46552a93,8.525,10.556,16.495,95,9
askdocs_1v3uuyf,c5dfc1db746ba12e,11.258,28.5,14.035,57,2
askdocs_1v3uv8o,6406ef327f4fb35c,8.051,14.167,10.227,170,12
askdocs_1v3uw9w,03de359a66790ccc,5.489,11.333,5.882,34,3
askdocs_1v3v4cw,a9888e75b9ac2701,5.366,13.556,10.569,122,9
askdocs_1v3v7fm,02f9de1a5e30bd83,8.134,16.909,13.613,186,11
askdocs_1v3v7sm,6866c115335e6faa,6.238,17.5,8.108,70,4
askdocs_1v3v8jl,7e7940555d86aaca,7.337,17.944,9.145,323,18
askdocs_1v3viao,c092e809ee1a80a5,7.389,10.174,11.57,234,23
askdocs_1v3vp6p,645d9296b46b07a8,4.706,12.286,12.5,86,7
askdocs_1v3vu6w,167c16dd1233cb66,7.675,20.571,5.369,144,7
askdocs_1v3vwk7,98f32ad02ec603cf,12.109,33.714,10.0,236,7
askdocs_1v3vwx0,2e5d8dd627406f1b,10.354,17.571,15.873,123,7
askdocs_1v3vy8e,6911c86fbd0479da,4.008,8.357,6.667,234,28
askdocs_1v3vys0,c11fa8e04b3ab66a,10.5,20.0,14.286,20,1
askdocs_1v3w09b,f43d48f3347613bb,8.6,14.0,11.628,252,18
askdocs_1v3w252,2b53312cc8ac6430,9.836,21.929,11.076,307,14
askdocs_1v3w3eq,aafcd36d0a53be05,3.221,10.0,8.036,110,11
askdocs_1v3w3od,ec6e7fd7e9e6f830,5.99,13.062,11.009,209,16
askdocs_1v3w46n,f6bfa5789c01fae9,5.721,12.043,11.429,277,23
askdocs_1v3w5dt,56714ede9f62aa31,10.104,21.125,10.588,169,8
askdocs_1v3w62s,629a949ded55b5e8,5.93,12.938,10.233,207,16
askdocs_1v3w7u1,2a60d94681d7bba6,14.881,34.308,5.765,446,13
askdocs_1v3w9s7,49c9262ddbdf5d13,11.43,23.577,7.84,613,26
askdocs_1v3wbce,0030e36b8b8d99ce,14.372,29.143,5.366,408,14
askdocs_1v3wdhf,26dd1b28dc0914d9,14.416,36.25,8.276,145,4
askdocs_1v3weci,23400f1eeaf10c3c,8.61,16.667,8.0,50,3
askdocs_1v3whg7,6f9d40c07a98316c,6.584,15.818,7.955,174,11
askdocs_1v3whi3,295a8e02cac3333a,3.642,9.667,0.0,29,3
askdocs_1v3wiyu,91255a10d6144ff6,6.617,18.0,7.273,108,6
askdocs_1v3wjzb,5a46da23f04e7615,6.87,19.333,11.667,174,9
askdocs_1v3wkwy,60d603f147dbb50f,12.13,27.0,12.346,81,3
askdocs_1v3wl7m,331946e34adf1f05,4.091,14.571,9.346,102,7
askdocs_1v3wm7k,a3336324cd070b2f,10.694,18.303,12.966,1208,66
askdocs_1v3wmb6,d6ee584c72b6d206,4.333,11.737,7.589,223,19
askdocs_1v3wnjj,cad899a0fb881d1e,3.249,13.6,5.797,68,5
askdocs_1v3woac,c2b16728863d9dd1,5.597,15.562,10.506,249,16
askdocs_1v3wpyx,b5af69bd41f42e44,5.292,13.438,12.903,215,16
askdocs_1v3wx9s,432dc02f39b574ce,5.821,11.583,12.5,139,12
askdocs_1v3wz7a,8fc2f339b675f363,4.185,13.0,5.882,65,5
askdocs_1v3wzhr,32226fc853be1a4d,4.828,12.071,6.322,169,14
askdocs_1v3wzvm,b5b3a1d44253bcbb,8.946,19.111,19.075,172,9
askdocs_1v3x03t,225957c3e4511d59,6.353,14.0,6.154,126,9
askdocs_1v3x3r0,0c4d4410f9789bd2,8.881,22.143,7.101,155,7
askdocs_1v3x5r8,16492a6a2d48a62a,7.169,14.9,10.067,149,10
askdocs_1v3x616,9b2c2608e02ffa30,6.764,16.113,10.279,1144,71
askdocs_1v3x6qf,255e4c0b9274b647,7.244,16.0,9.091,128,8
askdocs_1v3xe6c,e75d56d67f4834ff,5.891,12.455,11.511,137,11
askdocs_1v3xelv,e5f83313ec6a53c0,8.223,19.579,8.269,372,19
askdocs_1v3xeuf,06b739a5a220d5df,6.861,18.0,9.426,234,13
askdocs_1v3xjox,0c0ef81e619ae5ae,8.451,19.286,10.0,135,7
askdocs_1v3xn3o,4d0dadf64d2f8cf6,7.817,15.96,8.663,399,25
askdocs_1v3xqr5,ec37114fc4c33a19,14.24,34.333,10.68,206,6
askdocs_1v3xr7c,392fc95caa2e62e5,10.906,18.455,16.585,203,11
askdocs_1v3xvnd,93dc5f154d43df2c,16.478,36.0,9.91,108,3
askdocs_1v3xw39,2f6bba4493838181,3.833,10.75,8.046,86,8
askdocs_1v3xycw,029e2ce8ef13fdf6,6.78,15.889,16.327,143,9
askdocs_1v3xzpr,e6c57077ae102870,7.34,9.571,11.94,67,7
askdocs_1v3y1eh,8fa2677ba7f1b47e,3.765,9.286,3.382,195,21
askdocs_1v3y704,7326779b3d2b0efd,9.041,22.667,6.04,136,6
askdocs_1v3y954,2dfae798bc4c5ae3,8.739,21.167,6.475,127,6
askdocs_1v3y9e8,915c405b0d78bd2c,12.294,26.556,14.05,239,9
askdocs_1v3yeq6,fb8ff583a815f876,6.936,13.134,12.547,1274,97
askdocs_1v3yhgi,9a8de8cdc49c24c7,8.975,15.364,10.059,169,11
askdocs_1v3yhjt,c3633a8611ca1bed,8.441,20.222,6.011,182,9
askdocs_1v3ykse,e8c9f04265f3e9a5,8.084,18.704,7.283,505,27
askdocs_1v3ylfb,1963847b22a0dad5,8.96,10.0,7.5,40,4
askdocs_1v3ym5z,ef6abc95aca42b06,9.421,21.286,7.616,298,14
askdocs_1v3yn4i,e00862030f983adb,5.327,8.6,14.773,86,10
askdocs_1v3yohq,b5631d64ad64aff3,12.534,23.0,12.329,69,3
askdocs_1v3yow0,948459a8254a8406,8.974,20.722,11.735,373,18
askdocs_1v3yrf9,a7dc3d1b7c49db1d,6.67,14.933,11.688,224,15
askdocs_1v3ysfw,9893ee0c6b29ab29,9.26,21.5,6.522,43,2
askdocs_1v3yzb7,9b3982c2bff1ed32,6.282,13.5,16.364,54,4
askdocs_1v3z789,fcdfc377752e30dc,3.916,11.625,3.226,93,8
askdocs_1v3za85,8d12ab9ddcedd9e7,2.791,7.667,25.0,46,6
askdocs_1v3ziof,2632c733f3adbdd7,37.349,92.0,10.87,184,2
askdocs_1v3ziub,de1e3f2d634f747e,4.671,11.5,7.447,92,8
askdocs_1v3zljf,a1df724537487c0c,4.947,15.625,11.111,125,8
askdocs_1v3zmry,1ec46cf14d7bbfed,8.369,19.2,13.746,288,15
askdocs_1v3zo1n,9ddddd8a23f7c82b,9.541,21.25,10.196,255,12
askdocs_1v3zqz2,c348c91ef339dab7,8.201,12.93,16.42,737,57
askdocs_1v3zx7x,85ee9a9cb3e66e83,10.105,25.429,7.263,178,7
askdocs_1v3zxcz,a5414c3936673f87,4.255,11.0,11.364,44,4
askdocs_1v3zywb,7e8e7b7ba85f3946,8.005,17.545,14.178,772,44
askdocs_1v3zzrl,70511044a7e2ed98,5.554,12.778,11.297,230,18
askdocs_1v405m7,d1d1cb843fa6a4e9,7.493,15.15,5.769,303,20
askdocs_1v4061i,4e9be89c0dd8510d,2.74,10.5,7.812,63,6
askdocs_1v406p2,7a8e9687ec13cc23,15.999,43.0,8.696,43,1
askdocs_1v407fh,b0fce325c3bac360,6.519,17.0,5.525,170,10
askdocs_1v40b2k,30c404c2a964c638,7.57,16.25,10.577,195,12
askdocs_1v40d86,66abfb9c3ff980cc,6.704,18.0,7.609,180,10
askdocs_1v40fh6,2a74e7ff4023b626,20.335,52.667,15.528,158,3
askdocs_1v40frz,0ccd2f46dd53ab74,5.951,18.4,6.383,92,5
askdocs_1v40hw0,17a2972de9a5ad03,6.592,14.6,13.158,73,5
askdocs_1v40lv4,59bbe4271da7ecb2,27.623,64.0,0.0,64,1
askdocs_1v40nnu,709522642f852459,7.685,18.643,6.618,261,14
askdocs_1v40p41,852be8e32071c913,8.45,21.3,14.679,213,10
askdocs_1v40uhu,c87f302523a3e6d4,10.169,27.4,11.486,137,5
askdocs_1v40vmw,241996316b820d22,5.816,12.95,9.353,259,20
askdocs_1v40x0z,14a04e8de76f8a18,4.717,14.0,13.115,182,13
askdocs_1v419fx,96374f6cf411a499,6.764,14.0,9.309,322,23
askdocs_1v419w5,6c57dd2076bc1498,5.031,16.0,11.45,128,8
askdocs_1v41doo,034ac25d3e816cbb,4.392,10.455,16.406,115,11
askdocs_1v41dpc,43e5ff686dbfec5e,5.142,12.25,8.0,196,16
askdocs_1v41duc,705bf1a931b6f5b7,14.42,37.25,6.23,298,8
askdocs_1v41dv6,4bede92ff7522105,7.365,13.474,8.614,256,19
askdocs_1v41h94,c10a4702ed215831,13.827,35.2,9.04,176,5
askdocs_1v41k5b,dd5a6c3aa8ae5f48,10.088,20.846,9.894,271,13
askdocs_1v41kpz,6f1a5e37bd63b5f9,10.563,25.556,7.01,460,18
askdocs_1v41lg6,a6f5e85469c7e5d8,7.418,17.5,4.286,70,4
askdocs_1v41mes,0c264cf7d0823c35,8.524,19.846,7.28,258,13
askdocs_1v41o3r,28ea9d26feceec93,18.932,49.0,5.714,245,5
askdocs_1v41pwg,543d5627938fe1d5,8.909,19.088,8.27,649,34
askdocs_1v41qjp,5639d4ea1d2f3668,6.705,8.0,7.692,24,3
askdocs_1v41rj8,49071543e8400d4f,4.906,14.2,9.859,71,5
askdocs_1v41tk7,e3b8a9f268580536,7.252,18.5,11.921,148,8
askdocs_1v41un6,f1256b84f72a9f65,7.103,15.15,6.23,303,20
askdocs_1v41x0v,ff37194606b4ac76,8.91,14.483,11.71,420,29
askdocs_1v4229d,a51021015c56ab77,21.004,44.8,15.385,224,5
askdocs_1v422v8,e12f2751acce1911,11.547,14.926,14.929,403,27
askdocs_1v424aa,cf750647b9ec6f00,8.149,16.833,7.456,202,12
askdocs_1v425ps,c9fa9de687511300,7.472,16.5,5.742,198,12
askdocs_1v425rb,f83a116095d80575,11.968,29.167,8.989,175,6
askdocs_1v426kl,62fecb7a23cd21be,7.046,14.897,6.061,432,29
askdocs_1v426l5,93045e8ddc991c92,10.071,22.6,7.958,339,15
askdocs_1v429o8,461504705dccfa6e,3.986,11.0,6.522,44,4
askdocs_1v42gvj,0de6bde40d0903ce,6.211,12.429,12.644,87,7
askdocs_1v42h2k,9f2b7590c451e039,4.612,11.8,16.667,59,5
askdocs_1v42m72,47ef1bbc4dd9b095,7.882,15.067,2.586,226,15
askdocs_1v42p25,01ab90ea2f2f591a,9.588,22.458,9.381,539,24
askdocs_1v42s7s,22ff65be47dd14b3,5.443,12.8,9.023,128,10
askdocs_1v42vah,b482d0cdd55964f2,8.464,19.0,13.131,95,5
askdocs_1v430p5,761cd90ffdc6662f,8.678,20.4,12.621,102,5
askdocs_1v4317j,1d562aa02486c7aa,8.231,19.233,6.055,577,30
askdocs_1v432c3,afa432dcdd48651d,22.958,55.5,13.274,111,2
askdocs_1v433e5,7d0a232ad1a73a7e,6.331,18.048,9.254,379,21
askdocs_1v433xd,c9e64d3f0cb03103,2.369,9.25,5.0,37,4
askdocs_1v434ic,94e29f130998106a,11.197,23.182,13.218,510,22
askdocs_1v434tt,33ee298264ee308e,6.89,15.4,8.917,154,10
askdocs_1v43587,3743b98a5987a91e,7.092,10.333,6.25,31,3
askdocs_1v435qw,823aafb1a88e6fdc,4.762,12.45,6.4,249,20
askdocs_1v435wb,761f3cc1458af1e8,4.332,13.167,7.5,79,6
askdocs_1v43686,efc1ebd09e39f8d4,3.842,13.667,11.905,41,3
askdocs_1v4375c,002917212e284dfc,19.948,43.75,18.286,175,4
askdocs_1v439z7,d73d6e3fdd9f236f,10.673,27.0,12.5,27,1
askdocs_1v43ad7,aa931d43c0dd0e6d,3.133,8.533,7.299,128,15
askdocs_1v43azx,5718a9e4091fcb2d,5.94,12.571,19.318,88,7
askdocs_1v43dj7,36c216dd7b177321,7.962,17.333,16.071,52,3
askdocs_1v43h17,901e56ec2ab43dc5,4.058,10.667,11.594,64,6
askdocs_1v43izx,db791464435d7bd3,8.952,19.125,15.077,306,16
askdocs_1v43j4q,1a970561b6fb1850,8.878,21.417,9.542,257,12
askdocs_1v43k9s,d41df29ad8836620,9.617,22.0,7.004,242,11
askdocs_1v43pn6,d03f16273f2ff331,10.233,16.4,17.073,82,5
askdocs_1v43qp8,83a34dbd95c3a2b4,9.106,17.556,14.706,158,9
askdocs_1v43ts0,be3654117f2410f8,9.377,24.5,8.642,392,16
askdocs_1v43tsc,c37c235d2bd958ea,10.316,18.6,9.574,93,5
askdocs_1v43w0o,585c8c320678873e,5.503,12.455,13.194,274,22
askdocs_1v43w6f,1307a3ec114eec79,7.126,14.577,7.652,379,26
askdocs_1v43wm7,dcfa576edc53d341,6.204,16.4,1.124,82,5
askdocs_1v442f9,729de2aae3163701,9.665,18.556,12.5,167,9
askdocs_1v445jv,6a485be6db7453f2,8.652,15.077,14.216,196,13
askdocs_1v445qs,08eba7e83c32382e,9.401,26.2,6.818,131,5
askdocs_1v447sn,68b7d836ca5dcce9,2.868,13.0,7.692,52,4
askdocs_1v448l8,ed62f4c175a0d314,2.936,8.0,6.579,72,9
askdocs_1v44caz,974ae5f8aad1bb53,16.588,44.0,13.333,44,1
askdocs_1v44d7e,9365ab18cb0171d5,3.847,10.0,21.311,60,6
askdocs_1v44fmf,ff60d233a33db2b7,10.252,25.867,9.824,388,15
askdocs_1v44g47,353bfb8e86b5f1d1,5.952,15.333,4.828,138,9
askdocs_1v44gld,91922a3e78189b97,6.193,17.556,11.656,158,9
askdocs_1v44hmt,3c3e5ac9033c61b3,10.819,27.0,10.465,81,3
askdocs_1v44nfa,d3c484b6e1ef1486,9.939,21.0,11.765,147,7
askdocs_1v44pd6,bebb66210fd1547c,7.45,14.0,12.121,98,7
askdocs_1v44t67,15907791caffa419,37.534,93.5,7.2,374,4
askdocs_1v44v2b,d5f5918c19fcd28a,7.137,20.125,7.229,161,8
askdocs_1v44v4v,7aaf88ccfb964f65,7.139,21.0,5.325,168,8
askdocs_1v44vj8,8f3d3eb3ad0d2da4,6.225,10.0,10.256,110,11
askdocs_1v44xoh,edfc6f28b6676807,9.266,20.333,12.8,122,6
askdocs_1v44ye5,013d63242b9cb79c,7.348,19.75,7.362,158,8
askdocs_1v44yj9,c719b4387daeb218,7.563,12.8,11.719,128,10
askdocs_1v450wb,dd045ccb971cee56,6.107,14.6,6.849,73,5
askdocs_1v451rv,8b7477aeed284918,4.487,9.8,4.902,98,10
askdocs_1v458r0,ac938091ad43828d,7.021,13.167,9.877,158,12
askdocs_1v45d3e,abbeb1f8a06fa001,7.491,18.0,8.108,216,12
askdocs_1v45fav,c32515a1f17ad486,8.204,17.81,11.429,374,21
askdocs_1v45h9p,ed77307ccb86f50b,10.165,32.0,3.125,32,1
askdocs_1v45lmp,664e5bed60f14b05,2.863,10.0,3.226,30,3
askdocs_1v45lnk,a4f5eeeafd1a2aec,2.79,11.7,6.557,117,10
askdocs_1v45lqn,aec6b3123e401532,6.318,15.786,6.637,221,14
askdocs_1v45lvy,5a56551a00623bd9,6.293,16.0,10.063,304,19
askdocs_1v45paj,14754a753dcd3ccd,2.828,9.667,3.333,29,3
askdocs_1v45x4p,ea7558a29eb61493,7.38,16.323,6.25,506,31
askdocs_1v45xxp,8c5974746c343267,6.63,18.571,16.031,130,7
askdocs_1v45za8,1b7c81f20cef05fa,4.551,9.75,25.0,39,4
askdocs_1v4621j,954678e5a951e0d3,9.836,20.0,8.383,160,8
askdocs_1v469tk,40404805ba48255f,33.933,84.0,18.677,252,3
askdocs_1v46bk5,1bbcec56ac06a458,29.554,76.5,8.738,306,4
askdocs_1v46h75,d030939bac62b59f,2.479,8.889,12.791,80,9
askdocs_1v46j3r,ef1ee1244d36f2bb,6.165,7.727,13.953,85,11
askdocs_1v46ko8,ab19b444bc610dde,1.704,6.375,15.686,51,8
askdocs_1v46lzs,e50c4613e9813723,8.312,9.6,17.308,48,5
askdocs_1v46vlc,040b8511e9ded045,5.3,13.176,13.1,224,17
askdocs_1v471xf,7a61089b6d1ef9c8,7.407,16.684,9.657,317,19
askdocs_1v477nu,58c879c55fbcd5bd,23.936,64.0,9.859,128,2
askdocs_1v47h5l,34b94cd9f196f260,11.715,26.75,14.679,107,4
askdocs_1v47kfs,da036a75d1ff1d63,8.6,17.692,16.102,230,13
askdocs_1v47n29,b27d115745434a39,6.9,17.571,11.45,123,7
askdocs_1v47uea,c02fb316ad3cbe48,10.808,16.0,15.538,240,15
askdocs_1v47y7x,75d167006c0bfca3,5.489,11.333,0.0,34,3
askdocs_1v4817o,c8edf9d2dfa33070,4.791,11.0,13.514,110,10
askdocs_1v48287,0bad21b87084be85,7.355,15.286,11.818,214,14
askdocs_1v486y1,faa2e2212a0080d2,2.284,7.429,7.547,52,7
askdocs_1v48709,d5e30a6b76beec17,7.683,20.167,7.143,121,6
askdocs_1v48aov,5aa174b42f67c7e9,7.151,16.462,10.502,214,13
askdocs_1v48d04,5060cd6272e5a13a,5.324,10.364,9.649,114,11
askdocs_1v48o1b,8de1e503558e4583,8.572,18.417,7.792,221,12
askdocs_1v48q01,63411b518c7b5dc2,6.656,14.857,7.692,104,7
askdocs_1v48vcy,7fa6620e1d3c01c2,9.342,25.3,7.865,253,10
askdocs_1v48ws9,cd29a0884f86eeae,6.734,16.455,5.584,181,11
askdocs_1v492ub,bf11e440270756b5,6.137,16.0,9.023,128,8
askdocs_1v498w7,ecf54aeee82c148c,6.609,13.375,12.162,214,16
askdocs_1v498wd,15883b8cf69b5309,3.095,13.0,11.538,26,2
askdocs_1v49cge,7d13da9cb986a70d,2.703,12.667,12.821,38,3
askdocs_1v49d3w,4d75cdafc3ac56b3,11.941,29.333,17.978,88,3
askdocs_1v49fgw,2b0b7d946eae4759,14.264,30.333,18.478,273,9
askdocs_1v49hi8,72a4a07efcb3adb9,6.832,15.6,5.59,156,10
askdocs_1v49n4s,4c29a5d11cd08371,8.028,24.0,4.0,24,1
askdocs_1v49ng6,815c9ad61a3a876f,13.871,27.7,11.744,277,10
askdocs_1v49nob,2f55a4ed3daa3a97,8.197,27.0,3.704,81,3
askdocs_1v49nsh,53ffe75282a6d34c,7.408,16.2,4.094,162,10
askdocs_1v49p8d,b11da384901e50a3,8.199,16.261,10.853,374,23
askdocs_1v49s3k,08c3a6114b48fd9a,10.173,18.176,17.61,309,17
askdocs_1v49w6m,3e6af9a4eedb084c,10.427,21.474,4.398,408,19
askdocs_1v4a2j5,a3f2c8858b51946c,10.144,20.294,11.561,345,17
askdocs_1v4a3vr,f8139c02ed3a0423,3.594,12.0,8.333,48,4
askdocs_1v4a858,e7d21b6b11b1425f,20.923,34.0,17.143,34,1
askdocs_1v4abaf,d5b114eb61169eb1,4.076,11.0,11.765,33,3
askdocs_1v4agdy,9565d04215e560c2,5.783,14.6,21.053,73,5
askdocs_1v4ah4b,49823eb4b8ee4be9,10.93,18.071,13.748,506,28
askdocs_1v4ah55,7aa3ddd6263dee03,11.607,30.0,4.262,300,10
askdocs_1v4ak1p,77369a4ed81e608c,9.056,24.5,4.73,147,6
askdocs_1v4alvs,fff6ede943233e29,9.659,28.0,4.286,140,5
askdocs_1v4ao7e,b9979a944b978c29,4.286,13.333,4.094,160,12
askdocs_1v4at1z,9a26e055fc9870b4,7.312,15.167,13.978,91,6
askdocs_1v4at8e,c688f4f508c88161,8.669,19.591,7.658,431,22
askdocs_1v4atif,9c4e9afb8e6ee1df,8.438,17.6,17.045,88,5
askdocs_1v4aug8,5ed2637e689d5d26,13.231,35.0,8.108,35,1
askdocs_1v4avii,bcc0df769e2b3d7d,7.704,9.143,17.91,64,7
askdocs_1v4aw0u,37f56bd2071561d5,2.044,8.167,11.765,49,6
askdocs_1v4azsb,c5d390255cffae15,9.832,22.0,7.018,110,5
askdocs_1v4b3tf,a1a2a77b02ba7300,5.596,8.333,16.0,25,3
askdocs_1v4b8po,3a633c9983cbb917,4.093,10.25,8.434,82,8
askdocs_1v4b8r9,184d7859f6bd8bcc,4.006,11.25,6.667,45,4
askdocs_1v4b9dz,67ca91854b46524f,4.429,10.222,10.27,184,18
askdocs_1v4bctj,00940d7a9df6c6ea,16.603,28.182,19.195,310,11
askdocs_1v4bemv,25211369482194c8,21.046,50.5,6.731,101,2
askdocs_1v4bgbr,6e31a3ecd79c2caa,8.73,20.0,15.0,40,2
askdocs_1v4bhsn,784fa3aa8e30d476,9.614,17.75,9.767,213,12
askdocs_1v4bj6b,7aea9b60d3bee8f3,12.42,30.455,18.713,335,11
askdocs_1v4bk8k,3127f88b2ce4f9c9,6.058,11.875,12.632,95,8
askdocs_1v4blqf,d2df0bc96c1e3579,9.068,19.4,9.091,194,10
askdocs_1v4bryr,ca37f1dcb43f7442,7.958,16.033,11.34,481,30
askdocs_1v4bvek,fc733483727b940a,6.023,15.222,6.944,137,9
askdocs_1v4bzeo,89d18b0fd02731c4,10.055,19.6,12.808,196,10
askdocs_1v4c05k,429fccc69cf415cc,8.895,21.0,13.636,42,2
askdocs_1v4c1pb,94eefe2210c4064e,7.931,19.08,6.237,477,25
askdocs_1v4c2k9,e65e3cf4e7df1d75,6.037,13.667,10.0,328,24
askdocs_1v4c3g3,d301e027fc6aaad5,8.971,22.571,8.589,158,7
askdocs_1v4c65g,f738dbddcb8c0310,8.966,18.0,10.959,72,4
askdocs_1v4cchk,3376479802aea984,4.163,9.714,15.942,68,7
askdocs_1v4ce7b,5546edefb2ea477f,3.162,9.0,9.589,72,8
askdocs_1v4ceno,c7387b9c13badec4,5.804,12.167,15.0,73,6
askdocs_1v4cj39,02da0466555f9152,7.19,17.222,9.375,155,9
askdocs_1v4ckxt,9d083b5c12e8757a,4.052,9.571,9.524,201,21
askdocs_1v4co5j,322122553af8fb4b,10.508,23.381,11.876,982,42
askdocs_1v4cqan,e2a9176962986faa,9.021,17.333,16.97,156,9
askdocs_1v4cqg8,3365e7793e0916be,4.869,18.0,13.889,36,2
askdocs_1v4crfh,4d14c195603db6ea,11.688,27.765,10.947,472,17
askdocs_1v4cstj,68fe549c1fbfae0c,7.834,21.0,11.518,189,9
askdocs_1v4cv23,604f4d4d475ca571,6.173,14.111,11.719,127,9
askdocs_1v4cyxx,919ec8fc7c3ab5ee,11.45,30.0,6.667,30,1
askdocs_1v4d2js,22d720f280f3bd2d,1.608,9.667,8.197,58,6
askdocs_1v4d3db,e6e37db77edc2fec,11.081,12.385,10.909,161,13
askdocs_1v4d496,541908d8f72f1088,7.353,15.931,12.179,462,29
askdocs_1v4d81j,0e75cac57f9ad63d,14.155,34.667,6.881,208,6
askdocs_1v4daop,5cbeaae1e9438ffa,5.175,10.5,14.062,63,6
askdocs_1v4dc83,fe02fdeb03cfb620,4.21,12.875,2.703,103,8
askdocs_1v4dfg0,71c8fd38db444941,11.063,24.5,13.592,98,4
askdocs_1v4dglu,63d30ba10ac79936,10.576,26.6,8.989,266,10
askdocs_1v4djj1,60115520c47302e7,4.537,11.172,5.556,324,29
askdocs_1v4dk78,1b186647ff2de82e,8.042,15.882,8.148,270,17
askdocs_1v4dncm,f1bf5401be341955,9.672,17.833,10.28,107,6
askdocs_1v4doom,bac4d289712494d3,9.341,20.167,8.943,121,6
askdocs_1v4drbc,ed92ef4045c29910,7.867,13.733,12.207,206,15
askdocs_1v4dtqo,c2b49cd7d9f8a3ea,6.073,15.154,9.36,197,13
askdocs_1v4dvek,2287c0c9807d31f8,11.824,25.5,13.659,204,8
askdocs_1v4dvjw,ab4e57f993013fa3,7.259,9.0,9.052,216,24
askdocs_1v4dw6b,10330998efaab433,7.91,20.6,5.66,103,5
askdocs_1v4dyiw,cf3ad1f64ac3146f,19.014,50.0,7.843,50,1
askdocs_1v4e1c4,b34902e89b70bcc0,7.998,16.889,17.834,152,9
askdocs_1v4e1ww,c80f6f38222d68f7,5.923,14.4,15.789,72,5
askdocs_1v4e1x9,682b391f4223d8da,7.661,21.688,9.687,347,16
askdocs_1v4e3ft,296becfa00d7b8cf,5.923,14.4,15.789,72,5
askdocs_1v4e3mb,08dd9d5b365af54f,6.847,13.286,23.958,93,7
askdocs_1v4e409,892ad10f5e37d44e,4.932,12.6,11.282,189,15
askdocs_1v4e8qy,de5474ea95a00545,3.728,10.125,10.778,162,16
askdocs_1v4edhb,4061223cafd13e15,3.675,13.286,10.638,93,7
askdocs_1v4edtt,024c75c740ce8984,7.693,19.2,11.058,192,10
askdocs_1v4eh43,104dac67a770efe7,11.181,21.5,6.818,43,2
askdocs_1v4ehxg,b8479ac3c41c1e90,6.693,15.286,12.963,107,7
askdocs_1v4ekqo,bd90c46b35ccd858,10.128,22.933,7.324,344,15
askdocs_1v4epex,60ebb52d8cd45bd3,8.713,22.75,5.435,91,4
askdocs_1v4eqsd,9de0b3a46913aac2,5.932,20.5,11.905,41,2
askdocs_1v4euja,2ae29f3fb6ce5186,6.104,15.385,9.36,200,13
askdocs_1v4evyt,4560a487ffd7c351,9.195,22.571,6.329,158,7
askdocs_1v4exk7,e8946b19cfe2b6fa,9.891,15.65,9.451,313,20
askdocs_1v4eyuy,1e89d960f0a0095a,8.425,20.077,8.24,261,13
askdocs_1v4ezj2,d1b6d136d993ebb7,8.757,18.929,13.214,265,14
askdocs_1v4f2lk,49791df4c5565fea,4.535,10.0,19.048,40,4
askdocs_1v4f5gc,a473a20c46ac9aed,4.006,11.25,8.696,45,4
askdocs_1v4f7nn,667b4bb46860a000,12.721,32.25,13.433,129,4
askdocs_1v4fanw,84dcdd88653eedd2,3.394,10.857,9.211,76,7
askdocs_1v4fezw,bc67685288899c04,9.147,22.333,7.857,134,6
askdocs_1v4fggw,ad39a8f7e0b024fd,5.982,13.333,16.867,80,6
askdocs_1v4fh3k,c051d475be94c35d,6.793,16.75,6.944,134,8
askdocs_1v4fild,bbbf99f48a9c7906,7.108,17.667,3.774,53,3
askdocs_1v4fjkt,03feb6f294d158b7,16.565,37.333,7.08,112,3
askdocs_1v4flfo,449a1b431e169719,9.268,22.5,8.897,270,12
askdocs_1v4fn5k,6dc8a0f475a2be54,5.968,11.312,12.366,181,16
askdocs_1v4fpg4,b68e49876fecde60,4.24,12.857,8.511,90,7
askdocs_1v4fvto,3239e089e8bf6304,6.255,16.438,7.224,263,16
askdocs_1v4fxs8,f79ec0cc4a1ca70c,2.863,10.0,16.667,30,3
askdocs_1v4fy3d,d6d9ba0ec703179a,7.709,19.0,9.524,228,12
askdocs_1v4g15k,f2b28d654eed38fb,5.864,11.0,8.511,44,4
askdocs_1v4g1x4,3b17d06ae25e1034,7.371,17.75,8.392,142,8
askdocs_1v4g34z,26a7fd0955845708,9.099,14.059,9.412,239,17
askdocs_1v4g4na,03d91011df5f4ffd,5.843,16.0,7.5,80,5
askdocs_1v4g89e,4b6714db88eebf8d,7.08,19.667,4.0,118,6
askdocs_1v4gb5n,78837e6572ee081f,22.165,55.0,6.306,110,2
askdocs_1v4gcp0,585f28b370eb25c6,11.47,24.0,10.417,48,2
askdocs_1v4ge2x,63cfffd8814c080a,10.631,27.571,9.794,193,7
askdocs_1v4gih6,579103c7873f8c21,1.608,9.667,6.897,29,3
askdocs_1v4gjgl,a5babe628baddb38,10.494,11.812,16.923,189,16
askdocs_1v4gjj8,768f51ec838396ce,7.1,15.1,14.563,302,20
askdocs_1v4gq9p,9af34c0c016b96dd,6.137,16.0,14.286,96,6
askdocs_1v4grq0,1761fc6d695c8881,8.094,14.833,15.054,89,6
askdocs_1v4gsj3,abe7b4e1454dca15,7.37,13.368,16.538,254,19
askdocs_1v4gt59,f7bebd6e0e287c66,8.09,15.167,14.583,91,6
askdocs_1v4gws3,556e68eecd2ec7df,5.809,12.714,7.692,89,7
askdocs_1v4gzmt,c26c36df06fe4fde,4.124,9.867,6.875,148,15
askdocs_1v4h0hy,e59a2473324c654b,9.428,18.909,17.84,208,11
askdocs_1v4h2ft,31460155a6028300,7.149,18.375,4.0,147,8
askdocs_1v4hbue,062ef63bba4c0cec,11.996,29.0,13.793,29,1
askdocs_1v4hfhq,c191a2d0214f58c5,7.607,17.4,13.333,87,5
askdocs_1v4hgsr,a696d520e19ef31c,15.709,39.4,8.612,197,5
askdocs_1v4hjxv,463e0e31db4ce169,7.427,14.611,12.222,263,18
askdocs_1v4hk5c,7cf0ca8a0d96db44,5.907,12.286,9.915,344,28
askdocs_1v4huns,4e7a447f074481f2,3.827,13.25,5.556,53,4
askdocs_1v4hvwm,677ae29c6ffb8995,5.118,9.333,19.643,56,6
askdocs_1v4hxfh,91727b8c9fd458f2,5.608,13.25,6.364,106,8
askdocs_1v4hyt3,4e358e5c0d0b9a49,2.68,6.8,17.647,34,5
askdocs_1v4hyvr,c28f3878b73ad009,9.231,9.5,12.658,76,8
askdocs_1v4i2g5,6776e18afb660de5,9.585,23.7,12.185,237,10
askdocs_1v4i8rp,a8448b02d742c9b3,6.526,12.25,12.121,98,8
askdocs_1v4iatb,0ae4998e9e37b31d,7.326,20.444,13.587,184,9
askdocs_1v4idwx,3ffdedecf9e3705f,9.543,12.476,13.19,262,21
askdocs_1v4idz5,f235297172fa272b,11.398,14.977,15.464,659,44
askdocs_1v4ifp3,dcbefc6d580b23c5,5.792,15.545,10.286,171,11
askdocs_1v4igai,85344918d55cf68f,6.415,19.0,7.792,76,4
askdocs_1v4ikt8,2d876cdc8fb4c732,29.222,74.333,7.175,223,3
askdocs_1v4ilbv,2b3a32d1e1b41119,5.463,12.75,15.094,102,8
askdocs_1v4ilgx,ee0cb0ccf0f9da06,5.164,10.667,11.765,32,3
askdocs_1v4imgy,3181833e6fedb9b0,6.504,13.625,15.929,109,8
askdocs_1v4imkh,716b62c5862efe99,3.453,10.0,6.557,60,6
askdocs_1v4ipa3,45454d6c02213805,7.466,12.118,14.692,206,17
askdocs_1v4iq8y,49a64e0ae98d7a7a,13.008,11.5,12.5,23,2
askdocs_1v4iqgo,353098ab9bb3330d,8.828,18.833,16.596,226,12
askdocs_1v4irsd,3cd6c2443c962182,10.455,25.909,10.135,285,11
askdocs_1v4iveb,8562e9346e2670c7,5.574,8.5,10.656,119,14
askdocs_1v4ivn1,187de1ea9e773597,11.361,17.15,8.472,686,40
askdocs_1v4iw9b,db5c3980619ff040,5.692,10.429,5.96,146,14
askdocs_1v4ixmy,f20eadd07e4a1fbc,4.865,9.067,12.868,272,30
askdocs_1v4j4lw,f1d3c61053002a8d,3.986,11.0,5.618,88,8
askdocs_1v4j8i4,d7ddfca4c4e9e317,11.494,23.778,19.907,214,9
askdocs_1v4ja3l,599a289fa56c4973,10.645,15.833,18.947,190,12
askdocs_1v4jaxx,278183751dc27583,7.305,11.429,17.284,80,7
askdocs_1v4jcnd,6363a672de734f60,7.28,18.385,6.612,239,13
askdocs_1v4jcxo,b6c73de3a00a8db6,8.057,13.25,20.0,106,8
askdocs_1v4jdf6,d0850edae4eb2883,8.418,19.5,4.651,546,28
askdocs_1v4jdj2,c57803adabbf7f70,1.82,8.333,0.0,25,3
askdocs_1v4jg00,476988d10aa3ce8c,3.897,10.4,9.434,52,5
askdocs_1v4jjqy,2c600e2241c8ad8f,3.241,11.0,6.731,99,9
askdocs_1v4jn8m,14199399e687e21b,19.473,42.75,13.218,342,8
askdocs_1v4jna7,0d6104e453677958,4.286,11.5,11.268,69,6
askdocs_1v4jo60,c825edbeb04aca9e,8.419,15.0,9.29,180,12
askdocs_1v4jom5,7d7e327294cc83f7,5.1,10.25,14.634,41,4
askdocs_1v4jonr,97b52013f2697518,8.369,19.6,12.69,196,10
askdocs_1v4jt5f,28d0313f31d512e0,7.486,18.917,5.727,227,12
askdocs_1v4k5vi,c3951aaee933fe41,6.672,14.6,10.0,292,20
askdocs_1v4k99b,b10296d5a56314e1,11.974,30.5,4.167,305,10
askdocs_1v4k9rv,9ef31c523056480b,6.405,14.571,15.534,102,7
askdocs_1v4kb8b,d6727343985a0824,11.219,28.75,12.8,115,4
askdocs_1v4kc9l,e493ab1fcf881589,7.005,16.304,5.025,375,23
askdocs_1v4kdyi,f923e8cb11742482,6.672,14.875,9.917,119,8
askdocs_1v4kg87,9d6c88c461255f13,14.643,33.429,12.712,234,7
askdocs_1v4kkh0,86132644554872d7,10.496,10.19,22.422,214,21
askdocs_1v4kmkv,53d7e0413abbea45,14.329,34.0,17.143,34,1
askdocs_1v4knna,c03a3569b1387d6a,9.001,17.579,10.029,334,19
askdocs_1v4kp48,473930f9ef5335da,6.624,18.077,11.157,235,13
askdocs_1v4kq1r,9535370abcbe7f40,41.148,110.0,10.0,110,1
askdocs_1v4kqpn,9df82482d586ec2d,7.723,14.0,10.256,154,11
askdocs_1v4l0xz,f0750b30269066da,7.657,10.35,15.166,207,20
askdocs_1v4l1ih,3cb04f3b3018b038,11.392,18.667,15.254,112,6
askdocs_1v4l2sl,72ae2c2793b7b8b3,7.436,15.923,15.238,207,13
askdocs_1v4l2zr,4a33c9525504ae61,7.231,17.682,9.391,389,22
askdocs_1v4l3c3,4fbd6383aec55066,4.782,13.4,4.412,67,5
askdocs_1v4l3rn,3a9bd9408227d17d,8.041,14.8,9.211,74,5
askdocs_1v4l7ed,6d4a085395fb5cf8,2.49,10.125,7.229,81,8
askdocs_1v4l7ja,06d89c125acb3b43,7.457,18.2,8.421,91,5
askdocs_1v4l8tr,8b02de97428e2df0,8.699,16.467,9.921,247,15
askdocs_1v4ldaw,8a2618a1aa85b117,6.136,14.273,5.199,314,22
askdocs_1v4lf3f,1989ffc5f1b4736c,12.011,12.65,10.769,253,20
askdocs_1v4lj8s,e8d5e271540e2a1e,12.244,30.455,10.294,335,11
askdocs_1v4lomm,e0795ec632070e09,13.283,27.182,14.887,299,11
askdocs_1v4lp36,f8c8435c6ee05d79,11.256,27.0,10.0,81,3
askdocs_1v4luq2,7cb76d6319c227bc,6.465,11.579,13.182,220,19
askdocs_1v4lvmi,f5274bdf3b4c924a,9.29,16.882,16.832,287,17
askdocs_1v4lx4g,0d41589e11c6e728,18.16,33.091,11.828,364,11
askdocs_1v4lzqu,e11a2faf9e39e283,6.629,16.0,10.309,96,6
askdocs_1v4m1e1,18552798a0c41d57,5.681,15.5,13.548,155,10
askdocs_1v4m2et,fafe69425e9f1e73,7.854,18.25,7.285,146,8
askdocs_1v4m6w7,3906a48d227d05b9,7.901,17.6,21.978,88,5
askdocs_1v4m9bd,13dc1b79b1f3e568,8.537,20.783,8.635,478,23
askdocs_1v4m9hm,8e464ee1297db888,4.159,9.2,6.383,46,5
askdocs_1v4m9nq,0cf97d99d843ba20,4.442,8.833,13.889,106,12
askdocs_1v4mbge,d47f0cdda2ce4e20,6.314,13.0,15.385,143,11
askdocs_1v4mf8n,d1b9ca5d0dfa4bf6,5.884,14.0,8.929,56,4
askdocs_1v4mgo1,e4b2294636644f08,6.162,14.188,8.714,227,16
askdocs_1v4mphv,f57fa17330348764,9.602,24.0,9.016,120,5
askdocs_1v4mpsa,8256cef0a8b04cd4,11.16,14.606,13.415,482,33
askdocs_1v4mr1t,4aa399a4c1de52ce,7.922,18.222,13.295,164,9
askdocs_1v4mre5,8ef818806232d494,5.623,13.45,10.87,269,20
askdocs_1v4mru9,2fa029c69deba3a1,20.802,52.0,4.487,156,3
askdocs_1v4mtnd,6890badb3b000b6b,6.767,12.25,8.0,49,4
askdocs_1v4mvbb,ba60f803984901be,6.308,20.2,4.95,101,5
askdocs_1v4my8k,d91de04ef8907ac4,8.439,19.4,13.946,291,15
askdocs_1v4myad,bea2623a5ed88111,2.649,7.0,2.778,35,5
askdocs_1v4n1n4,a9b96df1421cf4a4,5.879,15.185,9.002,2050,135
askdocs_1v4n2y3,f93149a4ab99bcce,9.269,21.824,5.391,371,17
askdocs_1v4n5mh,6fc73f52e9545c5e,4.799,11.5,4.082,46,4
askdocs_1v4n7v7,9a1ba733aa36fd01,8.177,20.035,7.559,1142,57
askdocs_1v4ndbc,720fb756cbd75e33,8.73,20.0,10.0,60,3
askdocs_1v4nmq9,76d5b984773b74f9,7.409,7.667,29.167,23,3
askdocs_1v4nna2,b2ffa0962a7daa55,6.519,11.182,12.8,123,11
askdocs_1v4nt0c,476b30b5ea969119,6.771,16.105,11.146,306,19
askdocs_1v4nt1s,f61103c2b6641d5c,5.321,14.2,4.138,142,10
askdocs_1v4ntx5,c8da4728719a62fa,7.977,10.0,22.581,30,3
askdocs_1v4nv1e,e2bc02c71da302f5,12.403,29.0,13.333,29,1
askdocs_1v4nv55,3f6ee9323201275a,10.906,12.333,10.811,37,3
askdocs_1v4nvpw,fcbd0c81b392a914,6.07,14.56,8.707,364,25
askdocs_1v4nwyc,969fe49dd328ab56,5.996,10.941,9.524,186,17
askdocs_1v4nxsv,ed60e481a8dd7ca1,14.641,35.667,10.28,107,3
askdocs_1v4nya4,4d51b967b0c18cb6,4.306,10.778,7.921,97,9
askdocs_1v4o035,26c443475b4b1694,8.116,18.455,11.275,203,11
askdocs_1v4o7cs,92495d717547ee8d,3.918,14.0,4.444,42,3
askdocs_1v4obhd,e7b0f6fa36daf78e,13.258,29.867,8.225,448,15
askdocs_1v4odwy,4b8b37afa24ca407,2.996,8.5,22.857,34,4
askdocs_1v4og9e,06fd156f3141a0ab,8.071,18.949,7.537,739,39
askdocs_1v4ohci,d432ae4b972573d8,3.755,8.0,19.512,40,5
askdocs_1v4okrm,ef4bccfe7a43d323,7.257,18.0,8.3,252,14
askdocs_1v4onj8,ee288a074eca82db,4.98,12.286,5.495,86,7
askdocs_1v4ontw,ff4a2dc8a34b938c,13.848,36.2,8.791,181,5
askdocs_1v4oo8p,276d6dcb6014ddaa,15.424,37.0,5.128,111,3
askdocs_1v4oooo,a53b11ef9299333d,11.036,18.941,12.952,322,17
askdocs_1v4oq2f,6b29b1b553f93d63,8.769,20.25,15.294,81,4
askdocs_1v4os39,ff1a8845cecb70ec,9.447,16.724,13.78,485,29
askdocs_1v4otio,06fe527cd85da662,6.512,13.059,6.608,222,17
askdocs_1v4oxtz,a6e9ed1334ba2c52,10.263,26.636,8.844,586,22
askdocs_1v4ozli,6f0cac434626cbf0,8.978,25.667,8.861,77,3
askdocs_1v4p4ty,b66e9d23b0729f61,4.359,12.25,10.204,49,4
askdocs_1v4p9iy,2b9200518e018569,7.425,16.436,10.753,641,39
askdocs_1v4pc2u,41bffac2fd8e33e5,8.141,14.3,11.644,143,10
askdocs_1v4pckx,a38a684b05184a69,6.086,21.0,4.762,21,1
askdocs_1v4pfq4,fa6edb6afca8fc9d,9.91,20.0,14.978,220,11
askdocs_1v4pgtv,173277e776ab40b3,2.828,9.667,2.941,29,3
askdocs_1v4pgul,e08327dd5fb14a96,3.676,10.5,14.286,42,4
askdocs_1v4pmsj,27078ccad06344cf,7.495,17.778,14.11,160,9
askdocs_1v4poer,1678afb7ecf085f2,3.912,11.429,7.317,160,14
askdocs_1v4ppa2,8f6e0c9056f0e554,5.927,16.0,10.526,112,7
askdocs_1v4ppev,7cf61255748b9180,8.365,19.778,13.918,178,9
askdocs_1v4pr1w,13b0fde94394618f,11.669,18.6,11.429,279,15
askdocs_1v4psv9,f202dc21b6f1308e,4.303,11.7,9.402,117,10
askdocs_1v4pwtg,1449673638f3e0f8,5.581,10.0,5.983,110,11
askdocs_1v4pxuk,2be8ee00a08d311f,4.769,13.444,4.132,121,9
askdocs_1v4q2h4,d8366d88a20a419c,5.376,14.538,12.371,189,13
askdocs_1v4q5qz,8bd6613532cf2438,6.06,12.267,11.892,184,15
askdocs_1v4q6w1,febd68ea54e39c91,7.465,14.875,12.917,238,16
askdocs_1v4q75f,abb60bed332ce785,7.879,19.0,12.409,133,7
askdocs_1v4q761,68357811581c489d,8.809,18.333,12.411,275,15
askdocs_1v4q7rl,6edcf1c2fbc9a766,3.849,8.625,12.857,69,8
askdocs_1v4qav8,9b658fcae212c125,6.105,14.125,4.545,226,16
askdocs_1v4qc2o,7140831ab37c29d2,5.108,14.429,2.885,101,7
askdocs_1v4qch4,d6a590b515f1f1b8,10.731,23.625,9.794,189,8
askdocs_1v4qcuu,d1bef3ae1da41ac5,7.198,14.727,9.884,162,11
askdocs_1v4qfgk,3e6d4a3651ce1817,8.132,18.4,7.368,92,5
askdocs_1v4qjam,fdd69372c2bfe4a3,15.785,15.526,16.279,295,19
askdocs_1v4qlvm,b3f163558825c67a,11.256,21.125,6.818,338,16
askdocs_1v4qw08,c833a59b3bb6d8a9,26.284,69.0,12.95,138,2
askdocs_1v4r1jd,3089472f652a7b29,8.063,16.705,10.371,1019,61
askdocs_1v4r6ae,3fbe3061ddb507f4,6.204,16.4,3.488,82,5
askdocs_1v4ralq,ae6ad1d27bf604df,11.268,18.652,10.855,429,23
askdocs_1v4rcp0,42789da11ebe49dc,27.387,70.0,7.143,140,2
askdocs_1v4rfa4,0e2c8ddfd1c1e830,7.166,16.714,7.692,117,7
askdocs_1v4rged,63533da4d0418c33,6.187,14.714,9.434,103,7
askdocs_1v4rgwi,5200298b4ff57de1,7.915,18.667,14.286,56,3
askdocs_1v4rige,b8ff3164fdd28a97,7.266,17.692,7.826,230,13
askdocs_1v4rir1,61904226c845f3cb,10.456,23.429,6.098,164,7
askdocs_1v4rkqm,a2500a2bbe956941,9.567,19.769,9.158,257,13
askdocs_1v4rl8k,08622c3102b03c8e,12.009,32.0,12.5,32,1
askdocs_1v4rtwk,3f965960d50f2e5b,4.642,12.929,12.155,181,14
askdocs_1v4ruyg,9bfb88410b8f2d22,5.78,20.0,4.545,20,1
askdocs_1v4rv0p,6fef0ce86fdf2ed5,10.64,13.545,15.207,596,44
askdocs_1v4rxz3,937c3040d167e8e7,2.883,10.167,3.175,61,6
askdocs_1v4s11t,fba340e18ed2dcac,3.705,11.789,9.778,224,19
askdocs_1v4s2mc,573cf8e5134f4d41,11.867,25.182,11.228,277,11
askdocs_1v4s551,abe604ecfef20ed9,11.822,28.25,13.913,113,4
askdocs_1v4s5qs,c87ba264dcf8e882,8.188,19.952,8.019,419,21
askdocs_1v4s6kh,db4a6c3ab165d9bb,4.533,8.625,14.583,138,16
askdocs_1v4s6un,e8e555f9c15f1152,11.342,20.692,13.653,269,13
askdocs_1v4s7i5,f10d99c805a56d12,12.594,34.0,10.811,34,1
askdocs_1v4s843,766b79195cb68a9a,6.286,15.75,9.231,63,4
askdocs_1v4s8iw,3976fc19624a8abd,8.236,18.7,6.218,187,10
askdocs_1v4sbgv,1f94d95a7ec8fbf8,24.98,64.0,6.701,192,3
askdocs_1v4sbn2,e24a48f10dc59287,7.059,16.0,10.938,64,4
askdocs_1v4sbpd,2644d03f12f5abaf,8.523,18.455,7.442,203,11
askdocs_1v4scgm,9918ca333a344074,2.714,10.333,7.576,62,6
askdocs_1v4sd5l,dbbc3c2475dfbd63,5.392,13.588,4.564,231,17
askdocs_1v4sfsb,b1d56ae7b7f9d6ee,2.426,10.364,4.274,114,11
askdocs_1v4shbb,c38b486c4a90d0b9,8.766,24.0,6.122,48,2
askdocs_1v4sj8t,6a697a1643b14c27,4.823,12.0,12.5,48,4
askdocs_1v4sk1h,0385fb5ea8d2e7a2,4.978,18.0,9.091,54,3
askdocs_1v4sksi,88d2e99d29fde699,6.735,13.868,12.326,1054,76
askdocs_1v4sp3v,e67fbf6aac1133f1,7.115,14.667,5.185,132,9
askdocs_1v4st7j,223ff45ee25aaa6d,24.639,68.0,7.353,68,1
askdocs_1v4szbz,4f760fbfe059aeb4,12.375,26.737,10.775,508,19
askdocs_1v4t1h7,02b24ce7bcbf9cad,5.251,9.429,13.433,66,7
askdocs_1v4t28o,14c081d1d69be26b,4.947,10.857,5.263,76,7
askdocs_1v4t4wp,e597cf10f2713dc4,17.969,49.0,9.804,49,1
askdocs_1v4t67w,dd1dca1cae6abca0,5.554,12.161,7.053,377,31
askdocs_1v4t7p5,57e697cea29d3680,7.862,18.308,15.984,238,13
askdocs_1v4taoy,ad3e38f220ff8344,7.232,23.0,0.0,46,2
askdocs_1v4tcmi,3264a853d1980afb,4.199,14.0,6.667,28,2
askdocs_1v4tfw4,bd0f762947e9db54,8.364,17.455,7.921,192,11
askdocs_1v4tgkj,db55bbd6b5aa75ff,8.989,15.714,18.421,110,7
askdocs_1v4tje0,81708b1dde03e669,7.18,13.0,25.926,26,2
askdocs_1v4tofy,6569458915a97cb7,8.617,18.19,10.513,382,21
askdocs_1v4tti6,499752dbc8c3238a,9.334,19.0,13.542,95,5
askdocs_1v4tz5a,960aed868263e1dd,6.9,19.75,6.329,79,4
askdocs_1v4tztl,12aed69c95bf6c56,6.016,17.25,20.548,69,4
askdocs_1v4u1oc,184826d7ae9a4a36,3.718,11.0,6.897,55,5
askdocs_1v4u1x0,f4bdf79d08e3596b,8.445,14.7,19.048,147,10
askdocs_1v4u2qq,067f82bc7738139d,5.908,14.25,10.924,114,8
askdocs_1v4u82v,4394feb4abe59b74,6.4,13.75,9.009,110,8
askdocs_1v4u93h,c90e801cfec3e340,5.561,11.875,13.684,95,8
askdocs_1v4ucgk,2cadabdc081a3b6b,6.113,13.375,7.175,214,16
askdocs_1v4ue7c,bc1b49dab15b101d,13.728,34.6,3.371,173,5
askdocs_1v4ueko,0a6ac9c3e46cd44c,6.561,10.909,21.825,240,22
askdocs_1v4uhuq,4c1601029f0883e2,7.305,13.071,13.83,183,14
askdocs_1v4uidd,d7f3165994bcb826,4.154,13.0,10.0,78,6
askdocs_1v4uj9f,0d99c8ecf4cf0dcd,6.635,16.4,9.524,82,5
askdocs_1v4ukfy,7860ec2da75e527e,9.06,15.357,17.727,215,14
askdocs_1v4ukzi,ab5ab4bc9ebc395c,9.554,29.0,3.333,58,2
askdocs_1v4ulu3,ba8f121aa7e8f9da,7.316,15.75,9.091,126,8
askdocs_1v4umhm,82b41c4653f7fae5,4.608,9.8,14.0,49,5
askdocs_1v4upvy,69512730124749cd,5.12,14.5,6.897,58,4
askdocs_1v4usu8,bc6d9bd8d4631146,10.868,23.3,11.111,233,10
askdocs_1v4ut21,7abefea7a78df1f2,6.38,12.0,11.034,144,12
askdocs_1v4utzh,64b338c2a7b769ee,6.538,12.083,11.644,145,12
askdocs_1v4uxrc,357361afae03d784,8.032,16.529,7.667,281,17
askdocs_1v4v3bi,7937b58fea411ba4,6.167,12.615,10.303,164,13
askdocs_1v4v94y,9fc22488a2d9bb08,8.854,21.692,8.247,282,13
askdocs_1v4va9r,90d8c84b02256566,12.024,13.692,21.739,178,13
askdocs_1v4vaaw,00fe0e57292abc67,7.509,17.071,6.667,239,14
askdocs_1v4vba8,726dea3b0abc9414,7.994,19.812,10.802,317,16
askdocs_1v4vbox,c85c7d84f7ec7842,8.298,14.125,10.833,113,8
askdocs_1v4vgkz,0c58c3f5a94dfbe8,6.394,15.647,8.696,266,17
askdocs_1v4vgml,43b9ee1ca345bf18,3.949,11.2,5.0,56,5
askdocs_1v4vmle,f90d864f8947b656,6.287,14.8,12.162,74,5
askdocs_1v4vnwt,da03134a26ff5d4b,5.796,10.318,9.16,227,22
askdocs_1v4vobr,73f1eb74ea31812d,5.923,14.4,16.667,72,5
askdocs_1v4voye,028f168fc5d49da3,8.081,20.615,5.944,268,13
askdocs_1v4vs8y,4cabfd983b403745,5.983,10.143,18.31,71,7
askdocs_1v4vsy8,316187fb5ce8b983,5.403,15.0,8.197,60,4
askdocs_1v4vvbe,17c08d931ded396b,7.437,13.2,11.94,66,5
askdocs_1v4vvvu,faf66063c1b3bbbc,8.627,15.75,9.16,126,8
askdocs_1v4vy5e,1ef2883e6a0f6aa9,9.671,14.688,8.184,470,32
askdocs_1v4w0u4,9aa24474fa3d89da,7.149,14.0,10.714,28,2
askdocs_1v4w354,f79e736a4b965642,5.634,15.818,4.839,174,11
askdocs_1v4w3a3,6af5a47fc7c7e890,11.074,23.556,12.67,212,9
askdocs_1v4w548,10c051db5703a69e,7.843,15.667,12.766,47,3
askdocs_1v4w559,c508bd3a816ee267,5.67,14.556,8.088,131,9
askdocs_1v4w5om,92bf04c83c1daed7,8.771,21.333,20.312,64,3
askdocs_1v4w63x,f6554c1a160f0852,10.237,25.429,8.38,178,7
askdocs_1v4w6z4,c3289d9489d1a543,3.421,10.75,13.953,43,4
askdocs_1v4w9wu,d709bb64f80baec7,6.308,15.444,9.22,278,18
askdocs_1v4wdof,be7820e2782f96a3,7.771,18.417,11.765,221,12
askdocs_1v4wetn,d231e48e205425bc,18.71,47.5,9.278,95,2
askdocs_1v4wf8g,1f10381fdcfccd2d,5.761,13.143,12.366,184,14
askdocs_1v4wfg2,ee46d2cf4a109715,4.243,13.5,8.537,81,6
askdocs_1v4whoa,344d38603ccafdd1,7.073,15.52,9.298,1521,98
askdocs_1v4wncl,e536a4d23d57c384,2.905,10.333,8.163,93,9
askdocs_1v4wptn,2cf64e10a92f8ed8,17.693,45.0,6.522,45,1
askdocs_1v4wrbo,ebb0018a3e0a93b2,15.563,35.0,10.0,420,12
askdocs_1v4wveg,2e2db4dda49fec9a,3.653,9.0,7.692,63,7
askdocs_1v4wxi5,84ce34072ff2f382,21.415,55.0,9.821,110,2
askdocs_1v4wzoh,5e430293e90af4d2,9.001,20.156,5.882,1290,64
askdocs_1v4x01v,10d36d9692be456b,7.414,16.143,6.167,226,14
askdocs_1v4x1rc,c34274ab53d7b4a1,9.87,21.9,14.414,219,10
askdocs_1v4x6ud,7797e253820ce63e,5.031,16.0,18.182,32,2
askdocs_1v4x8pf,cfe9d36fe8955a9a,6.252,13.889,17.188,125,9
askdocs_1v4x9yq,85df1ff0195b48c0,8.209,18.5,7.08,111,6
askdocs_1v4xarc,e458ebff0373ed46,7.601,17.824,12.945,303,17
askdocs_1v4xayy,f93f2d40392c5c59,7.28,19.667,12.308,59,3
askdocs_1v4xd5h,7691e699fc8c9c02,7.68,16.267,6.939,244,15
askdocs_1v4xdav,490fd10fa62c641b,5.649,13.2,13.636,66,5
askdocs_1v4xdpu,5081d8946ad2565e,11.499,20.583,8.88,247,12
askdocs_1v4xe2y,d7f64b4e40711d47,7.941,12.643,16.216,177,14
askdocs_1v4xfzy,ea606eecdd72809c,5.773,10.511,9.488,473,45
askdocs_1v4xg8g,78a90bd6cf6c5bfc,7.617,16.067,6.612,241,15
askdocs_1v4xhco,25dd0f9e5df3a648,12.436,29.375,10.169,235,8
askdocs_1v4xiov,8de14ad93734d768,7.777,15.067,10.97,226,15
askdocs_1v4xou9,da7cbdcb11aa1e25,8.084,17.812,13.22,285,16
askdocs_1v4xp1x,d4fd8e5c7bf8ea20,6.747,16.353,9.574,278,17
askdocs_1v4xquz,cd574c9a162db6ba,9.24,15.143,17.13,212,14
askdocs_1v4xtc8,8ebb577c279887e4,7.159,16.727,5.025,184,11
askdocs_1v4xu7z,d74c4394597afa45,12.363,23.0,4.167,23,1
askdocs_1v4xvnl,cd89db107759bd8c,43.726,113.0,7.018,113,1
askdocs_1v4xwcg,d426db27abbce7ce,7.429,17.833,4.954,321,18
askdocs_1v4xxqw,1efdfaadc8b1e3c2,9.251,18.429,8.846,258,14
askdocs_1v4xxsi,29bd187cae5bcf9d,8.679,22.0,6.818,88,4
askdocs_1v4y8ji,97955b45bc2ef3ec,7.715,16.4,10.778,164,10
askdocs_1v4y8t3,397cc5fdb8bab5ff,5.357,11.727,6.015,129,11
askdocs_1v4ybh0,8458cd20cfe7b0fb,5.849,15.75,12.371,189,12
askdocs_1v4ycfr,39f5cc5932874c2d,5.367,15.167,13.684,91,6
askdocs_1v4ydhu,de54bc04b00c67c4,4.366,11.1,10.87,222,20
askdocs_1v4ydq7,227e357bff87f43d,9.669,21.3,8.52,213,10
askdocs_1v4yfjr,45208b5f3bcbca99,8.143,17.125,13.475,137,8
askdocs_1v4ygar,bb5e0583c510bbef,6.801,10.6,12.963,53,5
askdocs_1v4ykng,3177625d32709765,14.546,39.0,8.264,117,3
askdocs_1v4ykvh,62345fffb20300d7,8.855,18.273,12.558,201,11
askdocs_1v4yldj,7a948b2161ed9f5b,8.364,14.727,15.882,162,11
askdocs_1v4yoya,c26864e97de3aed6,9.121,15.25,22.581,61,4
askdocs_1v4yr6l,64e3190f47c760e1,6.521,11.857,6.897,83,7
askdocs_1v4yxcx,8c9068568882a1f5,5.587,16.2,8.434,81,5
askdocs_1v4yyyg,8d06c4ed523b40aa,11.449,29.4,6.579,147,5
askdocs_1v4z166,47c2b4525dac8153,5.686,12.652,6.536,291,23
askdocs_1v4z1xn,453a5a8640ad18a2,11.551,23.5,10.744,235,10
askdocs_1v4z2gs,13eb8880a13c8aec,7.088,17.1,10.112,171,10
askdocs_1v4z4ko,8881c8cadc29ecba,5.879,15.714,9.091,110,7
askdocs_1v4z58v,e4a3f282868d40ac,3.482,11.25,15.556,45,4
askdocs_1v4z9nu,a09824174986ddd2,5.007,13.421,6.95,255,19
askdocs_1v4zehq,837585f95a89626f,13.331,31.357,8.061,439,14
askdocs_1v4zfgv,4e3e29b6567d6c10,7.984,20.4,3.922,102,5
askdocs_1v4zgtv,f472f73c7d09aa1a,5.833,15.429,12.108,216,14
askdocs_1v4zkyy,878ed642da83b436,10.074,18.9,10.417,189,10
askdocs_1v4zoww,858a2453517d4288,4.791,11.0,6.593,88,8
askdocs_1v4zs9g,9f0505aa03fbe128,9.709,21.538,12.069,280,13
askdocs_1v4zsps,d249e4169e804926,6.774,17.667,10.092,106,6
askdocs_1v4ztz9,f1cb81d995ccccd3,7.973,17.156,12.976,549,32
askdocs_1v4zu2b,b4c7fe74c98ea063,6.378,14.577,12.533,379,26
askdocs_1v4zw7t,42857bf18050f133,10.86,30.0,8.065,60,2
askdocs_1v4zy2f,4f3007f3e5b30e48,2.582,10.667,3.03,32,3
askdocs_1v4zzgi,77045bb3c31baf4a,7.188,9.611,13.559,173,18
askdocs_1v501fb,35fac1e503920ec0,15.012,25.167,13.924,151,6
askdocs_1v502lm,103b22990df1bb3a,8.755,21.0,8.333,168,8
askdocs_1v505sg,3061e41ef66aaa1e,9.095,24.333,7.895,73,3
askdocs_1v5063e,4810442d26125fb2,7.496,17.714,15.748,124,7
askdocs_1v507jj,97339308e5e31081,5.268,14.4,4.11,72,5
askdocs_1v509mz,4e190386d95025f3,3.865,9.353,6.211,159,17
askdocs_1v50aez,bfd11ec2dc229d55,3.355,10.0,12.346,80,8
askdocs_1v50bbm,2d42faa68e581649,8.316,19.5,12.381,312,16
askdocs_1v50bs3,d2cf393cc43a73dd,11.537,18.636,8.095,205,11
askdocs_1v50chs,973326837c155089,7.386,14.286,21.182,200,14
askdocs_1v50d3u,f243e2f78aa7620d,5.963,14.75,10.084,236,16
askdocs_1v50ed7,b4f5571720f1143c,5.643,12.167,7.895,73,6
askdocs_1v50h0g,67150a70cf259241,6.163,14.75,14.167,118,8
askdocs_1v50i40,f94a4f9e55bfb230,10.845,11.564,16.211,451,39
askdocs_1v50jy5,214fd9729c8e89d6,5.062,10.333,6.25,93,9
askdocs_1v50k52,bb56f2248d0c668b,5.525,13.8,8.571,69,5
askdocs_1v50mdr,4e2a8d33fa2527fe,5.708,12.778,10.833,115,9
askdocs_1v50nih,b44718f2e6f4456c,6.427,12.75,16.883,153,12
askdocs_1v50qo2,4a4d5b630ac115d0,6.147,14.286,7.843,100,7
askdocs_1v50r68,58b37a9410ee449d,11.008,28.333,8.779,255,9
askdocs_1v50sag,082626419c7945b2,8.307,16.5,19.048,198,12
askdocs_1v50xab,dead0d796066b971,10.403,18.412,12.739,313,17
askdocs_1v514ip,60a30f2eaea063c0,8.547,18.667,6.452,336,18
askdocs_1v5184r,18daedf9e248cb96,7.29,18.154,6.048,236,13
askdocs_1v518q8,10891358a5438e7c,8.018,20.5,4.242,164,8
askdocs_1v519h8,f4084ce658fe62d7,8.895,21.0,8.92,210,10
askdocs_1v51bfc,6709eb18e04443cf,3.765,9.8,16.0,98,10
askdocs_1v51bpx,b63793cd5ecf903a,7.597,15.75,9.302,126,8
askdocs_1v51c6p,09b332d47de42b84,6.18,12.8,23.881,64,5
askdocs_1v51dzw,f4359428da9fb977,6.836,18.0,6.667,72,4
askdocs_1v51itg,3caf26731996ea87,5.156,15.25,10.078,122,8
askdocs_1v51ocm,8be7a61a3b383fea,8.191,19.111,9.276,516,27
askdocs_1v51pk2,bea84c5de3719f08,7.311,13.962,13.757,363,26
askdocs_1v51vtf,b3787660b7eded1e,7.055,16.5,8.738,99,6
askdocs_1v51wfi,4fc078e44d32635a,7.858,16.0,7.071,96,6
askdocs_1v51xs3,966608da27ff1605,10.888,26.0,9.16,130,5
askdocs_1v520l2,363d337f166bc00a,9.666,21.4,13.939,321,15
askdocs_1v5227o,9fbefce6bfb73dbb,10.358,21.5,20.0,43,2
askdocs_1v5239e,f51db723df15ac09,7.145,12.472,13.305,449,36
askdocs_1v5254y,d340bffe19015cea,24.384,64.5,9.848,129,2
askdocs_1v52b1a,5edd1ba47f9d6022,4.319,10.286,8.108,72,7
askdocs_1v52cw7,8ba956c0900ae54c,7.588,16.357,11.392,229,14
askdocs_1v52fci,1e4e8c86ea7b5dd8,8.396,18.143,9.091,127,7
askdocs_1v52hg4,90bdccaef55c4a23,4.719,9.9,18.182,99,10
askdocs_1v52pix,d0c3409ca11b7d3e,7.911,14.118,7.28,240,17
askdocs_1v52pkk,09df833438288683,12.171,29.4,10.884,147,5
askdocs_1v52rwd,bdc4c07047c77f8d,12.199,29.0,5.085,58,2
askdocs_1v52s20,8d3010187f693f8e,7.764,19.294,8.657,328,17
askdocs_1v52seo,028ed13c649ccceb,9.45,20.55,9.489,411,20
askdocs_1v52st3,4079e57eb76714c7,7.637,16.333,10.811,147,9
askdocs_1v52x1e,3ed49a122aec9d12,6.507,15.4,11.392,154,10
askdocs_1v52xnr,ab67b39cd256eb95,12.216,24.538,8.207,319,13
askdocs_1v534cg,b1c6da653e203db2,7.144,18.6,9.574,93,5
askdocs_1v5350p,5df7f43b9263b3d9,52.538,130.0,12.977,130,1
askdocs_1v5360c,26979ea8058dec56,6.669,15.276,10.112,443,29
askdocs_1v53agk,fc3356f85e635245,3.853,12.583,8.125,151,12
askdocs_1v53ajb,acf4010b04f9b305,8.562,17.636,11.765,194,11
askdocs_1v53eno,f5bba8309a610d82,11.436,22.333,7.246,67,3
askdocs_1v53gou,8a3584db7c6efd9d,4.489,14.333,9.589,215,15
askdocs_1v53uga,aa8850c7e1654d36,6.211,17.2,11.957,86,5
askdocs_1v53ung,90d9aae65e30c8ed,7.867,16.722,6.977,301,18
askdocs_1v53xid,d2a143c948dbdfdf,5.667,12.286,11.494,86,7
askdocs_1v53zmh,6ffda36f54bfed4e,20.604,53.5,11.215,107,2
askdocs_1v541tn,17c69c06c87cb93e,7.058,15.05,8.039,301,20
askdocs_1v547ox,68d8e7446decab0b,4.146,11.231,6.623,146,13
askdocs_1v54980,fbccc48ab1f40227,6.744,10.2,8.564,306,30
askdocs_1v54dg0,01e0a896a27c1047,8.311,17.0,8.696,289,17
askdocs_1v54nxy,84652d1f9114df5c,7.322,13.133,8.738,197,15
askdocs_1v54pc9,dccee8de2d04c193,7.55,20.0,8.333,120,6
askdocs_1v54tce,986808a7777efe60,1.752,7.333,13.043,22,3
askdocs_1v54tnj,cfdc043efedf851d,8.724,18.333,14.035,55,3
askdocs_1v54v9a,4c37ea83d63cbbeb,5.03,12.2,4.839,61,5
askdocs_1v54wvp,634322e1b34d8a84,5.752,11.6,14.124,174,15
askdocs_1v54y8z,060ed41e8ea8d41d,7.903,18.182,12.0,200,11
askdocs_1v5512w,a861ce389dfc20c4,4.343,13.0,12.037,104,8
askdocs_1v55395,00020f4f08e140a6,4.101,11.333,7.353,68,6
askdocs_1v5549r,77d49f511c1d5f16,13.864,29.909,11.919,329,11
askdocs_1v55514,b73efcab11e21e22,8.81,25.4,5.882,127,5
askdocs_1v555gi,02ae204ba434d98b,4.262,7.2,8.333,72,10
askdocs_1v55a7r,f6af56ed66090846,7.203,12.957,12.292,298,23
askdocs_1v55i4o,e46d00764f213583,8.015,18.25,6.757,73,4
askdocs_1v55iqp,20faf12c0fa9f4b1,11.05,16.8,17.778,84,5
askdocs_1v55jwy,48c5d0affac19671,7.724,15.0,8.0,75,5
askdocs_1v55kz6,7d1ae9e42d92d6a6,7.567,14.111,13.077,127,9
askdocs_1v55u28,3ee5e545ded716e1,7.747,20.0,7.778,180,9
askdocs_1v55zpi,0f04824aebc63a88,5.041,14.0,8.0,70,5
askdocs_1v562d2,2c7312f79ee7d7de,7.966,18.188,9.075,582,32
askdocs_1v56dcc,5cc87bca5652d2cb,10.666,22.5,10.37,135,6
askdocs_1v56ddc,0eeadc000146f63b,9.218,19.091,9.953,210,11
askdocs_1v56esd,e32cc33472d572d2,4.771,13.32,9.169,333,25
askdocs_1v56w9t,dfa634433cf165d0,3.559,12.6,1.471,63,5
askdocs_1v56zt4,288e45b040d4dc3e,6.371,16.703,11.774,1236,74
askdocs_1v570fk,37db57fe95523074,6.114,13.273,7.85,292,22
askdocs_1v579ll,e430b7eb1360ea0e,10.23,13.444,13.115,121,9
askdocs_1v57fht,6eb50e431d952b99,5.401,9.0,7.407,27,3
askdocs_1v57hxq,d7a2af79a6d5a9ba,8.848,20.0,12.0,100,5
askdocs_1v57j60,1d5c2e7900edc494,8.017,19.842,13.384,377,19
askdocs_1v57k6u,ca2025c29900f366,7.914,9.0,18.919,36,4
askdocs_1v57nsh,d6f04b916f52e731,8.278,19.0,14.474,76,4
askdocs_1v57oj1,b3dcf5967ce67e94,7.292,18.714,5.0,131,7
askdocs_1v57psk,facbea7d7aaddd54,4.422,12.75,9.615,51,4
askdocs_1v57y47,4ac5fbe7342319fd,25.783,66.5,13.971,133,2
askdocs_1v5840i,03442ccb86a1e80c,8.674,21.169,7.48,1503,71
askdocs_1v5856e,6468509d19d6ce0b,10.696,22.5,10.353,405,18
askdocs_1v587mk,ea6e0076a665afbc,7.914,9.0,24.324,36,4
askdocs_1v5894j,1693eb6e9308a7da,13.918,33.75,10.87,135,4
askdocs_1v58c5y,4e56210ef5b2272d,2.868,5.833,18.421,35,6
askdocs_1v58dxa,55c57da1bd43db34,10.522,23.5,7.447,94,4
askdocs_1v58jn9,379c95d23699e4ef,5.95,10.962,12.5,285,26
askdocs_1v58n32,224ed617ca2e9941,7.453,12.39,11.314,508,41
askdocs_1v58n9o,2db65373b74b01e7,4.992,11.0,10.112,176,16
askdocs_1v58npu,593b1466df248421,9.765,20.3,10.849,203,10
askdocs_1v58q1a,7d4e25729d5eb755,82.493,210.0,11.268,210,1
askdocs_1v58s0o,fe7c42c44dcd54e2,7.553,17.667,4.627,371,21
askdocs_1v58sfj,bff00aa3a26a7be6,15.339,37.4,12.105,187,5
askdocs_1v58t7h,90895e2f3470fedc,10.709,23.829,11.836,977,41
askdocs_1v58ux5,80301b300292c618,2.923,10.909,16.8,120,11
askdocs_1v58v86,96944d4d2ea66444,7.015,13.333,10.4,120,9
askdocs_1v58zvd,265adc518c48c478,3.725,8.2,16.667,41,5
askdocs_1v5957i,8a91186ed65a67d4,3.645,9.833,15.254,59,6
askdocs_1v59a4k,65982ff2b12632b4,3.889,6.5,10.0,39,6
askdocs_1v59b4i,874f0705b9936e9e,5.449,11.727,5.426,129,11
askdocs_1v59eed,d38cef4249cfaf7c,8.952,17.1,15.029,171,10
askdocs_1v59k27,5e26a89790097bbd,5.944,8.667,3.704,26,3
askdocs_1v59onz,dbbb0e04805c1667,5.151,10.5,5.618,168,16
askdocs_1v59prn,4217e8151afc6ffc,5.804,12.455,8.029,137,11
askdocs_1v59qqi,88ea5e35b8afef29,11.942,20.625,10.682,330,16
askdocs_1v59qqt,5e1ff86880998a66,20.163,40.5,25.926,81,2
askdocs_1v59si9,8f64fc3f7bbe2a2a,6.279,14.526,13.768,276,19
askdocs_1v59xhl,256206138f495fcf,4.445,8.714,8.197,61,7
askdocs_1v5a1wd,19594823fa1fab9d,7.017,13.278,14.056,239,18
askdocs_1v5a650,86349ec555479232,12.086,24.5,11.275,196,8
askdocs_1v5a6hf,61872220c4aaac4c,11.168,27.25,8.772,109,4
askdocs_1v5a7t0,a042ab55252d1638,17.091,37.333,11.354,224,6
askdocs_1v5a94q,cfcf224bcb4ef045,6.195,12.1,12.397,121,10
askdocs_1v5ab3x,229dd01889d30008,6.701,11.9,15.0,119,10
askdocs_1v5ah7w,4ede77a8d5a53ca0,6.121,14.864,11.642,327,22
askdocs_1v5aim7,df361870d3e15de5,5.681,15.5,6.349,62,4
askdocs_1v5aoc5,586ef939e20111fa,10.396,19.871,13.396,616,31
askdocs_1v5axhm,f4c38b8da44521ce,6.161,18.2,11.64,182,10
askdocs_1v5axww,e967d9d2bdb484ba,9.874,17.476,14.362,367,21
askdocs_1v5aycr,62d1f21cc07a71d8,16.12,45.0,13.333,45,1
askdocs_1v5ayfw,0e766856b594ea48,2.984,9.889,14.607,89,9
askdocs_1v5b1n0,0649950124451776,5.316,13.45,10.662,269,20
askdocs_1v5b1qn,bf09631fbda0c2d4,6.363,11.6,6.522,174,15
askdocs_1v5b1ys,604b0e6cedb86ad0,9.924,22.0,12.179,154,7
askdocs_1v5b378,e041dcde10729227,8.033,17.05,9.497,682,40
askdocs_1v5b4g5,05abd8f9c96e731d,8.643,17.333,15.094,52,3
askdocs_1v5b68e,7f9c4b2fbbbbb0c5,4.578,8.774,9.524,272,31
askdocs_1v5bbv7,c0f703722cb5fa01,5.933,19.5,7.5,39,2
askdocs_1v5bfgc,261caf81a3531fa1,10.995,25.0,5.333,75,3
askdocs_1v5biqu,7333968ab590b188,9.171,23.727,4.58,261,11
askdocs_1v5bjko,32269a9fe2e26ee2,4.634,9.824,11.834,167,17
askdocs_1v5bl2k,2e125d8ba1ca360b,5.88,12.692,13.333,165,13
askdocs_1v5bm0e,13ef9a709ccef059,7.09,12.769,12.139,166,13
askdocs_1v5bni0,9b79b1f256681a25,13.352,12.364,16.954,680,55
askdocs_1v5bnrb,cc77cbb600cd075b,4.852,14.8,13.333,74,5
askdocs_1v5bp26,d464dade5a54642f,13.751,32.8,3.409,164,5
askdocs_1v5brni,ca93ce76303bdf3a,5.449,10.182,13.158,112,11
askdocs_1v5bt7w,aab16159c9f82449,10.843,26.6,8.029,133,5
askdocs_1v5btrb,3c77a338471c4fab,9.854,25.167,8.861,151,6
askdocs_1v5buew,eb03f764ef7e70aa,6.064,13.5,9.174,108,8
askdocs_1v5c0no,1d25055d877fa7a1,5.991,13.614,7.395,599,44
askdocs_1v5c14f,a769e5d9a7323507,9.548,21.292,8.35,511,24
askdocs_1v5cd6m,9ddd2eae5a202315,6.925,15.429,12.727,108,7
askdocs_1v5ceej,79973b3241af475d,5.832,13.286,5.376,93,7
askdocs_1v5ckxd,db1a0884ddb05308,6.967,12.75,11.719,255,20
askdocs_1v5cm5d,1e104ebdd1ff9d54,4.519,10.5,9.091,42,4
askdocs_1v5cnoe,10a41ccbd17460aa,6.324,16.231,8.991,633,39
askdocs_1v5cp2n,51b49a414ccf554c,10.316,15.483,16.703,449,29
askdocs_1v5cq62,3ff2bc11a3c8af24,0.867,7.0,10.0,49,7
askdocs_1v5ctnh,9df41dda341a920c,7.157,18.714,11.111,262,14
askdocs_1v5cwdh,1ec00d4fbb1fd777,5.716,12.136,8.791,267,22
askdocs_1v5d1ex,691e09324a1b7258,4.201,13.1,6.569,131,10
askdocs_1v5d1se,b9c408012dbf058f,15.119,26.286,15.464,184,7
askdocs_1v5d3li,c6388e21b3afeb82,5.382,10.833,13.359,260,24
askdocs_1v5d5v9,5349e352c4174ef1,7.502,17.1,14.451,171,10
askdocs_1v5d77n,d23738209dfe2b8a,10.775,29.0,10.345,29,1
askdocs_1v5d9hf,8251f3c1c5cec10f,5.381,13.2,15.672,132,10
askdocs_1v5dbi1,7551039ef4ce0ac2,6.269,15.778,10.49,142,9
askdocs_1v5de6u,6c75d32eb27a91b6,22.446,53.0,15.888,106,2
askdocs_1v5df9l,61dc662f61079e5f,10.831,24.0,10.516,480,20
askdocs_1v5dfij,d786759e0dc2a09e,6.29,15.5,8.589,155,10
askdocs_1v5dg9o,c35de1164ca759ee,7.577,15.333,10.204,46,3
askdocs_1v5dgmp,ab1d8e1b5c8b70c9,7.902,14.1,9.898,282,20
askdocs_1v5dil4,b7b537bc51917943,6.567,20.0,13.333,60,3
askdocs_1v5djuk,03421f934df3c85f,8.409,16.65,10.657,666,40
askdocs_1v5dk5l,4a567516a856d4d6,7.711,10.625,15.116,85,8
askdocs_1v5dx9s,e559e74dda7f6d35,5.282,14.667,8.602,88,6
askdocs_1v5dyq0,519df06257e7afba,9.347,22.923,8.97,298,13
askdocs_1v5e080,34925d1c26342f9e,5.986,15.435,10.944,710,46
askdocs_1v5e0nd,bb5632d6f3cae066,11.809,23.417,12.544,281,12
askdocs_1v5e0t2,e9ae8d0219288b65,5.804,12.2,16.393,61,5
askdocs_1v5e245,9da1f41ce968cf0a,5.216,16.0,7.812,64,4
askdocs_1v5e3vk,04c4a4cb575716f2,6.958,17.692,7.724,230,13
askdocs_1v5e5j5,3b55956e40fada2a,9.158,21.778,10.244,196,9
askdocs_1v5e73t,ca08187eca6ed0b4,6.242,12.462,14.724,162,13
askdocs_1v5ebor,935a2c0b6133fc2e,4.83,10.0,15.625,30,3
askdocs_1v5eceh,e632366320e67245,7.166,16.714,4.237,117,7
askdocs_1v5edq7,3e3231a4e90672cf,7.84,12.8,26.562,64,5
askdocs_1v5eehv,336d19a14b22ad49,11.551,29.25,4.202,117,4
askdocs_1v5ek48,ffda7485e36b6c0d,12.787,30.667,9.783,92,3
askdocs_1v5emca,d5465a8d46db46bc,5.397,9.846,11.94,128,13
askdocs_1v5es4o,787d84d3f2bb88eb,5.365,13.0,23.077,26,2
askdocs_1v5esmi,eaca78445515b0e8,9.753,24.562,10.5,786,32
askdocs_1v5eus0,42822054cfc81f56,20.783,50.667,5.844,152,3
askdocs_1v5f1po,912f4b02a44c5a69,11.587,30.5,13.115,61,2
askdocs_1v5f22s,6177300c01d51fd5,8.312,16.944,8.824,305,18
askdocs_1v5f4h8,3fdad3aa7a42ef77,7.371,20.5,0.0,41,2
askdocs_1v5f4qr,ff16ea533e410532,21.156,51.667,5.769,155,3
askdocs_1v5f5mk,269642a2f7ea3932,5.659,11.261,13.846,259,23
askdocs_1v5f9ti,d0125ea9c14263fa,13.336,26.5,17.925,106,4
askdocs_1v5fcv6,2fb3b6dc2a0f4a51,6.454,13.0,5.185,130,10
askdocs_1v5fdbu,73fa834ec66067e6,7.686,17.833,9.552,321,18
askdocs_1v5fghx,4f54d249c528a2f9,11.046,24.4,10.4,122,5
askdocs_1v5fjxw,539de35489684c47,9.652,22.2,10.256,111,5
askdocs_1v5fkg4,69d9b60e84024a13,9.923,20.583,14.0,247,12
askdocs_1v5flnz,ea0fdd0b601a5b27,10.322,23.067,9.471,346,15
askdocs_1v5fm90,ab355deac3ea04bf,7.096,13.429,5.941,94,7
askdocs_1v5fn3x,b9a2affc05bf2205,9.316,18.8,11.702,94,5
askdocs_1v5fnse,d3ca2d9b799c7ef6,7.092,10.333,14.706,31,3
askdocs_1v5fpg6,9087b8ecbd3490a2,6.779,16.4,8.537,82,5
askdocs_1v5fq8n,c86975ccad7c9572,7.623,15.0,5.714,210,14
askdocs_1v5fssf,fd01a8179cb1ea6a,10.776,15.533,16.596,233,15
askdocs_1v5fsto,4b0d9906d722676f,9.785,21.632,6.813,411,19
askdocs_1v5fwvz,9dfacb429bd2e7e6,4.998,10.333,9.677,62,6
askdocs_1v5fzr4,f1c660866ff1672e,8.603,14.571,9.709,102,7
askdocs_1v5g059,2740c195fd6e82fa,6.613,14.143,11.765,99,7
askdocs_1v5g1ck,c1da684e44e17a0d,10.775,15.455,17.341,170,11
askdocs_1v5g6p6,4236bd6a41c3d1da,6.279,13.375,3.54,107,8
askdocs_1v5g9mk,85cd4ad4e45eaf57,8.325,16.769,12.946,218,13
askdocs_1v5ga06,3c0d5fe9c06fd0cd,4.607,11.364,10.078,125,11
askdocs_1v5gf64,4acd26f4e8bb9d62,6.165,14.0,9.524,42,3
askdocs_1v5gfay,c5d2a171973f1ba4,8.128,10.625,11.494,85,8
askdocs_1v5gk64,292c5c6c4dd5201d,13.864,14.692,18.841,191,13
askdocs_1v5glev,fb92d4b995a40107,4.755,9.636,6.364,106,11
askdocs_1v5gp9w,c2d66ebc0c06efd5,9.405,16.125,8.88,258,16
askdocs_1v5gq19,9c17c1fc8574a3de,20.575,52.0,18.868,52,1
askdocs_1v5gq1e,9f33db8977b5d6da,8.251,18.556,12.722,334,18
askdocs_1v5gqnf,b1d3100b5c7dfefc,4.792,10.857,2.597,76,7
askdocs_1v5gv0u,23b08be23ce47315,7.165,13.286,11.34,372,28
askdocs_1v5gw7u,1c7cb09b7d8a729c,5.772,8.5,15.789,34,4
askdocs_1v5gxzc,93fa81962c30775f,4.124,10.4,9.259,52,5
askdocs_1v5gyqs,89cf2f5170506dfd,12.242,24.571,1.554,172,7
askdocs_1v5h319,23be428988ce0466,9.694,17.867,16.912,268,15
askdocs_1v5h31g,504a4dc9e8257988,8.73,20.0,7.576,60,3
askdocs_1v5h4j9,2ff04d4587e5979a,6.327,12.154,6.875,158,13
askdocs_1v5h4qw,90f9bbb1e94e3b8a,9.956,25.4,6.16,762,30
askdocs_1v5hdk0,e54795c246c25d1f,9.65,11.48,15.986,287,25
askdocs_1v5hi4x,01dfc79e7e51f966,22.575,52.667,13.772,158,3
askdocs_1v5hkeh,f25f663235d92a79,9.068,19.4,15.075,194,10
askdocs_1v5hkr2,4b856c51d56e336d,4.98,11.833,13.699,71,6
askdocs_1v5hpgn,518c1b613dba5569,8.145,18.417,12.444,221,12
askdocs_1v5hruj,4593382242a9a38b,9.689,20.625,10.18,165,8
askdocs_1v5hrvl,ce0c8ba00871d9ef,1.888,7.5,10.0,30,4
askdocs_1v5i00f,2f2c94299bb6d200,9.444,18.571,14.706,130,7
askdocs_1v5i5g5,e380ab178a73ffa8,10.133,11.625,15.054,93,8
askdocs_1v5i5ns,b63626009bccd2d4,7.098,17.783,7.282,409,23
askdocs_1v5i5ty,357079aadccb8b15,6.933,12.889,0.775,116,9
askdocs_1v5i6sj,fe245136e729c2df,3.068,7.5,10.0,30,4
askdocs_1v5i6te,88ec6f31db150dbb,6.254,13.316,8.56,253,19
askdocs_1v5ia05,83ced32bbd926e80,5.701,10.083,11.811,121,12
askdocs_1v5iaxa,295c852dd3e14c87,7.537,19.0,10.0,247,13
askdocs_1v5if1z,11f41a467c5bf408,26.598,66.0,16.176,66,1
askdocs_1v5ifpb,cdb0faa6a3f3b7fa,8.45,20.5,5.357,164,8
askdocs_1v5ih9d,49a704bf6df6b67e,13.75,23.667,14.554,213,9
askdocs_1v5ihes,feec67fd037fb9ea,8.891,19.294,8.543,984,51
askdocs_1v5iiij,b2177ac883ce94e0,11.583,30.2,9.934,151,5
askdocs_1v5ioso,aa87dc91680365e5,7.726,17.25,5.797,69,4
askdocs_1v5ipg9,9d51bec42564069e,6.38,14.938,10.442,239,16
askdocs_1v5ites,37c543dca9973d3f,6.601,17.333,9.434,104,6
askdocs_1v5iw04,8c11994b52e0ad45,6.813,15.4,11.392,77,5
askdocs_1v5j301,ea096a0813bc3928,6.72,13.571,3.093,95,7
askdocs_1v5j3sy,93a249243d9384de,6.75,10.621,8.516,308,29
askdocs_1v5j84c,c10ac59fe78accbb,6.481,14.312,6.55,229,16
askdocs_1v5j8k6,98069bdd829e0d15,4.652,8.333,8.0,25,3
askdocs_1v5j8pf,6f3929f7b2ac74aa,5.928,14.833,16.058,267,18
askdocs_1v5j94k,d12f93fee51ec901,8.332,20.25,7.407,162,8
askdocs_1v5j9iw,c63e52043c3031dc,4.979,12.4,8.466,186,15
askdocs_1v5jdbe,01d7014679dfe440,13.355,25.0,11.111,300,12
askdocs_1v5jewg,701d2bf9d836e986,12.832,20.8,14.151,104,5
askdocs_1v5jgu2,f080a652939729dd,10.273,19.556,9.749,352,18
askdocs_1v5jlth,c4816c93ba626b74,6.568,9.75,14.167,117,12
askdocs_1v5jm3l,0eb4345bd5e2120a,7.05,12.667,12.821,76,6
askdocs_1v5jne6,fc19d454c52d986a,11.207,25.5,15.161,306,12
askdocs_1v5jqmu,ffd97ea3dfb2ccc6,19.997,53.0,9.434,53,1
askdocs_1v5jsi6,db204e88536d6978,6.841,16.273,14.525,179,11
askdocs_1v5jtog,616cdfd963456bd3,6.369,15.2,15.48,304,20
askdocs_1v5jvid,6fa687006bfca9be,4.934,12.2,9.756,122,10
askdocs_1v5jw62,9f4326315b99d8d1,9.188,26.4,10.526,132,5
askdocs_1v5k2nr,9b3bb588881c79e8,6.506,16.0,9.202,160,10
askdocs_1v5k3me,5e761a77d79d9074,6.689,11.2,18.644,56,5
askdocs_1v5k3oh,f70fc6b3f9d41254,6.414,16.429,12.174,115,7
askdocs_1v5ka6m,14e61622449b5995,8.116,20.625,4.624,165,8
askdocs_1v5kdx8,e2330221a6f0a4c9,9.494,14.5,20.085,232,16
askdocs_1v5kmq7,2fb1bc1dee210be5,8.708,21.0,6.316,189,9
askdocs_1v5ko7a,8786dbfa98b88869,6.64,17.3,6.936,173,10
askdocs_1v5kprf,fb08b6e487575001,12.956,32.333,7.877,291,9
askdocs_1v5kqrr,80e0792a0e98e255,9.603,15.0,18.677,255,17
askdocs_1v5ks17,2a421e6f2d86dd1e,6.936,16.5,15.152,33,2
askdocs_1v5ktk3,541b5f93e51969cc,12.956,32.333,7.877,291,9
askdocs_1v5kx43,8807781adc5c0735,7.939,18.562,11.182,297,16
askdocs_1v5l0h6,663df4e3c279d5f0,7.843,16.455,13.99,181,11
askdocs_1v5l3nz,789523b61bb42d6b,7.25,15.556,10.417,140,9
askdocs_1v5l437,d377c9e4581cd144,6.001,9.5,7.547,95,10
askdocs_1v5l6z3,2dab7913e940df64,6.524,14.846,4.433,193,13
askdocs_1v5lhh8,af1b3da2d1db7aab,7.699,17.0,11.429,102,6
askdocs_1v5lme8,6bc0642d1eb060e2,5.457,13.438,16.055,215,16
askdocs_1v5ln7b,d51982c5e9364065,8.303,13.667,9.412,82,6
askdocs_1v5lpv8,2da6fcfdad5b8d06,10.51,20.143,14.966,141,7
askdocs_1v5lq2j,190364e602310eef,6.298,12.0,12.5,24,2
askdocs_1v5lrx9,371dd74d2bd74552,7.721,15.923,9.859,207,13
askdocs_1v5ls5n,a839c49fa3e0150c,5.08,14.25,6.897,57,4
askdocs_1v5lslb,e034adb2884f2bf5,11.08,22.0,8.197,242,11
askdocs_1v5ltns,aaf6cab474069fc6,6.544,13.682,10.863,602,44
askdocs_1v5lvab,0d6dd4685534f0bf,7.602,17.684,9.117,336,19
askdocs_1v5lvcd,a07e085530c6d6d6,6.298,12.0,12.5,24,2
askdocs_1v5lwhv,87a5d4e2bba4dbbc,7.139,19.0,9.649,114,6
askdocs_1v5m1cs,5c1d378940ff13d7,8.575,19.176,10.942,326,17
askdocs_1v5m2zh,4d8ebf90059895a4,11.054,22.667,18.444,340,15
askdocs_1v5m6e6,a039dacaaeed9173,11.877,25.4,5.469,127,5
askdocs_1v5m8y3,d1027d7d6bfb3f18,4.007,11.909,3.817,131,11
askdocs_1v5mc0d,a0e211494b94e21d,4.971,13.5,3.636,54,4
askdocs_1v5md3r,0084890fc3bffd8b,12.866,30.0,9.15,150,5
askdocs_1v5mfqg,07dbe78f670aec8c,7.473,11.0,4.545,22,2
askdocs_1v5mglh,7cffb6cd65003b68,6.72,19.556,7.979,176,9
askdocs_1v5mjpx,e99e0a91a6b7ef1c,4.841,12.25,8.0,49,4
askdocs_1v5mmso,5eef369d0fc08652,10.272,12.15,14.056,243,20
askdocs_1v5mn1a,529ab31125834c40,5.662,12.889,10.504,232,18
askdocs_1v5mn5p,ab2bca20a9c82dbc,8.838,20.667,8.065,62,3
askdocs_1v5ms39,c7f7ad63cd1b6863,6.344,13.765,5.242,468,34
askdocs_1v5mwuw,3d2cc1e3faa6c4f2,5.034,11.778,11.111,212,18
askdocs_1v5mzwx,60a3a1118b6eb455,5.207,15.667,9.574,94,6
askdocs_1v5n45z,b00ff8badffd2e76,6.94,10.31,16.864,299,29
askdocs_1v5n9yo,4e363249a536745e,21.2,55.0,11.712,110,2
askdocs_1v5ni7l,218a68cae8ef2e24,9.243,13.765,17.447,234,17
askdocs_1v5ni85,9603534172099937,6.593,15.958,8.955,383,24
askdocs_1v5nn0y,08ffefcf64421c3d,6.529,12.778,13.169,230,18
askdocs_1v5nn4z,2c1e642fe7ee2b5f,2.646,8.25,8.571,33,4
askdocs_1v5nu8e,825de31e7cc1c9c6,14.856,27.0,23.684,189,7
askdocs_1v5nvna,3aab036e3a2ce8a7,8.394,20.833,9.231,125,6
askdocs_1v5nx32,cc55adec7d890c52,5.059,14.118,7.171,240,17
askdocs_1v5o2pv,a2a6ffd23cfdc283,13.498,24.0,22.68,192,8
askdocs_1v5o6py,6dc0dbb1cbabdf33,8.258,18.25,7.742,146,8
askdocs_1v5oanf,cfd938a72923784e,6.532,13.778,15.873,124,9
askdocs_1v5ob4c,6cc1bd99454f9425,7.619,18.4,8.247,92,5
askdocs_1v5od37,04ce7953c89aa94c,13.832,29.545,7.576,325,11
askdocs_1v5odsm,67f3c77a99717629,6.434,13.708,8.761,329,24
askdocs_1v5on5j,c787fb03e232fa7d,10.786,25.375,14.593,406,16
askdocs_1v5onoy,b9c7e47a380f16bb,6.741,12.636,6.897,139,11
askdocs_1v5oo8n,dd3836b018b62718,7.654,14.333,7.143,129,9
askdocs_1v5ooa8,8b88eb9194dd624d,7.207,17.318,11.458,381,22
askdocs_1v5oodo,fcec8f2969096992,8.634,15.0,10.138,210,14
askdocs_1v5oqho,1840c3a1bdec7829,40.925,105.0,6.667,210,2
askdocs_1v5oqx6,732fbe35105fec84,7.267,14.875,10.744,119,8
askdocs_1v5os7a,39731338f6d01556,5.136,9.098,14.209,373,41
askdocs_1v5otcc,46803d93bf5c05cf,5.169,9.444,8.046,85,9
askdocs_1v5ow15,469e4f58961de93e,7.275,14.902,9.906,611,41
askdocs_1v5owb4,b4dd231c3ee2e866,7.474,18.556,11.976,167,9
askdocs_1v5p03y,b1ee9ee787fac3f7,6.963,17.6,8.696,176,10
askdocs_1v5p14k,42625a1e04074c8c,7.438,11.762,15.748,247,21
askdocs_1v5p3tl,5321fff71c51faa6,4.252,14.25,6.667,57,4
askdocs_1v5p764,40b07595b50ae60f,6.191,14.333,10.227,86,6
askdocs_1v5p7xl,e6e3309f8963ffe9,11.316,23.154,13.312,301,13
askdocs_1v5pacl,3f2883a81909052e,7.498,15.667,8.747,752,48
askdocs_1v5pb7z,0f819aa4884a8ab5,10.388,21.429,5.72,450,21
askdocs_1v5pbwo,105f63d72ce93741,7.799,15.059,11.923,256,17
askdocs_1v5pj6o,1def741c17fadaf1,11.098,20.2,17.647,101,5
askdocs_1v5plsu,c6426b63e84b4fbe,9.764,28.0,9.735,112,4
askdocs_1v5pnvl,a74fe671ab9c93db,9.478,18.4,12.169,184,10
askdocs_1v5po3e,4bdf5c2989b358e6,10.564,23.25,7.527,279,12
askdocs_1v5pth7,8ad1d72e0ca4ba44,5.412,11.9,6.557,119,10
askdocs_1v5pu2p,5eda6033aea35c1c,6.625,17.467,5.818,262,15
askdocs_1v5puf3,a0be1dab0c0d451b,6.337,15.667,10.309,94,6
askdocs_1v5pwej,0b2f5a19e5de1dc7,17.229,27.0,7.407,27,1
askdocs_1v5pxos,09ae6b62923a66e0,6.311,17.0,9.6,119,7
askdocs_1v5q0e0,61694c68e929de87,7.607,18.714,6.642,262,14
askdocs_1v5q7cz,420f0613e530f2ab,3.971,9.125,9.877,73,8
askdocs_1v5q82w,c8fbc36885e0e9bc,7.651,18.6,17.708,93,5
askdocs_1v5qb83,5cad7698b0910ed7,8.132,17.294,11.525,294,17
askdocs_1v5qbhy,0e835ef4df0d721f,8.062,18.429,10.294,258,14
askdocs_1v5qcbp,e28ac7d775d0a7a8,7.156,16.333,10.0,98,6
askdocs_1v5qdjn,9525561eaf4b1f10,10.231,23.625,11.823,189,8
askdocs_1v5ql2s,c6ebc260d60a1bb8,9.012,24.0,7.921,96,4
askdocs_1v5qm98,556928769b094962,17.145,44.5,6.742,89,2
askdocs_1v5qnrh,e06d0196286cd112,8.234,20.5,5.691,123,6
askdocs_1v5qrux,5d22a1f220eba4d1,6.123,15.909,10.87,175,11
askdocs_1v5qsph,2381bcd540489a06,13.338,26.35,8.901,527,20
askdocs_1v5qyqz,9bd355236b86a4fd,6.542,17.0,9.434,51,3
askdocs_1v5r4op,bd9573abc05cbcc7,22.454,58.5,8.403,117,2
askdocs_1v5r7ke,973bea1d7c0351b3,2.582,10.667,3.03,32,3
askdocs_1v5r96z,76fafffedaaf3b43,5.081,12.25,9.804,49,4
askdocs_1v5rbq1,c6ca8c50efea636a,4.822,16.8,8.015,252,15
askdocs_1v5rbsa,781692ec5512b3f4,11.614,25.714,10.87,180,7
askdocs_1v5re01,a04ccbc561dd0e95,10.491,25.75,9.615,103,4
askdocs_1v5rf37,e0886fa7ec4161b7,6.048,9.818,13.761,108,11
askdocs_1v5rhpj,4728ea06921618b0,7.373,17.818,5.051,196,11
askdocs_1v5rk73,7d49ae0ce310c0b3,12.12,28.875,10.504,462,16
askdocs_1v5rn95,a8e791ad6cd926c6,9.626,25.5,9.615,153,6
askdocs_1v5rvmv,a8d5927e3e1a619f,10.027,12.833,5.521,154,12
askdocs_1v5rwjp,ad03c56adca6e4db,5.362,14.176,11.885,241,17
askdocs_1v5rz9u,7edc8ca627d47ffd,10.183,24.44,7.532,611,25
askdocs_1v5s0xn,62fe379eef5b842d,10.166,18.429,11.054,387,21
askdocs_1v5s6kn,655badacad1649c2,8.35,15.135,11.444,560,37
askdocs_1v5s9y3,ca0e53ce1c5441da,7.913,9.588,17.341,163,17
askdocs_1v5sd0e,c235d05a82c55829,6.912,15.941,12.057,271,17
askdocs_1v5si9l,6dea2d859cfd75bc,6.731,9.304,22.321,214,23
askdocs_1v5sl2f,97b61598ce307917,9.513,25.6,5.344,128,5
askdocs_1v5sl2t,4995fc296b18f553,9.834,17.923,12.821,233,13
askdocs_1v5slbh,69aff1062db7870d,7.203,16.0,7.616,288,18
askdocs_1v5smi2,ae29e1fea3819a89,6.784,14.235,7.985,242,17
askdocs_1v5smoq,70ff4f240374ffb6,12.055,26.0,14.66,182,7
askdocs_1v5ss72,fe7e3e23f1cbd442,9.667,14.333,6.569,129,9
askdocs_1v5ssg7,613f4fd9119f0038,6.679,15.333,10.753,92,6
askdocs_1v5ssgq,1b77af36530580f9,7.011,18.625,8.018,447,24
askdocs_1v5syho,99d9f7f22ff7bfbc,11.44,26.75,14.286,214,8
askdocs_1v5t4w1,21b32ce1bf901fee,6.056,16.0,14.381,288,18
askdocs_1v5t6pj,2a8e8fa4c80aea5d,4.076,11.0,11.429,33,3
askdocs_1v5t6ur,3254ba2314815f14,7.108,17.667,8.411,106,6
askdocs_1v5t9im,a729505595af9355,24.062,61.0,10.363,183,3
askdocs_1v5tf0q,39f4386f58f0c2bf,4.816,11.875,7.0,95,8
askdocs_1v5tgt4,e420211981c2bfe1,5.158,12.167,13.514,73,6
askdocs_1v5tigp,34a4303f8cb296f2,5.196,17.167,6.731,206,12
askdocs_1v5tizi,363565bb2fc8efa3,59.902,150.0,8.553,150,1
askdocs_1v5tjvp,2cbc5220e1e17b8d,10.815,25.455,9.18,280,11
askdocs_1v5tkau,f75107aee4ff99dc,6.434,14.375,11.207,115,8
askdocs_1v5tl3t,da7ff712b0565191,7.953,18.444,5.848,166,9
askdocs_1v5tp76,b9be210cf7a29aa2,3.115,10.5,8.889,42,4
askdocs_1v5tr01,bf5abbc370540289,5.978,10.167,9.524,183,18
askdocs_1v5tr51,96848a5b4f3e17fb,9.393,19.6,11.111,98,5
askdocs_1v5ttne,156e9170e27eb6ec,4.655,13.333,8.75,160,12
askdocs_1v5ttob,a5ae2e1e7d9862b4,8.959,20.933,8.869,314,15
askdocs_1v5tx5g,8f7a0fac4e94de64,8.728,17.75,7.87,213,12
askdocs_1v5tz68,e8c6ae0b1be2b465,17.804,47.0,2.128,94,2
askdocs_1v5u1nd,9fa286000d0d62fe,7.423,12.812,8.716,205,16
askdocs_1v5u3d8,e2b3dc5d750f01d9,9.229,16.828,10.558,488,29
askdocs_1v5u44s,4c890afdfea4dbf9,8.918,21.778,8.911,196,9
askdocs_1v5u4zn,8bbb4ac7120f431b,5.182,14.143,11.321,99,7
askdocs_1v5u65p,20444ddb4e28a383,5.872,15.0,12.06,195,13
askdocs_1v5u6vc,0c37f37581add9fe,5.358,14.0,12.5,112,8
askdocs_1v5uani,d53a6402257aa004,15.775,22.1,25.778,221,10
askdocs_1v5ubxv,e65b6e04b743238a,7.628,18.286,10.465,256,14
askdocs_1v5ugmy,c820b1250d33898f,2.989,10.4,14.545,52,5
askdocs_1v5uhjd,3262c1448a79086a,4.438,11.923,4.938,155,13
askdocs_1v5uiz8,49bc0fee3c20094c,23.96,54.5,20.909,109,2
askdocs_1v5ukjj,7eaadf9627b6bac1,10.008,19.0,12.734,266,14
askdocs_1v5umuq,942a1540c5c90527,1.031,9.0,12.821,36,4
askdocs_1v5uncz,d7c6c2a30672af1b,9.453,17.875,10.884,143,8
askdocs_1v5uni5,e3161211320d24d3,6.841,13.444,9.091,484,36
askdocs_1v5up8l,ae6af9db813ce97f,6.935,22.0,8.696,22,1
askdocs_1v5uwg6,6d01602d950222cb,6.418,14.812,8.468,237,16
askdocs_1v5uzbz,83657157d8a8fe15,7.384,18.444,13.529,166,9
askdocs_1v5v056,11c7e77744e4ecac,6.862,12.857,16.484,90,7
askdocs_1v5v0po,87c1292ccddae699,4.861,12.5,5.063,75,6
askdocs_1v5v3lb,e91c9fb8901a1fcf,8.59,11.571,16.049,81,7
askdocs_1v5v3uu,a45f32c6746b2350,23.011,56.222,8.14,506,9
askdocs_1v5v4md,129204584c9c8ca9,5.19,13.5,16.364,54,4
askdocs_1v5v6m8,a604e7da0cc58721,6.282,13.5,12.915,270,20
askdocs_1v5vbvi,61bca6ce1c24e7ce,8.064,16.571,6.867,232,14
askdocs_1v5vhz8,50856d600a263f6f,6.611,13.562,10.0,217,16
askdocs_1v5vj4r,bb2e8f5690076eb6,7.362,13.0,14.179,130,10
askdocs_1v5vk9p,1f2903f9aad0704e,10.145,22.333,16.827,201,9
askdocs_1v5vluh,069fe8e3099b440b,10.871,25.286,10.556,177,7
askdocs_1v5vm8g,9d0883252cc149a2,6.412,11.8,18.644,59,5
askdocs_1v5vmkx,aefedb3772ff666f,2.175,10.0,12.5,40,4
askdocs_1v5vnja,b8a13cd1fec48a93,10.013,24.833,12.667,149,6
askdocs_1v5vq83,60e74d9708c088f4,19.045,51.5,7.767,103,2
askdocs_1v5vsdx,0727a451fa5d946f,7.667,23.889,5.909,215,9
askdocs_1v5vu3n,b816539c2871b40a,9.296,17.5,11.29,245,14
askdocs_1v5vwhn,fa39b75e56b78417,9.311,19.294,7.229,328,17
askdocs_1v5vz7l,6d95dc20e72653ce,5.826,13.167,7.5,79,6
askdocs_1v5w1ee,8d6857b0176bb5c1,3.326,9.0,8.108,36,4
askdocs_1v5w1ha,da2312fbe42060ee,9.01,17.833,12.613,107,6
askdocs_1v5w26i,1ee355694208618e,5.916,16.4,6.098,82,5
askdocs_1v5w2o7,5f27f7631bac54ee,20.442,53.0,7.407,53,1
askdocs_1v5w308,53c58b6691697985,6.875,16.0,13.158,224,14
askdocs_1v5w516,0357c6a97c429ca9,2.918,11.5,9.859,69,6
askdocs_1v5w5yv,0620a8174757d8b7,13.51,37.0,13.514,37,1
askdocs_1v5w663,a3a512da32adfe27,5.315,12.0,5.155,96,8
askdocs_1v5w66g,6245331614458a71,4.58,13.933,7.586,418,30
askdocs_1v5w7fw,57be22f012166d91,7.848,25.0,12.0,25,1
askdocs_1v5wczj,881464c1210d1fc5,19.414,49.0,5.882,49,1
askdocs_1v5we13,c70a2e4d79901b78,8.789,20.857,10.884,292,14
askdocs_1v5wi3v,64c5b628eedca042,5.245,13.333,10.0,40,3
askdocs_1v5wkpn,c1eca44350b00649,11.782,29.5,4.891,177,6
askdocs_1v5wpt7,032946eba3b9616e,7.911,18.2,8.247,182,10
askdocs_1v5wuoh,89a84e2caa51d3ef,6.618,13.875,13.559,111,8
askdocs_1v5wuuw,7dd6efcd45562dbc,12.993,20.81,10.515,437,21
askdocs_1v5wxey,1d1a1b8bfa2f12a4,11.844,18.5,16.58,185,10
askdocs_1v5x3ra,ab176387c0604118,9.148,22.0,6.818,176,8
askdocs_1v5x6jd,fcdd717bd3d934d8,8.186,14.538,14.737,189,13
askdocs_1v5xcdx,089d2f7a56a6d500,8.56,15.714,19.737,220,14
askdocs_1v5xijv,cb96a906704b6e7b,7.463,18.167,10.044,218,12
askdocs_1v5xinw,17f2741d6bc590e6,6.87,12.714,15.761,178,14
askdocs_1v5xn1q,079e024973bf1364,7.963,14.75,9.375,59,4
askdocs_1v5xouj,da0017cbdbe96295,6.019,18.667,11.29,56,3
askdocs_1v5xpaj,097dff9e703e455a,8.615,25.0,13.93,200,8
askdocs_1v5xq9k,cb227ec2c9f73949,3.559,11.167,7.353,67,6
askdocs_1v5xro1,482cc1d5a8752645,9.46,19.938,10.811,319,16
askdocs_1v5xrzx,6b6e14edb77cd7c4,7.49,18.286,12.121,128,7
askdocs_1v5xsax,31f37cef7b414a05,9.637,24.917,5.556,299,12
askdocs_1v5xu4e,33a0b2eb44e872f3,4.681,14.333,9.302,86,6
askdocs_1v5xvme,b4ee6026090677ac,7.975,13.429,6.122,94,7
askdocs_1v5xz1g,2c9047d45e4641ad,5.2,9.636,13.636,106,11
askdocs_1v5y3pl,9c7a843af24a4ad0,7.686,17.714,7.031,124,7
askdocs_1v5y6j4,f2a3bb3ba6cff09d,7.059,16.0,9.774,128,8
askdocs_1v5y7p2,dc9c59d45c79a2be,6.892,14.0,8.547,574,41
askdocs_1v5y8qp,4eba4d812e82f958,10.458,19.2,9.804,96,5
askdocs_1v5y9j8,ac7aa237e0f54904,10.932,22.167,10.309,266,12
askdocs_1v5yhbi,36feef7ffdf677df,9.507,10.825,18.962,433,40
askdocs_1v5yi7q,d5bb4befbda568d7,4.602,14.077,6.701,183,13
askdocs_1v5yli1,4ca263bab0c9980b,8.138,16.667,22.642,50,3
askdocs_1v5ymcr,bdc8a314f2450c1c,5.377,13.842,11.61,263,19
askdocs_1v5yo9v,db4e1c477833bb60,6.545,18.667,8.772,112,6
askdocs_1v5yrb8,b6736f02f11d095f,4.942,13.826,13.213,318,23
askdocs_1v5yrxi,2fcf24b783113ea1,5.353,13.667,11.905,164,12
askdocs_1v5ys6s,7539bacaf372c6dc,12.031,15.8,19.355,237,15
askdocs_1v5yvio,35d327cb32d1e68a,4.659,12.0,3.797,72,6
askdocs_1v5yx9l,d83c98c31b3f7a7f,9.35,19.625,12.097,471,24
askdocs_1v5yy5h,710b6f570f5bb024,9.754,19.6,3.774,98,5
askdocs_1v5z96t,d62dec417949b8f6,10.107,26.5,12.27,159,6
askdocs_1v5zbzf,addba5de12351019,6.44,16.05,10.123,321,20
askdocs_1v5ziy9,6f63e8540be183b4,3.661,8.857,9.524,62,7
askdocs_1v5zjjv,13568e391b72b02b,37.32,98.0,10.204,98,1
askdocs_1v5zt0g,0c3065a56802a71e,5.804,14.25,1.653,114,8
askdocs_1v5zt7y,fcf549edcb3fa2a4,6.696,11.571,14.724,162,14
askdocs_1v5zunc,19840797129b54c0,3.24,15.0,3.226,30,2
askdocs_1v5zvct,91af4d3fe524ca4b,14.728,33.818,7.368,372,11
askdocs_1v5zwjd,185d2ab73f165b2e,9.589,17.172,12.598,498,29
askdocs_1v5zy1n,f3c503408e2c291e,14.183,36.0,16.667,36,1
askdocs_1v5zz0b,d03e5ab2dcf15e81,10.263,19.125,13.592,306,16
askdocs_1v603g2,f5349cf528934ab8,11.478,18.5,14.865,148,8
askdocs_1v606fx,dec2e7eed17111aa,3.97,10.75,10.465,86,8
askdocs_1v607k4,f5b235297efcc773,4.85,10.219,14.118,327,32
askdocs_1v60a2z,f243f78e518c81b6,9.727,22.9,8.261,229,10
askdocs_1v60abe,efd90b0376b7b636,6.686,14.429,8.738,202,14
askdocs_1v60cft,d986805cb8a3a1a5,1.031,9.0,7.407,27,3
askdocs_1v60cjb,a1af7a6d7309f88c,10.483,25.118,10.268,427,17
askdocs_1v60fqk,8f91cf73b0fbfbe5,12.426,25.833,9.322,465,18
askdocs_1v60kku,c9d40978ffcadbb6,12.543,20.067,10.063,301,15
askdocs_1v60lwx,5fc86b32dff5b640,5.619,12.6,12.121,63,5
askdocs_1v60vij,1a23ea23b96237ec,7.203,15.067,8.85,226,15
askdocs_1v60vub,803a3fb8b39894f7,6.966,17.2,6.358,172,10
askdocs_1v60wyl,4a8334b9dae7238b,6.583,11.2,10.084,112,10
askdocs_1v60ygs,37214b1123e9c9de,4.109,15.6,5.063,78,5
askdocs_1v60yrt,453f3d3a154f62a9,5.019,10.6,11.111,53,5
askdocs_1v6157a,35e5f1fa2c1bb28b,7.697,15.385,9.813,200,13
askdocs_1v617jb,68e793d791a75228,7.167,20.25,10.843,81,4
askdocs_1v61ab1,8aabab7d584453f4,4.653,12.3,3.876,123,10
askdocs_1v61cc9,e4cf799c3cc8a754,9.241,18.286,14.074,128,7
askdocs_1v61g4o,830d7746a65cd85c,7.849,18.583,7.296,223,12
askdocs_1v61h60,31cd7d4e54185c4c,2.62,9.2,12.5,46,5
askdocs_1v61h66,e69df446394113a5,8.08,18.333,14.062,55,3
askdocs_1v61irj,ae26e9dba67fade2,5.929,14.773,14.201,325,22
askdocs_1v61j7c,d853464c510a0769,7.255,15.727,9.714,346,22
askdocs_1v61oeu,3ec61e911078401c,9.053,21.857,11.765,153,7
askdocs_1v61pg7,13b4c9f9ad0a62b5,6.026,15.25,15.152,61,4
askdocs_1v61pm0,7124432947caaa6a,10.573,24.7,3.065,247,10
askdocs_1v61wqi,daf6137206bd2ed5,7.802,15.294,7.246,260,17
askdocs_1v61z11,55992826057fee2b,10.76,18.667,15.179,112,6
askdocs_1v623sh,3fee55ba9cd92445,6.38,8.938,16.438,143,16
askdocs_1v62c6s,1bfccf5f27f002d1,6.987,14.077,14.583,183,13
askdocs_1v62faz,4380a63d61464556,8.915,18.375,11.842,147,8
askdocs_1v62geo,755ab67c07865a5c,5.833,15.25,14.062,61,4
askdocs_1v62hfs,ea862b25059e5b9d,9.732,18.857,16.912,132,7
askdocs_1v62i71,b4bde28b01dcc0ca,7.013,12.571,17.391,88,7
askdocs_1v6374k,36d87dc7d68791b9,3.991,8.556,20.779,77,9
askdocs_1v63bcr,4cc473072e961415,5.297,8.429,9.677,59,7
askdocs_1v63caa,387eec0d858b08f7,7.768,15.064,9.405,708,47
askdocs_1v63gqt,6580690dff1ec435,5.312,11.5,8.333,23,2
askdocs_1v63ikw,a408513b1dc8a8c0,11.638,27.028,10.933,973,36
askdocs_1v63jqn,846a459eac2c473e,5.274,13.25,12.264,106,8
askdocs_1v63pvg,d79b7956e9a120d7,8.382,14.4,16.667,72,5
askdocs_1v63pwl,7abb40056b146d93,12.071,30.5,13.008,122,4
askdocs_1v63sm1,a8860460cece69a9,9.079,21.25,6.667,85,4
askdocs_1v642xz,ebab11555404b1ff,9.342,21.286,7.333,149,7
askdocs_1v644gx,323e8b0f8bb66112,6.587,11.833,15.837,213,18
askdocs_1v648rz,cf9681acf61c402d,9.38,24.0,4.808,96,4
askdocs_1v649lx,6f61b087205ed17f,20.05,46.0,14.894,46,1
askdocs_1v64cpv,866d43d7075aaa38,4.243,10.714,17.881,150,14
askdocs_1v64hgp,450ab998ea45c21e,11.056,22.562,6.849,361,16
askdocs_1v64ix6,f1e11fb8db022953,5.962,12.5,10.784,300,24
askdocs_1v64k9t,e5e8827f66469bba,7.176,11.875,13.684,95,8
askdocs_1v64kjr,4e1abc956a7bf24a,11.411,23.579,9.978,448,19
askdocs_1v64kww,5711600fc0d59e86,5.747,12.358,13.167,828,67
askdocs_1v64mtf,3490ee1946aa48f5,20.626,46.75,10.825,187,4
askdocs_1v64sm2,53823ab157ea6598,10.581,21.0,3.175,63,3
askdocs_1v64z8n,46ab3b738469d76b,6.663,15.167,4.301,91,6
askdocs_1v651re,6131925fbc6faae3,17.435,31.0,19.355,31,1
askdocs_1v651u8,1e70a4496292bcce,9.804,17.667,15.091,477,27
askdocs_1v65345,5022d043ae8eb80a,6.807,15.333,15.183,184,12
askdocs_1v65516,c4705ea24cfb5db5,7.883,17.545,14.433,193,11
askdocs_1v655zj,95bd8adcbd53d548,12.62,25.889,11.017,699,27
askdocs_1v656ri,a7a123c179b2d6f3,7.032,18.0,11.957,90,5
askdocs_1v65e15,5d934a7eda4f23a9,5.574,14.757,7.611,546,37
askdocs_1v65ep4,85e19605996db161,3.868,13.083,12.025,157,12
askdocs_1v65nbk,50e3dbeb05efdcef,10.644,20.4,21.101,102,5
askdocs_1v65qba,49e941cb31c18ee8,7.87,14.375,13.269,805,56
askdocs_1v65sxn,09b8033459f5ffad,10.827,27.333,5.085,164,6
askdocs_1v65x6e,14c77b99a03feadb,5.749,14.857,9.174,208,14
askdocs_1v667af,5994bb3e8e912346,8.428,14.909,14.368,164,11
askdocs_1v667ir,9ede26ef6978973a,3.271,14.667,6.818,44,3
askdocs_1v668yl,9a1d459583670da5,4.448,11.333,8.738,102,9
askdocs_1v669y8,507049725cea0265,8.643,23.0,8.696,92,4
askdocs_1v66bvf,9e7e6cfb818e64e5,13.597,29.3,4.248,293,10
askdocs_1v66e13,02373976256b0962,6.069,17.5,10.811,70,4
askdocs_1v66e18,e52facb5e3d9f4f6,11.285,27.357,11.598,383,14
askdocs_1v66jj1,6492208593ac0299,4.974,11.667,6.849,70,6
askdocs_1v66ock,181c691dca55eb91,10.346,21.714,18.301,152,7
askdocs_1v66p1z,4da20c91664cfba3,9.503,24.0,10.983,168,7
askdocs_1v66sv4,2176cc312bf4f836,6.099,11.786,11.834,165,14
askdocs_1v66wrt,46ab73c1a51e52aa,1.87,8.143,5.263,57,7
askdocs_1v672z8,9c080a691927a82d,9.535,21.5,7.717,301,14
askdocs_1v67b7n,d56112688ee4c942,2.433,9.75,10.256,39,4
askdocs_1v67g3e,0069b195ac3e93f9,9.852,9.5,21.22,380,40
askdocs_1v67i3e,f6c99a570b9d70aa,15.198,36.75,5.844,147,4
askdocs_1v67ktl,f54bf28f6b232cca,5.922,11.455,12.308,126,11
askdocs_1v67nt0,8f7cdfc3b52a3a5c,5.971,10.909,11.024,120,11
askdocs_1v67p8o,2454ddab12169b38,12.933,39.0,15.385,39,1
askdocs_1v67r4t,0a0636cd9aab900c,6.044,16.947,5.882,322,19
askdocs_1v67tiq,e52c72479161bc4e,7.338,15.857,8.929,222,14
askdocs_1v67ukm,e1dd1ca6babce036,10.213,21.286,10.526,149,7
askdocs_1v67vyq,d80045706dd5a09d,8.097,15.762,12.312,331,21
askdocs_1v681hn,556a3312eb5872bc,6.944,16.559,6.702,563,34
askdocs_1v682xa,74d6a65bebc16e38,10.814,25.2,6.977,126,5
askdocs_1v6838m,764852163d4e9b08,7.984,20.4,10.68,102,5
askdocs_1v683q3,e9bd72d3edf6b63b,7.577,15.333,14.894,92,6
askdocs_1v6848l,0080b523752dd2ad,10.172,23.417,2.473,281,12
askdocs_1v686vg,a153ecb7378d29a8,8.841,21.143,7.792,444,21
askdocs_1v68gja,1039b998f7af104d,6.166,14.923,6.931,194,13
askdocs_1v68h2u,cc45b0f69240a069,8.076,14.591,12.308,321,22
askdocs_1v68h86,23e371dae1f2244d,5.998,15.5,7.292,186,12
askdocs_1v68hcs,ca4f6c53f3b997fa,10.898,23.5,13.542,94,4
askdocs_1v68jwp,04cfec8dabf188f0,6.732,14.143,18.182,99,7
askdocs_1v68kuh,195735df883d0203,7.639,17.421,8.333,331,19
askdocs_1v68lqt,38b3505832d55a73,9.498,13.478,8.485,310,23
askdocs_1v68lut,4de80fd894c06678,7.639,17.421,8.333,331,19
askdocs_1v68mj0,69612e2220faeb28,6.641,15.2,6.024,76,5
askdocs_1v68nf4,59833c97e76d7fc7,12.187,28.0,8.696,84,3
askdocs_1v68nuo,bff38e12942b001b,9.194,15.444,11.486,139,9
askdocs_1v68p8m,b663c6256ad5377b,7.021,18.692,9.486,486,26
askdocs_1v68pl0,3c04c14a42770a24,7.219,19.5,7.362,156,8
askdocs_1v68q06,f7ece44f9a93f65c,6.762,14.04,5.978,351,25
askdocs_1v68rje,603bcc5d78fdc623,14.233,35.538,7.759,462,13
askdocs_1v6924z,4a8e0bdbf90d0f39,9.115,14.0,15.116,84,6
askdocs_1v693cu,88cd81b7cbce5ba1,10.102,25.667,10.084,231,9
askdocs_1v6943w,fadd7c01d121268d,9.872,23.667,7.798,213,9
askdocs_1v694km,f20ef3f5dff37777,11.731,22.667,11.111,136,6
askdocs_1v697tu,897613b308c37c33,5.3,15.5,9.375,31,2
askdocs_1v69bcy,732e18dff0968115,6.652,13.833,8.657,332,24
askdocs_1v69cj1,9ab68e88c03e3a65,8.616,15.0,13.043,45,3
askdocs_1v69h67,0a592d7f263cc01e,7.352,17.0,2.941,34,2
askdocs_1v69n9k,65c7add126cc11df,9.619,15.444,8.442,139,9
askdocs_1v69pju,0ad77b408108ba24,5.811,12.8,5.882,64,5
askdocs_1v69qzs,e5dd61be3ff2f5b8,11.843,30.0,15.625,30,1
askdocs_1v69sel,6ee5854645511bb3,5.899,15.9,14.286,159,10
askdocs_1v69tx6,c203bccc7384ea6e,9.218,17.684,10.324,336,19
askdocs_1v69w8b,94659f8e7e9956ba,5.372,13.95,8.191,279,20
askdocs_1v6a0eo,e07c5342588d25d6,9.237,22.368,7.5,425,19
askdocs_1v6a0yj,2dd6eac94b605ad4,15.284,42.5,8.235,85,2
askdocs_1v6a3lz,603493dd3fb32b2d,9.183,18.714,11.808,262,14
askdocs_1v6a455,1f43ded2205f1200,6.818,16.857,10.656,354,21
askdocs_1v6a5bx,90d9e69c03f3c052,6.009,17.364,13.706,191,11
askdocs_1v6aa3r,8cd6dfeebf25fab4,9.832,14.0,14.235,266,19
askdocs_1v6aahu,1b61f8aff4872f38,6.988,16.0,5.288,208,13
askdocs_1v6ahr7,b22c43e96f3fbc28,8.436,21.778,7.317,196,9
askdocs_1v6ak3b,69739c7538c27335,10.205,17.84,10.987,446,25
askdocs_1v6akb8,1b1a5443fc2a5329,10.237,23.0,7.317,161,7
askdocs_1v6amvn,b1314aee896b0b33,5.82,14.2,6.623,142,10
askdocs_1v6ap2u,8c9b243301c1e382,9.312,19.538,8.171,254,13
askdocs_1v6ap9g,c31be244aaa25731,9.387,19.133,11.745,287,15
askdocs_1v6apg1,dfacb625248c9f0f,7.02,15.364,10.588,169,11
askdocs_1v6ard7,abea7da7d75019f5,14.033,38.333,8.621,115,3
askdocs_1v6as1a,220dfd7a0021c5bf,5.698,15.0,12.195,240,16
askdocs_1v6aw62,aef9198aea073659,7.953,12.286,12.313,258,21
askdocs_1v6axyt,96ced6da86162bf4,8.463,18.769,11.585,488,26
askdocs_1v6az7s,8b970e0eb35b3642,11.571,17.059,14.145,290,17
askdocs_1v6b1ps,d84b255a1703c76c,4.926,15.333,14.388,138,9
askdocs_1v6b2aa,307372a4adf86b89,8.583,20.933,10.511,314,15
askdocs_1v6b4hg,6d2166c64165a8ef,4.795,11.333,11.429,34,3
askdocs_1v6bg7a,3271bfeda37008e0,8.824,20.583,8.907,247,12
askdocs_1v6bj2v,dd820cbdef7ccd9d,9.078,19.862,8.94,576,29
askdocs_1v6bk2j,90aa4a896a9bf293,6.812,16.875,13.139,135,8
askdocs_1v6bkg2,611523522ee31890,6.764,13.043,10.855,300,23
askdocs_1v6bliz,935934f6c1990db8,9.998,25.0,8.333,225,9
askdocs_1v6bm84,a183777c5fd491be,7.023,17.125,13.669,137,8
askdocs_1v6bro9,815bb82f5bc0a3fc,8.354,18.1,8.84,181,10
askdocs_1v6bvb9,cf80fe1856f39d7a,8.792,16.833,11.794,404,24
askdocs_1v6bw1h,7720766be0823637,12.04,30.0,8.333,60,2
askdocs_1v6bz66,3d87ea175e5773dd,6.167,14.308,14.508,186,13
askdocs_1v6c26y,b500155283af8216,5.169,9.444,6.977,85,9
askdocs_1v6c2ip,67e8e2b43f909b09,5.679,15.0,8.0,75,5
askdocs_1v6c40j,937cde9ddf1c7c30,11.239,24.4,8.197,122,5
askdocs_1v6c9m5,f6ad8f66776b0c50,7.139,19.125,8.805,153,8
askdocs_1v6cd02,55560d4dfb675a93,11.286,24.867,12.598,373,15
askdocs_1v6ce3l,78fdbb0e7edb2d6f,3.25,10.7,0.0,107,10
askdocs_1v6cgrt,eaa30e3500cbec2d,9.248,19.9,15.122,199,10
askdocs_1v6cgvq,55d5cc15881c5d63,8.253,17.417,11.211,209,12
askdocs_1v6chxn,54b5a28f73a70dea,7.229,15.833,11.443,190,12
askdocs_1v6ci4i,84aeac403bcd5ae8,5.089,12.375,7.843,99,8
askdocs_1v6ci5n,952f6b281a496887,8.261,17.5,11.161,210,12
askdocs_1v6citc,e9f1641fe4711184,7.426,15.4,16.049,77,5
askdocs_1v6ciw0,5aab996302630d5a,6.412,12.87,10.033,296,23
askdocs_1v6cjo5,f19fa221a7edbef4,7.296,11.9,9.836,119,10
askdocs_1v6cp13,7197184713627ed9,5.801,14.769,10.345,576,39
askdocs_1v6cun0,304793ac66b5f40a,9.282,17.75,18.779,213,12
askdocs_1v6cxso,7963c5eca0b77917,6.371,15.786,10.965,221,14
askdocs_1v6cy48,0e75f5c9b9093316,4.131,11.667,2.632,35,3
askdocs_1v6d2b8,a6767d039f26c06b,4.133,9.6,14.286,48,5
askdocs_1v6d4yg,e5d1a020e4dacb5d,12.88,19.667,14.054,354,18
askdocs_1v6d8wl,e345f1e9bc9a0efd,10.797,20.9,11.806,418,20
askdocs_1v6dawd,07ada98bf1a8e1d5,5.674,14.0,3.448,56,4
askdocs_1v6dayj,c9784d52d761309a,4.755,10.31,11.712,433,42
askdocs_1v6dg93,6b1a2ab16c770a43,8.159,15.75,8.661,126,8
askdocs_1v6dh0a,8f6ebb4773636119,3.921,11.091,13.934,122,11
askdocs_1v6dkbm,57e7246f69528ad3,11.621,29.6,6.536,296,10
askdocs_1v6dnmv,de6356c4e3b51020,4.137,10.8,10.526,54,5
askdocs_1v6do0i,319c8bf1fe121c83,5.343,13.7,12.766,137,10
askdocs_1v6dob1,6b9fccb9e4a772c7,8.587,15.276,12.804,443,29
askdocs_1v6drg1,98ec9981acd39809,10.151,28.25,8.85,113,4
askdocs_1v6dwhu,7cc77868bdf7018c,8.48,15.471,10.448,263,17
askdocs_1v6dxcr,aeedb51781e4ba43,15.175,43.0,4.545,43,1
askdocs_1v6e18h,36a60e6a5bfcde3e,8.725,21.182,8.511,233,11
askdocs_1v6e3xm,a6bc2089634fd29b,5.216,16.0,2.29,128,8
askdocs_1v6e4q7,c4813490a6ace0bf,9.463,21.364,11.017,235,11
askdocs_1v6e52o,957161dbc8423205,5.079,13.167,10.843,79,6
askdocs_1v6e5jl,32c508f5f265c420,9.295,22.417,8.759,269,12
askdocs_1v6ebsg,2919d5cf0a4a03a7,8.109,22.267,5.556,334,15
askdocs_1v6ediv,95c11960c1317802,5.014,12.714,6.593,89,7
askdocs_1v6eipy,0ec3eb50a93a9d72,6.989,14.833,6.859,267,18
askdocs_1v6ek3b,4f72646e5acf3fe0,6.846,14.737,7.56,280,19
askdocs_1v6eq8r,2b33ed6af76c7158,8.895,21.0,0.0,21,1
askdocs_1v6ev4n,2f5ae040ad5b693b,15.559,28.0,7.143,28,1
askdocs_1v6ey43,18e450f9c9dfe403,7.846,17.385,12.971,226,13
askdocs_1v6eyko,83a2f126a6d409a9,9.378,17.64,8.742,441,25
askdocs_1v6ezsf,590208373729d822,5.864,15.2,12.195,76,5
askdocs_1v6f4yt,6996f11c56c99487,10.297,24.323,11.355,754,31
askdocs_1v6f889,2ffe6cdf6eb2aaae,8.438,17.6,7.527,88,5
askdocs_1v6f968,0ed304f6d5ec7bdb,7.098,16.833,7.407,101,6
askdocs_1v6f9q0,82038eded12f9d16,8.44,18.062,11.945,289,16
askdocs_1v6fd2l,5cba32e32111e47b,4.376,12.727,6.849,140,11
askdocs_1v6fjxf,88336096d9868ca3,6.584,10.333,17.204,93,9
askdocs_1v6fm9c,adac66194d4b60c5,8.168,15.647,8.865,266,17
askdocs_1v6frhg,b296c51868981ca8,10.752,28.667,6.18,172,6
askdocs_1v6fski,e4c792d60bf71d27,10.966,27.4,9.29,548,20
askdocs_1v6fuih,3f31fbca0cda8e74,10.083,14.714,11.111,103,7
askdocs_1v6fut9,fcc6f0c29fad582a,11.554,15.5,14.486,868,56
askdocs_1v6g0oo,b056e48da0367e80,11.618,26.63,13.84,719,27
askdocs_1v6gbx2,daae15ece853c0ae,11.126,24.857,16.949,174,7
askdocs_1v6gch7,abcaddae8037792c,6.359,16.0,8.383,160,10
askdocs_1v6gcta,b8f559215a6ee760,6.736,14.25,14.407,114,8
askdocs_1v6ggj8,a7bd55a8827f6d60,8.233,21.812,6.72,349,16
askdocs_1v6ghlx,b2973672116bcc46,11.905,27.431,8.562,1783,65
askdocs_1v6gj9k,37fe3e20987af520,8.381,19.929,5.357,279,14
askdocs_1v6gmyv,1d9a1bfc9cb68a60,4.058,10.667,11.765,32,3
askdocs_1v6gn84,2b143d55651aca5b,13.115,30.625,7.031,245,8
askdocs_1v6gn8n,8c47aa49bb38a057,13.869,21.667,16.103,715,33
askdocs_1v6go3v,63f0af84a1ec9b73,3.235,11.833,4.138,142,12
askdocs_1v6gsfy,d34f5d6423352954,8.821,19.312,8.075,309,16
askdocs_1v6gszc,7ba765dd0d51c648,7.476,13.824,13.983,235,17
askdocs_1v6gtfo,c6e15125b55bde0a,7.255,20.0,9.524,80,4
askdocs_1v6gvmy,1270185ced7e34fa,5.374,10.375,12.941,83,8
askdocs_1v6gw2p,4c20e3152b074a94,5.662,14.643,8.92,205,14
askdocs_1v6h0wo,31de66e7ce94e9c0,11.792,25.312,15.738,405,16
askdocs_1v6h1ha,f6857e0b7a05f002,8.333,21.0,9.524,42,2
askdocs_1v6h3ck,659e6cd587cbdb46,7.645,12.111,8.257,109,9
askdocs_1v6h5vf,15fad45fa8ae2373,4.272,13.25,11.321,53,4
askdocs_1v6h89f,22687b3817b4edac,4.653,12.75,9.615,51,4
askdocs_1v6h8b0,65b7db533492ec83,4.244,10.75,6.667,43,4
askdocs_1v6hn2s,a969c6c2a2c64968,9.533,20.3,14.833,203,10
askdocs_1v6hs6w,7b29a673bcec2e5e,8.202,19.5,12.5,78,4
askdocs_1v6hw8h,0bbe91e94f0ea458,6.18,18.0,10.959,72,4
askdocs_1v6hwjo,a37d7d93ca3b2b98,5.12,14.5,9.677,29,2
askdocs_1v6i3en,6ed659e94b88d213,6.391,16.286,6.14,114,7
askdocs_1v6i3s4,1e6a3cabf0db4e81,3.924,9.333,15.294,84,9
askdocs_1v6i5fi,a8ce760e2fa00dda,6.319,14.214,4.785,199,14
askdocs_1v6i6ow,19814a82f962920d,8.432,21.178,5.9,953,45
askdocs_1v6ihxc,02bac96017aa28b1,9.44,21.75,12.222,87,4
askdocs_1v6ii1l,8ff392a7ac4223cf,4.077,9.714,13.139,136,14
askdocs_1v6ii40,8e0e4009065822c4,11.716,24.0,15.578,192,8
askdocs_1v6im8l,67793f3cc72197f2,7.087,15.828,11.991,459,29
askdocs_1v6inuj,7513ba84ece5c008,6.454,16.0,8.333,112,7
askdocs_1v6iqg3,3f2a39fc1b7d5e77,9.607,15.846,11.298,412,26
askdocs_1v6iupn,330a38d5d5470ec1,10.51,33.0,15.152,33,1
askdocs_1v6ivs2,bdfd08091c0019ca,1.323,8.571,19.672,60,7
askdocs_1v6iym0,bf32a0e5b362ff0b,5.573,16.444,3.896,148,9
askdocs_1v6iyzy,a1a91cd26b96e6f1,48.472,124.0,9.6,124,1
askdocs_1v6j0y5,2bb33e64d5d655f1,2.433,9.75,15.385,78,8
askdocs_1v6j22z,9c5510ea6a30f341,2.262,9.625,15.584,77,8
askdocs_1v6j3pm,e5ed04b660c07cb1,8.531,20.091,10.044,221,11
askdocs_1v6j6op,ada048ef6cd8ab69,5.663,14.5,6.593,87,6
askdocs_1v6j8pm,ee9b204afba8cdea,17.649,41.889,9.068,377,9
askdocs_1v6jfd2,de56d810bf41eb01,7.861,16.875,13.889,135,8
askdocs_1v6jlii,28bc2fc92302b6f5,18.554,32.0,19.03,256,8
askdocs_1v6jlzy,6811597d316b68b5,7.152,15.8,3.75,79,5
askdocs_1v6jq0a,5d86a0e84bb35b30,8.57,14.807,12.301,844,57
askdocs_1v6js44,33a6c710f17d78ad,5.684,16.857,9.244,118,7
askdocs_1v6jse8,85ad035bb66e696c,4.344,14.667,6.25,44,3
askdocs_1v6juhv,92d8854aa44efa41,11.359,24.833,14.667,149,6
askdocs_1v6jvch,84f76b155afba2fd,6.658,17.0,11.765,34,2
askdocs_1v6jvtm,98fe532b776042e2,7.776,19.0,18.182,247,13
askdocs_1v6jyp3,db942412e94c06cc,16.157,32.0,9.16,128,4
askdocs_1v6k0ez,686b5e999586236e,10.745,15.618,15.233,531,34
askdocs_1v6k3sj,2c00bbf9d7e1c970,11.36,17.636,12.531,388,22
askdocs_1v6k4z5,39e7ec787cd424f1,5.102,9.7,10.101,97,10
askdocs_1v6k5iw,ad7f1da3ac3f94f6,7.03,15.0,18.529,330,22
askdocs_1v6k8ke,fe86b611ce7c29b9,4.346,11.286,4.762,79,7
askdocs_1v6k8o9,07894f048fe402d6,5.602,13.167,7.595,158,12
askdocs_1v6ked7,46316f0e3a5f6362,5.895,14.556,7.435,262,18
askdocs_1v6kelp,a9bb64dbdf1d0dd6,11.63,17.732,9.88,727,41
askdocs_1v6kh1t,a403cbbdeeebfddb,7.293,16.5,7.514,165,10
askdocs_1v6kjgw,edaeda363f8dc6b9,6.163,11.824,10.526,201,17
askdocs_1v6kkmb,75f7cd3f6e18719c,6.46,16.65,7.31,333,20
askdocs_1v6kkmc,7a3337490314c193,8.771,23.0,6.122,46,2
askdocs_1v6kliq,93064e574e7bc665,9.344,17.5,11.905,245,14
askdocs_1v6kmj7,f1387fc255a454b9,12.474,27.929,9.367,391,14
askdocs_1v6kp05,5bb9293ca4595d06,9.393,19.6,15.764,196,10
askdocs_1v6kqsl,6fcf0916e2180b0f,5.835,15.667,18.75,47,3
askdocs_1v6krym,a394d63a2d4a9ebd,6.679,17.125,7.746,137,8
askdocs_1v6kuzr,b6cfe7b418af8d3d,3.789,11.625,6.122,93,8
askdocs_1v6kzzp,6f72dfaf444bf317,1.078,6.909,7.229,76,11
askdocs_1v6l0wr,1f0276f7135c7a48,8.609,21.444,6.091,193,9
askdocs_1v6l4ta,741911d8448dceae,3.247,13.0,10.256,78,6
askdocs_1v6l7x7,42e216713d38b5f4,2.994,8.75,13.889,35,4
askdocs_1v6l8gi,849e5a55286d4dd7,3.826,8.875,8.451,71,8
askdocs_1v6laf4,cd5f40bbf00d0f0a,15.13,36.091,5.736,397,11
askdocs_1v6lawl,4216fe2397095a64,5.726,13.571,10.309,95,7
askdocs_1v6lc7k,257d12e88c4b6c23,6.203,13.804,10.804,773,56
askdocs_1v6lej7,b710d8e0e437bff0,7.392,12.146,10.577,498,41
askdocs_1v6lfss,a60b7af668f95e51,12.214,19.214,14.493,269,14
askdocs_1v6lfz0,126feb9467267843,7.308,16.047,11.698,690,43
askdocs_1v6lglf,14af0d37d1bdaee7,9.253,22.706,5.868,386,17
askdocs_1v6lll2,f128d6b7711c0988,4.791,10.923,10.915,284,26
askdocs_1v6lmr2,154eca280d5efd0c,8.112,15.348,12.57,353,23
askdocs_1v6lpu7,ecb9d607df62f86d,3.217,8.833,8.333,53,6
askdocs_1v6lqvf,0b66019cac5e0668,17.604,40.75,15.152,163,4
askdocs_1v6lrh7,264a90b62ffb61b3,5.02,14.444,10.345,260,18
askdocs_1v6lvtk,7140d4fbe929328d,9.763,27.231,8.169,354,13
askdocs_1v6lxyj,8606afadec75be04,5.549,17.667,1.724,53,3
askdocs_1v6m1gj,7c3706b6b3dd7e15,5.118,9.333,8.333,56,6
askdocs_1v6m1tk,6030108e6fd6925b,4.118,11.533,6.286,173,15
askdocs_1v6m3lf,49611ac3a0331b3b,7.577,15.333,11.828,184,12
askdocs_1v6m4ju,766c5b2b3057a22b,6.836,12.308,7.407,160,13
askdocs_1v6m5n4,0997b8f4e62f3867,9.764,19.12,8.284,478,25
askdocs_1v6m6wq,1c1ef3d680caf29e,4.42,15.0,12.088,90,6
askdocs_1v6m7fn,f097e2b7b0d58d2c,6.861,14.429,5.643,303,21
askdocs_1v6m7up,2913aa9d6ee8330d,8.138,16.667,9.524,100,6
askdocs_1v6m9c4,75886887851d8b72,5.877,10.875,11.702,87,8
askdocs_1v6md4o,01945fa099a8a955,6.848,15.75,14.286,126,8
askdocs_1v6meuk,468ba5bb51031330,12.717,31.615,7.748,822,26
askdocs_1v6mira,54f32fc1ffc7a283,6.853,12.273,9.353,135,11
askdocs_1v6ml6a,e5d5b4b5a596363d,5.462,16.833,12.745,101,6
askdocs_1v6mlhs,4367b14116780881,8.956,21.667,6.829,195,9
askdocs_1v6mo0w,db8458e7e33f46f6,6.498,13.125,11.404,105,8
askdocs_1v6moqp,8b02acc4b5452ec5,10.03,25.25,18.812,101,4
askdocs_1v6mq0j,ee688dc265f59579,9.109,22.9,8.264,229,10
askdocs_1v6mqo7,390b09e948270bbf,6.807,15.333,7.447,92,6
askdocs_1v6mzz9,f3755ffea93375be,3.912,11.429,6.098,80,7
askdocs_1v6n34j,a815c3bfc7c2890f,8.394,28.0,8.929,56,2
askdocs_1v6n3yf,82e6dd9c373025ed,4.321,10.143,6.667,71,7
askdocs_1v6n4d7,ade54a710e725120,3.003,8.25,14.706,33,4
askdocs_1v6n68p,10d35c82aa5f2a72,18.759,52.0,5.66,52,1
askdocs_1v6nbdw,78f339fb9824583d,7.491,18.0,11.184,144,8
askdocs_1v6ndny,861be743fa7668cb,10.345,17.091,12.565,188,11
askdocs_1v6ndsv,f5602df114f08941,5.043,12.4,7.087,124,10
askdocs_1v6nduw,d5b136bf6dd994a3,6.749,14.524,11.746,305,21
askdocs_1v6nj8b,072c405d3ca863ac,6.041,12.75,3.704,51,4
askdocs_1v6njod,d03b846d2650136b,10.115,25.385,8.408,330,13
askdocs_1v6nm1f,baa75721a46eba9b,96.471,247.333,10.843,742,3
askdocs_1v6nmvr,05f9a9acfc7b6502,3.364,8.889,6.098,80,9
askdocs_1v6nnbi,8c86d2be78862e1b,40.353,104.5,7.306,209,2
askdocs_1v6nqaa,ff25fe55c2aced0c,6.609,11.033,6.158,331,30
askdocs_1v6nuif,024abeee9d750fea,8.143,16.5,11.267,1320,80
askdocs_1v6nvgf,92a31174b95258c1,1.648,8.0,12.281,56,7
askdocs_1v6nxme,44e162c1766a87f7,4.791,10.917,11.111,131,12
askdocs_1v6nz2b,565ef13b0d7b41ca,6.285,16.0,8.642,80,5
askdocs_1v6nznw,b70d22abf0b44709,3.331,8.75,13.889,35,4
askdocs_1v6o24d,b3e6b95686ff09ec,4.766,9.692,11.594,126,13
askdocs_1v6o2zp,16f61d9ed849f31f,4.764,13.85,7.914,277,20
askdocs_1v6o3az,0bb476d8e2c1a176,4.682,15.0,17.391,90,6
askdocs_1v6o3iv,729070815b30a2c5,8.084,17.812,14.865,285,16
askdocs_1v6oa1v,17e8e4d54c93a39a,8.866,20.682,12.284,455,22
askdocs_1v6oanb,4dfd02b97be5f75d,8.787,22.5,6.593,90,4
askdocs_1v6ob4q,6abff13400490eba,11.497,29.909,9.44,329,11
askdocs_1v6okb1,53fe2611992ab34e,7.586,17.5,15.753,140,8
askdocs_1v6op94,9fe140d0d7c023f9,10.715,29.5,5.085,59,2
askdocs_1v6opae,5c099c654371e979,10.925,19.5,8.696,156,8
askdocs_1v6opzr,7997e17709588748,9.434,23.5,14.488,282,12
askdocs_1v6ore1,f3a28145e09420ca,3.921,8.5,9.615,51,6
askdocs_1v6oti6,c1e9784677a80a3a,11.939,25.0,6.667,75,3
askdocs_1v6ou2p,22a22b1db9ad18e2,7.077,15.8,8.537,158,10
askdocs_1v6ouw4,cc63530ae9aa5f38,5.263,13.5,7.059,162,12
askdocs_1v6ov64,5f1f4e1888cb7df6,14.764,25.889,10.612,233,9
askdocs_1v6ox9p,d2354f18b7dc7f63,10.677,24.583,11.409,295,12
askdocs_1v6oyvb,9f1f6be58513a0e4,14.231,19.353,15.607,329,17
askdocs_1v6ozgf,f039c2919bc10463,10.654,10.786,16.561,151,14
askdocs_1v6p0cr,3680ce4c697989ee,6.364,16.5,13.69,165,10
askdocs_1v6p1i2,571c85c5f82b26fe,9.094,21.0,9.14,357,17
askdocs_1v6p1lt,cca2d34fef71ab93,31.297,77.0,5.063,77,1
askdocs_1v6p67x,f6815bf48e196a30,9.598,19.111,13.764,344,18
askdocs_1v6p7yi,f77695278e4b161b,10.307,25.778,6.867,464,18
askdocs_1v6pauu,11b0475884e43f1d,5.406,13.296,10.556,718,54
askdocs_1v6pd6b,9ee2c25a855a5e31,8.099,15.833,11.224,95,6
askdocs_1v6peqo,b27eed8feb4110a9,26.881,70.0,5.556,70,1
askdocs_1v6pn97,3cb108cee8143d24,10.812,26.333,10.843,79,3
askdocs_1v6pnru,345279b34a9f4d84,6.578,14.091,7.692,155,11
askdocs_1v6pozp,c3b662247c79dc3e,6.76,16.917,8.134,203,12
askdocs_1v6prgo,a245cb45fdf0af3e,6.304,18.8,13.83,94,5
askdocs_1v6prrg,d3465c21b9ec1f3c,4.118,12.25,14.286,49,4
askdocs_1v6ptbx,0fc9b4b9cfd2b0d0,6.838,18.556,8.929,167,9
askdocs_1v6pw1w,c88a0445dc6aa6d5,7.492,18.571,8.271,260,14
askdocs_1v6pzoa,90aace7a48973b5e,13.253,20.0,19.672,120,6
askdocs_1v6pzvt,af33e300ea2f87f6,5.958,14.714,11.321,103,7
askdocs_1v6q0ge,343f8cdae6ba3a60,34.08,85.0,8.235,85,1
askdocs_1v6q2k1,11b6f068464b2da9,19.335,30.9,35.35,309,10
askdocs_1v6q6l9,a45ae1bb95ae86b7,15.196,34.0,5.634,136,4
askdocs_1v6q7x1,6b0b675a11002b21,3.402,6.7,11.429,67,10
askdocs_1v6q97v,b17c7629c2a14089,12.907,31.667,13.684,95,3
askdocs_1v6q9p4,2e3e2994f73fedf7,11.589,29.0,10.0,58,2
askdocs_1v6qa6a,15e7d0eab216c200,9.998,25.0,9.292,225,9
askdocs_1v6qd4t,ab6590c1051fca66,7.299,15.5,7.05,372,24
askdocs_1v6qelf,c647c2d8e909533b,8.666,16.727,13.193,368,22
askdocs_1v6qgon,af475c3c9b06a69e,13.601,16.562,18.531,530,32
askdocs_1v6qhrr,f0a0d1f41eeadb6c,5.976,15.286,11.163,214,14
askdocs_1v6qjov,579afd92ad8185bc,5.768,10.625,11.111,85,8
askdocs_1v6qlrf,05dfa857f61bacdc,7.699,18.235,10.159,310,17
askdocs_1v6qn3x,e41f3577b9d0df11,4.164,13.833,2.381,83,6
askdocs_1v6qoem,ab1a26bde3ad96b4,9.343,18.429,6.154,129,7
askdocs_1v6qoye,90feb40951963a5a,11.123,27.227,7.108,599,22
askdocs_1v6qpbk,d108a57099befb2a,20.679,52.333,8.28,157,3
askdocs_1v6qpoz,d7d1e9ccf0470a8f,6.221,16.5,5.97,66,4
askdocs_1v6qqf8,aacff94099b967a9,8.477,21.455,11.864,236,11
askdocs_1v6qt4s,910666e97e5cfde2,10.189,20.077,9.023,261,13
askdocs_1v6qtnc,d75b2a2aa9578be3,4.958,15.067,7.692,226,15
askdocs_1v6qv8p,4af40d2c4a34d26d,8.48,20.444,9.73,184,9
askdocs_1v6r0v8,f1658bc1eba69c80,8.123,19.111,11.798,172,9
askdocs_1v6r1vk,bee7c613df6bb5ab,10.722,20.595,14.139,865,42
askdocs_1v6r2c4,999c60cf52d1b358,9.073,20.333,10.078,122,6
askdocs_1v6r3yd,bc31c26226de08d0,10.102,23.438,11.399,375,16
askdocs_1v6r4j9,38fcd8e0095c5e27,6.637,17.375,12.23,139,8
askdocs_1v6r8ff,7c05e7c3a0210572,7.411,13.68,12.791,342,25
askdocs_1v6r9vb,50ce00cb3a72b605,3.252,12.333,6.173,74,6
askdocs_1v6rc87,12f97c0549761bb6,2.272,10.5,9.091,42,4
askdocs_1v6rdnh,517b457f4d826ed4,5.566,16.333,9.388,245,15
askdocs_1v6rekk,84c2e9abbced4f28,2.249,5.4,13.793,27,5
askdocs_1v6rfrm,5729ce72b6b69829,10.189,20.077,9.023,261,13
askdocs_1v6rfwe,e2b7542a144751dc,7.372,14.647,7.393,249,17
askdocs_1v6rggt,80ebb974b4a10fb3,14.283,20.778,11.558,187,9
askdocs_1v6rhs7,32fe79cc19897fcb,5.885,16.091,3.743,177,11
askdocs_1v6riud,e84db8620957d1f9,12.432,34.6,6.742,173,5
askdocs_1v6rl9e,46c54af57df4e9ff,7.693,16.1,9.639,161,10
askdocs_1v6rmer,7219c760bcc7ad3f,5.818,13.0,4.545,39,3
askdocs_1v6rq42,df0008971896c86e,4.203,9.545,14.151,105,11
askdocs_1v6rqn4,25c6d059b6e4b191,12.761,24.286,12.791,170,7
askdocs_1v6rrpz,7fa41b1d010dcc83,12.492,19.543,16.286,684,35
askdocs_1v6rucc,c2e26512f157dc46,19.277,48.75,11.224,195,4
askdocs_1v6rva4,2cfb8c456c1fdc7c,4.346,11.286,4.819,79,7
askdocs_1v6rw7u,11ab8d23ca7e47e9,10.76,18.5,20.513,37,2
askdocs_1v6rzqo,f534ca1a18ba58b2,9.804,23.3,8.12,233,10
askdocs_1v6s213,e057490b975f175a,6.925,15.429,11.927,108,7
askdocs_1v6s49p,38c1b97032e972a2,6.441,16.294,6.873,277,17
askdocs_1v6s4vo,831511ccfd9dea76,8.39,15.765,14.286,268,17
askdocs_1v6s9te,48264f3587520c25,4.248,9.75,0.0,39,4
askdocs_1v6sbz7,6bbbec3eec5d2692,6.992,14.308,9.375,186,13
askdocs_1v6scpd,5f657be708d5d49c,10.742,14.182,17.391,156,11
askdocs_1v6scq2,5f2ae3763c3d1cb3,10.118,24.0,9.596,192,8
askdocs_1v6si72,f4e2bd15ba699c53,4.232,11.714,10.714,82,7
askdocs_1v6sihy,1e13b2de97cbc101,5.533,10.667,11.94,64,6
askdocs_1v6sjlv,d534bfcdae14d6a8,6.071,13.625,14.679,109,8
askdocs_1v6sm6c,838c4b47997e0e14,9.589,17.0,13.517,799,47
askdocs_1v6soxb,4985be9e9f899fae,8.45,11.75,18.812,94,8
askdocs_1v6spgm,04b767f6b9465b66,9.102,19.545,9.692,215,11
askdocs_1v6sr0k,61bfdcd63e66cd40,22.787,57.0,6.926,228,4
askdocs_1v6srla,3f16eb55c845be67,8.913,19.125,6.452,153,8
askdocs_1v6srqj,3ff0c593ffb1a13f,7.322,15.923,11.321,207,13
askdocs_1v6svl6,224317ff4948242c,10.965,31.0,9.677,62,2
askdocs_1v6svzq,b8a5cb8bc128cc65,11.744,20.636,10.663,681,33
askdocs_1v6sxj7,487e3ceb1b20f682,3.372,12.6,11.268,63,5
askdocs_1v6t0eg,713edd62171a6bfb,6.276,16.0,8.984,256,16
askdocs_1v6t0q2,82b8d1c1db6b5f23,12.925,27.111,18.443,244,9
askdocs_1v6t0y1,11a975651b840057,13.498,23.2,23.967,116,5
askdocs_1v6t92l,918c2061f7f29023,3.221,9.333,17.241,28,3
askdocs_1v6t9ql,6986db9cec31681a,12.34,24.923,12.5,324,13
askdocs_1v6tbg6,92941b83f1654a67,8.054,17.1,9.884,171,10
askdocs_1v6tczu,5daba3b745eedde5,9.655,15.083,13.115,181,12
askdocs_1v6tgbh,6a7cc0d61ffa12d1,10.024,25.556,6.996,230,9
askdocs_1v6ti0n,7f0da0bf64238183,13.648,20.182,36.364,222,11
askdocs_1v6trtg,850d2ec8d0bdaaab,7.846,18.2,13.542,91,5
askdocs_1v6ttvh,5baca388ea6cc57c,3.15,10.364,8.403,114,11
askdocs_1v6tusl,9ae15e6768f7277f,3.465,9.571,10.448,67,7
askdocs_1v6tv7e,3afe394efbf083e9,3.184,10.556,6.061,95,9
askdocs_1v6tvkm,2eb26865c18674a7,6.823,19.182,10.0,211,11
askdocs_1v6twfk,0daa7fc48a6c4c95,6.793,16.75,13.235,67,4
askdocs_1v6typp,5940b7b6ddf06b3d,6.595,13.571,13.402,95,7
askdocs_1v6u049,042e78437da4318e,9.551,18.87,12.996,434,23
askdocs_1v6u08a,bf5356bed8cf57fd,4.469,13.75,8.547,110,8
askdocs_1v6u4jh,e5bc3b4991dc9d08,6.139,13.0,14.286,221,17
askdocs_1v6u9h6,dc12efac694b3199,11.187,18.231,12.277,474,26
askdocs_1v6ud7g,042069110bd43436,2.201,12.0,8.108,36,3
askdocs_1v6ujpl,a9b3f5f2b47aea90,4.479,15.25,6.557,61,4
askdocs_1v6umdy,b3530b6c3fa30400,9.78,23.842,10.088,453,19
askdocs_1v6uofm,f03c89084d69a9c6,5.367,15.167,11.579,91,6
askdocs_1v6upgb,69ea8dd44c7db0f0,15.21,40.5,12.048,81,2
askdocs_1v6uq5r,4881b732d645d0b8,5.483,19.0,10.526,19,1
askdocs_1v6uryg,cb646812023c9371,8.495,18.2,8.014,273,15
askdocs_1v6usfz,06cfc6beb6fe4856,9.059,22.333,8.148,134,6
askdocs_1v6utgb,4c3725d80da4834c,6.531,18.444,5.233,166,9
askdocs_1v6uua1,97bdb2c248520a80,15.474,39.0,11.616,195,5
askdocs_1v6uw41,8d1bc6651c2ee8e7,5.28,12.481,13.223,337,27
askdocs_1v6uw9h,4375fc2e19fd6495,3.192,7.429,6.78,52,7
askdocs_1v6uxkz,9f3cdd9a045f668e,3.84,12.0,8.333,36,3
askdocs_1v6uylt,a3ea7a2ff8e5cd58,15.104,35.75,7.143,286,8
askdocs_1v6v1nc,0bd6555e35625fa8,8.606,21.929,7.5,307,14
askdocs_1v6v1us,1b1c5297aa6cd16d,11.379,19.571,13.074,274,14
askdocs_1v6v3rh,7804e42f57d41adb,6.045,13.0,14.815,52,4
askdocs_1v6vajl,986d1f5e0b605e25,4.294,16.0,6.25,32,2
askdocs_1v6vazq,cf53ccf2f840a906,5.213,13.0,5.128,39,3
askdocs_1v6vcgr,b2d24e07b7bfab50,8.379,14.438,16.049,231,16
askdocs_1v6vf3z,c020054426d6bef4,4.255,11.0,9.091,22,2
askdocs_1v6vi8e,4ecae8f8193b2d94,4.72,9.167,16.364,55,6
askdocs_1v6vnrs,52d293ce65539f35,7.218,15.421,9.272,293,19
askdocs_1v6vo8j,0db516aeb3c3738e,5.426,16.125,4.478,129,8
askdocs_1v6vub3,b120ffe8f40348b7,6.744,17.0,4.38,136,8
askdocs_1v6vuon,6c453a389562a984,8.154,20.333,11.373,244,12
askdocs_1v6w2ue,7f7654c7fe1d3762,8.184,17.395,8.499,748,43
askdocs_1v6w6bg,d203d9264886d33d,16.583,40.267,3.279,604,15
askdocs_1v6w76a,329d1577a7a6cbac,0.143,7.333,4.348,22,3
askdocs_1v6w90x,911d6c8d8e47b7a7,6.708,14.455,9.404,318,22
askdocs_1v6w94y,a8868e4bdfd7e7e5,6.526,14.643,11.65,205,14
askdocs_1v6wc39,0342f24005dbc874,5.466,17.333,8.654,104,6
askdocs_1v6whxl,34f0ed341b20313a,6.058,14.571,6.481,102,7
askdocs_1v6wpnl,074ea85fc5a97c11,8.71,20.75,14.458,83,4
askdocs_1v6wv1e,9b2852dffc4a6227,10.964,26.0,9.202,156,6
askdocs_1v6wyrr,a80714fa50e28719,10.365,23.538,11.254,306,13
askdocs_1v6wyw3,dbe82c648a991232,4.939,18.75,14.286,75,4
askdocs_1v6x3e5,e01131759b9bdbb9,4.379,9.6,11.765,48,5
askdocs_1v6x3v2,4fb0be0215708450,19.738,54.5,6.957,109,2
askdocs_1v6x7il,06c84ab8c4927b2a,7.562,14.375,12.931,115,8
askdocs_1v6xaww,ed5cdae365c450be,6.634,17.267,16.288,259,15
askdocs_1v6xdb5,37aadd1409f95627,14.007,32.667,8.0,98,3
askdocs_1v6xki1,794012a69dc6aff0,6.364,18.333,10.909,55,3
askdocs_1v6xm8x,e9a0e4ddfb18247f,7.875,18.4,12.0,92,5
askdocs_1v6xnk6,d789dc5a1f4354dd,8.936,14.6,12.081,146,10
askdocs_1v6xrbz,255a8b1bbdfe5ae8,5.839,13.4,7.143,67,5
askdocs_1v6xvmy,3a751dbcaca7e743,6.879,14.381,9.221,604,42
askdocs_1v6xxzs,e70de459025c11e9,7.745,23.0,0.0,23,1
askdocs_1v6xyia,15f987eb9a32d8d3,5.698,12.72,7.453,318,25
askdocs_1v6y4ft,bf7f1c9ce20bf23b,6.936,16.5,14.286,33,2
askdocs_1v6y8mt,2f13d45a1eb00eab,8.283,20.375,9.756,163,8
askdocs_1v6y922,1e27bf2f28122659,11.37,16.571,10.931,232,14
askdocs_1v6yhhs,6b0c80bbf821ad59,1.979,5.714,9.756,40,7
askdocs_1v6yhn3,8f1c92924168937c,10.159,24.0,13.699,72,3
askdocs_1v6ytz6,861461cc0c37453b,7.541,17.583,13.699,211,12
askdocs_1v6ywn7,a4a41e4b88ec190b,7.567,16.769,5.909,218,13
askdocs_1v6z17n,f85176c083a62957,8.783,17.75,10.39,71,4
askdocs_1v6z7s7,2e37c1b6dec59ab2,6.398,8.667,15.385,26,3
askdocs_1v6z7xv,74d25f3fb8d04e78,15.516,33.0,14.074,132,4
askdocs_1v6z9qq,379fb108f9ebf3fc,6.758,11.143,10.976,78,7
askdocs_1v6zkay,1cac86797c245b70,4.645,9.833,4.918,59,6
askdocs_1v6zn4n,b470a0050e2aac86,40.747,100.5,6.897,201,2
askdocs_1v6zrbs,399c2ac4108e143a,36.96,97.0,6.422,97,1
askdocs_1v6zta0,f505ebf143288515,4.284,7.571,7.407,53,7
askdocs_1v6zwjv,c56f840f746b07d1,5.011,14.25,7.778,171,12
askdocs_1v7003n,aa780dbd0990e8b6,3.294,12.0,6.422,108,9
askdocs_1v703pq,aa07d72d337acf07,8.39,13.0,19.231,78,6
askdocs_1v7079v,56060c20bb14efa2,7.771,14.25,22.807,57,4
askdocs_1v70bsg,c3a4f42b2dd03f7a,10.105,13.556,19.231,122,9
askdocs_1v70ds3,faad45a9fbefea0d,6.771,12.2,13.386,122,10
askdocs_1v70f6q,01de9228d07c6a21,4.124,12.727,6.164,140,11
askdocs_1v70hne,9ccd3ad78d9d647f,4.757,15.0,8.182,105,7
askdocs_1v70k4f,f2726502e0e11053,3.294,12.0,8.85,108,9
askdocs_1v70ltl,88df38f72ab01ff0,16.097,35.0,9.859,70,2
askdocs_1v70o8b,3445686d5b19ddba,7.327,13.6,10.714,136,10
askdocs_1v70ol1,d3beaba049409d7c,11.867,30.091,5.422,331,11
askdocs_1v70snp,077c0bfd5533df6f,11.772,30.0,5.136,330,11
askdocs_1v716ne,ddec7d44144c143f,9.233,19.727,13.333,217,11
askdocs_1v717ed,1478078dec52686d,7.488,17.613,9.25,546,31
askdocs_1v717ob,cd05ec781338d902,6.231,16.231,9.217,211,13
askdocs_1v7193o,395fd8c6fe5d06d6,10.616,28.167,8.333,169,6
askdocs_1v71hfk,953d003bc45ebe44,5.809,14.429,6.731,101,7
askdocs_1v71lln,053cfaf61840a532,7.439,15.227,9.849,2817,185
askdocs_1v71no0,017ae42635e1cc57,6.864,16.789,8.232,319,19
askdocs_1v71se1,33bfe90e5b44aa41,9.305,15.235,10.902,259,17
askdocs_1v71u4m,ab2ad5ea2fcaa0b9,3.877,12.25,5.882,49,4
askdocs_1v71unu,f312fd040e9f36e5,5.344,14.167,3.371,85,6
askdocs_1v721gd,233355231de1ab79,11.449,26.44,11.596,661,25
askdocs_1v723c1,17e6279315c27314,7.656,13.5,9.548,189,14
askdocs_1v724hz,9ca9ac4bf07503de,9.173,21.81,9.524,458,21
askdocs_1v725i2,656e2140eccf1e63,8.08,19.056,10.227,343,18
askdocs_1v72ccp,2d6fe7ec133ed99b,4.911,13.0,17.5,39,3
askdocs_1v72hlq,ef80fedee3d034f7,6.721,13.231,9.302,172,13
askdocs_1v72jpa,292d9849b1509c19,12.869,32.0,8.247,96,3
askdocs_1v72jyj,3cabe2b85c9bc194,7.231,17.6,3.597,264,15
askdocs_1v72l8a,4818a12c6f533fa9,7.498,16.842,11.111,320,19
askdocs_1v72w6s,9865188b7b74525f,9.179,23.667,10.274,142,6
askdocs_1v72xpp,39800c61cddda2ea,5.85,15.1,7.947,151,10
askdocs_1v730be,3e72116e6f32dae5,10.166,20.188,9.077,646,32
askdocs_1v736s5,e47e86a251e07818,11.588,25.571,5.0,179,7
askdocs_1v7374s,df45faa11f2105c3,17.804,47.0,9.259,47,1
askdocs_1v737mq,f35a459670dc3dbe,4.433,11.0,2.703,33,3
askdocs_1v738zc,39522915550701cb,9.873,15.397,14.548,2094,136
askdocs_1v73i1e,f10cd5ce55b2354c,6.94,9.25,22.156,333,36
askdocs_1v73kit,902100bdbd68fe02,11.035,26.533,7.035,398,15
askdocs_1v73l5b,a3b65d15f9c7fc0b,3.235,9.667,13.793,29,3
askdocs_1v73pgm,9bb5ff5d9f9b0e33,8.316,12.812,11.617,410,32
askdocs_1v73r1y,99468b2501deb502,4.389,12.5,12.0,25,2
askdocs_1v73ts8,f585327a2c885e7f,6.722,16.667,8.911,100,6
askdocs_1v73wa4,1b4cd21810adecc9,6.856,14.625,4.098,234,16
askdocs_1v73zl6,37bb1fc5eeca14a9,6.718,10.0,18.0,50,5
askdocs_1v7457y,2c0913c73ff0fbb4,4.473,9.0,12.0,72,8
askdocs_1v7461n,c10d64bd91831610,6.109,13.84,12.717,346,25
askdocs_1v74bni,ed107f20adadc22b,6.573,15.95,6.344,319,20
askdocs_1v74cj9,7fcdd4d0e3c869ca,6.463,15.35,9.615,307,20
askdocs_1v74i0i,ae2f8be2e8cd652d,6.154,15.433,9.631,463,30
askdocs_1v74kve,e4eb8587a2edd3f6,4.823,12.0,5.747,84,7
askdocs_1v74m9z,b1829f4f30ac2b8a,3.24,15.0,15.625,30,2
askdocs_1v74nn1,7ca2eea889583d5b,5.953,14.667,6.667,132,9
askdocs_1v74rgt,afba24ef15374a53,5.462,13.636,9.272,150,11
askdocs_1v74s5y,4880de3effc3cf64,13.635,34.0,11.429,34,1
askdocs_1v74uor,1757e58186c7627b,10.611,17.75,19.005,213,12
askdocs_1v74xr0,69cc3ad5a02f458b,10.67,17.667,4.464,106,6
askdocs_1v74zkk,1d3d7e2ce874ff60,9.217,21.615,2.135,281,13
askdocs_1v751cz,a5e1f0fdefbb7eaa,7.695,13.667,11.953,1066,78
askdocs_1v754z6,58e559abb40e6307,5.805,12.125,10.0,97,8
askdocs_1v7563w,391105e13e4a8ebc,7.811,18.444,13.772,166,9
askdocs_1v7572s,6a8c1dd078006704,12.97,19.067,13.423,572,30
askdocs_1v757mp,9e406be881fec55b,5.526,11.786,13.018,165,14
askdocs_1v75ar3,b897ea6a6ef905fe,31.464,82.0,15.06,328,4
askdocs_1v75cas,2413a5d5db24bf71,21.632,56.0,11.667,56,1
askdocs_1v75cvr,589000fc04668617,7.84,13.194,10.976,475,36
askdocs_1v75jig,83f20c790a71f021,8.172,16.167,8.6,388,24
askdocs_1v75n0p,850ea629a1e1ab34,7.857,14.737,7.534,280,19
askdocs_1v75nds,18aa1cdb494692fc,12.474,24.2,13.008,121,5
askdocs_1v75r3c,c7b5746d46e41093,11.592,25.5,9.346,102,4
askdocs_1v75voc,d30c2bdbf0b41b10,25.113,52.0,1.818,52,1
askdocs_1v75xgw,aa7c7fbf01aedee0,6.543,13.2,13.636,66,5
askdocs_1v75xyz,1aac047e2fad0128,5.544,12.714,12.088,89,7
askdocs_1v75zbs,55986e80856274a7,5.444,13.455,8.667,148,11
askdocs_1v75zlz,3f0b80f30f2e0b5d,5.682,12.857,13.043,90,7
askdocs_1v7608u,e107289c20df5fe7,4.359,12.25,13.725,49,4
askdocs_1v763dd,19f69e4eb6441fd9,4.459,15.167,4.301,91,6
askdocs_1v764nt,df777922384a072e,7.687,13.787,14.286,648,47
askdocs_1v765ko,1cb26769eb395755,6.827,10.25,10.843,82,8
askdocs_1v76bze,a3f5e84c2e4124d0,-0.408,6.25,0.0,25,4
askdocs_1v76ebx,937058d53e9616e5,12.275,29.75,10.938,119,4
askdocs_1v76gwn,ffcbe7af54b330f5,5.81,11.857,9.412,83,7
askdocs_1v76n3s,cea640bf31dd2fd2,13.873,28.0,20.874,196,7
askdocs_1v76out,8be8690e1fa4ddae,6.682,10.714,16.456,75,7
askdocs_1v76s06,5a916df0f2f7a5c5,10.452,30.167,12.698,181,6
askdocs_1v76s2j,d031b2a9ce385421,11.336,19.571,8.454,411,21
askdocs_1v76uvz,b947d767b138bc1a,6.626,12.0,2.632,72,6
askdocs_1v76wfg,4816ebf5caa5d210,5.408,13.5,3.571,27,2
askdocs_1v76zya,2920ef19d9ad3f7f,9.318,19.267,14.527,289,15
askdocs_1v772f6,dff6c3247e33bf34,3.643,9.333,21.429,28,3
askdocs_1v772nr,f6f653ed76389eba,20.766,54.0,10.092,108,2
askdocs_1v773uv,fa109fae20896e41,7.852,19.933,7.987,299,15
askdocs_1v7780p,b9d98f552870c453,6.724,13.875,10.526,111,8
askdocs_1v77ai5,37dcedbcd8a876c9,9.195,18.846,11.134,490,26
askdocs_1v77b69,3c60ef6b9ff4bf1d,31.588,81.0,16.867,81,1
askdocs_1v77ffr,ef59b600bcd18521,5.405,13.211,10.156,251,19
askdocs_1v77g42,7e8ed013aa06f558,3.714,8.286,10.345,58,7
askdocs_1v77hf9,cdb6e7e04b3fd433,7.939,14.273,10.127,157,11
askdocs_1v77jny,2c491469c5584db3,4.086,12.0,10.0,48,4
askdocs_1v77lgd,fddf6e38b88543be,4.912,14.833,13.187,89,6
askdocs_1v77nbs,271527af1fc96ae5,10.481,26.2,9.559,131,5
askdocs_1v77nul,911e0955027d2fc6,13.35,19.0,15.323,114,6
askdocs_1v77qs0,f9df5b326996388e,6.827,15.545,7.558,171,11
askdocs_1v77tfb,cbd67ba4b707d000,10.927,22.2,7.965,111,5
askdocs_1v77tz8,cd6486e132942a4e,9.294,18.0,10.959,72,4
askdocs_1v77uja,229f925a5c9c8055,7.258,13.75,8.85,110,8
askdocs_1v77vsi,e7efb26ef3682d6b,10.927,22.2,7.965,111,5
askdocs_1v77vxu,32ac67ab268fec84,3.718,11.0,8.696,66,6
askdocs_1v77xdf,c3d48765afae9383,13.252,35.167,7.955,422,12
askdocs_1v77zfr,34328a1d66ce16fe,5.604,15.778,6.849,142,9
askdocs_1v77zgz,a419c65e9428c366,5.222,11.647,11.058,198,17
askdocs_1v77znd,ebc666b179b1fbe7,4.27,14.333,2.222,43,3
askdocs_1v77zym,679d5af2b73286f0,10.489,22.0,11.602,176,8
askdocs_1v7823q,fd9a6d392f4c3721,8.194,19.87,12.288,457,23
askdocs_1v7830b,fd0b6032e872bb66,7.049,19.75,11.765,79,4
askdocs_1v7877i,60b0f6d61e5c3b31,7.151,13.75,11.607,110,8
askdocs_1v78iy3,dd5d716fd5da20ee,6.816,13.556,7.317,122,9
askdocs_1v78lcl,05347135f0370cfb,5.695,16.0,6.098,160,10
askdocs_1v78mr5,ea563eaa5d3c3adb,7.571,17.222,7.051,155,9
askdocs_1v78mzr,7edd8b9a03aa5866,5.184,12.091,6.618,133,11
askdocs_1v78pby,a5a6b991eab2a942,10.716,18.286,10.219,128,7
askdocs_1v78uq5,a3fe9dccc003b97b,7.669,19.4,9.5,194,10
askdocs_1v791yo,1634338ba6742312,7.414,12.917,11.25,155,12
askdocs_1v793ml,1dd2d1c8a6457917,13.847,32.5,11.165,585,18
askdocs_1v797kw,1d5eab24deda7608,8.599,15.5,10.309,93,6
askdocs_1v79f53,43a4161812d1af2d,11.259,15.8,13.665,158,10
askdocs_1v79kn6,ae6becf0bd5052e4,4.61,10.833,7.353,65,6
askdocs_1v79lst,d6ff9d52b699e227,5.383,12.444,11.404,112,9
askdocs_1v79o83,2f59b0488c95eda5,10.801,26.8,5.204,268,10
askdocs_1v79oxf,fe013c2a3b376441,4.823,13.111,10.744,118,9
askdocs_1v79w4b,18d6cab3be93ab46,12.21,30.667,6.486,184,6
askdocs_1v79ybw,caa37947767ad8ab,6.433,13.667,12.195,41,3
askdocs_1v7a5ub,8810fe14d6fb4689,8.031,13.5,29.63,27,2
askdocs_1v7a6ss,98223f3127d4952a,6.936,13.75,18.182,55,4
askdocs_1v7a8vw,c373a3e2d0929b2c,4.884,12.75,3.704,51,4
askdocs_1v7aioo,ea86730fda897814,8.557,17.4,5.618,87,5
askdocs_1v7aoe3,f1fbd2c2bfb0cacc,7.009,13.611,6.589,245,18
askdocs_1v7arog,bd7b36c866bd56cc,5.571,14.2,15.493,71,5
askdocs_1v7asd8,322a67bcd7f17369,10.441,21.625,15.429,173,8
askdocs_1v7asj1,49b1b23962d2727f,3.668,12.659,7.843,557,44
askdocs_1v7auuz,30a16203336ad9ca,7.391,17.3,9.827,173,10
askdocs_1v7aw1r,abc723ce89ebd114,7.968,21.25,7.059,85,4
askdocs_1v7aw8a,fd9e0ebee216ccdf,4.861,14.0,9.662,196,14
askdocs_1v7axi3,108810e07bf5b42b,7.919,16.5,11.111,132,8
askdocs_1v7axif,10916031fddc126a,7.054,18.389,9.036,331,18
askdocs_1v7az81,c9125d1ff49b13c2,9.133,19.857,14.134,278,14
askdocs_1v7azvj,29a579878897a96e,3.235,9.667,9.375,29,3
askdocs_1v7b1ap,48d0e874cf28e77d,5.479,11.833,5.128,71,6
askdocs_1v7b1e5,019f59e9226637b9,9.338,24.667,9.333,74,3
askdocs_1v7b1gf,9b4b0aa2c9180653,8.589,20.333,10.294,61,3
askdocs_1v7b2cd,032eee5979412284,6.765,11.455,10.145,126,11
askdocs_1v7b2qn,9cb3baaf9a2d56b4,6.435,19.8,9.0,99,5
askdocs_1v7b4f5,3b8fccf7f5854199,14.023,18.115,13.098,471,26
askdocs_1v7b7xj,ec35a3fcda48e8f6,6.068,8.333,34.615,25,3
askdocs_1v7ba72,976d0cc757b744c8,4.161,8.444,12.987,76,9
askdocs_1v7bbs6,edc4926cf059cb90,4.238,10.5,9.524,21,2
askdocs_1v7bdqf,b37b9ce0e2cb543d,7.487,16.444,6.081,148,9
askdocs_1v7bedj,691bc2362b9a9df8,21.297,46.818,5.273,515,11
askdocs_1v7bhg1,221d4f97285ed23e,7.487,15.222,6.569,137,9
askdocs_1v7bi0x,1046a1cc49111a1d,9.8,16.417,16.667,197,12
askdocs_1v7bjoi,477b31dcc80a54d9,9.498,19.833,13.934,119,6
askdocs_1v7bjyc,1ebd68f54a5414de,8.141,20.75,12.941,83,4
askdocs_1v7bkbx,c48677f44d3b82ae,9.224,21.286,4.983,298,14
askdocs_1v7bns1,c0ba92a79a7267db,6.36,17.261,9.951,397,23
askdocs_1v7boap,a2bbd6cb78c09525,4.795,10.667,12.5,32,3
askdocs_1v7bs0k,2dcd1081973cde37,5.674,14.474,12.281,275,19
askdocs_1v7bsrk,00a7556281c9f4b2,5.333,12.5,16.0,25,2
askdocs_1v7bszj,b89451f37cb093b3,5.188,6.0,14.0,48,8
askdocs_1v7bu2i,770d03d5b876b388,4.731,9.364,9.859,206,22
askdocs_1v7bvpl,b1273bff11e9fe48,3.744,11.25,9.89,90,8
askdocs_1v7c0uf,3651f811594fc833,5.761,14.615,4.523,190,13
askdocs_1v7c1w5,a8efa7be494bb424,8.733,18.077,8.439,235,13
askdocs_1v7c22a,a2c300d6fb2f3025,12.08,19.667,18.033,59,3
askdocs_1v7c22y,bddef30880a819cc,12.093,33.5,5.634,67,2
askdocs_1v7cabb,b575cc5ffcf38bba,14.85,38.667,17.094,116,3
askdocs_1v7cb5c,12b3d1622f0609da,9.752,20.512,10.094,841,41
askdocs_1v7cb5v,a9b8509c165c08d4,14.141,27.556,14.397,248,9
askdocs_1v7cbo0,e9b4ba37c3ef28a9,4.39,12.889,10.084,116,9
askdocs_1v7cdan,41743da617e09a13,10.462,21.9,9.957,219,10
askdocs_1v7cqao,95f2cdac66abc4bc,6.426,10.833,11.94,65,6
askdocs_1v7cren,0a14d77c0ed02861,6.688,18.833,8.621,113,6
askdocs_1v7crn9,54dcfdd24ebc4144,6.442,15.5,7.317,155,10
askdocs_1v7cry2,a170c4e3d6ba46b4,4.313,11.308,2.632,147,13
askdocs_1v7cu3b,59dff7b4459f1b36,13.371,30.25,9.836,121,4
askdocs_1v7cy68,2398e4300e87300f,5.934,15.824,7.407,269,17
askdocs_1v7cycg,a1ef67e010083a12,11.36,22.591,12.103,497,22
askdocs_1v7d9jv,34293e882830947d,7.45,18.636,6.161,205,11
askdocs_1v7dfzy,cab69d0d3299991c,10.325,13.214,12.439,370,28
askdocs_1v7dmev,c5ce8ab212a9e3c1,13.178,31.5,8.901,189,6
askdocs_1v7dqpc,c8af937b8549c26e,8.256,18.087,12.326,416,23
askdocs_1v7dx0m,e975e4082bf778b5,21.959,57.0,6.452,57,1
askdocs_1v7dysx,fd6e83486ed175ce,8.52,24.0,12.0,24,1
askdocs_1v7e14x,aef5e493c65b106d,4.6,12.25,5.66,49,4
askdocs_1v7e3as,f6573da0cd54e721,7.665,16.49,7.294,808,49
askdocs_1v7e4r4,4075a5726f4fa0a8,5.962,12.5,7.792,75,6
askdocs_1v7e8cr,27ad063e0cd0ebaf,11.47,24.0,15.068,72,3
askdocs_1v7e9jo,9f006fe0d8217178,7.823,10.2,11.111,51,5
askdocs_1v7eau5,8b4d6dd0366a8798,8.553,18.714,8.955,131,7
askdocs_1v7eay7,cfd32d5edafbba38,5.806,12.056,8.333,217,18
askdocs_1v7eddm,709fe62f32d6bbb6,286.873,736.0,7.392,736,1
askdocs_1v7edzu,403cb602f4bf9bd2,7.131,13.714,7.586,288,21
askdocs_1v7ekpx,051f381f8c334dba,5.463,14.0,14.286,28,2
askdocs_1v7eqre,dfb37bafc9b8b813,3.713,11.842,9.735,225,19
askdocs_1v7er5g,fe156aa5a9f8baa6,4.589,11.4,12.069,57,5
askdocs_1v7es0o,2863f4d28cb5abd5,2.592,8.8,8.989,88,10
askdocs_1v7esjm,a3143a245211f712,11.754,19.875,25.455,159,8
askdocs_1v7ethe,eb7675832121faff,7.675,14.0,16.522,112,8
askdocs_1v7etuj,190acd4fa4016207,6.856,14.625,11.331,351,24
askdocs_1v7ew58,5f423cfb8bb11501,6.393,15.444,10.072,139,9
askdocs_1v7ex4z,afe5bd4396add7d0,6.555,15.629,10.401,547,35
askdocs_1v7ez1a,0aaa67f5dc6fbcb8,7.861,16.875,8.824,270,16
askdocs_1v7ezn1,970497d597094362,7.772,16.2,10.843,81,5
askdocs_1v7ezog,3687567ce2a105e5,6.033,17.0,16.471,85,5
askdocs_1v7f0s5,0be85c0f6d39ebb8,6.288,11.545,10.526,127,11
askdocs_1v7f312,ad221fd36dc41e53,5.617,10.0,17.188,60,6
askdocs_1v7f9bm,e41be2f2a96f6b84,10.907,21.5,13.143,344,16
askdocs_1v7fbp0,128a74a05e12aa75,6.212,16.889,8.333,152,9
askdocs_1v7fcbf,7dd33bb14111dc75,4.954,14.857,13.333,104,7
askdocs_1v7fisw,fa7ffc82bfd21eeb,7.64,15.778,6.645,284,18
askdocs_1v7fk05,18f49cf15b549f48,9.724,26.4,11.364,132,5
askdocs_1v7fmp7,0c0692765c24cc67,11.677,27.6,10.345,138,5
askdocs_1v7fuxc,668f637c04193911,9.333,17.167,9.667,927,54
askdocs_1v7fuzi,ca28616e56c804de,6.681,15.6,12.346,78,5
askdocs_1v7fv9v,27a9c1e8195e0f43,6.892,15.0,8.929,105,7
askdocs_1v7g1nx,4a1f29203bd0237e,8.483,15.636,11.494,172,11
askdocs_1v7g1xr,a8738afb0564e877,8.374,13.375,12.67,214,16
askdocs_1v7g3cl,397fb30b2904f025,8.532,22.286,11.656,156,7
askdocs_1v7g45o,bee34a1817804c69,10.211,26.2,8.029,131,5
askdocs_1v7g68s,7fe25c5c1dd39f4e,9.738,24.5,13.861,98,4
askdocs_1v7g8ce,8c724d966353f90b,22.544,56.667,5.618,170,3
askdocs_1v7gc3s,fe2d0bef42eaef2c,6.916,15.25,11.438,305,20
askdocs_1v7ger2,dd3d2c70bee9cf4b,4.247,8.0,10.959,72,9
askdocs_1v7gixa,41a2b49e485d2d2d,5.373,11.333,10.28,102,9
askdocs_1v7gpbm,dac2d8cabee79612,5.154,14.925,8.955,597,40
askdocs_1v7gpsm,1c6bbbd23abb911b,6.682,16.679,7.463,467,28
askdocs_1v7gqza,0990c6957859cc49,7.854,17.625,5.424,282,16
askdocs_1v7gzjg,671e38515ba44ddd,81.323,204.0,7.317,204,1
askdocs_1v7h0eo,f8ed90ac5a2ac673,2.421,9.667,13.333,29,3
askdocs_1v7h1n4,563d67341b5c3247,7.513,17.7,15.47,177,10
askdocs_1v7h2ai,fe72a20d21ffddcc,8.856,9.406,11.538,301,32
askdocs_1v7h4ft,9b8630249254d85d,6.317,15.25,13.008,122,8
askdocs_1v7h7r1,7204a0fd086bd797,14.209,35.188,8.056,563,16
askdocs_1v7h9gn,c01580487ddaae9e,7.144,18.6,7.812,186,10
askdocs_1v7hab5,cc4cf23bcd1fdeae,11.123,16.2,15.607,162,10
askdocs_1v7haw9,8f1932e8281a1ff7,5.034,11.778,14.151,106,9
askdocs_1v7hdf8,b00ca4eed5da31fa,4.142,7.6,12.5,38,5
askdocs_1v7hdzn,4ba3d86de0ad0b15,10.301,23.8,6.667,238,10
askdocs_1v7hgky,0577c21ad504ea30,9.218,18.867,4.131,566,30
askdocs_1v7hhy5,d123fa586e678dda,21.509,53.333,9.317,160,3
askdocs_1v7hj73,1e588b221a325cc6,4.608,13.571,8.163,95,7
askdocs_1v7hlvg,d48e5b3631a1b650,7.213,13.714,15.464,96,7
askdocs_1v7hmxy,a006eae9d6f80069,10.091,27.0,9.877,81,3
askdocs_1v7hmyz,9c2ecfe21ba1a543,8.745,15.8,6.639,237,15
askdocs_1v7hrnw,5ffffc7015da8ecc,6.106,15.0,7.658,210,14
askdocs_1v7hsvv,79adcb826a8a24f3,5.542,8.8,4.082,44,5
askdocs_1v7hui5,f8e3fafa33564934,5.48,11.667,6.944,70,6
askdocs_1v7hy5h,7e7711defbd658e3,12.403,29.0,3.333,29,1
askdocs_1v7hyet,74d947941bff7e97,2.133,10.0,10.959,70,7
askdocs_1v7i33q,aa53f148d69b9935,9.697,25.6,7.576,128,5
askdocs_1v7i3qf,564df09551134e80,7.754,8.2,14.286,41,5
askdocs_1v7i5pv,f336342e856f12ed,3.67,13.35,10.791,267,20
askdocs_1v7i5yc,1617a16c3d207c77,5.202,12.25,13.592,98,8
askdocs_1v7i79o,00764991c0deaede,6.638,15.923,8.095,207,13
askdocs_1v7ieaq,cdcf5b82ad47dcf0,4.969,11.389,12.5,205,18
askdocs_1v7ieqm,d686b8ceae6e730d,8.441,20.222,5.263,182,9
askdocs_1v7ihnw,189bb3fdd0a08f2a,9.11,22.923,7.862,298,13
askdocs_1v7ihpf,d3536201cbe36c1f,7.431,14.833,8.511,89,6
askdocs_1v7iiim,5bb02f477566500c,6.17,16.2,4.938,81,5
askdocs_1v7iixv,ff438313a3b1540c,8.772,12.231,18.405,159,13
askdocs_1v7imea,0db2e595d088406a,7.268,19.375,7.453,155,8
askdocs_1v7ip84,8ce6dadc0ee999e7,5.647,10.0,9.16,130,13
askdocs_1v7irdh,0789cb5e8bef7fc0,7.457,14.696,15.497,338,23
askdocs_1v7isaz,a37946e88ba5bf39,9.426,16.133,15.2,242,15
askdocs_1v7isud,adad2cfc615d9833,7.302,17.0,7.258,119,7
askdocs_1v7itxq,9127ba48dce5f2b5,8.966,25.143,10.106,176,7
askdocs_1v7j173,97c9f624b8085708,9.283,16.438,15.441,526,32
askdocs_1v7j552,7a6bedfd132db2ca,25.38,66.75,10.861,267,4
askdocs_1v7j6s9,6fbb69277bed87ee,9.961,23.833,11.111,143,6
askdocs_1v7jcgm,d4fe217f0ad60b5f,9.344,14.214,13.107,199,14
askdocs_1v7jdpt,f251e64de9254eff,9.8,18.429,12.308,129,7
askdocs_1v7jetd,1a6cfacc57c1d30d,3.952,9.5,17.5,38,4
askdocs_1v7jgja,b583f567d39505ef,13.536,26.0,13.125,156,6
askdocs_1v7ji9s,cfaaab752aff19d6,3.86,10.857,3.947,76,7
askdocs_1v7jl0k,438804cbc39aeaa7,8.289,18.629,8.601,652,35
askdocs_1v7jsue,d08c74afef0b5638,8.87,18.167,10.619,218,12
askdocs_1v7jvqu,414997053e3f1c6a,4.483,12.714,5.155,89,7
askdocs_1v7jw1z,d9976e16c5c57b01,5.806,12.556,10.435,113,9
askdocs_1v7k9xc,44824fb9b603c0c9,1.983,8.75,7.895,35,4
askdocs_1v7kgfe,d2f8f01980d6f080,10.687,15.75,7.843,252,16
askdocs_1v7kiqq,907d9693af5e1a84,9.67,15.286,18.349,107,7
askdocs_1v7kmv3,a5853dbdc099d607,10.964,19.8,16.613,297,15
askdocs_1v7kn31,6e4c03591c7b9fcd,6.566,12.294,9.515,418,34
askdocs_1v7kqp2,0dc14d0778c09575,4.6,9.737,12.766,185,19
askdocs_1v7krdc,301e61a3d44f2dfa,4.037,12.0,4.839,60,5
askdocs_1v7ktbi,705b7c9eced2bc56,8.45,21.875,8.427,175,8
askdocs_1v7kux2,c1f50bf81a73ac29,8.011,13.4,10.798,201,15
askdocs_1v7kvut,1932ddcba822178d,11.766,20.286,9.091,142,7
askdocs_1v7l2pv,18bcf5f223cde706,6.009,11.333,17.647,68,6
askdocs_1v7l3nf,0f1fcc86e2701a5b,9.618,13.294,17.021,452,34
askdocs_1v7l4js,6677ba67230ce244,9.758,14.333,21.348,86,6
askdocs_1v7l7ly,387c400b3965f6b2,4.841,14.857,5.769,104,7
askdocs_1v7l814,5d8f136a7bcdcc54,5.986,11.667,18.571,70,6
askdocs_1v7l8u5,a064706fb0830d56,3.138,8.4,7.143,42,5
askdocs_1v7lam0,0213af7adfb07be1,8.132,22.5,8.511,45,2
askdocs_1v7lb0l,e69aab87e80a4651,8.441,17.636,15.152,194,11
askdocs_1v7lctl,750a961c3de6a489,15.4,42.0,11.905,84,2
askdocs_1v7lejs,f2e0dd66f2209830,9.097,18.625,8.667,149,8
askdocs_1v7leo3,72f7c04e3786abfd,9.111,17.667,5.357,53,3
askdocs_1v7lfkn,b8cef92958740f88,11.425,28.333,14.444,85,3
askdocs_1v7lg7l,0e3bb47c2ae6b1bf,8.921,20.0,6.684,740,37
askdocs_1v7lgxm,4739009bb43315c1,5.317,11.25,4.348,45,4
askdocs_1v7li0w,29c13fbfe0ce85f9,7.658,16.579,14.97,315,19
askdocs_1v7ljft,445ec0651fac4f28,8.592,17.667,8.125,159,9
askdocs_1v7ljmh,9b3bc753ab441cf2,5.692,13.323,11.19,1239,93
askdocs_1v7lmah,49a90262c5651ba5,3.31,12.5,4.571,175,14
askdocs_1v7lpwt,3dfb05d3130bc5cf,6.454,16.0,3.509,112,7
askdocs_1v7lqof,7fcaaab7bafc721c,5.81,12.75,11.321,51,4
askdocs_1v7lqsc,3f303fd870738287,3.534,17.0,15.789,34,2
askdocs_1v7lsti,4a5d98d424396681,5.381,15.1,5.263,151,10
askdocs_1v7lt16,643b55c3adcac9e2,1.708,8.667,7.595,78,9
askdocs_1v7lys4,9b11a9031e47a9dd,7.379,19.167,12.712,115,6
askdocs_1v7m7fk,7fcc7977c507e95d,5.523,10.1,12.5,101,10
askdocs_1v7mfqq,db4fa59e06d50c2f,15.223,36.222,11.209,326,9
askdocs_1v7mina,9e00e89edfd04b34,8.177,16.68,12.857,417,25
askdocs_1v7mj36,39887ec0b50399e4,1.897,7.75,31.25,31,4
askdocs_1v7mk0n,cb4222c597547e76,6.618,12.429,8.791,87,7
askdocs_1v7ml36,b114fa3870a53a27,9.21,16.0,9.603,288,18
askdocs_1v7ml67,270747a5f44fcfba,2.828,9.667,25.806,29,3
askdocs_1v7ml9e,7f6b99e4b85b8d4b,6.079,17.0,7.273,51,3
askdocs_1v7mqu3,7537a020f6c9a283,7.005,17.0,10.811,34,2
askdocs_1v7mvpd,cdc82be6be8d5490,7.221,20.636,7.826,227,11
askdocs_1v7mzmy,2f16b28ec69e6765,12.81,29.0,24.138,29,1
askdocs_1v7n3l6,3cf1a66b206d033b,7.778,17.1,17.341,171,10
askdocs_1v7n4be,09ce3a61edc879fd,6.695,18.0,17.323,126,7
askdocs_1v7ndis,d5585daf77b4cb6f,5.629,12.85,14.498,257,20
askdocs_1v7nejs,89923f39e16999b4,10.755,28.091,7.784,309,11
askdocs_1v7ngd8,94b9a702e664b7c2,10.411,15.889,22.0,143,9
askdocs_1v7nh1v,8c28f2ea17c3da5d,5.642,12.875,11.483,206,16
askdocs_1v7nkx1,f311f4cd4a5b3fce,8.002,22.333,6.475,134,6
askdocs_1v7nl36,3fc03640d614d16c,9.158,22.0,12.658,154,7
askdocs_1v7noa2,20bcbaa6a322eb36,5.576,14.429,10.891,101,7
askdocs_1v7noqm,f031da019782f9b1,5.839,14.25,12.281,171,12
askdocs_1v7nrpm,84a833a2cd8ab087,12.593,26.5,11.215,318,12
askdocs_1v7nw23,bd04d9d4e7c5bb93,20.979,49.0,11.429,98,2
askdocs_1v7nxvu,b021dc8ada79022f,7.551,16.632,9.735,316,19
askdocs_1v7o03w,9599229aab183cb8,7.258,19.0,13.523,266,14
askdocs_1v7o1f0,0df599c9ceae6a09,5.754,11.917,9.767,429,36
askdocs_1v7o1xs,ab78ef74a0610ebb,6.498,14.778,5.109,133,9
askdocs_1v7o2az,24e79c677d6152d6,6.34,12.32,16.139,308,25
askdocs_1v7o2iy,0361b4cb9442f972,6.656,14.857,11.712,104,7
askdocs_1v7o2mv,2b3248c7b39892b0,8.135,21.778,7.653,196,9
askdocs_1v7o39x,cf03ba5cd7ff6064,8.374,16.667,14.706,100,6
askdocs_1v7o4h6,1836c544a3a9be49,10.111,20.056,12.121,361,18
askdocs_1v7o517,46ab66451837c4f9,7.418,17.5,27.778,35,2
askdocs_1v7o5ur,fff55e6b09488ece,9.91,18.5,7.86,222,12
askdocs_1v7o660,3ba40e08609e79a3,17.541,40.5,10.119,486,12
askdocs_1v7o7sy,f88ceb3696605b4a,8.431,14.615,14.07,190,13
askdocs_1v7o9ts,da92c7c82fcac81b,7.072,15.857,8.929,222,14
askdocs_1v7odfb,294c6aeeb5e51033,5.881,10.833,10.448,65,6
askdocs_1v7ohwf,af176f82d0056994,9.427,21.455,11.741,236,11
askdocs_1v7omzf,ed14fe90b1833601,28.847,68.6,6.936,343,5
askdocs_1v7on70,f837fae92e78a565,8.561,18.438,12.203,295,16
askdocs_1v7on8f,d0a961cf0abc5340,6.171,17.846,14.163,232,13
askdocs_1v7onk1,9cada705b3192da1,10.026,25.895,10.707,492,19
askdocs_1v7oo67,ef14b4ee4c3461f0,6.593,18.4,6.452,92,5
askdocs_1v7oors,f6614f2271f2d2ef,5.953,14.667,10.204,44,3
askdocs_1v7op66,f593a2004aff0bb9,11.468,22.8,10.593,228,10
askdocs_1v7opjp,e3ec98595532914f,8.488,27.0,14.815,27,1
askdocs_1v7opso,a0609119a70ad7d7,3.09,8.857,12.308,62,7
askdocs_1v7oqmh,539168a186ad2820,5.333,12.5,10.714,50,4
askdocs_1v7ow31,bc9d7086850acab6,12.658,26.667,14.907,160,6
askdocs_1v7oxd5,6ca5348e86106552,5.814,14.0,10.405,168,12
askdocs_1v7oxpj,25b0483752b9a0ae,6.524,13.0,11.864,117,9
askdocs_1v7oyxx,d89658d88d3fea62,4.448,9.778,10.734,176,18
askdocs_1v7p469,eb740452c18872ab,5.835,14.737,12.676,280,19
askdocs_1v7p4pw,9f30b9446244f995,7.937,18.333,5.882,165,9
askdocs_1v7p569,5c668939b4c62242,4.389,12.5,7.692,50,4
askdocs_1v7p56h,32f34bfc5f570aa9,3.82,12.714,5.618,89,7
askdocs_1v7p5do,c5bb717bddbabe45,7.199,16.167,16.5,194,12
askdocs_1v7p747,a56f83cbb07f1a33,5.234,13.222,8.065,119,9
askdocs_1v7p7a7,255ddc7d2ecc609e,7.15,12.417,16.556,149,12
askdocs_1v7p883,4b94e2950f4a2ac5,5.732,15.5,8.417,465,30
askdocs_1v7pcmw,d1f9e6754ccfbb3d,6.011,14.765,1.149,251,17
askdocs_1v7pd50,e03f179c711f13d5,10.549,18.083,9.565,217,12
askdocs_1v7plpd,a17ffa9dac2f952a,6.075,12.0,5.036,132,11
askdocs_1v7pp35,aaa36a2780b1e554,7.178,16.533,8.268,248,15
askdocs_1v7pr3h,5a192d52da9368bf,5.17,13.0,7.447,91,7
askdocs_1v7psvo,08baa4f56bfb3438,4.377,13.273,13.423,146,11
askdocs_1v7pt88,4762bae0ba599b9d,7.92,20.571,10.738,144,7
askdocs_1v7pv3i,28005b6f0e1a2441,10.943,26.25,8.276,420,16
askdocs_1v7pw2i,8232d17578c4699f,6.202,12.333,13.548,148,12
askdocs_1v7pxcy,345e1a6cdbf495b2,9.199,14.417,15.47,173,12
askdocs_1v7q5ba,b6fe27049ec93e25,5.946,13.818,10.494,152,11
askdocs_1v7q5za,3c9e72bb723043d6,19.237,54.0,9.259,54,1
askdocs_1v7q7b4,b5f8a934f338866d,8.116,20.222,4.688,182,9
askdocs_1v7qbdu,e7a1b1839880ade5,6.313,14.125,10.345,113,8
askdocs_1v7qej9,190fc67ba1ac21cb,7.644,14.091,10.638,310,22
askdocs_1v7qfap,f3cf1620d38c564d,3.696,10.75,10.638,43,4
askdocs_1v7qi7v,413bf0a2f0bd5514,4.985,13.6,17.647,68,5
askdocs_1v7qiwj,7dbd034aba4d23ad,7.979,13.15,10.753,263,20
askdocs_1v7qjsn,494b6753ad4004e6,8.656,22.5,10.949,135,6
askdocs_1v7qkfo,984fb1bf94473f40,5.443,17.0,2.857,68,4
askdocs_1v7qlp9,76165873152de074,5.003,11.4,22.414,57,5
askdocs_1v7qnvc,753a5e5eefe7456d,6.395,10.824,7.96,184,17
askdocs_1v7qqgx,aa0ebc5c397827e8,9.788,15.185,13.604,410,27
askdocs_1v7qra3,653bbdc38a4eb0a9,5.408,12.417,16.234,149,12
askdocs_1v7qrw2,2a075c9a62219ed1,7.439,15.111,8.244,272,18
askdocs_1v7qsk2,1480a19526ee94f3,5.404,14.2,14.865,71,5
askdocs_1v7qylj,64af387cd9842333,21.653,51.0,11.765,51,1
askdocs_1v7qz5r,3bf2ba0d7094b9a4,9.693,17.25,8.255,414,24
askdocs_1v7r0de,ed6860e308e92299,8.165,26.0,1.887,52,2
askdocs_1v7r2po,e9be2673cb752985,5.172,13.556,8.871,122,9
askdocs_1v7r4uz,44722478839e3f50,7.523,13.733,18.841,206,15
askdocs_1v7rbdw,b5fc1eb5b90e5038,4.795,11.333,9.722,68,6
askdocs_1v7rc7q,89ac937f3f436c84,3.832,9.143,18.182,64,7
askdocs_1v7rdfo,c3390aa804951352,6.138,13.923,11.892,181,13
askdocs_1v7rdmm,ff8960dfde0e33b3,6.722,16.667,9.615,50,3
askdocs_1v7rdv9,9a5bb53bcf277c7e,7.961,15.292,9.6,367,24
askdocs_1v7rgb2,9f2a0dd8b59891e4,1.072,7.25,6.897,29,4
askdocs_1v7rk1x,7efb7e4dd89c4e13,7.372,14.0,7.57,238,17
askdocs_1v7rmhu,e42573c9599c2e95,11.356,20.069,14.735,582,29
askdocs_1v7rnz2,0bc9f1343ecba74c,9.849,10.25,18.293,82,8
askdocs_1v7rtmm,f4319603831e288d,7.084,19.429,12.5,136,7
askdocs_1v7rxs9,64676b8f69f92da9,9.03,13.0,16.279,169,13
askdocs_1v7rymf,8d1ce9066b1feb4b,5.605,13.0,8.138,884,68
askdocs_1v7s13z,8754a8f5f398d8bf,4.76,14.0,9.524,42,3
askdocs_1v7s649,f087fa82eb4dcd99,9.04,20.5,9.39,205,10
askdocs_1v7sbqt,74e42e81c133f7e4,8.859,18.789,9.749,357,19
askdocs_1v7sfvt,b750c1e8349e79b2,8.499,18.238,10.705,383,21
askdocs_1v7sfzi,7a063d671fb9677d,9.229,20.2,10.185,101,5
askdocs_1v7sjtu,8ecab8caaba74f15,10.443,18.625,9.333,298,16
askdocs_1v7skba,a97c03f1ef810852,7.304,12.357,16.292,173,14
askdocs_1v7slfx,f0e61b90f3496a4e,11.341,18.529,8.342,945,51
askdocs_1v7sm5h,b1d50049bc5c0bcd,6.8,13.773,3.947,303,22
askdocs_1v7sow3,640ca4132d224ac5,6.629,16.0,10.135,144,9
askdocs_1v7spq5,657de17af0ebd58f,7.253,13.3,18.382,133,10
askdocs_1v7t0xc,eeb774047a809474,10.364,24.0,11.224,96,4
askdocs_1v7t2ba,a487d1cee22aa1f4,11.382,29.75,10.833,119,4
askdocs_1v7t326,dbd1e5ecfd557353,7.454,17.75,3.896,71,4
askdocs_1v7t35z,f5b6c178ccf4d47e,6.438,20.25,1.235,81,4
askdocs_1v7t7h2,5920b11e115fa1c8,8.446,19.444,13.978,175,9
askdocs_1v7tcrv,c956d902365fb643,7.513,17.7,9.574,177,10
askdocs_1v7ti1j,3c542865e88cc5af,7.912,11.8,15.702,118,10
askdocs_1v7tlmv,01c7eba9532ea459,11.151,23.769,14.603,618,26
askdocs_1v7tlnd,07909f9c8fb109cf,10.445,21.3,11.712,213,10
askdocs_1v7trhj,bfdef47443dcb673,9.083,17.833,9.317,321,18
askdocs_1v7tt30,315685f4c2bbb968,8.33,16.214,9.43,454,28
askdocs_1v7tu3y,feb44592115be0fc,7.747,18.8,10.417,188,10
askdocs_1v7u489,dce29d2b41a324fb,7.367,15.379,9.778,446,29
askdocs_1v7u4my,3036cf0387e11e11,6.154,13.833,6.897,83,6
askdocs_1v7u8f2,0ef04aa80f3d1485,8.421,16.182,16.854,178,11
askdocs_1v7u91n,27399afe655c613f,8.488,16.321,11.839,457,28
askdocs_1v7u9v0,34baa6f52ccba00e,6.725,16.875,12.676,135,8
askdocs_1v7ufti,479014a84fea4c16,12.405,23.5,14.286,47,2
askdocs_1v7ujty,d344e96be4f9fd95,6.72,13.667,14.286,41,3
askdocs_1v7uk6d,dcc5230db08f0f7c,6.601,17.333,13.462,104,6
askdocs_1v7unc1,05054243179e54bf,7.215,11.2,8.475,112,10
askdocs_1v7uogo,fc710fba2597d006,7.309,15.9,4.375,159,10
askdocs_1v7up5b,055a481524095a57,9.16,19.778,8.466,178,9
askdocs_1v7uph5,39035a2b3a55f380,5.939,11.75,13.265,94,8
askdocs_1v7upjx,e02fd9daaf5031a6,7.669,16.7,4.762,167,10
askdocs_1v7uqpp,7afaea16c637b82a,8.471,17.5,11.579,280,16
askdocs_1v7urr8,73139ea7e2bb39cb,7.631,20.769,11.151,270,13
askdocs_1v7urzb,81c0797c28b0616d,8.94,18.8,9.655,282,15
askdocs_1v7usxc,b4e215e6fb5d6a9f,7.822,17.5,10.112,175,10
askdocs_1v7uvbr,eaf64b4eea11ec29,5.549,16.038,8.14,417,26
askdocs_1v7uw8d,bfba49267578039e,6.518,15.0,11.957,90,6
askdocs_1v7uzqe,5dbc0f32ba365b24,10.603,28.75,6.612,115,4
askdocs_1v7v4gk,6faffe37ac61acab,12.31,26.867,13.547,403,15
askdocs_1v7v6ns,e1937ead0dd41e3f,7.45,13.692,15.084,178,13
askdocs_1v7v8eb,99980853fe3e2355,6.762,17.6,7.955,176,10
askdocs_1v7v8rm,26b6f1eec00469b3,10.05,21.25,10.0,170,8
askdocs_1v7v957,37c3caafe8045133,1.721,11.5,0.0,23,2
askdocs_1v7vcqf,9bb301b8ed72ec3f,6.424,13.278,9.917,239,18
askdocs_1v7vh3n,3131aa6b2db2f741,5.648,15.3,11.039,153,10
askdocs_1v7viar,ba89220e49e2b0f8,8.505,22.3,7.113,223,10
askdocs_1v7vks6,88073574c699c9a0,5.571,8.7,18.391,87,10
askdocs_1v7vkw3,1072b5bb837a3385,10.109,18.909,17.225,208,11
askdocs_1v7vq7p,8027acf6a0e3361b,7.086,16.25,12.308,65,4
askdocs_1v7vriz,70f39a02abc0d3f6,9.789,20.25,9.302,81,4
askdocs_1v7vu15,20b0bf7834491cae,6.251,14.727,4.217,162,11
askdocs_1v7w0kg,0db3dcb8e35da6e7,8.269,17.2,11.628,86,5
askdocs_1v7w46y,34e42bfed8bf5f1f,6.367,15.222,8.633,137,9
askdocs_1v7w4hb,66559f51aeb2cf0d,7.156,14.903,9.312,462,31
askdocs_1v7w63s,54dd1676122485ee,7.627,15.111,13.869,408,27
askdocs_1v7w8os,6dfa9e88ec8ca2d1,7.38,17.571,9.6,123,7
askdocs_1v7wenc,f3c451f0b6a3ad0c,7.156,16.333,8.911,98,6
askdocs_1v7weq7,8dd77ab51fb3e0e9,8.961,19.0,9.474,95,5
askdocs_1v7wgd5,9ad0c8f62a639b65,9.791,18.182,5.941,400,22
askdocs_1v7wleg,aad8356891f38851,6.395,19.333,13.793,58,3
askdocs_1v7wmwb,678e2146cd7b52d0,16.26,34.846,12.281,453,13
askdocs_1v7wsds,159068ccafe17085,4.302,9.062,11.409,145,16
askdocs_1v7wvxe,5cabc81e2d53d89a,5.578,8.105,20.126,154,19
askdocs_1v7wx7h,41bfa6bd40038204,8.128,21.188,12.094,339,16
askdocs_1v7x513,cf0bda47e7e201f2,11.679,15.391,10.484,354,23
askdocs_1v7xd8t,85425bb4dab08bc5,7.293,16.5,14.286,165,10
askdocs_1v7xwic,bc264d4f88a5e2ec,8.2,11.85,8.097,237,20
askdocs_1v7y2cm,c04aa0a8fc9bd460,13.364,24.667,13.851,296,12
askdocs_1v7y2x1,50725fe0b08c8c86,11.936,19.714,14.286,138,7
askdocs_1v7y42m,644de926617da27e,9.902,16.833,7.547,101,6
askdocs_1v7y4oc,5766ed0f65233c77,11.409,17.571,4.511,123,7
askdocs_1v7y4t1,8d62ad7da2cfbb7a,4.998,10.333,7.576,62,6
askdocs_1v7y5zv,64cf27df4ce58ef4,79.959,205.0,10.244,205,1
askdocs_1v7y73y,7152a49846370237,7.474,22.333,17.164,134,6
askdocs_1v7y89y,7971dae3366e7146,7.323,13.111,13.559,118,9
askdocs_1v7ye0c,2f5f37c3b2c6999e,9.915,15.271,14.011,1069,70
askdocs_1v7yfg3,76cf5da0068dc423,3.855,7.914,10.85,277,35
askdocs_1v7ygf6,77abff3760ac20b3,5.023,12.364,10.345,136,11
askdocs_1v7yh72,de88f6187771fba9,9.171,17.893,7.28,501,28
askdocs_1v7yj16,3a9c7cd7d51b6e86,8.632,18.946,9.418,701,37
askdocs_1v7yjp6,e9a808acb962d51d,7.115,15.333,10.39,230,15
askdocs_1v7ymeu,4385cf3e390ac48d,10.322,22.064,8.758,1037,47
askdocs_1v7ys2b,3173f8095b902bad,9.877,30.0,12.5,30,1
askdocs_1v7yvxf,d25bbb421a50ec02,6.698,15.267,9.129,229,15
askdocs_1v7z0wg,3b1de1ea94e433d8,4.499,15.333,16.667,46,3
askdocs_1v7zcn9,a891a5ab174922bc,7.203,15.5,5.376,93,6
askdocs_1v7ze9n,e25bde734b626255,4.148,10.818,10.46,238,22
askdocs_1v7zen3,a836012fd419d0d0,5.76,14.556,13.869,131,9
askdocs_1v7zfdb,6b30952c8276ed41,7.878,19.053,7.945,362,19
askdocs_1v7zfzg,45f1e84523e002e7,5.746,10.643,9.938,149,14
askdocs_1v7zgy4,8f973ff4802b3be7,5.177,10.467,8.805,157,15
askdocs_1v7zivg,fd8de9c2383a6971,5.105,13.571,8.333,95,7
askdocs_1v7zknb,225f92728a6275b4,7.437,13.2,8.955,132,10
askdocs_1v7zl31,53c01d9c83e15206,3.277,7.647,9.559,130,17
askdocs_1v7ztu9,1a98ed8c78558d4a,6.598,9.143,20.0,64,7
askdocs_1v7zvsy,0a1d3ce8f63938eb,7.549,12.571,12.994,176,14
askdocs_1v7zwdu,de762be8f62273b4,7.446,17.2,7.568,172,10
askdocs_1v8008v,46e1162792afd828,1.609,10.571,10.667,74,7
askdocs_1v8022x,4f51f892d75202bc,9.259,21.909,11.02,241,11
askdocs_1v803ka,81e489e91f1c8ba2,5.594,9.586,13.684,278,29
askdocs_1v805k0,e66d86b3bf069964,4.534,13.5,8.257,108,8
askdocs_1v805xf,4e30c3245b9e6779,6.507,20.5,9.524,41,2
askdocs_1v80a4o,dafddba655e56abb,11.98,17.7,18.817,177,10
askdocs_1v80bdh,81c80ec8734408e5,6.472,15.286,7.273,107,7
askdocs_1v80bo8,387aa86c7a24453b,24.449,61.0,19.672,61,1
askdocs_1v80d22,de1a06ce2469695e,5.313,13.625,15.254,109,8
askdocs_1v80ebi,92e7087e145fb891,4.234,8.938,11.888,143,16
askdocs_1v80g5u,7debc218d6c55ea2,7.386,16.222,9.589,292,18
askdocs_1v80gfr,2ab6e8f051584d97,5.213,10.625,20.69,85,8
askdocs_1v80jdx,166576e437c69a50,6.837,17.25,12.069,345,20
askdocs_1v80pv1,45ccfb4a9f350235,9.078,21.333,8.416,192,9
askdocs_1v80txn,dc3940680fa334a6,6.366,9.75,14.634,39,4
askdocs_1v80wjj,854243f431c78bcd,7.584,16.923,10.714,220,13
askdocs_1v810oj,0c4f9530f4339102,8.367,21.167,15.267,127,6
askdocs_1v811kp,391a06822d6ca832,4.361,9.92,5.976,248,25
askdocs_1v815tm,ac16b6253fe89ed4,7.25,15.556,7.857,140,9
askdocs_1v8180q,5ed80d80714f50d6,5.683,7.0,22.727,21,3
askdocs_1v818bk,dd7aac17b6249944,9.162,20.35,7.99,407,20
askdocs_1v818qc,4a91a354eba02e78,12.76,26.526,12.329,504,19
askdocs_1v81d18,43d3aada1f71e5b7,6.51,18.667,6.215,168,9
askdocs_1v81fc0,37633a8f2fc72d5b,6.894,16.167,7.0,97,6
askdocs_1v81fl8,3d59eee0d619c351,9.623,20.429,11.333,143,7
askdocs_1v81fsa,228a13192a69c102,5.726,13.571,9.278,95,7
askdocs_1v81h2a,f98dbd51a37a0170,3.82,9.429,9.091,66,7
askdocs_1v81h6v,db0a73d295f3e518,7.616,14.8,15.217,222,15
askdocs_1v81hqp,7feb8f4ea89c5e9f,8.071,18.905,9.273,397,21
askdocs_1v81ioq,5aa2eae928b4d7d1,7.938,18.812,16.505,301,16
askdocs_1v81lcg,fe4e769d7c099520,21.61,50.0,11.386,200,4
askdocs_1v81mqg,2607bbd56a1168fa,6.945,18.0,14.414,108,6
askdocs_1v81n1m,37ad2f231794121f,9.842,22.778,9.624,410,18
askdocs_1v81oj3,2de9c9c6efe54c42,7.617,14.867,15.152,223,15
askdocs_1v81onb,c1d9daca8be3833a,2.014,9.667,13.333,58,6
askdocs_1v81w8g,edfc3e7ab989bc07,7.086,12.5,19.565,175,14
askdocs_1v81z82,3146580fa4c551a6,7.244,16.0,18.182,32,2
askdocs_1v81ztb,25d295a6720c1c23,10.295,17.682,17.079,389,22
askdocs_1v823ry,e32bf4dccad23243,7.979,18.111,8.434,163,9
askdocs_1v82508,6e9e8cde3b845133,7.021,17.258,10.409,535,31
askdocs_1v826xs,87cb93fda9aac922,6.289,18.0,10.909,54,3
askdocs_1v829k8,a1afe7ec0d222eaf,5.609,14.273,8.383,157,11
askdocs_1v82aev,5f6374ec93155686,11.952,30.167,11.23,181,6
askdocs_1v82f4x,f375f9329af672b9,7.97,12.111,15.789,109,9
askdocs_1v82fh5,ad5a89c6474dc079,5.441,8.0,5.0,56,7
askdocs_1v82hi3,af22386f287f10f3,5.854,11.1,15.323,111,10
askdocs_1v82m9r,b7533f04412a3ad7,8.048,17.895,9.014,340,19
askdocs_1v82os1,e475d58a6526ffe1,11.139,17.333,12.264,104,6
askdocs_1v82shu,e63e5a4e8428c52d,5.05,9.571,23.188,67,7
askdocs_1v82yix,3110105681de4ab1,6.664,17.455,7.98,576,33
askdocs_1v82yqa,dce65f0c8be7ae84,8.416,19.1,13.333,191,10
askdocs_1v83129,197e8f221506f724,9.043,18.769,19.305,244,13
askdocs_1v8341n,86085fa367659971,9.752,13.0,15.0,39,3
askdocs_1v835d6,6a00463a5a633f10,7.337,18.714,3.584,262,14
askdocs_1v83dto,d98d53a6cbd4e515,7.571,18.5,5.217,111,6
askdocs_1v83e0m,8eb3386cbc4d2ad3,4.525,10.25,4.762,41,4
askdocs_1v83e1u,eb6003e9b19cfd4d,4.884,12.75,7.843,51,4
askdocs_1v83gl6,84eb2faeb623d6e5,7.037,11.778,13.208,212,18
askdocs_1v83jaj,3d84bf50b5ad472a,12.583,25.417,9.904,305,12
askdocs_1v83k1w,67528a56bc4f226d,7.67,16.714,2.4,117,7
askdocs_1v83na5,80cce1c406d47f45,6.147,10.667,8.824,96,9
askdocs_1v83ngb,22ed85b601bda171,8.948,14.375,8.936,230,16
askdocs_1v83qxy,00322f2c1d054880,14.406,32.0,8.29,192,6
askdocs_1v83tmm,02c3facb495e7a86,8.02,18.667,7.895,112,6
askdocs_1v83uk4,0234cb30bfcf93c1,6.877,16.545,7.937,182,11
askdocs_1v83w00,60e9863efdb594f6,6.901,18.0,13.021,180,10
askdocs_1v83w57,0700ea3d67a44573,36.489,95.0,8.081,95,1
askdocs_1v83wfd,64b926cc5d4d7020,10.978,24.0,9.459,72,3
askdocs_1v842cz,23788264df0c404e,6.757,14.667,11.111,88,6
askdocs_1v848wn,3c929e7ca767565b,12.411,26.625,19.731,213,8
askdocs_1v84csu,3e9463a9626c0e84,6.892,15.0,6.542,105,7
askdocs_1v84d4f,6b2748f3861f1bb6,4.793,11.25,13.333,90,8
askdocs_1v84e7n,13fe4328212a5bd3,6.121,14.81,10.191,311,21
askdocs_1v84l6g,55a7079533f4e5a3,7.929,13.174,17.049,303,23
askdocs_1v84mcf,21600717d4c0aa84,7.527,21.8,11.927,109,5
askdocs_1v84q1o,fc3fdd8dec775f24,12.35,22.833,11.538,274,12
askdocs_1v84qxb,41ac0a52db1a1d25,4.33,8.833,5.455,53,6
askdocs_1v84tyz,8c97da1c32e5dfb5,27.572,63.5,9.231,127,2
askdocs_1v84ui4,d7eae791deb21e9c,6.224,12.341,14.201,506,41
askdocs_1v84wes,891735b18767de38,7.401,17.714,11.29,124,7
askdocs_1v84wmq,1810e031d2966660,7.489,15.05,6.601,301,20
askdocs_1v851xi,43b0616b5d0a3e09,5.925,15.105,7.376,574,38
askdocs_1v852vv,efaeb7d1d708ce6a,25.742,64.0,6.854,320,5
askdocs_1v857fs,8356b5c4882beb87,10.458,24.571,8.671,172,7
askdocs_1v857yg,7f3e28f7eb748123,11.715,17.577,14.938,457,26
askdocs_1v85993,610e1bf85b0cfcaa,8.365,19.778,10.383,178,9
askdocs_1v859yn,7c9fb4b69fc1c06e,3.755,8.0,15.73,88,11
askdocs_1v85buc,9330e8445280f4c7,8.993,18.235,12.025,310,17
askdocs_1v85dhe,001d09e218294c4a,5.994,13.857,16.162,97,7
askdocs_1v85e2a,8ef2b5a123110b36,4.157,12.286,3.226,86,7
askdocs_1v85g2e,cb7d9a2de9b94b5b,4.505,11.7,11.017,117,10
askdocs_1v85hch,09b3f714f717f014,5.977,14.1,11.111,141,10
askdocs_1v85ik1,2542afecf7825aa5,6.829,11.667,23.684,35,3
askdocs_1v85jbp,2d7ae3d79eaddc39,7.717,18.2,10.989,91,5
askdocs_1v85k3l,d1fa8204a2cdac07,8.097,18.435,10.87,1143,62
askdocs_1v85l7u,163c78f0456c5d2d,6.39,14.556,11.194,131,9
askdocs_1v85lak,2750bc596e92adf8,8.542,13.0,0.0,39,3
askdocs_1v85r5z,13028a9ece403d09,9.124,23.2,14.655,116,5
askdocs_1v85w0k,1230d60d19d6cdaa,2.199,9.8,8.163,49,5
askdocs_1v86022,2487d60f9b633db0,10.835,23.471,10.945,399,17
askdocs_1v863bv,57e7fce37d2e0f3e,7.043,15.4,13.548,154,10
askdocs_1v864op,37cc588ef3b4a63a,8.365,16.467,9.231,247,15
askdocs_1v865j9,b993d6e0bd2de67a,10.114,23.333,12.857,140,6
askdocs_1v86crv,873db8b4fdf42510,7.761,12.067,14.136,181,15
askdocs_1v86f2w,f2e04b87792df3a5,8.018,19.136,10.297,421,22
askdocs_1v86i51,ea7a872982881783,7.836,17.556,15.094,158,9
askdocs_1v86mkq,1b0914b6acc26a25,18.603,44.5,6.186,89,2
askdocs_1v86n7d,4ef86ebdcff642f4,6.306,14.0,5.882,84,6
askdocs_1v86pos,f18f72dccf94e4ef,5.983,11.357,8.982,159,14
askdocs_1v86r2r,06b83bd980abde0a,5.097,12.5,9.524,100,8
askdocs_1v86rk6,f40d7dad7fb8a0b8,6.592,14.6,11.842,73,5
askdocs_1v86shn,248d5870a9357c64,8.346,15.417,9.896,370,24
askdocs_1v86ucd,4f013d863165851d,10.087,22.0,13.587,176,8
askdocs_1v86vjg,93a12c80110d5ef7,9.788,15.185,13.604,410,27
askdocs_1v86vw3,6b66645eabf7ec3c,5.777,10.273,13.567,452,44
askdocs_1v870bt,af7d8b5798766bb7,5.362,12.091,10.072,133,11
askdocs_1v871jh,d7017b17600e0103,5.951,12.359,9.184,482,39
askdocs_1v872op,c3ad4fd70a18fe47,4.255,10.323,10.303,320,31
askdocs_1v873lh,90820dbbdbba24f8,8.075,15.294,6.538,260,17
askdocs_1v875ci,29c2840106330de6,9.085,20.417,14.859,245,12
askdocs_1v877do,fdda0340a2e82b32,4.338,11.143,10.256,78,7
askdocs_1v87abz,43f2e17144ab5463,9.412,18.167,16.055,218,12
askdocs_1v87e2e,30d6664fbdce28d6,6.539,15.222,11.151,274,18
askdocs_1v87emf,8de74cafb97440cf,7.316,14.2,11.111,142,10
askdocs_1v87h6o,d2f6ec470eb4870f,6.96,17.296,10.171,934,54
askdocs_1v87m22,dfa8255f1d734be4,12.487,31.0,27.083,93,3
askdocs_1v87moy,5bde2e0b4a53aacc,7.588,13.6,15.714,68,5
askdocs_1v87nro,1178831ea7412606,14.364,30.167,16.667,181,6
askdocs_1v87nv5,439aa5edd4911660,13.498,32.556,3.595,293,9
askdocs_1v87o4a,2596dfb030de106c,7.969,12.75,16.456,153,12
askdocs_1v87rtf,bcbacf41941ea0de,7.502,15.556,7.692,140,9
askdocs_1v87t7p,830b3277eb876beb,27.671,66.0,12.121,66,1
askdocs_1v87tmw,10fa9620ece72365,6.246,15.733,2.893,236,15
askdocs_1v87yep,83eaf22172db2f61,6.335,13.818,7.006,152,11
askdocs_1v87yew,fe1a927fe8ad51c2,10.216,20.875,9.012,334,16
askdocs_1v881jf,59121f1e99ea0cb1,6.929,17.4,10.753,87,5
askdocs_1v885rm,19162fc1e4ef8608,11.99,25.333,5.195,76,3
askdocs_1v88gvs,c7ca6b492dc0fe5d,5.077,9.9,3.81,99,10
askdocs_1v88obj,45b9f69ebd36650e,10.979,16.914,10.294,592,35
askdocs_1v88qwc,70043af0d2dd45e6,8.738,15.167,11.307,273,18
askdocs_1v88uqe,63a0b85392739ecb,20.171,54.5,5.263,109,2
askdocs_1v88wgb,fb29b89b6de82f2d,5.719,14.143,5.742,198,14
askdocs_1v890dc,82db6a20c49dce1d,6.641,15.2,14.286,76,5
askdocs_1v891gw,8e41954a3abc3be0,18.229,34.1,23.034,341,10
askdocs_1v892ki,6fb6b0fdba6028a3,7.33,17.667,12.883,159,9
askdocs_1v892px,fcb1386c955f6cdb,6.7,16.114,9.833,564,35
askdocs_1v899vi,8eedd4587161efe3,9.738,21.0,6.977,42,2
askdocs_1v89a88,d17d4a1e9645d18e,3.963,12.0,7.292,96,8
askdocs_1v89fca,5bf54c21a00dd3de,6.134,12.0,6.557,108,9
askdocs_1v89fe3,3e73cb206dbb7138,4.54,16.0,3.125,96,6
askdocs_1v89gkz,89c175ebe811aa37,7.121,16.0,4.167,48,3
askdocs_1v89juq,5c8a77e5af6c8072,3.906,10.6,9.434,53,5
askdocs_1v89lgr,3b90062753f5f3b5,7.564,14.28,8.152,357,25
askdocs_1v89ljt,3d9a9431763687f2,5.972,10.2,10.476,102,10
askdocs_1v89ot2,24a3a04c751e9e74,3.659,8.889,10.0,80,9
askdocs_1v89pvh,cd38dc6d10573735,6.147,17.333,8.28,156,9
askdocs_1v89q9e,9f2853dffdf232d2,9.44,20.885,12.11,543,26
askdocs_1v89qnw,10d931fd84e1cf7e,2.857,12.0,3.846,24,2
askdocs_1v89zqh,4c62fa510e6700b8,12.607,25.3,14.229,253,10
askdocs_1v8a132,c707f958b95a0a59,11.058,12.857,13.158,180,14
askdocs_1v8a2dr,1e12390d9e23881a,8.197,15.8,10.588,79,5
askdocs_1v8a7vx,67fbfe7eeee52dd8,11.778,17.714,18.766,372,21
askdocs_1v8a9or,0b34921dadb458bb,10.13,14.882,9.69,253,17
askdocs_1v8a9ra,272a0ceb98e00f38,7.312,20.25,12.791,81,4
askdocs_1v8ac9h,fe2e53f813bb48f7,4.83,10.0,3.922,50,5
askdocs_1v8adip,d720f3be16cc5101,8.545,22.0,8.38,176,8
askdocs_1v8af0v,d8588cb5817e32a3,8.376,12.316,7.755,234,19
askdocs_1v8aff7,35e84c5be64694fc,10.346,20.091,15.111,221,11
askdocs_1v8aj5o,1ea86c5765bace16,8.826,15.375,19.048,123,8
askdocs_1v8akph,6799b5d777988414,29.509,66.5,4.317,133,2
askdocs_1v8aogz,1db31976321b6327,8.109,16.111,9.333,145,9
askdocs_1v8aok3,ab35213426c1edb4,10.212,24.8,7.631,248,10
askdocs_1v8aont,e9f4aa01dfc843e7,5.249,10.308,7.463,134,13
askdocs_1v8aq7q,3ba3d0d31e3f6465,8.631,17.125,10.673,411,24
askdocs_1v8auc0,d27f96234505f461,8.35,16.0,15.625,32,2
askdocs_1v8avx6,6db5df886b8bba69,9.479,21.143,10.458,148,7
askdocs_1v8axmp,0707874adb9f053b,7.24,13.6,13.783,340,25
askdocs_1v8b8oz,803375e4cb0fb7fb,8.166,16.0,3.077,64,4
askdocs_1v8ba6i,ed9fa97526568e3c,7.358,18.5,9.735,111,6
askdocs_1v8bb2z,5d53feb8acd49ca4,7.499,13.818,14.839,152,11
askdocs_1v8bbka,a6337a805851682c,9.866,19.5,12.5,78,4
askdocs_1v8bbyw,eddef7876f307ebc,5.72,11.125,11.111,89,8
askdocs_1v8bfla,7f4bcaa42c39d8b4,10.361,21.727,7.937,239,11
askdocs_1v8bgx3,41707c8a6042c2d1,4.252,9.667,9.836,58,6
askdocs_1v8bhsm,1dc70cc9976c4892,12.482,32.667,14.047,294,9
askdocs_1v8bitj,50bd8ccec559efa4,7.371,18.8,8.586,188,10
askdocs_1v8biw4,db7c47ee7cdc04b3,19.486,50.0,7.692,200,4
askdocs_1v8bpf1,816cb9c73e927b6a,6.855,14.286,12.871,300,21
askdocs_1v8bud3,3000ba4a7c8e6d41,5.906,11.727,10.37,129,11
askdocs_1v8by84,90043619e79aed31,11.199,28.5,7.711,399,14
askdocs_1v8by8l,08531433db8876ed,9.028,20.667,14.516,62,3
askdocs_1v8c0tk,2059a79a3323ac08,6.084,19.5,4.706,78,4
askdocs_1v8ccts,9d04fda4e5da6e48,9.903,13.122,15.201,538,41
askdocs_1v8ce2c,f0a58e7019c320f6,3.355,10.0,17.073,40,4
askdocs_1v8ceti,6102b9353988af63,7.957,17.5,9.497,175,10
askdocs_1v8cfln,68cba09cc6911df1,8.866,23.4,8.197,117,5
askdocs_1v8cfwa,9fdacc493d6e0f21,9.889,22.118,12.75,376,17
askdocs_1v8ch8r,43e53761df1ebd86,15.941,41.0,6.818,41,1
askdocs_1v8chhs,9f86e0807d999164,10.487,24.0,15.385,24,1
askdocs_1v8cjqi,891075f8f4225a28,5.929,11.25,10.638,135,12
askdocs_1v8ckjq,45546d33497bde37,13.543,30.211,10.708,574,19
askdocs_1v8cp76,d5ed006017c9cfe4,13.908,24.045,13.444,529,22
askdocs_1v8csj3,501399250f573957,6.433,13.667,8.333,164,12
askdocs_1v8cyfq,84fac03a8b761d15,6.134,12.0,5.405,36,3
askdocs_1v8cyqz,cacfc360305564a9,10.358,24.333,9.789,803,33
askdocs_1v8d0wx,d8d2709e4e6795c9,10.595,24.571,18.497,172,7
askdocs_1v8d3nc,b1107d4e207f58f5,11.38,22.692,13.805,295,13
askdocs_1v8d3rc,c0f907a67bab11a4,6.579,15.76,9.383,394,25
askdocs_1v8d4a6,16bc3e326095cbc3,6.668,16.5,8.209,132,8
askdocs_1v8d5io,10e90b904fefdb46,8.47,18.314,10.811,641,35
askdocs_1v8d6l9,11bd64fa3b5af638,3.653,9.0,21.053,36,4
askdocs_1v8d94b,b419b687d5a1abfc,9.551,17.333,18.868,52,3
askdocs_1v8d96r,3e2cbf898ce20278,3.834,11.1,10.619,111,10
askdocs_1v8dbqm,ccb4d259e72d0130,4.456,6.636,15.789,73,11
askdocs_1v8de8l,f85e85ea6137655f,5.217,12.0,14.754,120,10
askdocs_1v8dekk,84bae48443bc8d0b,6.878,10.625,13.483,85,8
askdocs_1v8df3s,74f982e19f57df2b,6.977,18.4,9.189,184,10
askdocs_1v8dhux,d67b1d1fffe6e1cc,12.084,27.5,11.377,165,6
askdocs_1v8dir0,d9754aab1ec80963,5.285,13.258,7.264,411,31
askdocs_1v8dj43,ce02eab4701c0ad6,4.6,11.182,13.71,123,11
askdocs_1v8dkso,1e71dd17c3a5fb15,10.579,22.5,11.594,135,6
askdocs_1v8do8c,8df9111173a6d8f2,7.771,14.25,10.084,114,8
askdocs_1v8dord,2c6d20488f0223c1,9.284,23.0,7.979,368,16
askdocs_1v8dp2a,ade3aca8f188bbb9,4.238,10.125,12.941,81,8
askdocs_1v8dpeq,7645f1be8e8eb505,6.834,14.833,14.439,178,12
askdocs_1v8dw4k,9fc2301f3476ab65,6.325,13.222,8.333,119,9
askdocs_1v8dygv,de6fd0f5b1446604,11.403,27.333,1.765,164,6
askdocs_1v8e3sv,6069fe17309b1735,9.949,23.376,13.072,2548,109
askdocs_1v8e45h,1f334bc62a166918,11.701,22.333,16.176,134,6
askdocs_1v8e646,07e8b5c79153f592,6.211,13.484,7.399,418,31
askdocs_1v8e6mb,bd93a8e9635d996d,8.287,15.917,10.417,191,12
askdocs_1v8e7xm,b2ab82b483358d9f,7.963,15.4,9.938,154,10
askdocs_1v8eaqv,ff402f54087801ef,11.122,25.368,6.773,482,19
askdocs_1v8ee2y,fca87f1a51d32d14,8.296,19.0,6.135,323,17
askdocs_1v8egzd,a8f7622f2b2dfbf6,8.515,18.389,9.97,331,18
askdocs_1v8eh86,887e0665ef44cec9,1.752,7.333,4.167,22,3
askdocs_1v8eiqn,538a5b4ea554eb8e,13.81,30.0,6.536,150,5
askdocs_1v8ekpy,111ec8b0e9cc1da7,9.392,17.864,18.75,393,22
askdocs_1v8eoqm,03f85516cc9203db,5.808,12.667,9.524,76,6
askdocs_1v8epor,7d8e0ea378eb30f1,7.401,14.0,12.057,140,10
askdocs_1v8esu9,0a0b9e69fa01fe65,12.197,25.333,12.134,228,9
askdocs_1v8ewfl,55d6ee7624ac90b9,3.34,10.067,8.669,302,30
askdocs_1v8f2id,6b121289a756743b,6.315,14.15,13.793,283,20
askdocs_1v8f3x7,896b9d84c232e790,6.965,12.2,23.077,61,5
askdocs_1v8f4lb,6f92cf123eb169fe,2.371,9.273,9.615,102,11
askdocs_1v8f52x,6588d03505f9d11e,6.355,14.429,10.759,303,21
askdocs_1v8f55e,69c9286110697c24,8.58,19.5,4.217,156,8
askdocs_1v8f58r,2248186cf23975dc,8.687,19.385,6.746,252,13
askdocs_1v8f9ul,bdf933104a346e1c,13.855,34.5,9.655,276,8
askdocs_1v8fatx,140e0780b9bb45f5,9.324,19.188,9.585,614,32
askdocs_1v8fbcx,45a59b9311f1fdd3,6.995,14.944,10.185,538,36
askdocs_1v8fbop,36e8c902f38741ef,9.246,17.7,15.135,531,30
askdocs_1v8fdjk,4d091977c5e8c54b,6.776,12.143,7.865,85,7
askdocs_1v8fdx2,46cfdbd85b8c90c1,4.279,8.764,10.06,482,55
askdocs_1v8feld,45405aa3b7836c96,12.106,31.0,15.625,62,2
askdocs_1v8ferp,105d45b78c869d50,7.688,16.895,13.554,321,19
askdocs_1v8fhus,86beb79dc1fa88f9,4.733,12.571,15.73,88,7
askdocs_1v8fiiu,106a153115af6bae,12.511,29.357,9.856,411,14
askdocs_1v8fkrd,569455d7fc9df4fc,20.473,56.0,10.084,112,2
askdocs_1v8fl26,0303f1839ab58228,9.255,17.556,9.877,158,9
askdocs_1v8floj,a15a30a63b9f2029,10.962,18.1,16.578,181,10
askdocs_1v8fo0k,93d091bc26558b1f,10.315,29.5,6.061,59,2
askdocs_1v8fqju,26c003b332467d20,8.213,15.909,9.714,175,11
askdocs_1v8fu0c,e1304bf6eb18a2fa,8.368,21.409,7.211,942,44
askdocs_1v8fx2q,05d6b0be98d72b41,10.142,15.333,15.108,138,9
askdocs_1v8fzbi,149f77ed11760604,5.313,11.429,14.724,320,28
askdocs_1v8g61t,58a5988fc2c94bb5,3.945,12.667,15.789,38,3
askdocs_1v8g6fe,3cbd015dbf5a6b76,8.768,24.143,9.551,169,7
askdocs_1v8g9wz,2698ca6f457204e0,5.33,12.438,10.617,398,32
askdocs_1v8gafx,8417eb3f1deef4dc,4.92,12.048,7.308,253,21
askdocs_1v8gaiy,bcc2fa47c13d0b1e,5.621,18.6,11.458,93,5
askdocs_1v8gd11,c88edfac6371d9d3,7.181,16.556,5.696,149,9
askdocs_1v8geas,d52d1908dfb4a72c,4.819,14.333,4.545,43,3
askdocs_1v8gj5z,850d106a18c0799d,6.621,17.444,8.75,157,9
askdocs_1v8gkh0,277db71fdb85b4be,8.451,17.75,6.849,71,4
askdocs_1v8gm9h,41b0c0805c4f91e2,7.586,17.5,5.556,140,8
askdocs_1v8gmr2,be717baac6a7e200,10.303,19.167,10.345,230,12
askdocs_1v8gp0m,cd13ff20cb904450,11.31,26.5,9.559,265,10
askdocs_1v8gt89,5536ad8ba590d8c3,11.675,10.909,13.115,120,11
askdocs_1v8gwgr,dae1f906bafc9b02,8.716,19.444,13.649,350,18
askdocs_1v8gz40,9ccaff7446ace552,7.99,6.0,5.556,30,5
askdocs_1v8gzv7,76adcecd5346a51f,11.626,20.676,14.555,703,34
askdocs_1v8h01r,a24a2e50ef541fe7,9.119,20.45,7.748,409,20
askdocs_1v8h02c,3a5a4009d0bf0421,6.496,15.733,5.6,236,15
askdocs_1v8h0tw,5cdfc27914ae34bc,2.673,12.25,9.804,49,4
askdocs_1v8h6bw,95241e3ca0d6e250,8.82,14.552,12.698,422,29
askdocs_1v8h9dh,fd7f9968641920e4,10.583,22.4,5.128,224,10
askdocs_1v8habw,a8226b4a2e5d8405,12.084,27.5,6.14,110,4
askdocs_1v8hbdc,4da3679f7acd4430,4.508,13.333,8.642,80,6
askdocs_1v8hby5,580b13e4e0553f05,6.402,12.929,8.152,181,14
askdocs_1v8hdgy,26827603c0da44ee,18.199,42.5,15.556,85,2
askdocs_1v8hdok,1f94b202abee23cc,7.745,23.0,21.739,23,1
askdocs_1v8hdsk,d096e93d4bf1d3a0,11.03,26.786,7.436,375,14
askdocs_1v8hezl,26f848b67ca4274b,9.449,20.357,9.603,285,14
askdocs_1v8hfen,38e4cd8a3d1a0f6d,6.76,13.96,8.782,349,25
askdocs_1v8hg6b,e3028506b18feeb6,1.382,10.333,3.226,31,3
askdocs_1v8hg7h,f2ec25884f721479,8.473,16.0,14.286,96,6
askdocs_1v8hgqw,b0dec60512200fae,4.3,11.947,5.263,227,19
askdocs_1v8hhxv,4abb723f24aedd55,9.894,23.5,4.082,47,2
askdocs_1v8hiwe,3b32ca951349eecc,7.871,18.375,6.494,147,8
askdocs_1v8hjv7,c3c8919f64304427,11.753,26.375,6.881,211,8
askdocs_1v8ho0s,3ef5feca9a26d733,6.548,11.95,9.167,239,20
askdocs_1v8hq1w,b36291b9841e3a48,7.689,14.842,7.447,282,19
askdocs_1v8hrbm,a9e8642b969357c7,10.824,19.0,15.464,95,5
askdocs_1v8hvdx,fb9be46edce2aeff,12.583,38.0,6.41,76,2
askdocs_1v8hz7e,ac07c59b494bde18,10.379,23.4,12.033,234,10
askdocs_1v8hzp3,08f164e03dd32262,49.968,127.0,8.88,254,2
askdocs_1v8i2hs,630b3f92ccca2bb7,4.402,12.0,4.444,84,7
askdocs_1v8i4n1,94506e1615e75825,9.146,19.455,13.122,214,11
askdocs_1v8i7bs,456f86a09eb7130d,9.082,19.875,15.385,318,16
askdocs_1v8i7kb,c427e1c900b5dc9d,5.595,14.967,4.741,449,30
askdocs_1v8ia98,10dc65a58c440c4b,9.831,19.0,18.421,38,2
askdocs_1v8ibc9,d0188f984f9fe289,8.85,13.875,20.87,111,8
askdocs_1v8icob,6879b8ba851019e3,5.341,10.333,13.772,155,15
askdocs_1v8idxh,657870f451071f9e,4.301,12.55,10.317,251,20
askdocs_1v8ie4p,ae5e5131ef5b625d,4.181,14.273,8.537,157,11
askdocs_1v8ifnu,e60e294745d6b8b3,6.65,18.333,11.834,165,9
askdocs_1v8ihe7,a48e99a76a2e239a,7.489,19.1,4.712,191,10
askdocs_1v8iiqh,b9818a97bb7a65dc,5.575,13.6,7.849,340,25
askdocs_1v8iird,6d2750f62e91e34f,6.227,10.375,12.048,83,8
askdocs_1v8ijan,ab83988664369f95,7.749,13.8,9.929,138,10
askdocs_1v8ijqb,32e3f18dc6bc5a91,16.907,45.0,8.889,45,1
askdocs_1v8ik9c,e69361a2987f05c1,4.827,12.059,14.493,205,17
askdocs_1v8ingh,0b6189f61a74b724,7.285,16.417,10.294,197,12
askdocs_1v8iuqn,037d24a391ea2957,9.24,14.321,8.633,401,28
askdocs_1v8iy0h,f1482ec9a22c7c1e,6.948,13.125,8.036,105,8
askdocs_1v8j3mp,5787ea702bf5528a,4.24,10.0,20.0,20,2
askdocs_1v8j5fs,7224159343beb173,4.662,14.905,6.079,313,21
askdocs_1v8j6jy,d771f603842cd5ea,7.924,16.083,10.101,193,12
askdocs_1v8j70i,b8cb40ca18ce6004,12.182,22.889,14.354,206,9
askdocs_1v8j7oj,7b425f423dd1b6f2,8.414,17.308,16.102,225,13
askdocs_1v8j8t3,cdcd7adff7066cb0,7.051,16.412,8.219,279,17
askdocs_1v8j9w2,600a404769a13129,12.165,22.0,9.89,88,4
askdocs_1v8jb4l,153df8b295dea5fa,9.743,20.059,9.222,341,17
askdocs_1v8jf56,cff2b7b5fa48f72d,19.027,42.667,8.397,128,3
askdocs_1v8jgzm,e6d796092922bdab,5.896,12.19,7.422,256,21
askdocs_1v8jhz0,f1c73d3960a111e7,5.645,13.133,6.061,197,15
askdocs_1v8jjn4,f1241e51e41d14a0,12.498,24.0,13.383,264,11
askdocs_1v8jjpy,ce34f4fc18b2dcb6,8.622,13.781,16.372,441,32
askdocs_1v8jkbt,51b6513b259d912a,5.455,13.0,10.769,65,5
askdocs_1v8jlhx,7c97836ebf011eec,7.229,15.833,10.309,95,6
askdocs_1v8jlik,cb6e656fa5fbff5e,6.482,17.875,8.333,143,8
askdocs_1v8jm8e,7ec07d451b545ba5,6.043,16.167,19.0,97,6
askdocs_1v8jpka,f80b64786283d748,5.817,11.667,16.364,105,9
askdocs_1v8jq92,6e7060b2e3bf7ccf,7.543,13.091,17.308,144,11
askdocs_1v8jr54,26bb28615aaa339a,5.731,14.5,15.0,58,4
askdocs_1v8js1h,aa0a99dd7f6526b0,9.778,15.556,14.894,140,9
askdocs_1v8juo3,26657d25a3a9fa9f,5.291,7.833,14.286,47,6
askdocs_1v8jvl2,5a836cac18306c37,6.169,14.646,11.158,703,48
askdocs_1v8jwmr,97ff59056a17ed1f,9.523,17.375,12.5,139,8
askdocs_1v8jwoc,555899259bdbc5ab,7.565,14.2,9.859,71,5
askdocs_1v8jwu8,63aa10d80adaadbf,7.741,15.909,9.04,175,11
askdocs_1v8jymy,ae80dd2be4e037ca,9.057,19.346,9.091,503,26
askdocs_1v8k15x,d2117c0c90bf320b,9.409,21.833,6.87,131,6
askdocs_1v8k279,b32e8d724bcd86da,6.651,18.167,10.811,109,6
askdocs_1v8k6a1,4c66be06aef31a25,10.572,20.273,16.071,223,11
askdocs_1v8k69s,0c9bb29be6a32fc7,8.872,15.7,13.125,157,10
askdocs_1v8k8gg,3fd7008278931931,7.447,16.688,12.36,267,16
askdocs_1v8kcxn,b60250409b284a69,11.265,27.667,9.302,83,3
askdocs_1v8kd2l,f60068ca43c5de0b,15.078,17.755,17.248,1811,102
askdocs_1v8kfa7,ea67e48a07081039,15.289,35.833,8.444,215,6
askdocs_1v8kgby,89aa9616e8bc7d7a,7.716,15.625,9.367,750,48
askdocs_1v8kjmz,cae2081681d20ca3,8.243,21.167,7.848,381,18
askdocs_1v8klgz,7806ee4b090ed759,25.837,63.0,6.349,63,1
askdocs_1v8kn5l,812654efd71f1153,8.835,14.632,13.121,278,19
askdocs_1v8knw6,3b6926df7190a48d,4.801,14.0,7.767,98,7
askdocs_1v8kr8t,d64a25b3782a01fd,5.093,14.333,6.977,86,6
askdocs_1v8krwd,2ff5dffbc5b7535c,6.06,14.9,9.333,149,10
askdocs_1v8kthe,7fefa159fe97d47b,5.657,18.5,10.0,37,2
askdocs_1v8kvbg,f6eb677c0fd214ae,7.571,16.062,7.807,257,16
askdocs_1v8kvna,560773b5cd2c34db,7.599,16.875,6.618,135,8
askdocs_1v8l1k2,e2edd5af67ee6778,6.001,14.538,15.897,189,13
askdocs_1v8l1pm,e6be36407025b43d,5.606,12.778,6.087,115,9
askdocs_1v8l37v,4364c0295f289446,18.378,45.1,5.957,451,10
askdocs_1v8l5tk,536a04b119c68e9b,12.685,26.833,12.5,161,6
askdocs_1v8l61q,0ead75c789fb3a06,9.888,22.933,10.375,344,15
askdocs_1v8lc33,d799be49fed16a5e,6.37,20.0,4.839,60,3
askdocs_1v8lece,4790b5a122c77df7,15.606,33.0,20.149,132,4
askdocs_1v8led6,0a68f27767db548a,5.569,11.5,4.167,46,4
askdocs_1v8lfiw,b4373eea1efbf7fa,12.741,28.933,13.816,434,15
askdocs_1v8lhys,0a4327c4bd3a5ba5,14.915,29.5,19.355,59,2
askdocs_1v8lib7,2a4013f03e6cbea3,5.993,15.0,5.917,165,11
askdocs_1v8lm0b,6bbd9c12574e30dc,3.279,11.143,6.098,78,7
askdocs_1v8lmde,b21a48dfcb5da935,6.447,14.357,9.569,201,14
askdocs_1v8lmtf,53daafee932f5ea8,8.598,16.222,13.423,146,9
askdocs_1v8locx,0f6b373e3c547c43,6.095,14.0,5.833,112,8
askdocs_1v8lrtk,2646818c3f2f0385,8.88,20.368,9.726,387,19
askdocs_1v8lrtz,2b155e52ab6596a7,9.324,17.333,13.462,104,6
askdocs_1v8lsqy,c267a99e07c8ed45,8.133,16.0,12.681,272,17
askdocs_1v8lte1,7f67887b7a3e5584,7.043,20.625,7.558,165,8
askdocs_1v8lz3q,420a8e48b66bf70e,14.137,37.667,13.043,113,3
askdocs_1v8lzti,3bf023ebff51b4b3,5.857,13.667,11.382,123,9
askdocs_1v8m0g9,56f5b0a22c9fab2a,6.818,17.188,7.636,275,16
askdocs_1v8m1zo,9def3e7495faadc0,9.461,15.9,16.463,159,10
askdocs_1v8m22d,2fd248848369dd1a,6.865,13.833,9.524,83,6
askdocs_1v8m91i,cc18e111defd9b4e,4.717,13.25,10.625,159,12
askdocs_1v8m9xj,c7beb4f532f4bf28,7.747,13.0,17.308,104,8
askdocs_1v8mb37,003bc5871e90993f,4.759,13.0,6.41,78,6
askdocs_1v8mcf3,b5dea584f219938b,14.109,31.25,17.857,250,8
askdocs_1v8mfl6,8bec3178535a28d4,10.478,12.0,20.0,48,4
askdocs_1v8mggy,156fc0db32e59ef4,7.115,14.667,5.185,132,9
askdocs_1v8mj6k,e04d78dea331a1fd,10.054,13.0,12.658,78,6
askdocs_1v8mk9k,8edfed566da31ebd,7.484,19.0,10.857,171,9
askdocs_1v8mpjz,9d8567e5b00eea63,8.174,12.2,11.067,244,20
askdocs_1v8msvb,281b787ae169c544,8.88,19.667,10.417,236,12
askdocs_1v8mv7v,ebce540008af7774,3.26,11.5,13.043,23,2
askdocs_1v8mvn2,b5b750d9f50fcd70,8.335,12.0,13.095,84,7
askdocs_1v8mw06,c9a4d0ad4d3a3a18,9.172,23.5,8.01,376,16
askdocs_1v8mxd4,e322ec569bf99f2b,12.868,31.0,12.5,31,1
askdocs_1v8mxfg,6b9f66c53bdb58a4,15.793,40.0,7.407,80,2
askdocs_1v8n0l8,022c84ed66e3cc51,6.593,9.333,5.357,56,6
askdocs_1v8n1u8,ba707d501e116d8b,9.226,20.143,10.274,423,21
askdocs_1v8n4fd,a5d8d0107c48ca8c,8.793,16.0,14.286,160,10
askdocs_1v8n4lb,f4a12be35a454e97,10.952,25.909,8.784,285,11
askdocs_1v8n5nk,759cba6464a8d0b0,5.242,11.893,9.763,333,28
askdocs_1v8n6a4,1ec20da59818a0a5,10.339,14.316,17.301,272,19
askdocs_1v8n8xo,100155e391ccb765,5.95,15.167,8.242,182,12
askdocs_1v8n9ft,030c703fd8b688c3,3.45,11.0,8.889,44,4
askdocs_1v8n9i5,584a05b36af14afd,11.736,26.4,11.524,264,10
askdocs_1v8n9sw,49a3eff9f56bf860,7.501,13.6,13.986,136,10
askdocs_1v8ncjz,7d3a0f65e588ba7e,8.423,18.381,7.928,386,21
askdocs_1v8ncvr,be3f587b50496312,5.943,10.375,11.494,83,8
askdocs_1v8ndj7,ccba955c0f498a93,5.444,14.222,18.462,128,9
askdocs_1v8njog,899e4a5d16a26a5a,5.102,10.857,10.897,152,14
askdocs_1v8njs6,53246bb77e008a36,4.588,10.625,9.659,170,16
askdocs_1v8nkqs,8761b3a1ca1180b2,13.262,32.0,5.952,160,5
askdocs_1v8nlu6,61ca9eb2368fdebe,8.433,13.8,9.028,138,10
askdocs_1v8nnef,10d16fb2f1010772,5.916,14.333,17.778,43,3
askdocs_1v8no2f,d6979ccd70f429ca,5.883,12.417,9.091,298,24
askdocs_1v8nof6,24dd0f59ec2209b8,14.522,31.667,12.821,190,6
askdocs_1v8nrow,ad490f37731754e0,9.176,21.0,10.606,252,12
askdocs_1v8nswb,e3441ed4bc099bbf,-0.763,5.6,20.69,28,5
askdocs_1v8nu7r,07c2f0fe6dcc77e1,3.65,10.0,0.0,60,6
askdocs_1v8nv2i,85e0a342aad3a870,7.232,23.0,16.0,23,1
askdocs_1v8o0t8,64c14a3232113ef5,5.795,14.385,8.586,187,13
askdocs_1v8o4w0,5b6bdaf62c6ecd94,9.271,12.929,18.378,181,14
askdocs_1v8o68f,83df82bb43984a66,6.887,14.273,15.924,157,11
askdocs_1v8o8hf,c2e6f06b311c6a62,14.554,32.571,16.738,228,7
askdocs_1v8odw2,09c064fcaa5f4eb8,31.199,81.0,4.918,243,3
askdocs_1v8ojq9,df418c3c0f5b690a,7.166,14.833,8.421,89,6
askdocs_1v8okg6,f3a5fd31f4a1242b,11.286,25.714,10.417,180,7
askdocs_1v8ol8z,1647f4d3c4fe4e51,11.272,24.6,4.8,123,5
askdocs_1v8olo1,12ac6553484335e7,10.487,24.0,13.934,120,5
askdocs_1v8oqor,2d67fd6e4c4028cd,4.409,14.0,10.714,56,4
askdocs_1v8or84,abf1fef51bb8b56d,7.504,13.0,10.417,91,7
askdocs_1v8ovhy,a534bc038d05ff6b,6.578,15.706,10.219,267,17
askdocs_1v8ovnx,91145d4770d6f7c5,8.841,16.167,10.048,194,12
askdocs_1v8oxke,62a15cf2c89b8ecb,4.988,15.375,7.2,123,8
askdocs_1v8p4wa,398ba19625b262e4,5.897,14.143,9.091,99,7
askdocs_1v8p7vp,636047aba4701786,13.885,29.875,17.213,239,8
askdocs_1v8pbvy,063bf6cf3a597376,3.255,10.5,11.905,84,8
askdocs_1v8pffy,5a69b99be6737c5d,9.461,15.9,19.876,159,10
askdocs_1v8pg8h,e60d9d821f32e832,8.276,20.286,10.884,142,7
askdocs_1v8phm8,aae39456069203e6,12.159,19.0,19.497,152,8
askdocs_1v8pjs8,1ae0986bd34aff1d,12.924,20.429,20.0,143,7
askdocs_1v8pjyv,f3117d236c5d6c1d,12.44,17.958,17.068,431,24
askdocs_1v8pnwo,fdbcf023c6e06021,6.538,16.571,12.295,116,7
askdocs_1v8pq9y,a5c8a78cc8d9ee57,9.141,23.5,5.789,188,8
askdocs_1v8psyh,714cefac8e0d0349,1.468,6.5,7.692,26,4
askdocs_1v8pxno,08b94716bc48d395,7.304,14.229,11.591,498,35
askdocs_1v8q0i4,b911979aa89e1dcf,4.784,17.0,10.0,85,5
askdocs_1v8q0nc,f271cf88eb507cfd,4.418,13.667,13.253,82,6
askdocs_1v8q415,160fca54593028e6,12.406,26.765,8.387,455,17
askdocs_1v8q50d,236ac28bb6be317e,13.196,28.625,15.88,229,8
askdocs_1v8q6mn,2641aaf3b2eff9eb,9.69,22.588,12.92,384,17
askdocs_1v8q71y,8e971e282f459ae0,11.549,27.6,9.756,276,10
askdocs_1v8q7m7,f7ee4372db49acda,6.626,17.0,6.952,187,11
askdocs_1v8qa2n,fcf712606b50d774,8.757,14.833,31.111,89,6
askdocs_1v8qamc,6f57c3e05f845719,5.135,14.0,9.231,126,9
askdocs_1v8qn6y,96d046993a4dfc2e,7.294,10.727,7.438,118,11
askdocs_1v8qpdw,7dc293b07ed51543,11.087,32.0,12.5,64,2
askdocs_1v8qurn,2704eb2b1dcd5c95,7.106,15.2,5.128,76,5
askdocs_1v8qvii,a696102662c51706,12.611,33.667,4.433,202,6
askdocs_1v8qx24,9febe48717c64f56,7.788,7.5,20.0,30,4
askdocs_1v8qz4a,34cc2ecae559e4c7,5.117,10.571,6.41,74,7
askdocs_1v8r131,71d3e641aa882588,9.858,13.533,18.828,203,15
askdocs_1v8r2af,eddfe5708315fdd9,10.518,25.167,13.226,302,12
askdocs_1v8r2n2,0748bd0e95f3842a,12.609,28.0,7.143,28,1
askdocs_1v8r4ak,499c7b846d85d854,5.6,15.0,5.469,120,8
askdocs_1v8r5jh,91d096de2a5dbf0c,11.376,24.778,8.407,223,9
askdocs_1v8r692,e34cc7024cd609ba,9.523,13.333,15.0,80,6
askdocs_1v8rf0b,6dc595cece464f3b,9.765,19.5,11.864,117,6
askdocs_1v8rf5u,61872a7859d45d33,9.074,12.131,15.395,740,61
askdocs_1v8rhxe,461e7bd189871b93,2.857,12.0,8.333,24,2
askdocs_1v8rm9w,57d0506dc228fffb,13.402,15.591,12.228,343,22
askdocs_1v8rtne,d4b3ebb51010e84a,7.903,16.25,5.224,130,8
askdocs_1v8rtst,3d3c4190c395e997,3.778,15.5,6.452,31,2
askdocs_1v8rvb8,25e6ec9f965540e2,8.379,14.438,4.661,231,16
askdocs_1v8rver,de7f1d70436f09cd,8.247,16.308,14.019,212,13
askdocs_1v8rxh0,eaff1d34e3bc4a1d,6.37,20.0,9.524,20,1
askdocs_1v8s7kd,cc10e26c80027486,1.037,5.5,12.0,22,4
askdocs_1v8s92g,30737396f79c34df,7.425,11.758,5.276,388,33
askdocs_1v8s943,8e03ac4c4572ea11,9.492,23.444,7.477,211,9
askdocs_1v8s9m0,c66daf23e7ef1c5c,6.748,14.5,12.903,58,4
askdocs_1v8sa5y,f68afa1dabee0b98,3.684,10.611,10.417,191,18
askdocs_1v8saqv,b88f58a9b0b5ae20,6.523,13.333,6.452,120,9
askdocs_1v8sbj1,e4559ac90be5adcf,15.364,32.833,13.198,197,6
askdocs_1v8sead,97b96e2336d6e102,9.548,23.833,5.517,143,6
askdocs_1v8sghi,a3f020b86949cda8,10.313,24.6,5.469,123,5
askdocs_1v8skmy,5057449fca4c13ac,3.899,8.111,9.333,73,9
askdocs_1v8smu6,c15f860c7f969ca0,3.099,9.286,7.914,130,14
askdocs_1v8snc5,7dc11eb5c7e7f696,7.328,18.2,12.766,91,5
askdocs_1v8soah,1432ff6653923042,7.506,13.5,7.246,135,10
askdocs_1v8sqty,b121c7689559212d,12.813,28.333,7.955,85,3
askdocs_1v8sw4s,491ecca120ebea94,5.461,12.286,9.189,172,14
askdocs_1v8t0zv,dc3e51b344a0ca96,7.102,14.889,14.652,536,36
askdocs_1v8t3vk,1bc120085497deae,7.798,17.0,15.126,119,7
askdocs_1v8t6ew,0f781e8a52355762,6.482,17.875,6.441,286,16
askdocs_1v8thkz,5aaf3d9613af1b85,10.844,23.143,11.176,162,7
askdocs_1v8tr0d,0cc2699eee6159fd,8.169,19.75,7.362,158,8
askdocs_1v8ts4b,a7a32c8c205a4c20,6.318,14.188,7.895,227,16
askdocs_1v8twdn,4c960d6d148bdb6e,7.467,14.176,11.111,241,17
askdocs_1v8tx06,6e3eb2809e575fd8,5.006,12.333,15.541,148,12
askdocs_1v8u5ya,8a684e2b5bff91f1,8.134,10.812,14.993,692,64
askdocs_1v8u8d6,6171f5f1bfc5d36b,8.936,22.167,7.299,133,6
askdocs_1v8uay3,eb189ada4ff9e609,5.7,12.706,10.046,216,17
askdocs_1v8unnl,a08631db4e8ba32d,8.562,14.2,8.451,213,15
askdocs_1v8uo9n,a38d5d682608f8c6,14.135,38.0,14.912,114,3
askdocs_1v8ured,13b88b57b205f905,10.33,23.867,7.979,358,15
askdocs_1v8utv7,5f1db54e34235f61,7.781,21.625,8.092,173,8
askdocs_1v8v51q,4618509062f95211,9.676,21.7,7.556,217,10
askdocs_1v8v80a,838784978c7dc0d7,8.331,20.333,8.152,183,9
askdocs_1v8vg3c,8c7a72d0d4bef9a2,5.327,11.0,13.235,66,6
askdocs_1v8vo33,39a7ef2b5d70f116,5.29,11.478,7.857,264,23
askdocs_1v8vpoi,4e17ee044ea46f6d,7.203,21.4,13.761,107,5
askdocs_1v8vucw,7301d2048c82df68,5.425,13.667,10.714,82,6
askdocs_1v8w38d,9cd49b16d04a2cfd,8.246,19.2,10.417,96,5
askdocs_1v8waqh,1d2a9503d8e8dc0e,4.257,12.2,17.188,61,5
askdocs_1v8wdf1,fca715b88a40ae8d,4.422,12.75,11.321,51,4
askdocs_1v8whqt,173d9994c90c5a78,12.4,16.059,14.407,819,51
askdocs_1v8wk0a,a7509b7e444a055e,15.35,40.0,7.317,40,1
askdocs_1v8wla2,653829cf94ef4ac1,4.911,7.312,14.925,117,16
askdocs_1v8wll2,46834746b804608b,5.871,15.5,14.516,62,4
askdocs_1v8wtdm,8ce8d185df27f3d2,10.394,21.0,9.375,63,3
askdocs_1v8wx2g,4fb396b8dea36a9d,8.614,21.0,10.938,126,6
askdocs_1v8wxjt,3cc345c47defbe00,5.49,12.5,5.031,150,12
askdocs_1v8x6hy,1009e5ac45ebc02c,8.91,15.667,8.466,188,12
askdocs_1v8xacv,a6e261ec9ef63e4b,7.957,16.0,8.818,480,30
askdocs_1v8xf9o,055be26b30c9eecf,7.611,13.25,12.844,106,8
askdocs_1v8xjf0,09e92b42e41912c1,8.273,18.0,12.236,234,13
askdocs_1v8xq2d,1251bdc361cce58f,14.839,36.0,5.0,36,1
askdocs_1v8xvlt,ce0d425badffc276,5.726,12.5,9.804,150,12
askdocs_1v8y1vv,138ce9fac457d2b7,4.908,10.6,10.28,106,10
askdocs_1v8y49z,0427a05765edb508,6.682,12.5,13.889,175,14
askdocs_1v8y4f0,8de7d1119dabb36c,6.524,14.964,8.238,419,28
askdocs_1v8y5k2,503bf370ad92f2de,6.785,16.556,9.259,149,9
askdocs_1v8y666,a0ee06e3d494be1d,10.106,14.349,17.385,617,43
askdocs_1v8y9n1,6425699b19627882,5.744,14.0,13.953,84,6
askdocs_1v8yisf,2c25744008c09767,175.972,449.0,12.473,449,1
askdocs_1v8ylur,c25b66d3483df879,12.019,13.138,14.532,381,29
askdocs_1v8ym85,47c3486f0e52c04c,9.615,13.25,20.755,53,4
askdocs_1v8ym8d,a1e0a341210b5a76,8.108,13.357,13.472,187,14
askdocs_1v8ymoo,9e2291e7032d9487,5.697,12.222,4.505,110,9
askdocs_1v8ynb9,5bc14c4b88a3f04b,14.502,41.0,4.762,41,1
askdocs_1v8yoxq,87478582796bb463,3.224,8.583,2.885,103,12
askdocs_1v8ys1o,7d4d8eb1e14072a6,3.182,11.0,0.0,66,6
askdocs_1v8ywm3,8e57ccbc767f7536,9.657,19.417,9.871,233,12
askdocs_1v8z1p2,961c860a56e5e849,6.187,14.714,10.476,103,7
askdocs_1v8z6tr,dd4249987cf76ca4,3.929,12.571,12.5,88,7
askdocs_1v8z6xr,09cf603e59cac52f,18.576,47.333,8.333,142,3
askdocs_1v8zb7t,e123dc0f0805bbba,8.077,18.0,9.968,594,33
askdocs_1v8zbcq,185f0b84e35ad977,9.123,21.5,4.255,86,4
askdocs_1v8zk71,e3c023025bcf06c3,8.31,12.933,13.043,194,15
askdocs_1v8zm7x,4c74320196b30384,9.631,21.333,14.141,192,9
askdocs_1v8zmkc,0c597bab886e072a,9.13,18.0,5.556,36,2
askdocs_1v8zprt,4862276391bfc54f,7.059,16.0,17.188,64,4
askdocs_1v8zrtk,d13f11a53935dd5d,5.105,6.714,12.5,47,7
askdocs_1v8zslw,25ebe2f08e70f7dc,9.797,23.0,25.0,23,1
askdocs_1v8zupo,6b07e2077e709151,8.35,15.111,18.182,136,9
askdocs_1v8zxr5,527da65f460245e9,4.416,8.333,13.462,50,6
askdocs_1v8zyj6,d098661976304e24,14.325,34.667,9.953,208,6
askdocs_1v900jb,fc5bc6c52caea92f,5.627,13.5,10.18,162,12
askdocs_1v900sd,2a7a833d20d7e98f,8.885,21.815,8.054,589,27
askdocs_1v901hr,be196c98a5e823a4,5.42,13.182,8.219,145,11
askdocs_1v901pr,68f2cd64ea2e1ef8,4.332,12.0,19.231,24,2
askdocs_1v903pr,b672b7688499204f,63.496,163.0,8.776,489,3
askdocs_1v905ng,9999f25e6b422e6f,9.666,13.952,10.169,293,21
askdocs_1v909z5,5d30c009a9425060,6.484,17.0,18.571,68,4
askdocs_1v90bm8,bdc112d2a3ca62c1,8.177,17.857,5.97,125,7
askdocs_1v90efz,1197f5dfe61b0b0f,7.123,13.111,6.557,118,9
askdocs_1v90fv4,ecf07face6d3fd0f,7.772,15.829,7.487,554,35
askdocs_1v90jyw,3fd4567cc03e6c49,8.533,15.833,12.438,190,12
askdocs_1v90kvr,457671d13d0cdc4c,8.777,17.667,10.648,212,12
askdocs_1v90l1k,d30f958954350763,3.285,10.333,21.212,31,3
askdocs_1v90oj6,9e7eba8789bcb077,5.529,12.286,5.682,86,7
askdocs_1v91204,c2efcce30b1fc21b,6.975,12.1,11.382,121,10
askdocs_1v912kd,cb8fda236cc9d8b1,15.425,39.375,4.762,315,8
askdocs_1v91774,df65ea6130177569,4.27,14.333,5.263,86,6
askdocs_1v91893,d6b74c6826dd68ff,4.187,11.333,12.5,136,12
askdocs_1v91a8h,267be9d4020c1a8f,9.012,15.447,13.517,726,47
askdocs_1v91c6c,6016baeb45b505f6,13.733,30.4,7.424,456,15
askdocs_1v91du3,56aa4230134cba7f,4.262,9.5,8.772,57,6
askdocs_1v91jik,a3a0b22753d13119,3.933,11.0,14.035,55,5
askdocs_1v91k43,5fe0aa7e307f2371,8.763,17.438,10.069,279,16
askdocs_1v91l7c,9510c0da6c9bdafc,13.345,30.125,8.299,241,8
askdocs_1v91qpl,a3e824aabac946be,8.939,14.818,19.394,163,11
askdocs_1v91smf,506c6cd24c1c9194,3.602,11.5,11.268,69,6
askdocs_1v91tcn,a19a534b3c685d08,0.847,9.5,2.381,38,4
askdocs_1v91u2k,5e8173fb86408403,7.476,20.2,8.911,202,10
askdocs_1v9227o,846747c7f92f8631,1.71,10.5,6.977,42,4
askdocs_1v923hh,b828dab26a8bca5b,11.135,23.4,9.322,234,10
askdocs_1v925eg,b27347e577e7df9d,8.905,15.875,8.397,127,8
askdocs_1v926du,402f39547f613538,8.286,18.6,6.842,186,10
askdocs_1v92bel,2e7986431ee461d6,7.498,15.95,14.157,319,20
askdocs_1v92bm9,dab08a8ae251e173,24.788,50.333,21.359,302,6
askdocs_1v92dwg,fa0ab0fd0720a96f,7.129,15.75,10.769,126,8
askdocs_1v92f48,5b17fbccf686db7b,12.134,24.136,14.418,531,22
askdocs_1v92hq9,8e1a272a522eb22c,12.554,30.5,8.197,61,2
askdocs_1v92hwl,67a2add5b686808c,8.762,16.727,10.16,184,11
askdocs_1v92nll,a85d69f314e2b966,6.015,12.667,6.087,114,9
askdocs_1v92qip,f657bce593ddea80,10.968,19.545,13.122,215,11
askdocs_1v92saj,a522b3337a17b5c5,13.379,35.5,9.722,71,2
askdocs_1v92sxs,2a37f1d1495b0547,8.375,19.091,7.87,210,11
askdocs_1v92tkr,002f7acb7e45c7a2,9.432,15.233,8.493,457,30
askdocs_1v92wdn,86f05fb401fd9464,6.468,13.429,6.533,188,14
askdocs_1v930y1,bfd2c6886c2cb686,10.312,15.529,11.111,264,17
askdocs_1v931j6,139ca95be43c9ce1,7.658,10.467,16.564,157,15
askdocs_1v933lv,fd449520963abce6,7.516,14.629,9.333,512,35
askdocs_1v934n3,5897e8ef5e23553f,6.926,19.857,15.603,139,7
askdocs_1v9358y,ea1de3bbfcc3dba0,16.35,47.5,12.632,95,2
askdocs_1v935d4,93e028e6360b0cba,8.302,20.7,7.494,414,20
askdocs_1v93dxq,3087cce9512bca66,11.796,26.0,13.462,52,2
askdocs_1v93epg,51e0bf66115bf2c2,5.986,15.714,9.91,110,7
askdocs_1v93ixm,2a78ddb8a7d3650c,5.539,14.889,7.067,268,18
askdocs_1v93jra,6a208f8135daacc2,16.168,37.75,9.272,151,4
askdocs_1v93mio,559d0a14c2c7fc41,10.229,18.5,15.517,111,6
askdocs_1v93nco,267eec52d57b1b2f,7.518,17.6,4.16,616,35
askdocs_1v93q84,bf6f51f5e8086702,11.132,12.375,15.124,990,80
askdocs_1v93q8j,994b2c7ff930c321,3.697,8.429,11.864,59,7
askdocs_1v93sqv,95202c4ca60c0fff,11.054,18.341,24.014,807,44
askdocs_1v93svg,56a3bd35e0ed0f6c,3.917,11.909,5.344,131,11
askdocs_1v93ud3,7527fdc42b6df907,8.438,21.022,6.513,946,45
askdocs_1v93xax,c937fb543a58fd92,8.643,24.0,6.061,96,4
askdocs_1v93zxp,80b14681e2895855,6.83,15.571,7.08,109,7
askdocs_1v940eu,1e33a5bf8a5c23db,9.581,12.5,8.0,125,10
askdocs_1v942o7,d98e729435c59ef1,7.43,14.0,19.048,84,6
askdocs_1v943z3,b9753d18585b26c1,12.111,18.094,14.075,579,32
askdocs_1v94620,ad7553de26be0cff,6.322,10.917,21.97,131,12
askdocs_1v949c2,009fb61dcd63e152,5.059,13.5,7.692,135,10
askdocs_1v94ayl,e631b44cd7cdef95,1.998,8.2,14.634,41,5
askdocs_1v94c5v,107155330f1b2396,3.26,11.5,12.5,23,2
askdocs_1v94gi9,9e348ac5d717e151,7.79,15.875,10.156,127,8
askdocs_1v94jp5,3e8f30b07efddf51,8.71,20.75,10.714,83,4
askdocs_1v94oxc,8ad233688ad8a4f1,7.673,15.1,9.188,453,30
askdocs_1v94vea,316e7e5be0b33f06,7.029,14.294,11.284,243,17
askdocs_1v94wp4,12e4ae8a80d80ee6,10.233,14.455,9.877,159,11
askdocs_1v94ysf,7e0903199e7e3de2,9.136,23.833,7.692,143,6
askdocs_1v954ek,81719e5beb12bc86,11.491,21.2,12.174,106,5
askdocs_1v9553o,ef5624801aae40fb,5.04,13.0,5.051,91,7
askdocs_1v956z2,c63bada257f1ef44,11.721,27.8,14.189,139,5
askdocs_1v957e5,26b806e02518e287,5.844,11.222,11.429,101,9
askdocs_1v958ub,b4817267c0e2050a,7.425,19.4,7.5,194,10
askdocs_1v9594k,d36446503a207def,16.482,44.5,1.01,89,2
askdocs_1v95aqd,06d6d600ca98623d,9.079,20.375,6.061,163,8
askdocs_1v95dkr,69c59a1cae811323,10.094,20.667,13.462,310,15
askdocs_1v95ih3,c327f27a7eccc61f,9.885,23.125,10.209,370,16
askdocs_1v95jyw,4be1e3dfd1413a86,5.563,14.75,11.864,59,4
askdocs_1v95m9f,2613a6a403108f44,17.644,42.667,11.538,128,3
askdocs_1v95mb8,9640abc70eeedd40,6.496,14.75,8.197,177,12
askdocs_1v95nc0,36ae4f2b0626ca0d,8.959,21.176,5.789,360,17
askdocs_1v95nd7,e47a2a4da4fb69bd,6.63,15.636,11.236,172,11
askdocs_1v95o2x,38588c57e37e074d,4.254,12.375,10.891,99,8
askdocs_1v95p2b,6efc6caacb068b6e,8.037,16.071,17.982,225,14
askdocs_1v95q3k,e35270c6b502e728,5.582,15.077,9.114,392,26
askdocs_1v95qma,53e91956d19476ee,4.852,14.8,3.846,74,5
askdocs_1v95uxd,6d5478fffb71b779,5.952,16.143,9.735,113,7
askdocs_1v95x1m,f6b9ae81b343e81c,6.544,14.5,10.169,116,8
askdocs_1v95yvy,53eb71ccb9fb6604,4.869,12.593,10.882,340,27
askdocs_1v95yy5,b97229e93a74f31e,10.094,20.714,13.616,435,21
askdocs_1v95z9o,195417d70e0c0782,10.723,17.323,11.913,537,31
askdocs_1v962jv,89b002f0e592c84d,5.332,13.6,10.294,68,5
askdocs_1v9649o,968022937ae384c9,4.861,12.5,15.385,25,2
askdocs_1v964wr,ddc5ab4be1f4049e,6.607,11.952,10.646,251,21
askdocs_1v969bc,9c8d1d322df506de,10.139,24.9,8.661,249,10
askdocs_1v96ap5,cb6388f0ce60034d,9.643,24.4,5.747,488,20
askdocs_1v96asc,8a3587a861e9c4d6,5.916,11.545,6.87,127,11
askdocs_1v96c14,da91d9f2d3d0c5be,6.985,19.125,8.517,306,16
askdocs_1v96j12,af8339d1ea09dc85,9.643,23.5,9.059,282,12
askdocs_1v96j83,cc55a4454c881e66,6.886,16.76,11.876,419,25
askdocs_1v96jjt,bf4a670bd43996ad,64.602,159.0,23.636,159,1
askdocs_1v96k7n,835a569d39d71c90,8.734,23.375,8.377,187,8
askdocs_1v96lm5,616b266650ac4194,6.341,15.6,6.051,312,20
askdocs_1v96mg6,a03a26c20ac94e2e,5.864,8.25,8.824,33,4
askdocs_1v96oij,0ab8e6ad7c70bd16,7.91,20.778,8.901,187,9
askdocs_1v96ot7,577d4cb8eb9bb344,10.798,27.0,5.213,189,7
askdocs_1v96pib,46edde38ead9020b,2.582,10.667,25.0,32,3
askdocs_1v96pim,d4e4be983f8b8d25,7.108,16.611,8.626,299,18
askdocs_1v96t7d,1221e17dce1bc997,21.885,56.375,8.613,451,8
askdocs_1v96txp,fad5e97724f81fcf,7.04,13.579,8.922,258,19
askdocs_1v96uk5,68195083d998c7b8,5.82,13.875,6.957,222,16
askdocs_1v96x8c,51fd40c0c65aa061,9.446,23.071,12.941,323,14
askdocs_1v96zfe,37f2ee2d8f72c2d3,7.182,14.308,11.579,186,13
askdocs_1v970z0,30277cfb0f857016,10.208,25.0,14.815,50,2
askdocs_1v972vt,daf9fc2acc8290ee,7.162,16.6,11.976,166,10
askdocs_1v97321,d7f58b5e881e9d72,11.423,26.4,3.401,132,5
askdocs_1v974u9,e8ce2bb15b23f643,5.927,15.696,13.536,361,23
askdocs_1v975ch,99195453bc775b87,15.2,39.25,8.696,157,4
askdocs_1v977dv,28fc33d80d75ecd8,9.98,20.667,19.355,124,6
askdocs_1v9780r,99e1c787e01dc6bf,5.242,10.6,8.772,53,5
askdocs_1v97c21,df6b94d8bfebeea9,7.369,18.25,11.111,438,24
askdocs_1v97cb3,81e80dc4edd93d20,4.568,12.909,7.639,142,11
askdocs_1v97eg8,9bfe32a479616114,6.865,13.5,8.434,81,6
askdocs_1v97g5u,fa597b763c8c07e5,6.104,19.0,2.632,76,4
askdocs_1v97i8b,ea935d450dc86d90,7.386,19.2,13.402,192,10
askdocs_1v97ipd,0f0d49280a38e346,20.293,32.429,20.259,227,7
askdocs_1v97opk,39ad5f0fa4a55c8b,5.077,12.0,12.234,372,31
askdocs_1v97pmo,f658381f1e504538,11.976,28.0,14.535,168,6
askdocs_1v97we0,a3db1c344a9384c4,10.82,22.692,12.04,295,13
askdocs_1v981p4,4c4e3cb78dab43e0,10.266,14.987,13.088,1154,77
askdocs_1v9823d,f1c172997a16cf48,5.934,14.5,5.172,58,4
askdocs_1v982nx,50dfa58cf7660dc0,9.08,13.333,11.382,120,9
askdocs_1v987eg,a9bdf7a7cb9bc820,6.387,15.0,15.625,30,2
askdocs_1v989x8,894772855874429a,5.718,16.462,9.633,214,13
askdocs_1v98am3,5f28faf01c8bd289,11.026,28.667,9.89,172,6
askdocs_1v98cdt,48e3a96c7deb3fe8,5.884,14.0,6.977,42,3
askdocs_1v98ci7,a0e0b5ede0195ab4,7.521,13.5,10.651,162,12
askdocs_1v98en0,de50d07bdf5a77f5,13.556,22.833,11.644,137,6
askdocs_1v98gzf,ea586f81669bf0b5,5.312,14.069,8.166,816,58
askdocs_1v98lmd,5630515b4b6f9647,5.408,13.5,8.036,108,8
askdocs_1v98lqj,82ad05588777a0c6,7.771,18.75,10.256,75,4
askdocs_1v98m29,5fc43021e018de54,9.256,20.4,11.792,204,10
askdocs_1v98mu8,10f1e8ca7d476e5b,11.405,22.0,15.038,132,6
askdocs_1v98nxl,b542d348aa074726,14.074,36.0,6.034,108,3
askdocs_1v98o1o,a3ab2a0a2182080b,7.007,18.333,3.636,55,3
askdocs_1v98t0f,fcf8db2746476aff,5.412,11.7,5.128,117,10
askdocs_1v98usw,01b8f049d219416e,7.208,15.692,8.491,612,39
askdocs_1v98wo8,6f68a83e01767245,4.87,12.6,9.524,63,5
askdocs_1v98z9m,0dd9784c2a873450,9.188,21.4,13.636,107,5
askdocs_1v990qj,6d57a4f42ba127dc,6.654,16.0,11.801,160,10
askdocs_1v991wx,a10e27ba2d02dc59,5.481,12.167,8.861,146,12
askdocs_1v992ax,b0ea4a7e7118c841,6.324,16.462,11.927,214,13
askdocs_1v9938g,ea2d056b7f8776cc,25.112,57.667,8.791,173,3
askdocs_1v9942f,064467bc8666cee7,11.509,28.25,8.333,113,4
askdocs_1v995wl,acd5d8b549c4f6f5,6.236,10.5,13.065,189,18
askdocs_1v9960z,26761450d40ca29d,13.338,16.194,14.368,502,31
askdocs_1v996i4,fcd81fd1e2fe9bee,8.894,21.333,11.458,192,9
askdocs_1v999gw,9f9964d9fed62e02,7.73,20.091,10.684,221,11
askdocs_1v99ccm,2262dd6ef796bb28,9.072,19.846,10.662,258,13
askdocs_1v99cua,63de9f1651e24b38,5.295,14.095,2.606,296,21
askdocs_1v99d63,df3964af924f48d8,5.182,14.0,8.046,84,6
askdocs_1v99gk2,4c8bb47cb9a25b51,6.0,13.0,10.448,65,5
askdocs_1v99jon,a9e192bbe0b252f3,37.623,94.5,8.421,189,2
askdocs_1v99jwg,2897c63dbee573b6,7.055,17.333,11.215,104,6
askdocs_1v99jzw,dd4b320dd8e6e370,8.696,21.062,5.814,337,16
askdocs_1v99oiy,e9a81ceef9923d2c,4.093,7.8,7.5,39,5
askdocs_1v99p2z,f384d59709e5b0fd,18.691,48.091,8.229,529,11
askdocs_1v99pcy,d12dc03298c07c02,16.585,34.706,12.646,590,17
askdocs_1v99pdv,fac4d41079298c1f,7.019,20.7,10.476,207,10
askdocs_1v99qqo,04036fc66f987ae4,11.284,24.562,7.595,393,16
askdocs_1v99rsr,130a34904545317e,7.222,14.632,14.334,278,19
askdocs_1v99sxq,5ff6c30a0ef95852,8.846,7.808,26.515,203,26
askdocs_1v9a0xy,950689271ffbea71,15.648,39.5,6.329,79,2
askdocs_1v9a4j4,223619a31082fa37,9.536,11.163,9.839,480,43
askdocs_1v9a77d,a7b7395042c7707f,5.38,13.188,5.189,211,16
askdocs_1v9a8ye,123ef1a38c1c7c30,5.046,10.769,8.163,140,13
askdocs_1v9akxa,f79e7cad991bc678,7.149,14.167,13.636,85,6
askdocs_1v9apna,74d0e9bb585b4fe5,6.204,14.485,11.847,478,33
askdocs_1v9at70,65631a35a2c7d431,4.823,12.0,12.5,24,2
askdocs_1v9ate7,b5799becfbccf825,8.726,23.167,12.057,139,6
askdocs_1v9auwq,ec3897e8c113884f,5.666,8.833,8.772,53,6
askdocs_1v9aw4u,a7046408ed7bdbc4,8.656,22.5,8.333,45,2
askdocs_1v9azfs,96b36e079fe0067b,8.016,15.179,9.908,425,28
askdocs_1v9azqu,a27b8c677f4d96a4,7.426,14.333,6.742,86,6
askdocs_1v9b13e,26a375be950d0d00,6.822,13.471,7.884,229,17
askdocs_1v9b1md,5754fac89b3b2c22,12.9,33.143,4.661,232,7
askdocs_1v9b2bj,41a76a4bcfdecb77,6.462,12.0,15.385,72,6
askdocs_1v9b2w7,17be4d1eef7972cd,6.28,14.583,10.169,175,12
askdocs_1v9b3r4,dd7bb0f41e03c5e9,8.352,16.077,15.094,209,13
askdocs_1v9b5jy,69eee1b812aeb552,3.779,11.545,14.844,127,11
askdocs_1v9b767,e3086d980bf93aec,9.797,23.0,17.391,46,2
askdocs_1v9b7ui,8f452eb49e23e3ae,4.523,13.933,7.143,209,15
askdocs_1v9b89l,66b743af23bdb143,8.218,14.4,16.456,72,5
askdocs_1v9b8tn,d5582af91995f267,8.14,20.0,5.0,20,1
askdocs_1v9b8wm,75064b084d91632d,14.255,21.5,18.75,215,10
askdocs_1v9b9i6,4961cee2654d9982,5.637,13.0,2.899,65,5
askdocs_1v9bevs,28e726d81056db41,9.607,17.188,10.284,275,16
askdocs_1v9bi09,95992eae4f304907,9.109,12.5,17.647,50,4
askdocs_1v9biup,f904232f684d1f6e,8.343,18.348,9.112,422,23
askdocs_1v9blex,d1331bc7b4b50e62,7.976,19.533,8.814,293,15
askdocs_1v9bmc8,e03e14f9a63d1e60,6.488,13.13,15.21,302,23
askdocs_1v9bnm4,742c2f65651280ad,10.284,17.5,12.5,70,4
askdocs_1v9bnst,2260ff718bcdb36f,9.927,18.4,7.812,184,10
askdocs_1v9bpsw,18119f5191fb421c,120.65,310.0,8.861,310,1
askdocs_1v9btz2,157e53690eaf9a1f,7.79,12.556,9.756,113,9
askdocs_1v9bu54,5730008cd3299f86,6.592,14.6,8.182,219,15
askdocs_1v9bvko,0e6ca33988030383,7.49,18.914,8.735,662,35
askdocs_1v9c0os,18f2c30a483fd81a,4.076,11.0,11.429,66,6
askdocs_1v9c3rf,98b4848a7aa5c357,4.43,8.538,19.469,111,13
askdocs_1v9c3u1,d44bd11430686288,8.649,18.793,11.072,545,29
askdocs_1v9cdl4,dea3f3f0b4240efe,10.731,25.571,6.915,179,7
askdocs_1v9celb,2604a6284a64005a,10.831,16.9,9.714,169,10
askdocs_1v9cfnz,ee4112234f7a514b,7.026,18.611,6.78,335,18
askdocs_1v9ckqv,9f8b74cc6569ed2a,4.486,11.889,11.009,107,9
askdocs_1v9claq,319f991731748d15,50.456,128.667,13.5,386,3
askdocs_1v9cwd0,dbc84b920f829521,4.753,13.5,5.217,108,8
askdocs_1v9d0k8,cbf3c854dab4b3b5,4.371,12.857,7.692,90,7
askdocs_1v9d0om,775684796ac0cdfc,10.058,23.3,15.854,233,10
askdocs_1v9d1o6,1411835bddadd366,5.716,12.182,13.139,134,11
askdocs_1v9d5vm,98fe67828cac4ca4,7.09,15.279,9.76,657,43
askdocs_1v9d9do,d52f28bf98248774,11.361,23.2,8.197,116,5
askdocs_1v9dejs,b49e96f6ae3a289b,5.425,14.5,12.069,116,8
askdocs_1v9dhlu,20c3a8f267c5aaf6,8.345,15.5,16.129,62,4
askdocs_1v9dl3j,d4b9cc002e259794,12.097,27.857,7.426,195,7
askdocs_1v9dmgr,a430d7598a49ca9a,6.319,15.1,10.063,151,10
askdocs_1v9dmjv,950fe69bd73d3bc0,8.374,18.083,15.766,217,12
askdocs_1v9do5z,2d524bb109b79305,9.403,16.333,12.667,147,9
askdocs_1v9dpdc,f05224b8ef74138f,10.907,22.778,6.829,205,9
askdocs_1v9dteb,a59bb9f367d0ca6f,9.709,21.538,12.069,280,13
askdocs_1v9dvpi,2b642c568034b950,7.833,18.1,8.649,362,20
askdocs_1v9dxnj,4d82c807922106d9,4.796,11.4,6.452,57,5
askdocs_1v9dz8e,4f9d1828794def05,3.988,10.143,8.333,142,14
askdocs_1v9e2hj,37dd42611c756e01,9.446,14.231,13.281,370,26
askdocs_1v9e3xr,ecdd1612f2989c81,12.835,22.0,14.925,66,3
askdocs_1v9e4wk,d53f8a234981f535,6.453,11.538,9.677,150,13
askdocs_1v9e4wq,212678e97ca8d0ff,9.152,19.6,10.553,196,10
askdocs_1v9e5hp,50cda50136ad2a57,11.421,22.429,13.855,157,7
askdocs_1v9e8sa,25a59f48f4f90ef4,7.274,14.2,13.356,284,20
askdocs_1v9e9aa,12649aab9a7ca514,10.642,26.667,8.714,240,9
askdocs_1v9eb7q,c2509837c8aaeb0e,14.443,38.5,4.375,154,4
askdocs_1v9ec1o,312f11cfd3788040,6.491,13.579,6.589,258,19
askdocs_1v9egkj,33cfc317f82978b6,12.321,31.333,9.375,94,3
askdocs_1v9egpv,ca07b70d6b88310a,7.657,17.071,7.48,239,14
askdocs_1v9ehyw,9b9771e55f3bb81e,10.486,16.447,12.036,773,47
askdocs_1v9eksf,6e67bca5f09c3a70,2.191,5.25,8.696,21,4
askdocs_1v9ekxc,ea169fec5db78839,8.076,17.333,12.15,104,6
askdocs_1v9em63,d8294470d26e3fd8,5.253,11.463,6.399,1089,95
askdocs_1v9emhu,339d8f1ba1285af6,5.322,11.125,10.526,89,8
askdocs_1v9enf8,276598504d8f6c3c,3.946,10.125,6.742,81,8
askdocs_1v9enxv,fcc65f150493b2a4,3.97,10.75,4.444,43,4
askdocs_1v9eof6,8b37828536a52e51,4.669,11.962,4.416,311,26
askdocs_1v9eorv,47e7d6022f6fb962,4.35,12.167,8.108,73,6
askdocs_1v9esyo,3f38e76331445f85,7.181,16.933,4.28,254,15
askdocs_1v9eurl,7f9bd8da913cde4c,6.322,16.0,5.882,64,4
askdocs_1v9f24h,8ba76308ee0d50ed,5.27,9.759,12.324,283,29
askdocs_1v9f3a1,621f8f9129b7674b,6.202,13.667,13.333,205,15
askdocs_1v9f5ig,823abea6dccb05f3,8.671,17.455,11.111,192,11
askdocs_1v9f63y,f76408f560acdc89,9.65,19.333,15.254,58,3
askdocs_1v9f6vb,7ddbcec1e106dc49,9.326,15.812,9.506,253,16
askdocs_1v9f7cf,dfe2ee72cdef95e6,6.578,14.091,10.063,155,11
askdocs_1v9f9g9,ebd3c7fc0d1eaeaf,4.336,12.8,8.955,64,5
askdocs_1v9fcb7,d10d105e91c54062,5.591,12.615,8.58,328,26
askdocs_1v9fcz0,9d4ef73d6eb6415b,9.29,19.75,17.073,158,8
askdocs_1v9fdbk,1801bb9013c89cf9,13.339,26.0,6.107,130,5
askdocs_1v9fdtk,e16d950907921506,6.547,13.875,10.541,333,24
askdocs_1v9fety,a661a5c4b4f75ab2,5.32,15.6,7.5,78,5
askdocs_1v9fidm,0142bf67ddd9a7c0,11.5,28.643,10.758,401,14
askdocs_1v9fijw,91d96a264fd62a09,11.642,16.545,2.494,364,22
askdocs_1v9fjj2,abc73ddac979ce7e,5.769,16.0,9.375,32,2
askdocs_1v9flui,fe2dae89d327cb4a,3.956,9.0,4.8,117,13
askdocs_1v9fp47,22fdca02b998251c,6.072,11.05,10.213,221,20
askdocs_1v9fwlr,f95ac9e50fb19858,90.569,221.0,20.362,221,1
askdocs_1v9fxxc,b07bc3cd2ae8ea45,8.619,22.333,9.286,134,6
askdocs_1v9fxyh,e6da06fda6cf6235,16.921,27.6,12.529,414,15
askdocs_1v9fyt8,e262a625e9a22d8e,11.948,28.588,15.918,486,17
askdocs_1v9g0dn,218c3bc3cb7fd1a9,5.0,12.75,15.094,102,8
askdocs_1v9g23h,1eb0edb188b35d95,16.952,27.667,12.5,415,15
askdocs_1v9g2r5,7d50895d8eca6def,7.437,10.4,15.589,260,25
askdocs_1v9g4rn,e482b5eca3b75930,7.199,18.667,9.964,280,15
askdocs_1v9g6s8,978da6fe27018577,5.617,11.6,10.0,58,5
askdocs_1v9g6ye,a54409740cad5660,21.9,54.0,14.983,864,16
askdocs_1v9gcmw,8bf668608b566a9d,7.547,19.5,4.237,117,6
askdocs_1v9gcpm,bbdbbc2c0feb1a1c,17.197,28.267,12.925,424,15
askdocs_1v9gg36,6ff3cdc187e8b6c0,6.331,16.625,9.353,133,8
askdocs_1v9gjx5,39f7160bf1761fa2,3.42,7.75,14.706,31,4
askdocs_1v9gm3m,37053a64f29249d4,10.392,26.75,10.185,107,4
askdocs_1v9gm8h,02c1659360cbeb4f,11.96,27.273,12.541,300,11
askdocs_1v9gp2t,06a7b9a633dad091,6.415,11.583,12.587,139,12
askdocs_1v9gpqf,39ef9f78a29d5666,6.041,10.759,11.218,312,29
askdocs_1v9gqba,fb2550e43075c518,12.4,40.0,4.651,40,1
askdocs_1v9gu5j,62fb660df17adc45,7.705,17.857,10.853,125,7
askdocs_1v9guvj,d60e5a57e1f8c29f,8.103,20.364,8.772,224,11
askdocs_1v9gzxj,86a9fc5d1a5b05ab,6.053,14.333,4.348,86,6
askdocs_1v9h2ka,85bc22deab30d1ea,5.852,12.667,14.801,266,21
askdocs_1v9h2zx,96150d3d793299a7,11.715,29.5,8.8,118,4
askdocs_1v9h5ag,a094b0ff072a7377,7.224,14.857,11.712,104,7
askdocs_1v9h5ii,645a94aee8e58e49,5.792,11.0,15.698,165,15
askdocs_1v9h6es,7d5d7a5fecd94502,16.373,41.0,7.317,82,2
askdocs_1v9h7fj,5ca3339cbeabddc1,6.317,15.25,5.738,122,8
askdocs_1v9h8nk,af85608a131c8cf2,4.927,12.1,8.8,121,10
askdocs_1v9h9rj,4c9c33d21c54d6c4,12.127,25.0,7.592,375,15
askdocs_1v9hbf4,288c913afcd84f0c,5.534,14.273,10.671,314,22
askdocs_1v9hcwx,895b2368fbc0f2e0,7.351,16.842,10.903,320,19
askdocs_1v9he6m,9245589965c2901e,4.486,9.333,12.5,56,6
askdocs_1v9hg6m,606be2bd8b451596,17.514,29.136,2.425,641,22
askdocs_1v9hg94,cfd234a56fb1b27a,12.434,26.714,9.794,187,7
askdocs_1v9hgv4,96f834d3aed66adf,8.357,17.917,10.596,430,24
askdocs_1v9hgy2,9e4e56526a24ccb5,8.189,17.333,14.085,208,12
askdocs_1v9himt,34cdd953a6a66f75,18.38,45.2,8.811,226,5
askdocs_1v9hj9d,5ea1ce5a32017b23,7.561,13.188,6.944,211,16
askdocs_1v9hkxg,5bdfb28486794f0e,2.45,16.0,6.061,32,2
askdocs_1v9hlq4,c2905e54d87ee0a4,10.534,32.0,15.625,32,1
askdocs_1v9hmip,f56160b30bd3b9e6,8.955,15.0,9.848,255,17
askdocs_1v9hn6a,b74498578c8c870e,4.939,16.0,11.719,128,8
askdocs_1v9hr62,617456480bcf9a40,6.44,18.667,10.714,56,3
askdocs_1v9hsqo,1213b93b91770755,4.338,10.588,11.602,180,17
askdocs_1v9htjp,c8557e785e74c572,9.296,18.206,12.42,619,34
askdocs_1v9hw9a,2c36cc7918b08de8,4.09,9.0,13.333,162,18
askdocs_1v9hz3z,a851a5e96b6cbb7e,10.801,17.3,23.757,173,10
askdocs_1v9i14l,b3851970d6994acc,11.523,25.571,5.946,179,7
askdocs_1v9i2f7,5c694003cbe241e4,9.243,17.394,11.285,574,33
askdocs_1v9i2gl,a206838a9cdc95f3,9.213,20.5,7.834,205,10
askdocs_1v9i4z9,2d3aa8d8ae277815,9.258,24.6,3.252,123,5
askdocs_1v9i58x,62f8724a0b56b1ee,4.706,11.7,7.438,117,10
askdocs_1v9i5bk,c1f4072c4644922e,5.812,17.429,4.918,122,7
askdocs_1v9i61u,c4566af1af81d6dd,5.333,14.083,14.793,169,12
askdocs_1v9i7r9,0f39e1c6f07b5fc2,7.84,15.583,5.076,187,12
askdocs_1v9i7xo,b44196e7bfdcacbc,4.015,10.857,10.0,76,7
askdocs_1v9i80i,d4914eb722f79da6,12.255,32.0,11.0,96,3
askdocs_1v9iaes,d4ea202aaff7d6ef,3.777,14.0,5.882,84,6
askdocs_1v9ib5p,07c25c2268140406,10.39,15.667,11.243,329,21
askdocs_1v9igzb,a28a351dd2bcbe8e,11.267,27.143,9.596,190,7
askdocs_1v9ijbr,7d249340947e4822,5.663,13.4,10.0,67,5
askdocs_1v9ijt1,e865460e09d357ce,8.461,17.167,9.238,412,24
askdocs_1v9ilmt,b26814a6fe146d1f,7.704,14.765,16.412,251,17
askdocs_1v9ix0k,b02a4e001c3e6518,5.845,13.5,5.357,54,4
askdocs_1v9ixby,03ed896ca9ddc8c8,7.33,15.5,5.82,186,12
askdocs_1v9ixjb,41584de33d0d890f,5.017,8.75,8.571,35,4
askdocs_1v9iyeh,5cb8ef6374f24c6b,6.668,11.0,11.364,44,4
askdocs_1v9iygk,d40b4009cb89e7c5,7.745,23.0,2.02,92,4
askdocs_1v9j099,6cca7c476dba49bf,9.412,19.5,7.21,312,16
askdocs_1v9j0qv,c04f702c16a7897a,33.395,87.0,8.046,87,1
askdocs_1v9j53d,38d8212b8b87b687,11.322,27.769,10.733,361,13
askdocs_1v9j7r1,c75baea31ecb8424,7.342,16.154,9.524,210,13
askdocs_1v9j928,6e25094609b3ff82,7.511,16.154,9.524,210,13
askdocs_1v9jewt,9941d535cb238ecf,14.827,18.353,18.153,312,17
askdocs_1v9jgtf,65fb8ce62c11b97a,14.973,26.0,7.692,26,1
askdocs_1v9jk8e,ec4d0378688d9df0,35.849,91.0,9.89,91,1
askdocs_1v9jl9q,90385ddbdfd6fb45,13.409,28.167,8.939,169,6
askdocs_1v9jlhp,df64023a9764b367,7.718,17.182,6.316,189,11
askdocs_1v9jnqu,6ed6a1924cde01e3,6.034,14.231,9.043,185,13
askdocs_1v9josa,1b7bd4c37fcff28e,12.679,21.545,15.574,237,11
askdocs_1v9jp06,c90fd19ce8533acb,5.041,14.0,5.882,84,6
askdocs_1v9jp8f,be626cbca8d09889,11.307,22.75,10.753,91,4
askdocs_1v9jpoq,6eed25cb2022bf8a,30.333,74.5,4.938,149,2
askdocs_1v9jq7e,05dd030c5d1a347b,15.998,38.0,13.158,38,1
askdocs_1v9jr3f,3d4a4119c48cf788,10.497,14.692,13.433,382,26
askdocs_1v9jszh,8c8b75a6c22f653d,10.492,22.5,9.783,90,4
askdocs_1v9juwj,cf139e231fbe4cfc,8.825,20.588,11.898,350,17
askdocs_1v9juws,b34957c99f105a7a,8.023,13.08,8.116,327,25
askdocs_1v9jvov,00f9a1c16a291887,7.149,14.125,12.045,339,24
askdocs_1v9jvrq,c4650cf393ce2cde,12.946,32.2,6.135,161,5
askdocs_1v9jxcp,8013bff10d73101c,15.595,21.0,21.034,273,13
askdocs_1v9jxl1,7a7790b414dbf624,10.307,16.2,11.137,405,25
askdocs_1v9jz7e,93ce48212f3f9f3d,7.082,19.538,9.886,254,13
askdocs_1v9jzia,7e5d1cb8919a2b4f,6.174,11.818,10.294,130,11
askdocs_1v9k6pt,3fb1e1f80d247619,6.285,12.25,20.408,49,4
askdocs_1v9k7km,e487bf8899584c4c,3.391,9.0,6.522,45,5
askdocs_1v9k9rq,48ea0079105e649a,8.793,20.4,15.534,102,5
askdocs_1v9kga3,9109705a3415ae85,6.894,16.167,11.707,194,12
askdocs_1v9kgpd,4eebac8b50ede252,8.878,19.872,12.247,775,39
askdocs_1v9kh78,1612f68807973a1a,6.971,15.167,5.738,728,48
askdocs_1v9kie1,571f81dbf6228271,4.558,10.643,10.667,149,14
askdocs_1v9kilf,a0d5d3a5c313c4e7,18.287,44.0,14.539,264,6
askdocs_1v9kjtx,32d478969c826f83,6.937,8.25,39.394,33,4
askdocs_1v9klvn,757024a7352359d4,8.051,18.111,9.639,163,9
askdocs_1v9km7v,74a1f605f3771a18,5.148,11.0,15.152,33,3
askdocs_1v9kny6,cf5d46f2a5327d9a,5.316,12.045,13.704,265,22
askdocs_1v9kowg,b12c55b12d14a8d6,10.33,20.333,19.672,61,3
askdocs_1v9kq5e,7546b2d8d19b3886,10.867,17.333,5.3,260,15
askdocs_1v9kq7f,dfd5f72ea2d24501,7.826,13.333,7.558,160,12
askdocs_1v9l130,2cdba17382e7fb73,6.306,14.0,7.483,140,10
askdocs_1v9l2ip,33b0280cef341a0c,6.518,16.321,9.674,865,53
askdocs_1v9l7k8,3c358a9453cfc4ab,7.508,15.406,7.677,493,32
askdocs_1v9l96z,744df68c9c36d907,5.31,11.0,11.111,341,31
askdocs_1v9l9ks,5fa8b4f47412b70c,13.302,32.5,10.256,195,6
askdocs_1v9lbf6,fd6c700d570fe6bc,11.354,19.091,12.556,210,11
askdocs_1v9ld00,4c491c7c9d425d22,3.197,8.273,13.043,91,11
askdocs_1v9li5u,8bbd1d54d8302457,12.076,29.75,8.403,119,4
askdocs_1v9lm27,6682619550a6dc5d,6.021,14.412,10.98,245,17
askdocs_1v9lolk,301d6111294125d9,9.045,15.143,17.352,424,28
askdocs_1v9lpct,7ee5916dae01579d,7.81,18.667,7.759,112,6
askdocs_1v9lqmw,3fd966924aca1262,10.348,17.25,5.936,207,12
askdocs_1v9lqns,72aecbd155ff66a6,17.748,27.733,16.39,416,15
askdocs_1v9lvt1,843a2c67fd6a4b9b,23.882,55.0,15.0,55,1
askdocs_1v9ly9y,e52833fe690d5c96,3.97,10.75,13.636,86,8
askdocs_1v9lyzr,44526b8d081eea09,8.678,17.438,12.1,279,16
askdocs_1v9m1gt,45aa671da676da86,9.289,22.286,7.738,156,7
askdocs_1v9medp,0136c576ac515f37,7.906,12.167,14.667,73,6
askdocs_1v9mj9f,d0abe2776c54ebf2,3.86,10.857,1.316,76,7
askdocs_1v9mkio,823e45949011acb3,9.495,19.111,9.827,172,9
askdocs_1v9mpgj,8189c19d11b62b64,10.378,22.349,9.25,961,43
askdocs_1v9mrsw,291cb62348054974,9.557,13.769,12.707,179,13
askdocs_1v9ms2o,8a58ac8650b78be5,6.97,14.577,6.154,379,26
askdocs_1v9mtck,5d9b7249c109e48e,8.359,21.125,10.465,169,8
askdocs_1v9mwtr,e60e9c29cc313e57,7.638,13.923,10.44,181,13
askdocs_1v9n0n1,f746a1faa14dabef,8.393,17.0,7.391,221,13
askdocs_1v9n2m3,62b03fca38378343,7.675,13.156,13.023,421,32
askdocs_1v9n33z,7fde7b0a3a568974,7.304,13.8,10.725,345,25
askdocs_1v9n3ce,11bafcd65e3447f9,8.212,18.0,10.989,90,5
askdocs_1v9n4s0,ca4386c000179c38,5.057,12.6,10.938,63,5
askdocs_1v9n5n0,5bbde3877d18962f,10.344,23.2,11.864,116,5
askdocs_1v9n75e,b2f7178d344c78d5,61.741,153.0,12.903,153,1
askdocs_1v9ndxx,83ed6dcbeea796cd,6.262,15.231,15.311,198,13
askdocs_1v9niku,77bf13f3dc75db29,9.651,17.9,4.945,179,10
askdocs_1v9nj78,f6c0894c64fc22ac,5.951,18.4,5.102,92,5
askdocs_1v9nmrx,4cdcae92734b9001,11.694,16.375,14.925,131,8
askdocs_1v9nobk,060063c25aecd403,7.881,26.5,9.434,53,2
askdocs_1v9npi6,843358d6b9db89b6,1.679,7.0,9.677,56,8
askdocs_1v9nspj,02021802fd09f93f,8.107,17.143,9.449,120,7
askdocs_1v9nsri,b9683ee913a2ee77,8.261,15.444,11.429,139,9
askdocs_1v9ntmq,5d9840ed98ddc365,6.53,15.6,8.861,78,5
askdocs_1v9nxb3,db28ef9773339f9c,8.011,17.25,7.834,207,12
askdocs_1v9o0h3,9f8f17c22ab4c693,15.84,28.0,22.093,84,3
askdocs_1v9o1wb,11a0fb2cfe3328bc,8.238,14.259,19.395,385,27
askdocs_1v9o817,aab1536f750c9d91,13.167,28.429,10.145,199,7
askdocs_1v9o830,6d64a5959abde0d0,9.042,13.84,10.511,346,25
askdocs_1v9oabf,49fdf498b831e57b,2.896,9.5,12.632,95,10
askdocs_1v9oeeu,b1dc714d0137c61c,10.522,23.5,7.843,94,4
askdocs_1v9oge3,c77413f82edcd441,10.938,24.125,12.563,193,8
askdocs_1v9ohla,cb68ac9902a8d56a,7.109,11.263,9.778,214,19
askdocs_1v9oi1k,16f8d8e15a798feb,8.306,21.4,12.281,107,5
askdocs_1v9oi3j,72e982ab41396fa7,8.258,14.875,15.966,119,8
askdocs_1v9onxz,eee0bed064e74125,8.333,21.0,8.036,105,5
askdocs_1v9oonn,954eaf0d29a66626,7.362,15.133,12.017,227,15
askdocs_1v9or7s,457f2f1e69430a49,7.38,16.36,6.512,409,25
askdocs_1v9otno,774de7963748329f,8.596,15.833,6.796,95,6
askdocs_1v9ozvf,298a2eaab60b328c,9.47,21.083,7.38,253,12
askdocs_1v9p0rr,e664e15a30c7dd93,5.513,16.0,5.213,208,13
askdocs_1v9p2xv,804d7a67e4a6a6af,6.722,13.8,9.859,69,5
askdocs_1v9p2yr,38472c4f8e082c56,30.95,80.0,7.407,80,1
askdocs_1v9p4h9,ce37bde8f74634dd,7.857,12.105,8.936,230,19
askdocs_1v9p5zr,c2d8d089bea3042e,11.225,33.0,8.571,33,1
askdocs_1v9pfmw,593c0a0cf1f0ca82,9.457,14.25,16.545,399,28
askdocs_1v9pggu,4fdfe113a4646ff2,8.399,19.4,9.184,97,5
askdocs_1v9pidm,2a1cde62e61a62e4,11.43,20.692,8.664,269,13
askdocs_1v9pixj,4a94f0079bd0a25b,9.416,17.4,13.296,522,30
askdocs_1v9plmk,5b4966f9286febdb,1.215,8.25,5.714,33,4
askdocs_1v9pptu,58d9e9a50793849f,3.84,12.0,4.167,24,2
askdocs_1v9pq4b,7c2ea87e1f3a1c8e,14.978,42.0,10.714,84,2
askdocs_1v9prps,37ca615564d00d9f,8.588,14.192,11.141,369,26
askdocs_1v9prt3,e59cdf817ddbc7a6,7.065,17.4,14.607,87,5
askdocs_1v9pts6,f765bfffc8ffbf7c,14.228,32.938,12.758,527,16
askdocs_1v9pvqp,ad7750d8fe2161a1,8.955,21.333,7.812,128,6
askdocs_1v9pzfh,a4b80a2f70c8ea6e,11.415,23.0,11.184,299,13
askdocs_1v9q2nh,ec9e399e5cf93005,4.639,11.526,8.444,219,19
askdocs_1v9q58t,8b74348c440786e1,7.319,14.25,11.196,627,44
askdocs_1v9q5tu,c7e9b2a1e3968a5d,6.836,16.8,3.571,84,5
askdocs_1v9q70k,062c6c193f006bd3,6.191,14.333,11.047,172,12
askdocs_1v9q8vo,65cea44dee75bc4d,14.773,31.909,10.894,351,11
askdocs_1v9qbl8,773aeb952cadffd4,5.207,15.0,9.783,90,6
askdocs_1v9qcm9,4dffed77696f85ef,5.351,10.625,5.882,85,8
askdocs_1v9qg1b,d8ff46265d3d2bc8,13.015,29.5,4.237,236,8
askdocs_1v9qjj3,3428aa519a4009b7,4.476,11.2,11.504,112,10
askdocs_1v9qm9x,3b8be3a665a68249,9.562,21.667,7.692,65,3
askdocs_1v9qpba,bb562a750fe85793,8.078,18.615,9.438,484,26
askdocs_1v9qqiq,bad72908e33730d9,6.89,14.429,14.77,404,28
askdocs_1v9qqpy,fbad7718309ad8c5,4.095,14.167,9.412,170,12
askdocs_1v9qum9,931f45cd5e752b0d,5.872,12.0,15.217,180,15
askdocs_1v9qy98,f33856fca816afab,6.45,15.889,9.756,286,18
askdocs_1v9qygx,50b88dddc70cd3bf,8.023,16.714,9.677,234,14
askdocs_1v9qzsp,b633a5fa651c4a87,5.04,11.818,15.038,260,22
askdocs_1v9r0mt,47929617bb9ffa3a,8.007,11.571,10.714,81,7
askdocs_1v9r5a6,19006fb35478248d,8.967,20.583,6.426,247,12
askdocs_1v9r61n,2ad2b56aa537764b,10.511,25.667,15.584,154,6
askdocs_1v9r744,de5baa493f225513,5.883,15.077,12.121,196,13
askdocs_1v9rlx8,b9c285c70c5ac415,11.359,23.714,8.982,166,7
askdocs_1v9rmxf,996f25b28f05aa45,8.106,13.875,25.225,111,8
askdocs_1v9rn1s,516b270ab7054a43,7.491,12.091,8.511,133,11
askdocs_1v9rni4,6397b12133953bae,8.569,17.833,11.009,107,6
askdocs_1v9rvx5,0301e3336281c239,9.093,15.81,20.175,332,21
askdocs_1v9rxva,70649f56c4dccc92,7.293,15.828,12.527,459,29
askdocs_1v9rzbp,f1947b97feeb0edb,10.19,16.526,11.81,628,38
askdocs_1v9s0hq,535a0b063edab190,3.887,9.6,10.417,48,5
askdocs_1v9s33z,68f6260c0730b804,4.108,11.692,9.091,152,13
askdocs_1v9s5lz,428e38d228a9aade,6.244,14.462,7.853,188,13
askdocs_1v9s646,ee109b9028e593bf,4.1,11.615,9.15,151,13
askdocs_1v9s8xl,9bee96a28f513ac4,5.611,11.9,9.6,119,10
askdocs_1v9sb9x,691d414bff7410b7,14.301,35.833,8.036,215,6
askdocs_1v9sbew,2c1ba147b01401aa,8.288,20.444,10.16,184,9
askdocs_1v9sfxo,7703c62406f33b10,7.896,16.125,8.759,129,8
askdocs_1v9sjff,b05c872b3245bb4d,8.355,18.81,11.055,395,21
askdocs_1v9sk9u,eba7bb74ffbb3712,8.463,18.625,12.667,149,8
askdocs_1v9sqsr,0670abc578257a9f,9.979,22.867,14.0,343,15
askdocs_1v9srzb,322c93ffaca9d3fc,5.761,11.85,15.638,237,20
askdocs_1v9sv2e,ace68aff0747979c,33.039,85.0,9.942,170,2
askdocs_1v9sw07,2ad243b564bef75c,4.721,10.167,8.13,122,12
askdocs_1v9t493,87cc7406ad3fa56f,8.399,15.679,10.889,439,28
askdocs_1v9thj5,9681487d9839158b,4.157,13.143,5.435,92,7
askdocs_1v9tjab,6b1be8123cac2330,8.451,16.909,10.938,186,11
askdocs_1v9tjs6,46a1c9ddae85e642,11.542,19.615,17.51,255,13
askdocs_1v9tofi,3755209d5b43df23,11.273,24.0,12.295,120,5
askdocs_1v9tqxw,82a2a31c6fad4481,11.235,25.444,7.424,229,9
askdocs_1v9ttsh,9ca90654ff871216,14.17,40.0,7.317,40,1
askdocs_1v9tuc3,84685decf8629d68,10.443,24.143,10.526,169,7
askdocs_1v9tuy7,24d28e17f4fe0de8,8.544,21.0,8.284,168,8
askdocs_1v9tw6c,74f02f4d0e5910b1,12.137,21.0,14.433,273,13
askdocs_1v9u0y7,3aafb24c32ad808c,9.393,24.889,5.333,448,18
askdocs_1v9u7cb,2f9ab586153a58a4,22.492,58.0,5.0,58,1
askdocs_1v9ubu1,18d803b47b845318,3.197,13.4,7.353,67,5
askdocs_1v9ui6y,6393d224299e8458,3.995,10.429,7.895,73,7
askdocs_1v9ukuj,b6f6bac30616d552,6.078,13.0,5.319,91,7
askdocs_1v9urqp,379a14543c429030,12.616,28.263,11.993,537,19
askdocs_1v9usmt,4e9dbd1e91cc83d9,8.366,20.167,18.182,121,6
askdocs_1v9uzsy,62ecf45791cce0c0,7.313,16.25,10.112,260,16
askdocs_1v9v0r6,fa5f09d3b6fda6e3,4.306,14.5,4.396,87,6
askdocs_1v9v5yh,978ea0a4ad8561f0,9.197,20.636,13.596,227,11
askdocs_1v9v772,2e91c769473e696e,5.934,11.875,10.309,95,8
askdocs_1v9vcx0,6478570ecc8c3bac,10.469,19.444,13.333,175,9
askdocs_1v9vvt1,b62bfd24af32ce65,8.534,18.556,14.54,334,18
askdocs_1v9w24w,0b9906c0cab74bcd,5.741,13.25,8.633,265,20
askdocs_1v9w40p,13813c86b78004c2,16.609,32.643,8.917,457,14
askdocs_1v9w4rt,f51b3246e5b438ff,7.412,19.333,9.195,174,9
askdocs_1v9wa8d,8927dacaf26fce23,5.576,10.118,7.609,172,17
askdocs_1v9wb6p,e23ef1d3d5b9bbbe,6.377,18.0,5.556,90,5
askdocs_1v9wcvl,a76c69945adc86c0,8.193,21.0,4.706,84,4
askdocs_1v9wfu9,bc6c69cc37e06e25,7.685,18.8,11.458,94,5
askdocs_1v9wihl,8e1aebc8071779db,4.032,12.409,6.643,273,22
askdocs_1v9wmb7,b86fdb6dee98a1fa,6.727,14.0,10.326,182,13
askdocs_1v9wqmo,97e053061b22658c,10.707,13.727,14.379,151,11
askdocs_1v9wre2,073bc5cbe1a4b26a,10.191,22.25,10.056,178,8
askdocs_1v9wrvq,e33cf627780a7338,4.796,11.375,12.632,91,8
askdocs_1v9wsm5,9b7f3ed54251b3e7,10.36,20.667,9.524,124,6
askdocs_1v9wu2e,f1e2b9db3d1a310d,9.218,14.733,10.667,221,15
askdocs_1v9wvhp,572cfc27dec10f9a,6.727,14.0,17.778,42,3
askdocs_1v9wvp8,5a606925288a9a55,10.588,25.667,9.375,154,6
askdocs_1v9wvw9,3e5a5f1b76474a7b,4.365,11.571,4.819,81,7
askdocs_1v9x09i,b087d3cbce41653e,8.275,18.167,6.195,109,6
askdocs_1v9x2g7,5b65528ad30a6846,5.875,13.889,6.202,125,9
askdocs_1v9x64h,5e63beb78ab0e974,10.822,24.5,8.911,98,4
askdocs_1v9x66s,6a7c367480650674,9.081,16.5,13.889,33,2
askdocs_1v9x6jv,e42ec17da66e5d3c,9.132,15.1,12.609,453,30
askdocs_1v9x781,1c82abb85784c2e8,7.196,20.0,8.213,200,10
askdocs_1v9x8ab,8740b9cc3dc2bf64,2.897,8.429,11.667,59,7
askdocs_1v9xeze,12aefa40b5705869,2.975,6.0,24.0,24,4
askdocs_1v9xf7z,7ab78d545a621bc2,44.396,114.0,7.627,114,1
askdocs_1v9xfnu,bea655e7721f43f6,10.988,25.6,9.16,128,5
askdocs_1v9xhrf,b0cf60f58fca0d17,3.046,8.692,4.348,113,13
askdocs_1v9xj7g,c65d63e1391ac907,12.715,31.0,9.677,155,5
askdocs_1v9xjv9,be04dbe9fff50abf,7.519,14.579,8.562,277,19
askdocs_1v9xlz1,730a5c1330d2f546,15.189,37.143,4.38,260,7
askdocs_1v9xndk,278af5d2910acc67,5.924,10.062,17.683,161,16
askdocs_1v9xnmy,a1cb4ae1585226dc,12.096,20.125,15.951,483,24
askdocs_1v9xo6p,8393c4c4af76349c,6.794,17.4,2.299,87,5
askdocs_1v9xp7k,7fb660970d5e1b22,4.579,11.769,13.072,153,13
askdocs_1v9xpmh,f2926de5b7336afa,11.049,16.333,16.944,294,18
askdocs_1v9xqv9,dc24fbaa2a1e6961,7.66,19.133,7.586,287,15
askdocs_1v9xr15,60d85ceb281860c0,6.102,11.0,6.061,99,9
askdocs_1v9xs59,ce86630accb1b166,10.128,17.0,34.286,34,2
askdocs_1v9xsa2,4bd44ace875cb701,6.455,14.289,6.503,543,38
askdocs_1v9xyjy,31dd52510a955b87,7.413,14.455,12.188,318,22
askdocs_1v9y12u,dbfa467160f1e833,3.107,11.2,4.918,56,5
askdocs_1v9y3tr,3555871fd279ecc7,7.161,9.5,14.035,57,6
askdocs_1v9y41t,d7768152cdf37ad2,5.435,16.167,9.901,97,6
askdocs_1v9y50l,767d427f3e6f510c,5.004,11.1,5.172,111,10
askdocs_1v9y682,dfb398ea27971082,10.28,19.667,10.582,177,9
askdocs_1v9y6na,e5fcb68def939ec5,9.817,14.833,21.858,178,12
askdocs_1v9y9ga,81fa702c2bb63b7a,17.024,33.5,16.968,268,8
askdocs_1v9ya12,4269d8774c227d58,5.528,10.281,9.714,329,32
askdocs_1v9yefu,dd4890831a199cb7,4.697,8.429,16.393,59,7
askdocs_1v9yfpv,0c092a33582a8c80,9.958,21.714,6.329,152,7
askdocs_1v9yicv,d081053779b59117,7.048,10.5,12.698,63,6
askdocs_1v9yjae,6c9a66c164621cb3,7.739,17.364,11.224,191,11
askdocs_1v9ykt9,53cc191591e1ab97,6.684,16.857,4.167,118,7
askdocs_1v9yl1b,286ae7889a028ab4,9.456,16.0,15.625,32,2
askdocs_1v9ymgv,9640f8ab5f302035,10.525,21.174,7.771,487,23
askdocs_1v9yous,22b3ce3995a6c3bf,10.062,15.714,13.158,110,7
askdocs_1v9yq8c,cd6d0c239e6bb23d,4.05,8.0,20.0,40,5
askdocs_1v9yrj8,d7ef2c4cd31b2e3b,46.388,119.0,8.403,119,1
askdocs_1v9ys0u,61de323b72af7f27,9.75,20.333,14.754,61,3
askdocs_1v9yu05,2fcd76c1ef5d0100,21.11,53.0,5.66,53,1
askdocs_1v9z0j6,01c98df1052bfcb5,5.888,10.778,6.186,97,9
askdocs_1v9z4rq,58d55875deebbeb9,3.281,9.286,1.538,65,7
askdocs_1v9z6l3,5f17c97350b57c7e,9.949,18.0,16.438,72,4
askdocs_1v9z6os,4e3f1e82014b7879,5.756,15.167,8.602,91,6
askdocs_1v9zcci,0600b26ed877ab60,9.515,12.231,24.149,318,26
askdocs_1v9ze2s,aa19c71ba354d2d6,7.517,19.083,11.638,229,12
askdocs_1v9zfw6,55b165037754b364,2.849,10.2,9.434,102,10
askdocs_1v9zjrq,ccf71ef173cba32f,7.346,15.733,6.773,236,15
askdocs_1v9zk0i,7237a5d2b7bee469,10.994,16.545,14.545,364,22
askdocs_1v9zk3j,a3046bc15d3f92be,4.448,12.556,9.735,113,9
askdocs_1v9zkkc,4f473a650985916e,6.123,12.333,13.675,111,9
askdocs_1v9zown,b3aafa5819ef7a80,9.45,13.444,16.8,121,9
askdocs_1v9zp2a,1d2359f5a77134ec,7.405,9.986,10.644,729,73
askdocs_1v9zroj,ce4403cb7157bc69,8.532,17.0,6.818,85,5
askdocs_1v9zsvm,7d363053a4f23ba3,11.2,16.714,15.254,234,14
askdocs_1va00ar,80abee74cfe1f169,8.224,16.778,8.442,151,9
askdocs_1va02m0,a12cabbc02107da7,9.305,22.6,14.035,113,5
askdocs_1va04am,e90e72f9e07c4c60,5.496,11.167,13.043,67,6
askdocs_1va05yk,ac882dbce3caa7e7,6.384,16.857,8.475,118,7
askdocs_1va06zv,263808efc90cd426,8.627,13.655,7.75,396,29
askdocs_1va0bhd,47d90e4773e61957,10.182,23.0,9.677,92,4
askdocs_1va0dda,44be5b66f731b12a,15.294,36.5,5.405,73,2
askdocs_1va0dhu,ec688c4fd1338ce4,4.776,12.6,9.412,252,20
askdocs_1va0dvl,831ad43bb3f7105c,4.528,12.333,2.5,37,3
askdocs_1va0evo,434b9a49dfecd74e,12.071,25.0,13.402,475,19
askdocs_1va0fvc,7510920f410a4068,8.75,17.526,17.009,333,19
askdocs_1va0gqc,488458645e90a011,6.911,15.0,13.187,90,6
askdocs_1va0j7a,6f8b8bcb6c12296b,7.379,18.733,11.348,281,15
askdocs_1va0lui,83bbb4c4c524f694,4.427,10.333,15.625,31,3
askdocs_1va0nkd,471408981d662637,8.906,18.846,10.442,245,13
askdocs_1va0nlp,24af3fea2a7b899d,5.21,11.6,12.069,58,5
askdocs_1va0nzv,483876a9da08abb9,7.758,18.333,10.811,110,6
askdocs_1va0sco,f8e9b312c0728086,4.791,11.0,11.429,33,3
askdocs_1va0sdk,57411e9defc33bae,8.93,23.667,7.595,71,3
askdocs_1va0upp,ca286309fa25f1d4,3.443,10.4,15.385,52,5
askdocs_1va0ws7,9af94fc633bb39e3,10.44,18.333,8.772,55,3
askdocs_1va0x3n,b00285caf5c7a69b,1.76,6.667,10.0,20,3
askdocs_1va1120,b98d2c0743e18408,4.927,12.333,10.738,148,12
askdocs_1va11uc,24c48306a6b2a888,3.045,9.833,11.667,59,6
askdocs_1va12z3,7bf48086949dc614,6.744,17.5,12.381,105,6
askdocs_1va17fd,ae4f16c1b5de2e14,5.409,8.765,10.526,149,17
askdocs_1va18q0,1945667146764cfd,8.442,19.417,18.026,233,12
askdocs_1va1biy,bd9b89cac6b068f1,11.374,19.163,11.617,824,43
askdocs_1va1cel,04e861d5a7d5173f,7.345,12.833,8.75,77,6
askdocs_1va1g51,2ea60db399d73396,6.352,13.714,14.851,96,7
askdocs_1va1hn5,6425b2197b475c31,11.532,21.8,10.092,109,5
askdocs_1va1hup,68111bf6a0451a9b,7.642,14.7,11.333,294,20
askdocs_1va1j0u,702c8c91d6153676,9.349,19.833,17.155,238,12
askdocs_1va1qb0,1ee839f85d413d62,9.265,23.571,3.39,165,7
askdocs_1va1rke,e588cb0a03ad6745,6.308,14.923,10.221,582,39
askdocs_1va1stl,db7428e4c4de0324,6.682,15.0,5.344,120,8
askdocs_1va1v8t,78a5d2f14e2a473d,9.428,32.0,12.121,32,1
askdocs_1va1xrb,1ace24a7d8f2ff57,6.768,15.875,12.403,127,8
askdocs_1va1zrq,636fe353a7a2277f,8.381,16.8,12.644,84,5
askdocs_1va21sv,28081452b8c96e8d,5.226,12.818,6.803,141,11
askdocs_1va22na,399df76e68471487,8.278,19.0,2.564,38,2
askdocs_1va23s3,ced431bb799e7d4d,15.473,27.2,19.615,544,20
askdocs_1va250j,a4bef074e8653608,5.528,12.214,11.667,171,14
askdocs_1va276i,b808f1581fdfd186,12.705,12.105,19.444,460,38
askdocs_1va2ng9,d3c336bdcabc019b,7.513,18.429,10.0,129,7
askdocs_1va2p1p,020b32ee9bd8a680,11.859,24.286,11.932,170,7
askdocs_1va2qc7,f5b261e49416657e,8.058,16.067,7.059,241,15
askdocs_1va2t2n,d00068739b5c1af7,6.968,13.619,17.182,286,21
askdocs_1va2uhd,18bfa1b8650bd986,18.868,43.929,11.793,615,14
askdocs_1va2ym6,48d5c2fbff1da9ba,5.684,16.5,4.545,66,4
askdocs_1va2yrm,4aa3542753656ae5,23.416,57.455,10.076,632,11
askdocs_1va2zum,3d4ae70e9602dc62,6.719,13.5,9.091,54,4
askdocs_1va32hg,6334c719ece3a452,7.092,21.4,10.909,107,5
askdocs_1va33du,29ca06f86b0dbaf5,11.619,12.294,20.091,209,17
askdocs_1va343t,85cabc95a3f7d406,8.901,12.308,14.024,160,13
askdocs_1va34ka,2992e056962fa279,10.528,27.0,4.706,81,3
askdocs_1va3554,861ffb22e8ef1e2e,14.254,32.8,7.927,164,5
askdocs_1va35yt,84f3ea9453d74a3f,5.148,11.0,0.0,33,3
askdocs_1va37gu,b3315ec1f889d51f,11.564,12.412,20.362,211,17
askdocs_1va3dhf,f59c146351b3779a,8.442,21.143,9.333,148,7
askdocs_1va3eiz,20cf430ca8b8a5f1,6.105,14.833,10.989,89,6
askdocs_1va3enm,c8110834e2414d21,7.536,18.93,5.355,814,43
askdocs_1va3f75,c79cebbea3122dbd,10.342,9.25,29.268,37,4
askdocs_1va3knh,59b579910f4f3d25,11.152,25.0,16.0,50,2
askdocs_1va3mby,22e4cf44ef6ad7e3,5.619,12.6,9.375,63,5
askdocs_1va3n0u,cc7212030e10770c,7.35,12.778,12.5,115,9
askdocs_1va3niu,164f4f96bfed3fc3,6.429,12.667,11.25,76,6
askdocs_1va3s5l,2dc8665ca47bf65f,8.499,25.6,9.848,128,5
askdocs_1va3v8v,60238550d6cf45bd,10.208,21.75,7.519,261,12
askdocs_1va3w1p,14f428ce76a3cc48,8.011,24.6,9.449,123,5
askdocs_1va3wtm,4479cd3418b73068,6.481,13.667,8.494,246,18
askdocs_1va404z,e4cc1b54f8e36398,8.855,15.444,9.79,278,18
askdocs_1va41o5,4df45982ce32cec0,3.348,12.0,8.333,24,2
askdocs_1va41xi,c326f84009aa2031,8.809,17.0,8.798,340,20
askdocs_1va4523,760dd13900c357f3,9.988,19.108,13.992,707,37
askdocs_1va49hs,9a53bfa9e94aa61e,5.003,11.4,17.544,57,5
askdocs_1va4eco,b8ef5e0ead97062a,6.727,14.0,17.241,28,2
askdocs_1va4hoc,dfdefbb1172809f4,5.99,16.0,5.0,80,5
askdocs_1va4hvz,14a9a6925314f9b1,7.077,14.6,12.987,146,10
askdocs_1va4jbz,4309aab06edd4683,7.654,15.0,14.184,135,9
askdocs_1va4lwb,ba84bf4a567d00fc,5.092,12.778,14.286,115,9
askdocs_1va4o57,422665b1a512e684,8.441,14.919,9.123,552,37
askdocs_1va4oai,7d9201c6c8558f62,6.609,12.78,14.589,754,59
askdocs_1va4okh,de7e32bfa50b09df,8.543,19.75,7.407,79,4
askdocs_1va4sg1,1e87bfc4dc433c3d,5.769,16.0,12.121,64,4
askdocs_1va4vz0,e54f7b5cad56644c,3.84,12.0,6.0,48,4
askdocs_1va4xy2,44fa7dd072d56d93,13.111,12.0,18.812,84,7
askdocs_1va4zo7,d91761302575b4cc,6.235,15.143,13.084,106,7
askdocs_1va4zqf,14dae74912442130,5.952,16.455,6.011,181,11
askdocs_1va52s3,7af6c23e5c92461f,7.012,17.818,8.629,196,11
askdocs_1va53n3,05012d6da2e150f5,8.378,19.333,11.111,232,12
askdocs_1va58az,eb18acf25b0d9a75,32.651,82.0,9.639,82,1
askdocs_1va5bna,325a30014d9de657,15.436,35.2,15.591,176,5
askdocs_1va5bpb,234a491646068189,10.995,24.1,11.066,241,10
askdocs_1va5hlo,4b6e27ea7d1d9869,10.762,22.312,6.443,357,16
askdocs_1va5lw8,0a9c156511eed25f,8.366,17.095,14.441,359,21
askdocs_1va5rcr,b8a8ea2259dafba5,3.109,15.0,1.818,45,3
askdocs_1va5rl4,be67be737d4aabbc,9.349,18.0,17.544,54,3
askdocs_1va5rxn,fc32d7113ea0fb68,9.781,20.5,7.879,328,16
askdocs_1va5s1h,30a9856e4f23b921,2.793,10.6,12.963,53,5
askdocs_1va5tpe,4c1ec47e053854e0,12.455,26.333,6.173,79,3
askdocs_1va5urr,67540075f00839d2,13.057,27.889,13.095,502,18
askdocs_1va5x44,ae2acc90b1f76d0d,13.521,36.25,5.844,145,4
askdocs_1va5xzx,85f818fc907d204b,8.513,16.6,7.143,83,5
askdocs_1va5yz2,d7aae914575a6a17,13.59,32.857,12.448,230,7
askdocs_1va637n,1aa10d81892fc96d,6.283,15.238,13.975,320,21
askdocs_1va63wp,ec105cd922cb821b,7.546,11.927,9.108,489,41
askdocs_1va67jd,e6782a8f2f832361,7.595,16.375,9.925,524,32
askdocs_1va68yk,80d86f3676366d2a,8.046,17.235,6.081,293,17
askdocs_1va6gbs,ec3f8e348ccec058,4.286,13.143,8.602,92,7
askdocs_1va6h6j,eb3e9546fc94857e,6.722,13.789,10.566,524,38
askdocs_1va6mfv,d9c89353ead566fc,5.627,13.5,18.519,54,4
askdocs_1va6ptb,4fa8eaa57fe94d37,7.457,10.5,8.225,231,22
askdocs_1va6q13,33355bbfb7ed86a6,5.725,12.417,12.418,298,24
askdocs_1va6w3g,08a3c5a3bff948ab,9.823,31.0,6.452,31,1
askdocs_1va6x6e,28bd7689303e8c01,7.607,15.917,3.465,191,12
askdocs_1va6y3e,01534ff3e73b503a,11.356,17.444,8.537,157,9
askdocs_1va6y7u,0c2340a720bc3e25,28.559,73.0,8.108,73,1
askdocs_1va6zbo,842294d7ec4acb88,8.992,16.25,9.79,130,8
askdocs_1va712w,bc02b4299f48165d,3.109,15.0,4.444,45,3
askdocs_1va74o2,712319f9ef76e5d9,7.56,18.143,10.078,127,7
askdocs_1va76fs,7baa329e795bc283,10.655,24.25,14.141,194,8
askdocs_1va7bz5,8543f8e972d9d5e6,7.626,12.333,11.45,259,21
askdocs_1va7gec,3c987cb1a83631e3,9.046,20.778,9.474,187,9
askdocs_1va7hm6,e450c686a30a7714,7.579,16.05,8.0,321,20
askdocs_1va7q4c,2d65ffbba304eb5d,7.972,17.917,10.36,215,12
askdocs_1va7qjq,3643be5bd3d0cfcc,13.461,34.0,14.493,68,2
askdocs_1va7r2i,8bfad402f3e9a411,10.725,20.444,15.135,184,9
askdocs_1va7rcb,696d248c7946af74,4.631,12.778,8.333,230,18
askdocs_1va7sof,b7be31ed2072775a,7.365,18.154,10.324,472,26
askdocs_1va7tvt,3f8abda41ad1d307,5.854,11.792,11.644,283,24
askdocs_1va7upp,131c840b8a151880,7.8,21.562,7.202,345,16
askdocs_1va7xvt,5c094a64f3d361a2,9.847,15.727,13.068,173,11
askdocs_1va7y6c,72f99a6b730f675a,7.83,15.111,8.451,136,9
askdocs_1va7ygk,9e0a373090ec7e6e,8.692,14.176,10.204,241,17
askdocs_1va81x0,97c114aaeac1dc4a,6.731,14.125,8.696,113,8
askdocs_1va82kj,a2ef02fbff1274cc,7.855,16.667,6.977,250,15
askdocs_1va8438,0855254a988e0d6e,8.334,17.375,18.815,278,16
askdocs_1va847w,fcdf980246e51fbf,7.508,19.2,13.542,96,5
askdocs_1va84bt,5f135af90078e755,4.611,10.667,6.25,128,12
askdocs_1va85a9,3c385e06ff56b40b,5.55,14.909,9.524,164,11
askdocs_1va87ai,29d5f80034e0de9a,7.292,18.714,7.857,131,7
askdocs_1va898r,6a4edc3f1e5c7a31,7.061,11.364,12.8,125,11
askdocs_1va8agt,90f3923bf62f33c9,4.97,11.5,10.145,69,6
askdocs_1va8duc,89c25b73034dcd54,6.671,12.111,12.931,109,9
askdocs_1va8er9,7efba1b6b9e53514,5.554,15.2,8.974,76,5
askdocs_1va8f72,25451b92bc21aa08,8.126,15.58,10.685,1075,69
askdocs_1va8h6z,0b7bf37737a75361,9.447,19.333,16.393,58,3
askdocs_1va8jcw,f5288c7a016cfa3f,5.156,12.133,10.27,182,15
askdocs_1va8lw2,687649cda0aea62b,11.258,18.267,14.433,274,15
askdocs_1va8oet,e5dab0e969afd085,5.681,15.5,6.25,31,2
askdocs_1va8q0x,4761e9651d79edce,8.783,16.5,13.861,198,12
askdocs_1va8qyw,a97128b0772db9da,6.635,16.4,14.286,82,5
askdocs_1va8t7q,01307b4b623397a4,7.615,16.75,7.317,201,12
askdocs_1va8twz,d13dc4904da44531,4.365,11.571,4.819,81,7
askdocs_1va8w08,e62c713080c7d1c6,9.102,18.85,10.471,377,20
askdocs_1va8x20,8b3def5564681356,9.74,20.778,14.66,187,9
askdocs_1va8yyh,23314d4433165f1b,7.067,13.6,12.752,136,10
askdocs_1va95cb,584870e4a20a2132,4.481,11.833,12.5,71,6
askdocs_1va97gv,1bc8f5162169e435,5.624,11.308,8.784,441,39
askdocs_1va99ac,ef362f20c5eca2ba,6.502,8.417,13.861,101,12
askdocs_1va99le,95f1180a634c3076,7.391,19.0,9.42,266,14
askdocs_1va9b8g,977528387587b8b5,8.988,15.179,11.059,425,28
askdocs_1va9c9w,bae3159e2caaa20a,24.852,62.167,4.961,373,6
askdocs_1va9dtm,8798452191ff4a20,7.276,10.857,15.19,76,7
askdocs_1va9es2,54113644260b9439,12.666,18.571,14.286,260,14
askdocs_1va9fd8,4360774ec1606176,8.286,15.263,10.328,580,38
askdocs_1va9ho2,1eb189b249d849a7,9.389,17.357,9.921,243,14
askdocs_1va9i0m,4516b9b700eed6c4,6.157,15.621,10.805,453,29
askdocs_1va9jin,0c81784323742b6f,9.206,20.25,4.527,243,12
askdocs_1va9ju2,f1a56e469432b41e,10.809,27.2,7.857,136,5
askdocs_1va9k7r,a6b456e8d451b35c,8.78,19.182,7.373,211,11
askdocs_1va9n9k,51dbb708376499f8,6.752,18.286,15.038,128,7
askdocs_1va9npk,c5b27d18215cf4a6,13.891,31.333,10.396,188,6
askdocs_1va9o5n,64fe7b070bc5ea53,8.388,21.556,10.204,194,9
askdocs_1va9reh,9d9a1ccd5f0040f2,6.677,18.143,9.339,254,14
askdocs_1va9u8g,10dcf8484aa2cca2,13.281,20.0,14.676,280,14
askdocs_1va9xnk,83d6f8deeac6fa02,4.587,7.667,12.766,46,6
askdocs_1vaa22a,f482bc91f896ed50,2.658,9.6,8.333,48,5
askdocs_1vaa35j,56edde169897de3a,5.365,9.417,10.345,226,24
askdocs_1vaa8qc,44df4f74a4445f2f,4.993,15.833,8.0,95,6
askdocs_1vaa9dp,d00b4a4b0330ec73,11.795,25.429,11.202,356,14
askdocs_1vaab2j,b4379a2a7715e27b,5.953,16.0,7.692,64,4
askdocs_1vaadut,9268438e360929e2,7.477,15.4,10.3,231,15
askdocs_1vaaems,dc741f9f8805b994,7.683,14.214,11.443,199,14
askdocs_1vaaixa,0fbc63d05df5de39,10.409,24.6,11.719,123,5
askdocs_1vaal4f,eedc40e49cb981bd,5.596,8.333,11.538,50,6
askdocs_1vaap2o,ec98b30f5b967f23,3.57,11.667,3.774,105,9
askdocs_1vaap70,ed66a54492b12b69,6.417,17.2,3.723,172,10
askdocs_1vaapri,b8a2a25ffd5372d0,7.564,14.273,5.0,157,11
askdocs_1vaarbd,58e299cb142677c0,7.139,11.455,16.923,126,11
askdocs_1vaaryo,8d7bf097f373d4ae,5.374,13.115,6.069,341,26
askdocs_1vaav9f,e1044c434bd2d04e,7.592,16.867,7.116,253,15
askdocs_1vaawa6,0fde6715655661ad,6.374,17.333,14.815,52,3
askdocs_1vaay8u,3eaff647e6f9f354,39.339,101.0,9.615,101,1
askdocs_1vab33g,e607b8f9ed93b3c8,5.428,12.222,7.522,220,18
askdocs_1vab3bx,38fa5922e6fb266b,11.492,24.154,9.148,314,13
askdocs_1vab4o5,37566f8cbb13a2ee,10.883,21.8,24.091,218,10
askdocs_1vab87e,4878b6f4d33477ff,7.14,15.045,8.683,331,22
askdocs_1vab994,3c647808b30d8df5,9.07,25.545,7.092,281,11
askdocs_1vaba5g,7ba1c4f1e7486660,2.883,10.167,9.836,61,6
askdocs_1vabajg,9c047997d236c5ac,5.804,12.188,17.0,195,16
askdocs_1vabatk,d81c13f8a25e7450,17.686,40.5,17.647,81,2
askdocs_1vabbee,687590e853fe609c,4.98,11.833,4.167,71,6
askdocs_1vabgyr,129710497a0d1ffd,4.611,10.667,10.448,64,6
askdocs_1vabhsd,6cc8bf0743f69fb1,13.226,20.688,19.412,331,16
askdocs_1vabid8,facd6e92aaaca10a,4.36,13.333,5.6,120,9
askdocs_1vabjkl,f9ce422f20be2d0a,6.413,12.125,8.738,97,8
askdocs_1vabka3,103c7195100a5ced,9.767,20.133,10.863,302,15
askdocs_1vabkos,5b24651c2a2fe9bc,5.722,13.909,12.025,153,11
askdocs_1vabncy,c9d7094b9ba7ce56,10.55,5.0,35.0,20,4
askdocs_1vabp2c,ef181d6fd2fa9f43,4.431,10.167,15.873,61,6
askdocs_1vabqn5,b2843757cf8901c7,10.842,26.2,12.977,131,5
askdocs_1vabqxq,11d0ba3a4eeff625,9.176,21.0,6.667,42,2
askdocs_1vabvac,4b1aa4e8dde10db5,3.182,11.0,14.493,66,6
askdocs_1vac09b,1a91f16a03b2d2f1,3.007,9.25,8.0,74,8
askdocs_1vac1mj,296e4c48ea56a55c,6.011,14.25,10.345,114,8
askdocs_1vac2kw,56461232d233469b,9.019,23.333,6.849,70,3
askdocs_1vac2xb,a8421d08e731cbf3,2.957,11.25,20.0,45,4
askdocs_1vac33u,ed946bdd46acc2a6,10.532,18.429,3.03,129,7
askdocs_1vac7ep,3798ea682d463214,7.394,15.5,20.968,62,4
askdocs_1vac8yq,bd5d0c848eff2410,3.303,10.1,14.706,101,10
askdocs_1vaceok,361bf9b5fd9fb48a,11.922,21.667,7.407,65,3
askdocs_1vacflr,9734458a95df843a,5.056,13.545,11.039,149,11
askdocs_1vack6t,ca5bad0d01e6c1ff,5.962,12.903,15.981,400,31
askdocs_1vacl14,9689e8ace9ef32a6,2.416,9.625,12.5,77,8
askdocs_1vacpgw,9f88e1033170df8f,6.475,16.381,12.392,344,21
askdocs_1vacpl5,3d95d1d7040b6e9c,7.594,17.462,9.623,227,13
askdocs_1vacrpb,73233ebb4fc39ed5,1.185,7.714,3.636,54,7
askdocs_1vacs68,d92ca3832a32ceea,2.188,13.0,11.538,26,2
askdocs_1vacx6j,6dd09a938aa48f97,4.616,12.714,4.444,89,7
askdocs_1vacx7c,3b0d3893868e89a6,7.199,19.357,6.859,271,14
askdocs_1vaczru,57f91828bb7ff136,10.074,21.429,5.96,150,7
askdocs_1vad17o,89e2fe2b34aa45b2,8.148,21.091,8.017,232,11
askdocs_1vad5c8,98d60c1dacdbac0e,15.218,30.308,20.647,394,13
askdocs_1vad7rm,85e39114dd4acc7d,20.528,52.333,7.362,157,3
askdocs_1vadby8,a3355e48f6f04fe6,4.105,7.636,22.472,84,11
askdocs_1vaddfi,e271cca5f4059ee6,7.163,18.0,15.789,36,2
askdocs_1vaddub,e27249bcd2afa2a2,9.124,21.875,6.989,175,8
askdocs_1vadjhz,e0dc3567c9270e01,4.971,13.5,0.0,27,2
askdocs_1vadmga,6257b324b627a840,10.427,24.963,10.177,674,27
askdocs_1vadmwr,0ae4406c8e214625,8.538,14.923,15.075,194,13
askdocs_1vadp79,116c4f83cfc9fb9c,9.316,18.2,10.182,273,15
askdocs_1vadtn0,b148d556b4455ebd,5.891,14.889,7.581,268,18
askdocs_1vadu2n,374774cee3c966ff,5.818,13.0,8.547,117,9
askdocs_1vadvrd,5d13561ae617eb91,3.209,12.5,14.815,50,4
askdocs_1vadxp9,070735da088c3b52,11.721,23.0,12.903,184,8
askdocs_1vadydb,325ad7bf4b9b9cd0,4.177,12.429,11.111,87,7
askdocs_1vae379,884c92719548420c,15.596,45.0,10.87,45,1
askdocs_1vae6fy,635c2e31d4300cfa,9.673,20.381,6.982,428,21
askdocs_1vae6hy,f53f4acf8d4febfd,11.265,30.5,11.5,183,6
askdocs_1vae8p4,3f2bc29d4755bad6,3.06,10.0,10.0,20,2
askdocs_1vaeexg,ed375be6f2ee13b8,6.957,15.583,11.399,187,12
askdocs_1vaefxb,2b66a8601ec54145,7.346,17.636,7.538,194,11
askdocs_1vaejhb,1c8b4d8c28f3a93b,8.806,20.278,11.702,365,18
askdocs_1vaejkb,e6acd8e1e9fcba06,7.667,13.591,9.934,299,22
askdocs_1vaeq5x,e326d07996539392,7.767,18.533,10.453,278,15
askdocs_1vaervz,64518c0a2d7210f7,9.591,12.467,17.448,374,30
askdocs_1vaerwm,ddd31ed9c1757343,4.611,10.667,16.418,64,6
askdocs_1vaetc1,71b96ba3d3c1b8c2,6.182,11.875,12.745,95,8
askdocs_1vaetpq,7bfee768cee9f6b8,10.28,27.167,12.121,163,6
askdocs_1vaetr9,80ef764a232a0063,6.747,8.2,10.843,82,10
askdocs_1vaey5i,2a8359dcc44133e4,11.108,21.478,13.481,494,23
askdocs_1vaf2aq,d0d8264e1c4ef387,11.68,20.0,17.045,420,21
askdocs_1vaf313,dd45f2fb25097dab,6.724,18.143,13.281,127,7
askdocs_1vaf3p9,efb449dba00682d5,4.049,9.667,6.452,29,3
askdocs_1vaf4ba,de60cefcbe6295b2,10.68,25.0,8.0,25,1
askdocs_1vaf4k2,d183a8f3f032ff7f,6.826,18.75,12.025,150,8
askdocs_1vaf4ob,bc236daf1ce47edd,4.612,14.667,6.522,44,3
askdocs_1vaf50o,456b79e5f9880fc6,7.585,12.1,22.358,484,40
askdocs_1vaf69n,7d4c0b64902ab20c,7.201,16.545,5.435,182,11
askdocs_1vaf9op,f289a33654209e83,4.131,11.667,5.405,35,3
askdocs_1vafbbb,44ba94a402fa2286,7.727,19.7,8.586,197,10
askdocs_1vafbs0,406a82bae6a2e5f6,6.076,11.583,13.333,139,12
askdocs_1vafc1z,1cbba9e09a4e6356,8.946,21.0,10.484,231,11
askdocs_1vafc5b,112d1d1184089938,10.244,25.833,4.487,155,6
askdocs_1vafdb3,284b14c62ffa5fd1,5.787,9.429,13.636,66,7
askdocs_1vafer0,a0926474ff855fc1,9.024,23.111,3.365,208,9
askdocs_1vaffo5,74b8bde67ac85f23,9.659,28.0,3.571,56,2
askdocs_1vafgpm,0c07102fad22e029,14.16,30.4,17.834,304,10
askdocs_1vafgrb,2e70e42696de7329,8.453,15.714,10.249,330,21
askdocs_1vafkdz,0cba1271a1e9fdd2,8.502,17.832,10.477,4351,244
askdocs_1vafpew,d081199962f1c85f,7.137,17.846,8.678,232,13
askdocs_1vafqm9,a2f7d66d9e97ee69,7.208,16.778,5.031,151,9
askdocs_1vafrwa,8e7a75d52bb11f83,8.502,17.832,10.477,4351,244
askdocs_1vaftft,a8a52771390530c0,7.285,16.091,12.299,177,11
askdocs_1vaftm5,a4c1ae1099033068,8.618,19.583,12.863,235,12
askdocs_1vafzem,09498709c0b523dc,10.44,18.294,6.854,311,17
askdocs_1vag3dg,253328c7d1746ab8,8.557,18.75,16.0,75,4
askdocs_1vag4xb,5ab950bdfa87a169,7.849,18.795,12.854,827,44
askdocs_1vag6km,2f3d2898299b6a1f,8.534,17.893,10.487,4366,244
askdocs_1vagagv,4cc2cd7042a71a16,10.159,24.0,15.278,72,3
askdocs_1vagc5q,d7c1f7c19bc14a98,7.924,18.727,9.179,206,11
askdocs_1vage4y,8f35f11ae21bb7e2,28.647,63.0,37.5,63,1
askdocs_1vageti,1791dd180fec258a,5.697,14.162,6.667,524,37
askdocs_1vagij7,41cd1dd0eaa5d2de,6.681,12.227,11.879,538,44
askdocs_1vagiom,4c91e2978daf0420,9.995,24.0,16.667,24,1
askdocs_1vagjc7,fd06d46984dfa855,6.816,15.429,8.85,108,7
askdocs_1vagjlp,8f6ed825ffdb3e70,7.276,16.72,10.78,418,25
askdocs_1vagnpm,804bdbe65417cda4,6.069,17.5,8.571,35,2
askdocs_1vagnya,673b4cddefabb71b,10.917,14.533,20.259,218,15
askdocs_1vagpyy,3fa884e69d3cecc9,6.451,10.826,14.449,249,23
askdocs_1vagsll,51a5700e385c0518,5.274,13.25,14.019,106,8
askdocs_1vagu8i,325cf3c28d583471,35.72,91.0,14.13,91,1
askdocs_1vagwbr,6adcdf61060b042f,5.006,12.333,5.405,74,6
askdocs_1vagxq3,20162bb8ffb2e39d,9.042,22.25,8.889,267,12
askdocs_1vagzr4,fc0e2db78a21238d,6.955,15.7,7.951,314,20
askdocs_1vah0eb,042751acf956ef07,11.325,22.45,9.422,449,20
askdocs_1vah0hg,c194195df6e5320d,5.253,16.0,4.651,80,5
askdocs_1vah4f4,5229da81a4d6f29b,13.181,32.5,8.081,195,6
askdocs_1vah79v,cdab08469202fc4e,11.394,30.5,11.508,244,8
askdocs_1vahaw6,470ee2ad2602c34e,12.91,16.111,21.569,145,9
askdocs_1vahbac,eb0b8ffbdb1b97b4,4.829,12.083,9.494,145,12
askdocs_1vahc23,391669eb96ddd4fa,7.311,14.5,13.021,377,26
askdocs_1vahcsn,6bd12a2720e84afd,7.111,16.81,10.193,353,21
askdocs_1vahd8k,b292653d5237d091,11.652,28.889,8.365,260,9
askdocs_1vahfbe,207de3c994190248,8.524,21.308,7.527,277,13
askdocs_1vahglv,05ec0deafb02a9a3,5.625,14.786,4.808,207,14
askdocs_1vahh5j,f86a0fa95a48677e,1.88,10.0,10.0,40,4
askdocs_1vahmgp,8c49628ba842c1e1,6.475,16.381,14.045,344,21
askdocs_1vahnmr,bea9361124618b5d,4.627,13.0,12.322,208,16
askdocs_1vahp2b,d4e4454b95a1c6ad,6.578,16.5,3.922,99,6
askdocs_1vahp96,e3a9b19046a8754c,5.595,10.571,6.579,74,7
askdocs_1vahrcd,d227e3659a8c66f1,9.323,22.875,9.783,183,8
askdocs_1vahsik,eea5e5039c43c95e,7.068,19.5,6.667,156,8
askdocs_1vaht1t,7c3c635783d50579,4.496,12.0,8.108,36,3
askdocs_1vahtba,4ff0ae5932c281ef,6.134,12.0,15.596,108,9
askdocs_1vahul7,9ea60839779deb2f,7.304,19.4,10.204,194,10
askdocs_1vahunn,9c9a3afd79d0b51e,5.976,18.5,10.215,185,10
askdocs_1vahv12,77819cdf75275a26,9.168,21.75,10.345,174,8
askdocs_1vahyoh,a3168f4bf849f70d,6.78,15.0,4.348,45,3
askdocs_1vahzlt,9d2c49c0d5f9ce73,9.976,21.286,10.738,149,7
askdocs_1vahzoy,ca1c4f93bb420d16,6.522,14.125,10.435,113,8
askdocs_1vahzra,7e2e435ff42f8c0a,9.319,21.143,13.158,148,7
askdocs_1vai2mi,0c9115dcacfa8e31,6.857,13.789,11.364,262,19
askdocs_1vai63y,5f9c622439207c1c,8.948,17.0,12.5,85,5
askdocs_1vai69k,f424d41ac1e18f92,6.779,12.111,15.517,109,9
askdocs_1vai6k7,c5c5b668ba558bb4,5.923,18.286,4.444,128,7
askdocs_1vai8ei,af5b01a51c4e85d5,4.642,10.429,11.565,146,14
askdocs_1vai9a2,c2d6babe0e45e9dd,11.807,25.778,5.983,232,9
askdocs_1vai9pg,eca3cb4fb822e7ae,5.435,8.7,12.222,87,10
askdocs_1vai9qa,29de412891e8cc2a,7.395,15.182,8.092,334,22
askdocs_1vaibl8,c2e1bc5b3aeb8595,9.937,23.2,18.182,116,5
askdocs_1vaid9b,03362b73cf3eb53a,9.051,17.583,10.138,211,12
askdocs_1vaie7l,49ec233e6f437477,26.039,70.0,8.451,70,1
askdocs_1vaieba,e335989f372ade28,14.751,38.333,5.172,115,3
askdocs_1vaiew1,9b5a220b5ae659b8,6.614,18.5,11.607,111,6
askdocs_1vaifqr,fc721f4bd0dd0e6c,10.012,22.375,8.056,358,16
askdocs_1vaigvq,027d65d7f337dd27,8.621,19.25,6.494,77,4
askdocs_1vaii55,86bbf87c07d5c3f9,7.688,15.889,10.135,143,9
askdocs_1vaiimu,048bb2fb8afb7061,7.213,15.179,7.098,592,39
askdocs_1vaikhn,da41cfd68e1dfa97,4.814,11.833,7.407,213,18
askdocs_1vaiz4w,97b4b8cf81280f1e,9.889,15.304,17.857,352,23
askdocs_1vaizj1,3af46cfc87967b01,2.583,8.6,16.279,43,5
askdocs_1vaj05i,db2877fecc1281b8,5.538,12.571,17.045,88,7
askdocs_1vaj2i3,26e96768eecd8883,6.032,16.0,6.087,112,7
askdocs_1vaj2zu,e59e891aac177e25,4.902,11.5,17.073,115,10
askdocs_1vaj64w,e6ba284bbe79d08e,7.446,12.0,12.0,72,6
askdocs_1vaj6kn,4a777cf692e40ea9,7.901,17.6,15.217,88,5
askdocs_1vaj78l,a5dd999bc7962725,11.633,30.667,8.696,92,3
askdocs_1vaj7vp,de8c5d1d0d64c0cd,9.077,21.516,9.985,667,31
askdocs_1vajb83,ca0aa623e3200e05,4.537,12.417,7.333,149,12
askdocs_1vajcmt,a48a6372b601b903,6.707,17.0,9.677,119,7
askdocs_1vajcwv,93e0602a4cbe2ef8,7.55,18.375,8.667,147,8
askdocs_1vajgtu,4f621554339b8cf4,10.034,24.75,10.185,99,4
askdocs_1vajhkh,0805a522b459a5d7,6.635,14.833,11.236,178,12
askdocs_1vajhno,771c5a0033c8be8d,20.959,51.0,13.462,51,1
askdocs_1vajom3,2f3f7c3ea2888801,10.636,19.161,13.953,594,31
askdocs_1vajpts,b9861c5fc99ce613,11.88,20.5,5.906,246,12
askdocs_1vajst8,787a040d0a310a9b,8.703,16.0,14.286,368,23
askdocs_1vajthv,42f6f23a816a33e4,6.17,17.286,6.299,121,7
askdocs_1vajub8,3786ee6702bbd52e,11.908,22.167,5.861,266,12
askdocs_1vajv2q,a292ae4dabf772c4,6.256,15.8,8.642,79,5
askdocs_1vajvr8,f63f2ca5c014367d,9.682,24.25,4.04,97,4
askdocs_1vajwsl,e5dd24501146d254,4.719,12.429,12.36,87,7
askdocs_1vajzx0,9bd182f5222456b3,9.741,19.636,12.073,432,22
askdocs_1vak1yw,e982ae12fb4e5d6b,11.546,23.958,14.626,575,24
askdocs_1vak6pj,e7ddffa0a08fb1c8,4.238,10.5,4.651,42,4
askdocs_1vak7s6,137a74f65caa8aa6,9.455,19.077,9.237,248,13
askdocs_1vak95b,e26840062c7e565b,5.287,14.25,15.517,57,4
askdocs_1vakf6g,6fc43211cb2b0b2e,7.248,7.6,7.692,38,5
askdocs_1vakgw4,5b35ed6e48ea5f0f,5.527,14.5,6.897,29,2
askdocs_1vakh9d,a111e06430dbd8c3,6.243,14.3,5.517,286,20
askdocs_1vakkmr,8f89478160e2fe68,3.316,11.0,12.36,88,8
askdocs_1vakqok,1317ce7f395e167f,10.262,23.143,11.976,162,7
askdocs_1vakvf4,b85bebfda799c6cc,6.544,14.5,11.667,116,8
askdocs_1vakz4m,d532d423b5f8b08a,8.276,16.0,9.357,160,10
askdocs_1val3d3,e50a4bc2da4616eb,7.278,13.25,20.536,106,8
askdocs_1val8fo,416b5ffaf23e0bdf,7.788,17.4,5.993,261,15
askdocs_1valm2y,6e5b75ead4841a83,9.275,19.091,8.491,210,11
askdocs_1valmnf,b47be5288405feb8,3.783,9.333,9.412,84,9
askdocs_1valsjz,a9c3e4fd88a4702a,7.712,26.0,6.667,26,1
askdocs_1valzbo,6a8ae943aa4421d1,5.617,13.0,6.41,234,18
askdocs_1valzfi,4237bed7b4007552,13.612,20.588,15.152,350,17
askdocs_1vam1h6,aea528ff885f99e9,17.133,36.0,16.667,36,1
askdocs_1vam2xs,3cec0c4cc4a4d94c,8.548,20.5,7.253,451,22
askdocs_1vamadk,7590fc2c271a89b6,8.751,17.654,11.739,459,26
askdocs_1vamb7a,aaf35a01e7763bd0,27.903,64.333,24.747,193,3
askdocs_1vamcaj,d660c4f2abbd0b8b,5.492,11.25,12.95,135,12
askdocs_1vamesx,294992e4bd921be0,5.935,16.5,6.395,165,10
askdocs_1vamfwv,b719c7b386da22be,15.809,30.25,13.008,121,4
askdocs_1vamnvk,65dca2ecff395f70,7.453,11.083,10.448,133,12
askdocs_1vamqiw,fa7433255fafc8ca,5.02,14.444,12.308,130,9
askdocs_1vamr5w,eee2e4d4a7ad4b45,3.634,12.667,18.421,38,3
askdocs_1vamtky,7a620fd7d4353429,5.057,12.6,5.97,63,5
askdocs_1vamwg4,b0990ab6fd8e8d2d,3.739,10.143,8.784,142,14
askdocs_1vamxub,91de731ca7003a67,10.36,28.333,6.061,255,9
askdocs_1van062,33fa530cd85ac772,6.295,14.562,12.185,233,16
askdocs_1van1pz,f7651ee32c829a6c,5.57,14.8,12.583,148,10
askdocs_1van2rp,c9ae180b100949cf,34.66,89.333,5.842,268,3
askdocs_1van3tr,d6ce8ff7f930c0dd,3.436,11.727,8.462,129,11
askdocs_1van64d,b97341527a08bb5f,8.934,21.8,12.844,109,5
askdocs_1vanbnk,eb5a3df120a8e1b5,8.995,10.333,22.581,31,3
askdocs_1vanczz,82f9d5dc1b7e863c,7.17,15.611,7.394,281,18
askdocs_1vane22,80e5e7a9ff477d99,9.863,22.8,9.402,114,5
askdocs_1vanj48,8e0d651053a6197b,7.675,18.485,7.19,610,33
askdocs_1vanmxu,534c999a9ced4385,12.232,30.75,11.45,123,4
askdocs_1vanvu0,8db49a90ddcd9439,5.236,14.0,9.424,182,13
askdocs_1vao145,d9082fde8fbfaac0,4.566,12.667,1.282,76,6
askdocs_1vao18h,ce142d1ac67e4918,5.439,10.438,9.467,167,16
askdocs_1vaoec3,6878361f2e997d8e,13.581,18.273,16.667,402,22
askdocs_1vaoekq,1f632a656dc3394d,2.994,6.75,7.407,54,8
askdocs_1vaofxx,a2b0182dd245a237,6.601,11.615,11.688,151,13
askdocs_1vaoj72,06d6ab317d581338,8.002,23.0,10.87,46,2
askdocs_1vaojjn,f6b8bb80db6914b9,13.512,18.909,20.755,208,11
askdocs_1vaok17,ffc2bbec19825b43,6.25,13.538,8.939,176,13
askdocs_1vaonka,6f9f130df34012c6,7.384,17.712,8.719,921,52
askdocs_1vaooww,c6a5d48b5d73e9b4,14.56,35.25,6.143,282,8
askdocs_1vaos2w,b275103c62efb2d4,6.651,12.389,11.947,223,18
askdocs_1vaoubm,abb8b0a4f09fe953,6.449,17.714,7.258,124,7
askdocs_1vaov0e,00d301c1ccb5a252,7.577,20.125,15.294,161,8
askdocs_1vaov8n,99f87bc37ee50347,3.864,10.5,9.091,63,6
askdocs_1vap2oa,91c15000ce763896,12.13,30.2,5.298,151,5
askdocs_1vap3tg,4f2c32caead93e73,9.204,16.543,8.968,579,35
askdocs_1vapd8p,80a55ce565eb4f0b,11.208,23.0,13.613,184,8
askdocs_1vapfvx,7c178327ccee179c,14.66,38.2,8.616,382,10
askdocs_1vapkjq,083bb940384ead4e,5.041,14.0,3.571,28,2
askdocs_1vapl4e,d0bc5b21009acd0d,13.087,31.556,6.102,284,9
askdocs_1vapl5e,73ab5d1a49d393c4,10.535,16.25,22.727,65,4
askdocs_1vapmnc,d91ee4b140b0ac7b,5.732,10.0,12.281,170,17
askdocs_1vapu8m,b3ca61dff4adf978,10.122,24.417,10.508,293,12
askdocs_1vapw0z,1d3ded9ed414eb06,8.018,19.938,10.149,319,16
askdocs_1vapz0s,de52950738d1d54c,8.465,21.632,9.856,411,19
askdocs_1vaq025,81bf89d08306a807,5.233,12.0,7.143,144,12
askdocs_1vaq2zt,6e7117ab9672f55e,8.687,20.1,10.952,201,10
askdocs_1vaq4ro,557ba98ab0a743a9,5.736,12.429,8.38,174,14
askdocs_1vaq5fc,5d539bd7d8eafa30,16.049,37.167,9.287,446,12
askdocs_1vaq77r,dbed0666ef846347,3.916,10.222,16.304,92,9
askdocs_1vaq8qm,9a9f21325758a0fc,8.986,20.571,13.889,144,7
askdocs_1vaqc8u,b2fa47ad5a214b6d,9.377,11.589,13.326,846,73
askdocs_1vaqi8o,b630908230187c69,11.978,14.333,15.593,473,33
askdocs_1vaqjlp,f55ba68350ab3b69,8.237,25.5,5.882,51,2
askdocs_1vaqjnx,270502bdf2149015,7.303,14.368,12.59,273,19
askdocs_1vaqkr2,19fb6bb9a1e05046,7.698,15.0,19.78,90,6
askdocs_1vaqm6x,78fcae01297b347b,4.625,12.5,17.647,50,4
askdocs_1vaqmam,99c372886c24bca0,9.634,21.25,19.78,85,4
askdocs_1vaqmga,e7b4fde735ac0de9,8.569,14.333,11.628,129,9
askdocs_1vaqmh5,17618d3c09737790,8.392,21.286,8.228,149,7
askdocs_1vaqnb2,9824264bf21da9a8,9.972,20.6,8.738,103,5
askdocs_1vaqrmc,d05eba632fd30d36,4.427,10.333,0.0,31,3
askdocs_1vaquop,fdc0e6d42f7c9be7,9.938,20.286,11.111,284,14
askdocs_1vaqusv,dbfb04fbb3bfb37a,8.812,17.727,9.091,195,11
askdocs_1vaqut6,c2fb6fe26cced7e0,11.637,28.125,7.563,225,8
askdocs_1vaquw9,e919fae783c74c5f,8.799,19.2,15.657,192,10
askdocs_1vaqwjm,471a99b4a8056fd2,11.143,21.0,4.762,63,3
askdocs_1vaqzfz,717e841368da10f6,9.156,20.875,11.919,334,16
askdocs_1vardzj,bdab8f4f468b5b41,9.238,14.667,9.497,176,12
askdocs_1vartqa,e270c76c1035116d,11.572,20.714,8.503,290,14
askdocs_1varv6z,1a91ae6da3820d52,3.136,7.857,5.357,55,7
askdocs_1varw80,323bfd738eb0f66a,7.851,14.0,12.5,84,6
askdocs_1vas13n,9fa56d811e800ac2,7.305,17.083,10.329,205,12
askdocs_1vas1h7,b2ff6ccb20236765,10.665,16.4,15.476,82,5
askdocs_1vas205,c1550a5118b67926,4.856,9.727,13.761,107,11
askdocs_1vas3rz,f27dadacf0456205,9.812,20.341,10.486,895,44
askdocs_1vasa6z,5d4c36813677193a,13.008,11.5,26.087,23,2
askdocs_1vasaeg,2b2fdf02f772d98b,12.265,20.292,17.706,487,24
askdocs_1vasf3t,3604e1bc79e5c56a,7.049,15.111,6.993,136,9
askdocs_1vasirq,fe5f7c3e97f111b1,9.226,21.3,10.28,213,10
askdocs_1vasj63,bbb54b9bd3673d05,4.823,12.0,0.0,36,3
askdocs_1vaslb0,3625c149314f469a,5.546,13.737,6.792,261,19
askdocs_1vasmhy,e8bda558e5cfff24,11.248,28.25,7.054,226,8
askdocs_1vasxl9,9a47995bf9f574e5,7.167,20.25,7.317,81,4
askdocs_1vasy8f,dbd03d0ab4224178,3.448,8.667,15.094,52,6
askdocs_1vasyd4,2e8a483588a19306,8.363,19.562,5.38,313,16
askdocs_1vasz16,b147133bf3489172,5.993,15.0,3.333,90,6
askdocs_1vat3qa,b42a19626deeed2c,6.552,12.474,13.333,237,19
askdocs_1vat5yw,d1dd7ca02b7f0897,7.371,17.75,3.497,142,8
askdocs_1vat7xw,aabca3f505c65ecd,4.477,11.526,9.545,219,19
askdocs_1vat84n,b16ad944ba0779a3,12.299,27.5,3.636,55,2
askdocs_1vata45,914184b96d1bdb87,11.589,23.667,16.901,71,3
askdocs_1vataxi,cc2d5e1cf3b1824e,11.292,18.9,12.944,378,20
askdocs_1vatayr,71ef5cbd1fe384e5,8.11,19.833,4.202,119,6
askdocs_1vatdn0,8886aa256abdba7d,7.824,12.333,9.91,111,9
askdocs_1vatilf,b454f8bbbc285f80,6.831,17.0,9.859,68,4
askdocs_1vatkti,25cde3a040426401,9.217,21.25,8.235,85,4
askdocs_1vatoeh,a5dbdf3df2d717c5,5.809,12.714,9.474,89,7
askdocs_1vattfr,ad30862c8683094d,8.705,22.125,10.112,177,8
askdocs_1vatxrj,ccb6878afea57010,5.32,11.167,17.91,67,6
askdocs_1vau5xk,eefb0aaf6b6aaaf2,6.101,13.35,9.363,267,20
askdocs_1vauccw,3a5094824ec6a2b4,9.35,21.111,15.228,190,9
askdocs_1vauf2b,208710a45eabd7fc,7.49,16.0,6.186,96,6
askdocs_1vauh77,57afef05063bfade,4.91,8.25,8.0,99,12
askdocs_1vaujpm,5607e11ed9051d0a,5.055,13.143,10.638,92,7
askdocs_1vaukhw,7b062b0b7d78e75a,4.359,13.5,8.759,135,10
askdocs_1vaun96,9f3afad3f3cd65fc,2.994,8.75,2.857,35,4
askdocs_1vauyvx,6712ba81486eedc4,9.759,20.091,6.897,221,11
askdocs_1vav0ql,b9b9d3c6f6ad7bf1,4.168,12.0,13.514,36,3
askdocs_1vav47q,205fd734e6039d5b,9.835,15.1,16.34,151,10
askdocs_1vav6el,83bf783a547d62d8,8.999,14.375,7.759,115,8
askdocs_1vav76o,af488a1d9f665162,5.075,13.556,7.317,122,9
askdocs_1vavbin,23721bb40faa88ba,5.809,14.429,11.321,101,7
askdocs_1vavbzm,cb340b217e1e8e18,11.063,32.5,8.451,65,2
askdocs_1vavcxe,db17fe79c79951b0,5.743,7.875,18.797,126,16
askdocs_1vaveo6,0d70ec4bf8120090,10.583,18.929,11.388,265,14
askdocs_1vavgyk,9a7467768408769a,7.596,18.875,14.734,302,16
askdocs_1vavh66,4b475bb106379034,10.31,23.0,4.8,115,5
askdocs_1vavjdl,050c09c2f343b66b,7.595,19.308,8.171,251,13
askdocs_1vavl1u,6d57a68ab4cfabb6,4.828,13.25,8.333,106,8
askdocs_1vavn06,a5d85568ab3e4c37,2.47,10.0,6.452,90,9
askdocs_1vavo4f,675b7a52ad004842,8.582,18.143,12.214,254,14
askdocs_1vavx8a,1a1e527d715b664c,4.199,14.0,8.772,56,4
askdocs_1vaw3sb,a3b770a591731ca5,9.126,15.182,17.647,167,11
askdocs_1vaw4so,b64065d849227943,8.266,16.25,17.293,130,8
askdocs_1vaw55b,13dbe51fec88ad11,5.449,15.714,8.108,110,7
askdocs_1vaw9p3,a608472a003ec9fc,2.678,9.125,6.494,73,8
askdocs_1vawdqk,1a8d393db3e7bb02,6.734,14.214,9.5,199,14
askdocs_1vawf2p,03095cbe9994e434,10.856,16.625,12.057,133,8
askdocs_1vawkeb,71a9607697c3b378,9.662,17.234,12.999,810,47
askdocs_1vawt6k,c882728eb7603a5a,9.193,15.559,11.029,529,34
askdocs_1vawuuv,148d2c83c228b024,4.289,10.273,10.526,113,11
askdocs_1vawyng,192354c2bfbe86f5,7.705,18.333,12.664,220,12
askdocs_1vax1s9,d91a80735b43a06d,7.856,15.952,11.017,335,21
askdocs_1vax1w6,420ea9a927be1671,4.7,11.778,13.514,106,9
askdocs_1vax347,c330c0ee457f9b55,8.457,12.289,9.651,467,38
askdocs_1vax5ht,1925a3e6134c042c,8.638,17.714,11.024,124,7
askdocs_1vax64d,d986c5cc8a40c5a1,7.915,12.882,7.725,219,17
askdocs_1vax6fu,b4f4129626086ceb,5.648,12.5,12.987,75,6
askdocs_1vax9dc,52a00515011e59e0,4.234,11.556,11.009,104,9
askdocs_1vax9rn,94f933bc364991b8,8.033,21.333,14.085,64,3
askdocs_1vaxdj7,5cc22943352cc312,10.679,21.15,12.723,423,20
askdocs_1vaxggo,b8708778c91d4173,5.383,12.444,10.526,112,9
askdocs_1vaxgmz,82df766e9da08f0b,8.951,20.0,6.875,160,8
askdocs_1vaxn71,95e4b3e4b7db39ff,8.322,12.706,11.312,216,17
askdocs_1vaxrj1,2da5b8bdd55c792e,6.405,13.875,6.838,111,8
askdocs_1vay067,c9f18db6f07c6458,10.08,28.0,6.667,28,1
askdocs_1vay2yu,e8abe2ba0d078e65,8.11,18.632,7.022,354,19
askdocs_1vay32p,5d426e8054365feb,11.406,20.643,9.278,289,14
askdocs_1vay99t,18452c09212518f8,9.171,14.667,8.333,132,9
askdocs_1vaycmv,7e0609de8373b60d,3.539,14.667,11.111,44,3
askdocs_1vayf2q,8fd6e0ba2f43f685,3.516,7.0,10.0,49,7
askdocs_1vaygkr,c498d7e191d75aaf,9.61,13.714,9.645,192,14
askdocs_1vayick,ad2506667ba4354b,6.31,11.833,8.333,71,6
askdocs_1vayjj2,90327527930fb229,4.45,12.2,8.197,61,5
askdocs_1vaykkk,33aabf0f20439b7b,12.238,20.682,12.766,455,22
askdocs_1vaylq5,e74b63d6fd476dba,9.046,19.185,8.381,518,27
askdocs_1vaymio,4a2661f06113084e,10.538,13.0,13.366,195,15
askdocs_1vaynrd,75d6767703946451,9.444,18.571,9.579,260,14
askdocs_1vaypff,9ee75ef753ab018a,11.541,30.333,4.348,91,3
askdocs_1vaypxg,811f450fde031ba0,10.98,26.75,7.453,321,12
askdocs_1vayt38,1f02ebb99eae87fb,4.236,9.0,8.537,81,9
askdocs_1vayt66,8422790255a153e8,10.137,20.0,11.538,260,13
askdocs_1vaytcz,ff7017fba70be3fa,5.905,11.158,13.679,212,19
askdocs_1vayzr4,1349b171775ea4a6,18.64,48.0,8.244,528,11
askdocs_1vaz1qb,bada6e054f6b2e27,8.067,18.625,9.177,298,16
askdocs_1vaz3n1,83502cb958d84129,4.324,8.286,11.475,58,7
askdocs_1vaz62h,9b890a13f66ea317,6.428,13.5,12.791,81,6
askdocs_1vaz8cs,42a85acae8cc7cca,9.457,19.714,11.972,138,7
askdocs_1vaz9km,c7c91074f508a5e3,6.501,15.618,7.993,531,34
askdocs_1vaza1c,ab7b8b2558220526,8.813,11.15,9.524,223,20
askdocs_1vazcy9,60e0614af8d58b41,8.311,18.0,15.278,144,8
askdocs_1vazczz,1c3a9b3dd7ed0d5b,5.278,7.444,13.043,67,9
askdocs_1vazjhq,cbc2220d27f2011e,9.831,20.727,10.169,228,11
askdocs_1vazl1s,e069613d746964b0,11.241,23.25,11.458,279,12
askdocs_1vazm0g,bd8fac319deb80b7,9.237,20.85,11.591,417,20
askdocs_1vazmkq,5647040a4d2f1b93,6.996,17.727,10.204,195,11
askdocs_1vazpop,6b0a7f8b395b9964,4.076,11.0,16.162,99,9
askdocs_1vazvih,19d5091f09166210,6.419,15.455,9.649,680,44
askdocs_1vazysq,e1585f578964e130,7.697,10.833,14.706,65,6
askdocs_1vazzhr,917be1936291e474,5.822,11.571,17.073,81,7
askdocs_1vb07vm,8190451a1d0f1706,5.713,13.667,8.434,82,6
askdocs_1vb0e6g,2e653fbfaeb0a7d5,4.522,12.625,10.68,101,8
askdocs_1vb0gch,1ef18ebcaf039f4f,9.892,17.833,10.714,107,6
askdocs_1vb0go1,0889c54fc643e61a,9.382,14.462,8.718,188,13
askdocs_1vb0gsv,1c43f658eb4e50fa,21.446,58.5,5.833,117,2
askdocs_1vb0jbe,56ab705ca810bc4e,8.09,15.278,20.641,275,18
askdocs_1vb0mjw,936c0eb3b251c42d,12.758,30.545,10.619,336,11
askdocs_1vb0oe0,eef25c5be6cd0497,6.01,10.0,3.175,60,6
askdocs_1vb0pzp,11bba03687269bc3,5.792,13.75,8.284,165,12
askdocs_1vb0vg3,6c0bc0c68dbbc10d,9.506,17.4,11.364,87,5
askdocs_1vb0wc7,7e3cd5a710acbd85,8.216,13.167,10.0,79,6
askdocs_1vb109q,8b006d39f57efe32,7.005,17.0,12.222,85,5
askdocs_1vb10rk,b46403871d89f013,11.25,31.0,13.6,124,4
askdocs_1vb11yv,aa7c24b72c474caf,6.007,10.853,9.409,369,34
askdocs_1vb146m,f488225caf21e808,5.183,13.8,6.757,69,5
askdocs_1vb14r6,7a010ce86a5a6c1e,7.056,16.643,7.296,233,14
askdocs_1vb16la,cc61a020266b2a0c,4.426,10.5,9.375,63,6
askdocs_1vb1cbk,bad8dbb3568ffc78,7.363,11.222,9.268,202,18
askdocs_1vb1cxf,d091d369593d1ed4,12.728,13.388,16.766,656,49
askdocs_1vb1f3i,576a854ad73a5f87,7.388,7.4,8.108,37,5
askdocs_1vb1hfc,a9bca1c2c0b3e466,20.271,46.615,12.987,606,13
askdocs_1vb1jdp,20714d5675b1d153,7.175,17.077,6.034,222,13
askdocs_1vb1jh6,a2295d3be21cd243,7.922,16.267,9.2,244,15
askdocs_1vb1k1o,bcb22197669df00e,6.828,16.231,11.556,633,39
askdocs_1vb1kox,1553a6e8afde6808,6.834,16.167,15.075,194,12
askdocs_1vb1m76,b4675ba804aecead,6.009,11.625,7.216,186,16
askdocs_1vb1m8m,ea7892457288d086,5.484,16.4,7.865,82,5
askdocs_1vb1pt8,a1db3a733128b3f4,3.995,14.333,6.818,43,3
askdocs_1vb1r66,66243e7f3165d491,5.977,15.474,5.769,294,19
askdocs_1vb1vpn,253b6d343d1320cd,9.0,17.667,13.208,106,6
askdocs_1vb1w08,3be166cd0c8fff87,3.729,15.333,2.128,46,3
askdocs_1vb22l3,f773fd63f3ed9d95,3.897,11.0,4.348,132,12
askdocs_1vb28n1,1e2cee2b2d6f3c34,8.36,18.0,13.395,414,23
askdocs_1vb29h7,81dc9a3b10eecc27,12.907,23.5,14.286,47,2
askdocs_1vb29n7,d4d063679f68bdb9,10.673,27.0,12.048,81,3
askdocs_1vb29t0,a67ab613ba05bb0d,5.828,13.2,8.824,66,5
askdocs_1vb2a8v,a2fc7d29cbbb4c33,8.127,15.286,7.477,107,7
askdocs_1vb2bnp,6049bfcdd0bdadb8,7.269,15.579,10.738,296,19
askdocs_1vb2dcd,665a200abe50ad3c,6.048,10.364,7.826,114,11
askdocs_1vb2eo7,d9d93aae3ae476ff,6.48,18.25,9.524,146,8
askdocs_1vb2jix,446e7459d1eb2163,10.598,17.769,20.0,231,13
askdocs_1vb2jp9,1ba8285c212cdd30,4.351,10.4,5.66,52,5
askdocs_1vb2ln0,b80e0ae6662db044,7.894,17.857,14.844,125,7
askdocs_1vb2lrf,347d4d0a55a1215f,9.332,19.842,8.696,377,19
askdocs_1vb2t98,292d8d61a96a577a,8.772,20.0,7.931,280,14
askdocs_1vb2tx1,c32f1a0c921d62ab,2.192,11.333,4.412,68,6
askdocs_1vb2vs9,2855618af61ffa18,8.492,15.5,13.547,403,26
askdocs_1vb2wmz,56df35fc79d8c61d,7.395,13.368,14.058,909,68
askdocs_1vb2xc7,a1b32d6f80f0b24a,14.437,26.1,12.546,261,10
askdocs_1vb2xd9,786d63729478b375,10.869,28.333,12.791,85,3
askdocs_1vb2ym0,0cec2a6e95a3530b,11.626,20.0,16.74,220,11
askdocs_1vb36t7,7bd897f8fc13dcb1,10.281,24.091,7.885,265,11
askdocs_1vb389x,25121dafb6649526,16.589,38.5,26.923,77,2
askdocs_1vb38cp,46b2a6c0c75bcf3c,9.626,23.0,7.971,138,6
askdocs_1vb39lr,64df199d68bf70a0,12.965,23.769,19.032,309,13
askdocs_1vb39nt,4f125f88f1d34d42,8.974,20.625,12.941,165,8
askdocs_1vb3b8m,1391e04d29e26147,6.913,13.889,8.759,125,9
askdocs_1vb3bqp,3445df3401760766,11.255,18.333,10.714,275,15
askdocs_1vb3d84,9ca6f172df9afe3c,9.761,13.684,7.807,260,19
askdocs_1vb3e5t,1f5ec3f8c56c2ab3,7.71,20.923,5.0,272,13
askdocs_1vb3f6j,138090dc1c139ffc,7.38,11.6,13.408,174,15
askdocs_1vb3h79,e6dd466c47d50630,6.326,18.167,7.273,109,6
askdocs_1vb3lgs,4e2a2638c9a1dbd2,9.097,14.286,7.692,100,7
askdocs_1vb3qz4,44daecd681a0c4af,8.481,19.222,12.36,173,9
askdocs_1vb3r8c,474aff2252fbfaa8,8.814,19.0,13.023,209,11
askdocs_1vb3tny,6fe4a2656b72aa1e,5.159,12.2,4.372,183,15
askdocs_1vb3v7g,69b29384d34baadb,7.048,14.312,9.053,229,16
askdocs_1vb3x2x,55b127caca4e5ceb,6.306,14.0,8.772,112,8
askdocs_1vb3y71,cec3c99a571722e8,8.605,11.931,15.489,346,29
askdocs_1vb3yq3,14f93d80a6c58805,6.955,17.091,12.755,188,11
askdocs_1vb401t,a153e1ea12a445e7,8.218,14.727,10.119,162,11
askdocs_1vb42zl,2562e8d54d981325,18.894,45.143,8.1,316,7
askdocs_1vb43gz,52a3dec4cd062f9a,6.88,19.667,15.0,59,3
askdocs_1vb440l,6a07cb6e5027733c,5.093,14.333,6.977,43,3
askdocs_1vb44vd,304e93a15c1d45c4,13.834,36.75,5.096,147,4
askdocs_1vb46q0,0c98c2c04440e2a2,6.454,15.6,9.375,156,10
askdocs_1vb48q8,283f66ca3a597412,4.848,8.75,7.042,70,8
askdocs_1vb4am9,49353a054798fce9,5.563,11.75,4.255,94,8
askdocs_1vb4gj4,4c35536c2f1af18e,22.082,50.0,11.538,50,1
askdocs_1vb4o7m,0f7735e8e7aadde3,4.863,9.667,8.791,87,9
askdocs_1vb4tia,2f4f207190933aec,12.79,15.4,11.688,77,5
askdocs_1vb4wrs,37e4574d3c3b3746,7.322,16.75,8.955,67,4
askdocs_1vb525x,bb99dd824badc3a4,7.121,10.857,11.25,76,7
askdocs_1vb54ht,931cc1f5105ccc25,5.705,13.0,10.092,104,8
askdocs_1vb5cxm,87a083990acc408e,8.353,16.111,9.032,145,9
askdocs_1vb5d3e,140d7dfe49cdf239,6.121,13.0,12.5,39,3
askdocs_1vb5djw,9e5f15bcd7e319c1,7.008,13.667,11.905,41,3
askdocs_1vb5fci,d6d274d7f777a063,8.343,20.667,10.932,310,15
askdocs_1vb5gey,fbfc974d15159ff1,13.193,28.44,8.75,711,25
askdocs_1vb5i5a,954f26a4ee7df8cc,7.478,18.778,12.325,338,18
askdocs_1vb5kls,db0995b89d944657,6.078,13.0,9.89,91,7
askdocs_1vb5m1u,131a42290dbd486e,5.569,13.667,11.328,246,18
askdocs_1vb5o02,394e08a86b3b3629,3.502,9.333,7.059,84,9
askdocs_1vb5ojf,54f0c4d0b5e06f41,7.717,19.333,5.128,116,6
askdocs_1vb5ow3,a7a4dcce92418046,6.252,15.286,14.286,107,7
askdocs_1vb5q8v,c3570f09725d7bf6,23.268,44.25,18.31,354,8
askdocs_1vb5rew,5694418acfdd4536,4.645,9.833,6.667,59,6
askdocs_1vb5ttj,5a50c97f0ccdfba4,7.111,14.091,13.462,155,11
askdocs_1vb5tts,f2d3c0bc88676006,11.413,25.143,10.899,352,14
askdocs_1vb5txx,df87176aa315f7be,7.055,16.3,7.186,163,10
askdocs_1vb5vf1,c54028fed49dec21,1.287,6.4,2.857,32,5
askdocs_1vb5xsw,2123ac4655030aae,7.698,17.4,12.454,261,15
askdocs_1vb5zrt,150d82f62d72e3f0,6.788,19.273,8.019,212,11
askdocs_1vb630w,7a142de19f58c7b4,27.24,72.0,7.895,72,1
askdocs_1vb63mn,c0fe90704d8e4306,7.503,16.167,15.385,194,12
askdocs_1vb68ev,cf6490a16ad2ed84,7.118,14.231,5.236,185,13
askdocs_1vb69s6,ee6fb06b24b54bb0,5.863,14.479,7.267,1028,71
askdocs_1vb69vr,9187f55e7b90b85c,7.758,18.118,6.129,308,17
askdocs_1vb6amx,87239446205288b7,14.71,38.143,11.957,267,7
askdocs_1vb6cg7,6d39cc840b464475,9.581,23.714,10.21,332,14
askdocs_1vb6gfk,10558e7da8ef4a58,5.729,14.714,6.311,206,14
askdocs_1vb6gkk,f604799e1c4d4edf,11.892,19.2,10.702,288,15
askdocs_1vb6jj8,06f4737521f8b3dc,7.34,14.0,14.634,154,11
askdocs_1vb6kiu,06858646541977ba,5.455,10.222,13.043,92,9
askdocs_1vb6qq0,9197ebb319d929c6,4.48,14.0,11.494,84,6
askdocs_1vb6sa5,b12cb4f9cfbd4c53,4.55,13.385,8.333,174,13
askdocs_1vb6sj9,363741b42f3f5bd6,8.78,19.667,8.0,118,6
askdocs_1vb6vhp,f8b10bc5879dd642,5.408,13.5,5.455,54,4
askdocs_1vb6xvb,8679bfb217de18b0,6.279,12.417,9.934,149,12
askdocs_1vb6zwc,38e4406ed773d22a,10.168,17.75,14.019,213,12
askdocs_1vb75yu,593baa3e6af9a189,13.821,15.1,19.108,151,10
askdocs_1vb776a,f7810a4c60133c13,4.224,11.75,8.511,141,12
askdocs_1vb78q0,5173153d85fcd43c,6.503,11.9,15.323,119,10
askdocs_1vb7aws,529165aef60ae455,7.07,17.133,13.027,257,15
askdocs_1vb7bo5,91a7a6aeac6deb82,4.073,11.571,8.537,81,7
askdocs_1vb7c22,8ffde4ad62085b2a,7.552,12.673,13.96,697,55
askdocs_1vb7dyd,8c0e1a5a0d9a560f,7.122,13.538,13.408,176,13
askdocs_1vb7e1u,2ceeed30cd4bf82a,3.715,8.273,18.085,91,11
askdocs_1vb7glz,6b9c4c32680920ba,5.91,15.333,13.83,92,6
askdocs_1vb7is3,e5af112dd1005ae4,8.62,18.273,17.961,201,11
askdocs_1vb7mo9,7466e64f10753bda,9.049,22.5,9.524,180,8
askdocs_1vb7nbn,d554da0ef7dd9bd7,8.81,20.5,9.697,164,8
askdocs_1vb7nct,e0452b6bae7585e5,2.75,12.143,12.222,85,7
askdocs_1vb7p0b,e8e6965b829ba5e9,3.018,8.0,7.812,64,8
askdocs_1vb7ri6,431d9200fb8bb7d4,10.369,16.833,20.388,101,6
askdocs_1vb7tb1,26a825c791e03fdf,21.11,53.0,14.019,106,2
askdocs_1vb7u0c,2b3aacf0843e7e1f,9.968,19.615,11.111,255,13
askdocs_1vb7uqo,5815ec9e5a66644d,5.567,13.3,5.839,133,10
askdocs_1vb7v5n,487dd6b089d115fc,9.852,9.5,20.0,38,4
askdocs_1vb7xgo,0526536faf201dc3,5.828,13.2,7.463,66,5
askdocs_1vb836v,643e5d9cafc4b647,5.92,17.667,8.75,159,9
askdocs_1vb83vo,fb01d8439d985d6f,11.073,29.545,14.583,325,11
askdocs_1vb84c9,7b90da7a80f09506,4.193,11.6,10.0,58,5
askdocs_1vb84ep,1d1cb3e8247c58d2,13.454,22.231,18.493,289,13
askdocs_1vb84ie,df46d9080d0711b1,5.13,10.769,15.862,140,13
askdocs_1vb85wl,f04e9afb82c87d92,1.939,9.222,4.706,83,9
askdocs_1vb8956,4dc3da5fbb9d5e91,6.337,15.667,8.081,94,6
askdocs_1vb8a1t,a58a373e121e57a4,23.167,57.333,10.734,172,3
askdocs_1vb8bac,9a05cb63189d8c8e,10.83,11.583,10.596,139,12
askdocs_1vb8ct6,86a1a4d6b0ea6141,7.459,21.182,10.924,233,11
askdocs_1vb8g8u,bb78d64d12f04505,17.103,32.286,17.749,226,7
askdocs_1vb8h4d,80f3d3863d49f2f1,7.662,14.625,16.667,117,8
askdocs_1vb8ooc,3ae1bd907398b451,4.457,13.0,7.407,52,4
askdocs_1vb8s7v,57eb8576dd619326,6.456,17.167,5.66,103,6
askdocs_1vb8tqd,c556228737469240,6.15,16.818,7.027,185,11
askdocs_1vb8udv,80cbc86617dccd19,6.416,16.222,6.494,146,9
askdocs_1vb8vbr,d843b7bf90c1560a,9.931,21.818,9.959,240,11
askdocs_1vb8vmv,c3dc62829cab70c2,9.339,20.24,13.771,2955,146
askdocs_1vb8wps,2c26b0fa35caa6da,8.102,18.083,8.811,217,12
askdocs_1vb8xim,23b59f646c8b42d5,8.702,19.619,1.683,412,21
askdocs_1vb8xyh,7b74a317244e696e,11.382,16.903,15.947,524,31
askdocs_1vb8xyn,4806372f3c382123,4.318,12.769,11.176,166,13
askdocs_1vb8yu7,fbbbf238c88a743d,10.613,23.111,12.736,208,9
askdocs_1vb99qr,0ba0b67837139cc5,5.872,11.765,17.073,200,17
askdocs_1vb9bsu,f74084982ff98c66,7.924,15.091,11.31,166,11
askdocs_1vb9djq,6ec3300815edf188,7.376,10.667,14.062,64,6
askdocs_1vb9ehm,a71128512fed94c8,5.168,14.222,5.469,128,9
askdocs_1vb9ezx,288822748977e4a9,4.03,14.0,14.286,70,5
askdocs_1vb9g2o,5b91e8ab4aa4913f,9.08,21.118,7.182,359,17
askdocs_1vb9gqc,baedf0685eb862e5,11.653,22.071,13.376,309,14
askdocs_1vb9hto,0c1574dc64ada952,7.333,17.545,4.975,193,11
askdocs_1vb9if7,1db041572309e39c,5.99,17.412,11.801,296,17
askdocs_1vb9lhy,f7a281dbc976b616,4.869,16.8,12.644,84,5
askdocs_1vb9mc4,1083a94077b3c14a,12.444,14.5,10.345,29,2
askdocs_1vb9uc3,820410b2b7bd4987,12.912,27.471,6.737,467,17
askdocs_1vb9wpo,07e55b96ea635765,5.603,12.5,10.995,175,14
askdocs_1vb9xmq,7dd9ea3eeb9876e4,12.693,15.545,16.111,171,11
askdocs_1vb9zs2,f0aee20bac2e642f,6.403,10.0,12.5,30,3
askdocs_1vb9ztu,6039be43b447fec8,28.921,75.0,10.667,75,1
askdocs_1vba0rc,5c269b58c5e910f9,1.215,7.333,22.727,22,3
askdocs_1vba3bm,5f7321c4e2dbe0d2,9.162,16.333,14.474,147,9
askdocs_1vba4eb,b2edf9b27656f3a6,5.222,12.524,10.781,263,21
askdocs_1vba6gt,ed06d1612ea4872a,4.534,13.5,7.407,27,2
askdocs_1vba8oq,c666d742af4f08b5,4.7,9.882,10.405,168,17
askdocs_1vba8za,9f1ffbb1ba2c8266,4.382,11.4,11.667,57,5
askdocs_1vbafpy,c2ef8f86cb646c94,4.097,11.909,9.63,131,11
askdocs_1vbahvo,ec80e8c42d6cc0fc,7.439,17.0,8.451,136,8
askdocs_1vbaicn,64bb24893bada78a,5.914,18.25,5.405,73,4
askdocs_1vbaj5d,40a3faaed28a1b8d,6.421,15.667,11.486,141,9
askdocs_1vbaj5h,4274a416be07f5fa,3.643,9.333,12.5,56,6
askdocs_1vbak3z,06c03e5dae91a9d6,12.276,13.864,14.887,610,44
askdocs_1vbakc8,9e2446e0e5a27c23,6.293,13.75,5.455,55,4
askdocs_1vbaklg,48a6676e05af9765,7.376,16.786,11.814,235,14
